╭─────────────────────────────────────╮
│ lefthook  v2.1.12   hook:  pre-push │
╰─────────────────────────────────────╯
┃  test-no-defaults ❯
warning: ignoring `resolver.incompatible-publish-age` without `-Zmin-publish-age`
warning: ignoring `registry.global-min-publish-age` without `-Zmin-publish-age`
    Blocking waiting for file lock on package cache
    Blocking waiting for file lock on package cache
warning: ignoring `resolver.incompatible-publish-age` without `-Zmin-publish-age`
warning: ignoring `registry.global-min-publish-age` without `-Zmin-publish-age`
    Blocking waiting for file lock on package cache
    Blocking waiting for file lock on package cache
   Compiling trawl-core v0.4.0 (/home/jakub/code/trawl/.worktrees/launch-readiness/crates/trawl-core)
   Compiling trawl-web v0.4.0 (/home/jakub/code/trawl/.worktrees/launch-readiness/crates/trawl-web)
   Compiling trawl-engine v0.4.0 (/home/jakub/code/trawl/.worktrees/launch-readiness/crates/trawl-engine)
   Compiling trawl-client v0.4.0 (/home/jakub/code/trawl/.worktrees/launch-readiness/crates/trawl-client)
   Compiling trawl-server v0.4.0 (/home/jakub/code/trawl/.worktrees/launch-readiness/crates/trawl-server)
   Compiling trawl-cli v0.4.0 (/home/jakub/code/trawl/.worktrees/launch-readiness/crates/trawl-cli)
    Finished `test` profile [unoptimized + debuginfo] target(s) in 10.96s
────────────
 Nextest run ID 05f3410c-0e0d-4c00-b47d-62f39e802bbb with nextest profile: default
    Starting 2094 tests across 46 binaries (11 tests and 3 binaries skipped)
        PASS [   0.003s] (   1/2094) fleet-auth cache::tests::insert_then_contains_hits
        PASS [   0.003s] (   2/2094) fleet-auth cache::tests::build_is_deterministic
        PASS [   0.003s] (   3/2094) fleet-auth middleware::tests::extract_bearer_case_insensitive
        PASS [   0.003s] (   4/2094) fleet-auth cache::tests::different_plaintext_produces_different_key_even_with_same_prefix_and_hash
        PASS [   0.003s] (   5/2094) fleet-auth cache::tests::different_stored_hash_invalidates
        PASS [   0.003s] (   6/2094) fleet-auth middleware::tests::extract_bearer_rejects_empty_and_non_bearer
        PASS [   0.004s] (   7/2094) fleet-auth middleware::tests::find_cookie_handles_whitespace
        PASS [   0.004s] (   8/2094) fleet-auth cache::tests::concurrent_inserts_do_not_panic
        PASS [   0.003s] (   9/2094) fleet-auth middleware::tests::find_cookie_picks_named_pair
        PASS [   0.003s] (  10/2094) fleet-auth middleware::tests::html_escape_handles_specials
        PASS [   0.003s] (  11/2094) fleet-auth origin::tests::a_valid_list_contains_exactly_what_was_configured
        PASS [   0.003s] (  12/2094) fleet-auth middleware::tests::unauthorized_json_has_application_json
        PASS [   0.003s] (  13/2094) fleet-auth middleware::tests::no_grant_response_body_html_escaped_no_set_cookie
        PASS [   0.003s] (  14/2094) fleet-auth origin::tests::a_bad_entry_names_its_index_and_the_operators_text
        PASS [   0.003s] (  15/2094) fleet-auth origin::tests::configured_origins_match_in_every_equivalent_spelling
        PASS [   0.003s] (  16/2094) fleet-auth origin::tests::cross_scheme_cross_port_and_neighbouring_hosts_are_rejected
        PASS [   0.003s] (  17/2094) fleet-auth origin::tests::display_is_canonical_and_round_trips
        PASS [   0.003s] (  18/2094) fleet-auth origin::tests::entries_that_normalize_identically_are_refused
        PASS [   0.003s] (  19/2094) fleet-auth origin::tests::host_charset_rules
        PASS [   0.003s] (  20/2094) fleet-auth origin::tests::from_str_is_the_same_door_as_parse
        PASS [   0.004s] (  21/2094) fleet-auth origin::tests::empty_list_names_the_configuration_knob
        PASS [   0.003s] (  22/2094) fleet-auth origin::tests::opaque_wildcard_and_smuggled_origins_are_refused
        PASS [   0.003s] (  23/2094) fleet-auth origin::tests::ip_literals_normalize_within_a_family_and_never_across_one
        PASS [   0.003s] (  24/2094) fleet-auth origin::tests::oversized_input_is_refused_before_parsing
        PASS [   0.003s] (  25/2094) fleet-auth origin::tests::port_rules
        PASS [   0.003s] (  26/2094) fleet-auth session::tests::a_bad_override_entry_names_the_variable_and_the_index
        PASS [   0.003s] (  27/2094) fleet-auth origin::tests::rejection_log_fields_never_echo_a_hostile_header
        PASS [   0.003s] (  28/2094) fleet-auth session::tests::a_duplicated_override_entry_is_refused
        PASS [   0.003s] (  29/2094) fleet-auth session::tests::clear_cookie_header_matches_session_attributes
        PASS [   0.004s] (  30/2094) fleet-auth origin::tests::rejection_reasons_are_a_closed_vocabulary
        PASS [   0.004s] (  31/2094) fleet-auth origin::tests::rejection_log_fields_report_the_normalized_origin_when_it_parsed
        PASS [   0.003s] (  32/2094) fleet-auth session::tests::distinct_nonces_produce_distinct_ciphertexts
        PASS [   0.003s] (  33/2094) fleet-auth session::tests::encrypt_decrypt_round_trip
        PASS [   0.003s] (  34/2094) fleet-auth session::tests::fleet_session_runtime_environment_names_are_frozen
        PASS [   0.003s] (  35/2094) fleet-auth session::tests::garbage_cookie_rejected
        PASS [   0.003s] (  36/2094) fleet-auth session::tests::invalid_runtime_values_fail_closed
        PASS [   0.004s] (  37/2094) fleet-auth session::tests::expired_detected
        PASS [   0.003s] (  38/2094) fleet-auth session::tests::key_from_file_rejects_wrong_length
        PASS [   0.004s] (  39/2094) fleet-auth session::tests::key_from_base64_accepts_all_four_flavors
        PASS [   0.004s] (  40/2094) fleet-auth session::tests::key_from_base64_round_trip
        PASS [   0.003s] (  41/2094) fleet-auth session::tests::key_from_file_round_trip
        PASS [   0.003s] (  42/2094) fleet-auth session::tests::payload_serde_drops_no_fields
        PASS [   0.003s] (  43/2094) fleet-auth session::tests::session_config_builder_emits_sso_friendly_defaults
        PASS [   0.003s] (  44/2094) fleet-auth session::tests::runtime_overrides_parse_the_valid_shapes
        PASS [   0.003s] (  45/2094) fleet-auth session::tests::session_config_builder_rejects_empty_namespace
        PASS [   0.003s] (  46/2094) fleet-auth session::tests::session_config_new_validates_namespace
        PASS [   0.003s] (  47/2094) fleet-auth session::tests::session_config_builder_requires_public_origins
        PASS [   0.003s] (  48/2094) fleet-auth session::tests::session_config_no_domain_clears_domain_setter
        PASS [   0.003s] (  49/2094) fleet-auth session::tests::session_config_rejects_backslash_protocol_relative_redirect
        PASS [   0.003s] (  50/2094) fleet-auth session::tests::session_config_rejects_empty_cookie_name
        PASS [   0.003s] (  51/2094) fleet-auth session::tests::session_config_rejects_crlf_in_redirect
        PASS [   0.003s] (  52/2094) fleet-auth session::tests::session_config_rejects_protocol_relative_redirect
        PASS [   0.004s] (  53/2094) fleet-auth session::tests::session_config_rejects_relative_redirect
        PASS [   0.003s] (  54/2094) fleet-auth session::tests::session_cookie_header_includes_domain_when_set
        PASS [   0.003s] (  55/2094) fleet-auth session::tests::session_config_rejects_samesite_none_without_secure
        PASS [   0.004s] (  56/2094) fleet-auth session::tests::session_cookie_header_omits_domain_when_none
        PASS [   0.003s] (  57/2094) fleet-auth session::tests::session_cookie_header_respects_strict_same_site
        PASS [   0.003s] (  58/2094) fleet-auth session::tests::session_expiry_after_duration_saturates
        PASS [   0.003s] (  59/2094) fleet-auth session::tests::session_expiry_serde_is_bare_integer
        PASS [   0.003s] (  60/2094) fleet-auth session::tests::tampered_cookie_fails_verification
        PASS [   0.003s] (  61/2094) fleet-auth session::tests::the_public_origins_override_parses_a_comma_separated_list
        PASS [   0.003s] (  62/2094) fleet-auth session::tests::to_base64url_roundtrips_through_from_base64
        PASS [   0.003s] (  63/2094) fleet-auth session::tests::truncated_cookie_rejected
        PASS [   0.003s] (  64/2094) fleet-auth session::tests::wrong_key_fails_verification
        PASS [   0.004s] (  65/2094) fleet-auth token::tests::extract_prefix_missing_flt
        PASS [   0.004s] (  66/2094) fleet-auth token::tests::extract_prefix_too_short
        PASS [   0.003s] (  67/2094) fleet-auth token::tests::extract_prefix_valid
        PASS [   0.003s] (  68/2094) fleet-auth token::tests::generate_token_format
        PASS [   0.003s] (  69/2094) fleet-auth token::tests::generated_token_prefix_matches_body
        PASS [   0.003s] (  70/2094) fleet-auth token::tests::generated_token_debug_redacts_plaintext
        PASS [   0.003s] (  71/2094) fleet-auth token::tests::verify_corrupted_hash_errors
        PASS [   0.003s] (  72/2094) fleet-auth types::tests::created_key_debug_redacts_plaintext
        PASS [   0.003s] (  73/2094) fleet-auth types::tests::from_roles_cross_app_role_grants_in_both_namespaces
        PASS [   0.003s] (  74/2094) fleet-auth types::tests::from_roles_rate_rpm_is_max_across_roles
        PASS [   0.003s] (  75/2094) fleet-auth types::tests::permissions_for_unknown_app_is_empty
        PASS [   0.003s] (  76/2094) fleet-auth types::tests::from_roles_unions_overlapping_permissions
        PASS [   0.003s] (  77/2094) fleet-auth types::tests::principal_kind_rejects_unknown
        PASS [   0.003s] (  78/2094) fleet-auth types::tests::principal_kind_roundtrips
        PASS [   0.003s] (  79/2094) fleet-auth types::tests::roles_display_sorted_with_empty_fallback
        PASS [   0.003s] (  80/2094) fleet-auth types::tests::verified_key_debug_is_bounded_to_identity_and_aggregate_fields
        PASS [   0.003s] (  81/2094) fleet-auth types::tests::verified_key_debug_reports_empty_aggregates
        PASS [   0.003s] (  82/2094) fleet-auth validation::tests::accepts_permission_strings
        PASS [   0.003s] (  83/2094) fleet-auth validation::tests::accepts_role_names_including_converted_legacy_shape
        PASS [   0.003s] (  84/2094) fleet-auth validation::tests::rejects_bad_namespaces
        PASS [   0.003s] (  85/2094) fleet-auth validation::tests::rejects_bad_permission_strings
        PASS [   0.004s] (  86/2094) fleet-auth validation::tests::accepts_well_formed_namespaces
        PASS [   0.003s] (  87/2094) fleet-auth validation::tests::rejects_bad_role_names
        PASS [   0.019s] (  88/2094) fleet-auth token::tests::dummy_hash_exists_and_verifies_false_for_random_input
        PASS [   0.003s] (  89/2094) fleet-auth validation::tests::rejects_overlong_namespace
        PASS [   0.019s] (  90/2094) fleet-auth token::tests::hash_and_verify_roundtrip
        PASS [   0.019s] (  91/2094) fleet-auth token::tests::verify_wrong_token_returns_false
        PASS [   0.041s] (  92/2094) fleet-auth token::tests::ten_thousand_tokens_are_unique
        PASS [   0.087s] (  93/2094) fleet-auth::handlers_pg login_rejects_sibling_under_shared_domain
        PASS [   0.089s] (  94/2094) fleet-auth::handlers_pg login_rejects_empty_key
        PASS [   0.066s] (  95/2094) fleet-auth::handlers_pg login_rejects_the_same_name_over_http
        PASS [   0.091s] (  96/2094) fleet-auth::handlers_pg login_rejects_cross_origin_no_cookie
        PASS [   0.093s] (  97/2094) fleet-auth::handlers_pg login_allows_the_configured_origin
        PASS [   0.091s] (  98/2094) fleet-auth::handlers_pg login_no_grant_returns_403_no_cookie
        PASS [   0.093s] (  99/2094) fleet-auth::handlers_pg login_allows_the_configured_origin_with_no_host_header
        PASS [   0.094s] ( 100/2094) fleet-auth::handlers_pg login_includes_domain_when_configured
        PASS [   0.070s] ( 101/2094) fleet-auth::handlers_pg logout_rejects_a_foreign_origin_whatever_the_host_and_forwarding_headers_say
        PASS [   0.071s] ( 102/2094) fleet-auth::handlers_pg logout_clears_cookie_with_matching_attrs
        PASS [   0.071s] ( 103/2094) fleet-auth::handlers_pg logout_requires_no_session
        PASS [   0.071s] ( 104/2094) fleet-auth::handlers_pg logout_allows_absent_origin
        PASS [   0.072s] ( 105/2094) fleet-auth::handlers_pg logout_rejects_cross_origin_no_clear
        PASS [   0.081s] ( 106/2094) fleet-auth::handlers_pg login_valid_key_sets_cookie_and_redirects
        PASS [   0.083s] ( 107/2094) fleet-auth::handlers_pg login_rejects_wrong_key
        PASS [   0.093s] ( 108/2094) fleet-auth::middleware_pg bearer_does_not_enforce_namespace
        PASS [   0.072s] ( 109/2094) fleet-auth::middleware_pg bearer_missing_header_returns_401
        PASS [   0.073s] ( 110/2094) fleet-auth::middleware_pg bearer_malformed_scheme_returns_401
        PASS [   0.062s] ( 111/2094) fleet-auth::middleware_pg session_missing_cookie_returns_401
        PASS [   0.073s] ( 112/2094) fleet-auth::middleware_pg session_expired_cookie_returns_401_keeps_cookie
        PASS [   0.075s] ( 113/2094) fleet-auth::middleware_pg bearer_invalid_token_returns_401
        PASS [   0.076s] ( 114/2094) fleet-auth::middleware_pg bearer_valid_token_sets_extension
        PASS [   0.076s] ( 115/2094) fleet-auth::middleware_pg session_grant_revoked_during_session_returns_403
        PASS [   0.118s] ( 116/2094) fleet-auth::middleware_pg session_no_grant_returns_403_html_keeps_cookie
        PASS [   0.074s] ( 117/2094) fleet-auth::middleware_pg session_state_rejects_invalid_config
        PASS [   0.075s] ( 118/2094) fleet-auth::middleware_pg session_tampered_cookie_returns_401
        PASS [   0.084s] ( 119/2094) fleet-auth::middleware_pg session_valid_cookie_sets_extension
        PASS [   0.086s] ( 120/2094) fleet-auth::middleware_pg session_revoked_key_returns_401
        PASS [   0.082s] ( 121/2094) fleet-auth::migration_pg fresh_registry_grants_nothing
        PASS [   0.164s] ( 122/2094) fleet-auth::migration_pg cases::cancelled_lock_wait_does_not_recycle_a_locked_connection
        PASS [   0.094s] ( 123/2094) fleet-auth::migration_pg cases::initial_schema_matches_final_old_catalog
        PASS [   0.166s] ( 124/2094) fleet-auth::migration_pg cases::admission_observes_state_created_while_waiting_for_the_lock
        PASS [   0.006s] ( 125/2094) fleet-auth::no_forwarded_trust documented_non_goals_are_not_detected
        PASS [   0.004s] ( 126/2094) fleet-auth::no_forwarded_trust the_scan_catches_every_shape_a_reintroduction_takes
        PASS [   0.109s] ( 127/2094) fleet-auth::migration_pg cases::fresh_restart_preserves_history_and_forward_migrations_work
        PASS [   0.005s] ( 128/2094) fleet-auth::no_forwarded_trust the_scan_reaches_a_nested_module
        PASS [   0.004s] ( 129/2094) fleet-auth::origin_guard_truth_table a_foreign_origin_logs_its_normalized_text
        PASS [   0.016s] ( 130/2094) fleet-auth::no_forwarded_trust no_source_file_reads_a_host_or_forwarding_header
        PASS [   0.004s] ( 131/2094) fleet-auth::origin_guard_truth_table a_hostile_origin_header_never_reaches_the_log
        PASS [   0.005s] ( 132/2094) fleet-auth::origin_guard_truth_table a_non_utf8_origin_is_rejected
        PASS [   0.005s] ( 133/2094) fleet-auth::origin_guard_truth_table an_absent_origin_is_allowed
        PASS [   0.005s] ( 134/2094) fleet-auth::origin_guard_truth_table an_allowed_origin_logs_nothing
        PASS [   0.004s] ( 135/2094) fleet-auth::origin_guard_truth_table every_rejection_reason_is_from_the_closed_vocabulary
        PASS [   0.005s] ( 136/2094) fleet-auth::origin_guard_truth_table forwarding_headers_and_host_change_no_verdict
        PASS [   0.004s] ( 137/2094) fleet-auth::origin_guard_truth_table the_guard_answers_the_truth_table
        PASS [   0.004s] ( 138/2094) fleet-auth::origin_guard_truth_table two_origin_headers_are_rejected_even_when_identical
        PASS [   0.004s] ( 139/2094) fleet-auth::origin_parity a_bad_entry_is_reported_at_its_own_index
        PASS [   0.004s] ( 140/2094) fleet-auth::origin_parity a_configured_entry_matches_every_equivalent_header_spelling
        PASS [   0.004s] ( 141/2094) fleet-auth::origin_parity a_rooted_host_is_one_spelling_through_both_doors
        PASS [   0.004s] ( 142/2094) fleet-auth::origin_parity both_doors_refuse_the_same_inputs_for_the_same_reason
        PASS [   0.004s] ( 143/2094) fleet-auth::origin_parity distinct_origins_stay_distinct_through_both_doors
        PASS [   0.004s] ( 144/2094) fleet-auth::origin_parity the_canonical_form_round_trips_through_the_parser
        PASS [   0.234s] ( 145/2094) fleet-auth::migration_pg cases::current_checksums_dirty_and_unknown_versions_stay_distinct
        PASS [   0.101s] ( 146/2094) fleet-auth::migration_pg runtime_validation_is_read_only_and_requires_current_history
        PASS [   0.200s] ( 147/2094) fleet-auth::migration_pg cases::old_histories_are_refused_without_changes_and_release_locks
        PASS [   0.086s] ( 148/2094) fleet-auth::store_pg assign_rejects_duplicate_role
        PASS [   0.101s] ( 149/2094) fleet-auth::store_pg assign_and_unassign_role_roundtrip
        PASS [   0.232s] ( 150/2094) fleet-auth::migration_pg cases::untracked_objects_are_refused_without_creating_history
        PASS [   0.119s] ( 151/2094) fleet-auth::store_pg add_and_remove_role_permissions_reflected_on_next_verify
        PASS [   0.077s] ( 152/2094) fleet-auth::store_pg assign_unknown_role_is_role_not_found
        PASS [   0.005s] ( 153/2094) fleet-auth::store_pg connect_malformed_url_errors
        PASS [   0.005s] ( 154/2094) fleet-auth::store_pg connect_unreachable_endpoint_errors
        PASS [   0.130s] ( 155/2094) fleet-auth::store_pg concurrent_distinct_role_assignments_both_persist
        PASS [   0.090s] ( 156/2094) fleet-auth::store_pg connect_and_ping_via_url
        PASS [   0.144s] ( 157/2094) fleet-auth::store_pg cache_hit_skips_kdf_but_updates_last_used
        PASS [   0.124s] ( 158/2094) fleet-auth::store_pg concurrent_duplicate_role_assignment_has_one_winner
        PASS [   0.143s] ( 159/2094) fleet-auth::store_pg concurrent_verifies_all_succeed
        PASS [   0.131s] ( 160/2094) fleet-auth::store_pg create_key_with_expiry_in_future
        PASS [   0.135s] ( 161/2094) fleet-auth::store_pg create_and_verify_roundtrip
        PASS [   0.057s] ( 162/2094) fleet-auth::store_pg create_key_with_unknown_role_is_role_not_found
        PASS [   0.057s] ( 163/2094) fleet-auth::store_pg create_role_rejects_bad_shapes
        PASS [   0.067s] ( 164/2094) fleet-auth::store_pg create_role_duplicate_name_is_role_exists
        PASS [   0.077s] ( 165/2094) fleet-auth::store_pg create_role_roundtrip_with_rate_rpm
        PASS [   0.098s] ( 166/2094) fleet-auth::store_pg cross_app_role_grants_in_both_namespaces
        PASS [   0.085s] ( 167/2094) fleet-auth::store_pg delete_unassigned_role_succeeds_without_force
        PASS [   0.078s] ( 168/2094) fleet-auth::store_pg duplicate_role_in_batch_rejected
        PASS [   0.380s] ( 169/2094) fleet-auth::migration_pg runtime_connect_rejects_old_and_invalid_histories_without_writes
        PASS [   0.086s] ( 170/2094) fleet-auth::store_pg double_revoke_errors_with_kindly_message
        PASS [   0.085s] ( 171/2094) fleet-auth::store_pg empty_roles_create_then_verify
        PASS [   0.100s] ( 172/2094) fleet-auth::store_pg delete_role_refuses_while_assigned_unless_forced
        PASS [   0.127s] ( 173/2094) fleet-auth::store_pg expired_active_key_still_accepts_role_mutations
        PASS [   0.131s] ( 174/2094) fleet-auth::store_pg get_role_unknown_is_role_not_found
        PASS [   0.131s] ( 175/2094) fleet-auth::store_pg is_known_permission_reads_the_registry
        PASS [   0.131s] ( 176/2094) fleet-auth::store_pg list_roles_ordered_with_bundles
        PASS [   0.137s] ( 177/2094) fleet-auth::store_pg live_key_by_id_active
        PASS [   0.193s] ( 178/2094) fleet-auth::store_pg list_keys_active_only_filters
        PASS [   0.063s] ( 179/2094) fleet-auth::store_pg malformed_token_rejected
        PASS [   0.065s] ( 180/2094) fleet-auth::store_pg live_key_by_id_unknown_is_none
        PASS [   0.126s] ( 181/2094) fleet-auth::store_pg live_key_by_id_reflects_role_changes
        PASS [   0.087s] ( 182/2094) fleet-auth::store_pg live_key_by_id_revoked_is_none
        PASS [   0.107s] ( 183/2094) fleet-auth::store_pg multi_role_key_resolves_the_union
        PASS [   0.064s] ( 184/2094) fleet-auth::store_pg ping_succeeds
        PASS [   0.049s] ( 185/2094) fleet-auth::store_pg revoke_nonexistent_prefix_errors
        PASS [   0.074s] ( 186/2094) fleet-auth::store_pg retype_key_succeeds
        PASS [   0.257s] ( 187/2094) fleet-auth::store_pg live_key_by_id_expired_is_none
        PASS [   0.075s] ( 188/2094) fleet-auth::store_pg retype_revoked_key_errors
        PASS [   0.109s] ( 189/2094) fleet-auth::store_pg revoke_blocks_verify_even_with_cache_entry
        PASS [   0.068s] ( 190/2094) fleet-auth::store_pg set_role_rate_rpm_unknown_is_role_not_found
        PASS [   0.368s] ( 191/2094) fleet-auth::store_pg expired_key_fails_verify
        PASS [   0.114s] ( 192/2094) fleet-auth::store_pg role_mutations_reject_out_of_band_inactive_key_without_state_or_success_event
        PASS [   0.108s] ( 193/2094) fleet-auth::store_pg role_mutations_reject_revoked_key_without_state_or_success_event
        PASS [   0.103s] ( 194/2094) fleet-auth::store_pg toctou_revoke_between_select_and_update_rejects
        PASS [   0.105s] ( 195/2094) fleet-auth::store_pg set_role_rate_rpm_updates_in_place_without_touching_assignments
        PASS [   0.120s] ( 196/2094) fleet-auth::store_pg revoke_waiting_first_refuses_later_assignment
        PASS [   0.005s] ( 197/2094) fleet-auth::store_pg validation_reexported_works
        PASS [   0.082s] ( 198/2094) fleet-auth::store_pg unassign_role_not_held_errors
        PASS [   0.012s] ( 199/2094) trawl-cli arg_tests::the_command_tree_is_well_formed
        PASS [   0.014s] ( 200/2094) trawl-cli arg_tests::ack_note_and_clear_are_mutually_exclusive
        PASS [   0.014s] ( 201/2094) trawl-cli arg_tests::repin_ceiling_flags_parse
        PASS [   0.012s] ( 202/2094) trawl-cli cli::tests::a_declared_severity_column_displays_its_token_in_the_table_only
        PASS [   0.010s] ( 203/2094) trawl-cli cli::tests::csv_negative_float_not_prefixed
        PASS [   0.011s] ( 204/2094) trawl-cli cli::tests::csv_formula_string_prefixed
        PASS [   0.011s] ( 205/2094) trawl-cli cli::tests::csv_at_sign_prefixed
        PASS [   0.011s] ( 206/2094) trawl-cli cli::tests::csv_negative_number_not_prefixed
        PASS [   0.010s] ( 207/2094) trawl-cli cli::tests::csv_pipe_prefixed
        PASS [   0.010s] ( 208/2094) trawl-cli cli::tests::csv_string_with_comma
        PASS [   0.012s] ( 209/2094) trawl-cli cli::tests::csv_null_empty
        PASS [   0.013s] ( 210/2094) trawl-cli cli::tests::csv_string_with_quotes
        PASS [   0.013s] ( 211/2094) trawl-cli cli::tests::csv_tab_prefixed
        PASS [   0.012s] ( 212/2094) trawl-cli cli::tests::parquet_format_without_output_flag_errors
        PASS [   0.012s] ( 213/2094) trawl-cli cli::tests::the_daemon_note_reaches_the_terminal_and_never_the_deliverable
        PASS [   0.011s] ( 214/2094) trawl-cli cli::tests::the_degraded_footer_is_table_only
        PASS [   0.015s] ( 215/2094) trawl-cli cli::tests::the_embedded_lane_declares_sev_columns_without_a_catalog
        PASS [   0.011s] ( 216/2094) trawl-cli cli::tests::the_severity_column_displays_its_token_in_the_table_only
        PASS [   0.120s] ( 217/2094) fleet-auth::store_pg unassign_role_waits_for_key_row_lock
        PASS [   0.087s] ( 218/2094) fleet-auth::store_pg verify_nonexistent_prefix_runs_dummy_and_fails
        PASS [   0.013s] ( 219/2094) trawl-cli config::tests::apply_overrides_updates_config
        PASS [   0.011s] ( 220/2094) trawl-cli config::tests::config_token_is_trimmed
        PASS [   0.012s] ( 221/2094) trawl-cli config::tests::config_token_used_when_no_direct_token
        PASS [   0.011s] ( 222/2094) trawl-cli config::tests::minimal_toml_deserializes_with_defaults
        PASS [   0.019s] ( 223/2094) trawl-cli config::tests::default_config_has_expected_values
        PASS [   0.017s] ( 224/2094) trawl-cli config::tests::direct_token_overrides_config_token
        PASS [   0.013s] ( 225/2094) trawl-cli config::tests::no_token_returns_error
        PASS [   0.076s] ( 226/2094) trawl-cli cli::tests::embedded_data_glob_still_selects_local_parquet_files
        PASS [   0.077s] ( 227/2094) trawl-cli cli::tests::embedded_parquet_export_without_limit_roundtrips
        PASS [   0.114s] ( 228/2094) fleet-auth::store_pg wrong_token_with_existing_prefix_fails
        PASS [   0.124s] ( 229/2094) fleet-auth::store_pg unassignment_waiting_first_commits_before_later_revoke
        PASS [   0.014s] ( 230/2094) trawl-cli config::tests::profile_insecure_override
        PASS [   0.015s] ( 231/2094) trawl-cli config::tests::partial_profile_preserves_base
        PASS [   0.016s] ( 232/2094) trawl-cli config::tests::partial_overrides_preserve_defaults
        PASS [   0.014s] ( 233/2094) trawl-cli config::tests::profile_overlays_server_config
        PASS [   0.015s] ( 234/2094) trawl-cli config::tests::profile_token_overrides_base_token
        PASS [   0.014s] ( 235/2094) trawl-cli config::tests::toml_serialization_round_trips
        PASS [   0.015s] ( 236/2094) trawl-cli config::tests::profiles_toml_round_trips
        PASS [   0.013s] ( 237/2094) trawl-cli config::tests::unknown_profile_returns_error
        PASS [   0.010s] ( 238/2094) trawl-cli config::tests::unknown_profile_with_no_profiles
        PASS [   0.011s] ( 239/2094) trawl-cli schema::ack_tests::a_hostile_note_is_sanitised_before_it_reaches_the_terminal
        PASS [   0.011s] ( 240/2094) trawl-cli schema::ack_tests::the_table_field_cell_sanitises_and_the_machine_cell_does_not
        PASS [   0.011s] ( 241/2094) trawl-cli schema::ack_tests::the_ack_renders_as_one_record_in_every_format
        PASS [   0.012s] ( 242/2094) trawl-cli schema::gc_tests::candidate_rows_carry_every_column
        PASS [   0.011s] ( 243/2094) trawl-cli schema::gc_tests::human_secs_uses_whole_units_only
        PASS [   0.012s] ( 244/2094) trawl-cli schema::gc_tests::csv_output_is_one_rectangle
        PASS [   0.015s] ( 245/2094) trawl-cli schema::gc_tests::an_executed_run_reports_the_servers_deleted_count
        PASS [   0.012s] ( 246/2094) trawl-cli schema::gc_tests::older_than_takes_the_last_window_grammar
        PASS [   0.014s] ( 247/2094) trawl-cli schema::gc_tests::json_output_is_one_record_per_candidate
        PASS [   0.012s] ( 248/2094) trawl-cli schema::gc_tests::table_output_carries_the_window_provenance_and_the_count
        PASS [   0.013s] ( 249/2094) trawl-cli schema::gc_tests::the_floor_line_says_whether_it_applied
        PASS [   0.012s] ( 250/2094) trawl-cli schema::repin_tests::a_forced_run_binds_stated_ceilings_and_previews_for_the_rest
        PASS [   0.015s] ( 251/2094) trawl-cli schema::repin_tests::a_cancel_receipt_renders_its_verdict_in_every_format
        PASS [   0.012s] ( 252/2094) trawl-cli schema::repin_tests::a_refusal_names_the_remedy_the_operator_has_not_tried
        PASS [   0.016s] ( 253/2094) trawl-cli schema::repin_tests::a_cancelled_job_row_names_the_asker
        PASS [   0.012s] ( 254/2094) trawl-cli schema::repin_tests::a_successor_job_on_the_status_surface_is_not_an_answer
        PASS [   0.015s] ( 255/2094) trawl-cli schema::repin_tests::a_forced_refusal_is_labelled_by_its_ceilings_not_by_the_flag
        PASS [   0.015s] ( 256/2094) trawl-cli schema::repin_tests::dialect_applies_to_a_severity_target_only
        PASS [   0.016s] ( 257/2094) trawl-cli schema::repin_tests::non_tty_execute_without_yes_refuses
        PASS [   0.015s] ( 258/2094) trawl-cli schema::repin_tests::the_case_file_and_the_row_report_the_accepted_ceilings
        PASS [   0.012s] ( 259/2094) trawl-cli schema::repin_tests::the_preview_restates_both_accepted_ceilings_or_neither
        PASS [   0.016s] ( 260/2094) trawl-cli schema::repin_tests::repin_job_renders_in_table_json_and_csv
        PASS [   0.011s] ( 261/2094) trawl-cli schema::repin_tests::the_repin_case_file_states_the_evidence_and_the_discontinuity
        PASS [   0.017s] ( 262/2094) trawl-cli schema::repin_tests::only_a_finished_repin_exits_zero
        PASS [   0.014s] ( 263/2094) trawl-cli schema::repin_tests::the_header_verdict_follows_the_terminal_row
        PASS [   0.015s] ( 264/2094) trawl-cli schema::repin_tests::the_dry_run_transcript_shows_the_plan_the_evidence_and_the_verdict
        PASS [   0.019s] ( 265/2094) trawl-cli schema::repin_tests::the_repin_row_carries_the_evidence_in_every_machine_format
        PASS [   0.010s] ( 266/2094) trawl-cli schema::tests::conflicts_converter_orders_columns
        PASS [   0.011s] ( 267/2094) trawl-cli schema::tests::a_flag_shaped_field_name_gets_no_command
        PASS [   0.011s] ( 268/2094) trawl-cli schema::tests::a_name_that_cannot_be_printed_gets_no_command
        PASS [   0.010s] ( 269/2094) trawl-cli schema::tests::field_detail_converters_split_services_and_conflicts
        PASS [   0.012s] ( 270/2094) trawl-cli schema::tests::a_window_error_names_the_option_that_failed
        PASS [   0.011s] ( 271/2094) trawl-cli schema::tests::fields_converter_maps_every_aggregate
        PASS [   0.013s] ( 272/2094) trawl-cli schema::tests::parse_last_understands_dsl_units
        PASS [   0.014s] ( 273/2094) trawl-cli schema::tests::fields_to_rows_carries_the_degraded_flag
        PASS [   0.013s] ( 274/2094) trawl-cli schema::tests::shell_quoting_leaves_ordinary_names_bare
        PASS [   0.012s] ( 275/2094) trawl-cli schema::tests::the_remedy_line_quotes_a_hostile_field_name
        PASS [   0.012s] ( 276/2094) trawl-cli tui::autocomplete::tests::a_data_backtick_does_not_capture_the_rest_of_the_line
        PASS [   0.014s] ( 277/2094) trawl-cli schema::tests::the_case_file_renders_facts_samples_and_the_remedy
        PASS [   0.016s] ( 278/2094) trawl-cli schema::tests::seeded_responses_render_populated_output
        PASS [   0.010s] ( 279/2094) trawl-cli tui::autocomplete::tests::complete_agg_function
        PASS [   0.011s] ( 280/2094) trawl-cli tui::autocomplete::tests::closed_string_not_inside
        PASS [   0.011s] ( 281/2094) trawl-cli tui::autocomplete::tests::byte_offset_at_line_end
        PASS [   0.011s] ( 282/2094) trawl-cli tui::autocomplete::tests::byte_offset_single_line
        PASS [   0.012s] ( 283/2094) trawl-cli tui::autocomplete::tests::byte_offset_multiline
        PASS [   0.010s] ( 284/2094) trawl-cli tui::autocomplete::tests::complete_exact_field_no_ghost_with_longer_variant
        PASS [   0.012s] ( 285/2094) trawl-cli tui::autocomplete::tests::complete_agg_function_avg
        PASS [   0.010s] ( 286/2094) trawl-cli tui::autocomplete::tests::complete_exact_match_no_ghost
        PASS [   0.010s] ( 287/2094) trawl-cli tui::autocomplete::tests::complete_field_after_by
        PASS [   0.010s] ( 288/2094) trawl-cli tui::autocomplete::tests::complete_free_text_before_pipe
        PASS [   0.045s] ( 289/2094) trawl-cli schema::tests::describe_data_lists_local_parquet_columns
        PASS [   0.011s] ( 290/2094) trawl-cli tui::autocomplete::tests::complete_field_hostname
        PASS [   0.009s] ( 291/2094) trawl-cli tui::autocomplete::tests::complete_inside_string
        PASS [   0.011s] ( 292/2094) trawl-cli tui::autocomplete::tests::complete_field_needing_backticks_inserts_quoted
        PASS [   0.011s] ( 293/2094) trawl-cli tui::autocomplete::tests::complete_mid_word_suppressed
        PASS [   0.010s] ( 294/2094) trawl-cli tui::autocomplete::tests::complete_pipe_stage
        PASS [   0.010s] ( 295/2094) trawl-cli tui::autocomplete::tests::completing_an_open_quoted_name_replaces_its_opening_tick
        PASS [   0.010s] ( 296/2094) trawl-cli tui::autocomplete::tests::complete_where_stage
        PASS [   0.011s] ( 297/2094) trawl-cli tui::autocomplete::tests::complete_sort_field
        PASS [   0.011s] ( 298/2094) trawl-cli tui::autocomplete::tests::complete_now_zero_arg
        PASS [   0.011s] ( 299/2094) trawl-cli tui::autocomplete::tests::complete_scalar_function_in_let
        PASS [   0.013s] ( 300/2094) trawl-cli tui::autocomplete::tests::complete_no_match
        PASS [   0.012s] ( 301/2094) trawl-cli tui::autocomplete::tests::completion_lengths_are_characters_not_utf8_bytes
        PASS [   0.010s] ( 302/2094) trawl-cli tui::autocomplete::tests::context_bare_search_text_is_none
        PASS [   0.010s] ( 303/2094) trawl-cli tui::autocomplete::tests::context_empty_prefix_is_none
        PASS [   0.009s] ( 304/2094) trawl-cli tui::autocomplete::tests::context_inside_string_is_none
        PASS [   0.011s] ( 305/2094) trawl-cli tui::autocomplete::tests::context_after_pipe
        PASS [   0.011s] ( 306/2094) trawl-cli tui::autocomplete::tests::context_after_pipe_with_space
        PASS [   0.011s] ( 307/2094) trawl-cli tui::autocomplete::tests::context_eventstats_agg
        PASS [   0.011s] ( 308/2094) trawl-cli tui::autocomplete::tests::context_function_arg_field
        PASS [   0.011s] ( 309/2094) trawl-cli tui::autocomplete::tests::context_let_function
        PASS [   0.010s] ( 310/2094) trawl-cli tui::autocomplete::tests::context_sort_field
        PASS [   0.011s] ( 311/2094) trawl-cli tui::autocomplete::tests::context_stats_by_field
        PASS [   0.010s] ( 312/2094) trawl-cli tui::autocomplete::tests::context_table_field
        PASS [   0.011s] ( 313/2094) trawl-cli tui::autocomplete::tests::context_where_field
        PASS [   0.012s] ( 314/2094) trawl-cli tui::autocomplete::tests::context_timechart_agg
        PASS [   0.011s] ( 315/2094) trawl-cli tui::autocomplete::tests::inside_double_quote
        PASS [   0.013s] ( 316/2094) trawl-cli tui::autocomplete::tests::context_stats_function
        PASS [   0.010s] ( 317/2094) trawl-cli tui::autocomplete::tests::inside_regex
        PASS [   0.009s] ( 318/2094) trawl-cli tui::autocomplete::tests::past_by_true
        PASS [   0.010s] ( 319/2094) trawl-cli tui::autocomplete::tests::past_by_false
        PASS [   0.010s] ( 320/2094) trawl-cli tui::autocomplete::tests::not_inside_string
        PASS [   0.009s] ( 321/2094) trawl-cli tui::autocomplete::tests::prefix_after_space
        PASS [   0.010s] ( 322/2094) trawl-cli tui::autocomplete::tests::prefix_empty_at_space
        PASS [   0.011s] ( 323/2094) trawl-cli tui::autocomplete::tests::prefix_match_case_insensitive
        PASS [   0.009s] ( 324/2094) trawl-cli tui::autocomplete::tests::prefix_match_exact_suppresses_longer_variant
        PASS [   0.012s] ( 325/2094) trawl-cli tui::autocomplete::tests::prefix_match_exact_returns_none
        PASS [   0.009s] ( 326/2094) trawl-cli tui::autocomplete::tests::prefix_match_finds_first
        PASS [   0.009s] ( 327/2094) trawl-cli tui::autocomplete::tests::prefix_underscore
        PASS [   0.010s] ( 328/2094) trawl-cli tui::autocomplete::tests::prefix_simple_word
        PASS [   0.009s] ( 329/2094) trawl-cli tui::autocomplete::tests::stage_sort_after_stats
        PASS [   0.011s] ( 330/2094) trawl-cli tui::autocomplete::tests::stage_none_before_pipe
        PASS [   0.009s] ( 331/2094) trawl-cli tui::autocomplete::tests::unrepresentable_catalog_names_are_not_suggested
        PASS [   0.010s] ( 332/2094) trawl-cli tui::autocomplete::tests::stage_stats
        PASS [   0.009s] ( 333/2094) trawl-cli tui::driver::tests::deserialize_capture
        PASS [   0.009s] ( 334/2094) trawl-cli tui::driver::tests::deserialize_get_results
        PASS [   0.010s] ( 335/2094) trawl-cli tui::driver::tests::deserialize_execute_custom_timeout
        PASS [   0.009s] ( 336/2094) trawl-cli tui::driver::tests::deserialize_execute_default_timeout
        PASS [   0.009s] ( 337/2094) trawl-cli tui::driver::tests::deserialize_get_results_no_tab
        PASS [   0.009s] ( 338/2094) trawl-cli tui::driver::tests::deserialize_keys
        PASS [   0.009s] ( 339/2094) trawl-cli tui::driver::tests::deserialize_quit
        PASS [   0.010s] ( 340/2094) trawl-cli tui::driver::tests::deserialize_key
        PASS [   0.009s] ( 341/2094) trawl-cli tui::driver::tests::deserialize_set_query
        PASS [   0.009s] ( 342/2094) trawl-cli tui::driver::tests::deserialize_unknown_cmd_is_error
        PASS [   0.010s] ( 343/2094) trawl-cli tui::driver::tests::deserialize_status
        PASS [   0.011s] ( 344/2094) trawl-cli tui::driver::tests::parse_alt_modifier
        PASS [   0.009s] ( 345/2094) trawl-cli tui::driver::tests::parse_backtab
        PASS [   0.011s] ( 346/2094) trawl-cli tui::driver::tests::parse_arrow_keys
        PASS [   0.010s] ( 347/2094) trawl-cli tui::driver::tests::parse_case_insensitive
        PASS [   0.010s] ( 348/2094) trawl-cli tui::driver::tests::parse_backspace_delete
        PASS [   0.010s] ( 349/2094) trawl-cli tui::driver::tests::parse_ctrl_enter
        PASS [   0.011s] ( 350/2094) trawl-cli tui::driver::tests::parse_ctrl_modifier
        PASS [   0.011s] ( 351/2094) trawl-cli tui::driver::tests::parse_empty_is_error
        PASS [   0.011s] ( 352/2094) trawl-cli tui::driver::tests::parse_enter
        PASS [   0.011s] ( 353/2094) trawl-cli tui::driver::tests::parse_escape
        PASS [   0.011s] ( 354/2094) trawl-cli tui::driver::tests::parse_f5
        PASS [   0.011s] ( 355/2094) trawl-cli tui::driver::tests::parse_function_keys
        PASS [   0.013s] ( 356/2094) trawl-cli tui::driver::tests::parse_home_end
        PASS [   0.012s] ( 357/2094) trawl-cli tui::driver::tests::parse_meta_alias
        PASS [   0.011s] ( 358/2094) trawl-cli tui::driver::tests::parse_multiple_modifiers
        PASS [   0.011s] ( 359/2094) trawl-cli tui::driver::tests::parse_option_alias
        PASS [   0.010s] ( 360/2094) trawl-cli tui::driver::tests::parse_space
        PASS [   0.011s] ( 361/2094) trawl-cli tui::driver::tests::parse_shift_tab
        PASS [   0.011s] ( 362/2094) trawl-cli tui::driver::tests::parse_simple_char
        PASS [   0.013s] ( 363/2094) trawl-cli tui::driver::tests::parse_page_keys
        PASS [   0.011s] ( 364/2094) trawl-cli tui::driver::tests::parse_unknown_key_is_error
        PASS [   0.011s] ( 365/2094) trawl-cli tui::driver::tests::parse_unknown_modifier_is_error
        PASS [   0.013s] ( 366/2094) trawl-cli tui::driver::tests::serialize_error_response
        PASS [   0.011s] ( 367/2094) trawl-cli tui::driver::tests::serialize_ok_with_data_skips_none
        PASS [   0.012s] ( 368/2094) trawl-cli tui::driver::tests::serialize_ok_response
        PASS [   0.011s] ( 369/2094) trawl-cli tui::handlers::panels::name_tests::saved_editor_reference_preserves_name_and_run
        PASS [   0.015s] ( 370/2094) trawl-cli tui::driver::tests::parse_uppercase_char
        PASS [   0.011s] ( 371/2094) trawl-cli tui::highlight::tests::slashes_are_not_a_comment
        PASS [   0.013s] ( 372/2094) trawl-cli tui::highlight::tests::a_hash_colours_as_a_comment_only_at_a_layout_boundary
        PASS [   0.012s] ( 373/2094) trawl-cli tui::live::tests::no_table_stage_or_unparseable_query_yields_no_order
        PASS [   0.010s] ( 374/2094) trawl-cli tui::palette::tests::admin_gets_dashboard_tab
        PASS [   0.011s] ( 375/2094) trawl-cli tui::live::tests::table_field_order_follows_the_user
        PASS [   0.011s] ( 376/2094) trawl-cli tui::palette::tests::detail_match_finds_saved_query_by_body
        PASS [   0.013s] ( 377/2094) trawl-cli tui::palette::tests::action_items_always_present
        PASS [   0.010s] ( 378/2094) trawl-cli tui::palette::tests::empty_filter_returns_all
        PASS [   0.014s] ( 379/2094) trawl-cli tui::live::tests::table_field_names_are_verbatim_and_distinct
        PASS [   0.010s] ( 380/2094) trawl-cli tui::palette::tests::fuzzy_filter_matches_label
        PASS [   0.010s] ( 381/2094) trawl-cli tui::palette::tests::fuzzy_filter_no_match
        PASS [   0.009s] ( 382/2094) trawl-cli tui::palette::tests::ghost_text_no_match_returns_none
        PASS [   0.011s] ( 383/2094) trawl-cli tui::palette::tests::ghost_text_completes_column_name
        PASS [   0.011s] ( 384/2094) trawl-cli tui::palette::tests::ghost_text_completes_service_name
        PASS [   0.009s] ( 385/2094) trawl-cli tui::palette::tests::history_dedup
        PASS [   0.010s] ( 386/2094) trawl-cli tui::palette::tests::ghost_text_empty_input_returns_none
        PASS [   0.011s] ( 387/2094) trawl-cli tui::palette::tests::service_drill_actions_are_valid_dsl_or_absent
        PASS [   0.010s] ( 388/2094) trawl-cli tui::palette::tests::service_drill_builds_column_items
        PASS [   0.011s] ( 389/2094) trawl-cli tui::palette::tests::ghost_text_exact_match_returns_none
        PASS [   0.010s] ( 390/2094) trawl-cli tui::state::tests::common_fields_threshold_promotes_frequent_fields
        PASS [   0.010s] ( 391/2094) trawl-cli tui::palette::tests::service_drill_unknown_service_returns_empty
        PASS [   0.011s] ( 392/2094) trawl-cli tui::palette::tests::services_appear_in_palette
        PASS [   0.010s] ( 393/2094) trawl-cli tui::state::tests::common_fields_well_known_order_preserved
        PASS [   0.011s] ( 394/2094) trawl-cli tui::state::tests::common_fields_empty_services
        PASS [   0.011s] ( 395/2094) trawl-cli tui::state::tests::common_fields_well_known_always_included
        PASS [   0.010s] ( 396/2094) trawl-cli tui::state::tests::editor_backspace_at_origin_is_noop
        PASS [   0.010s] ( 397/2094) trawl-cli tui::state::tests::editor_backspace_joins_lines
        PASS [   0.009s] ( 398/2094) trawl-cli tui::state::tests::editor_clear_selection
        PASS [   0.011s] ( 399/2094) trawl-cli tui::state::tests::editor_clear
        PASS [   0.011s] ( 400/2094) trawl-cli tui::state::tests::editor_backspace_multibyte
        PASS [   0.011s] ( 401/2094) trawl-cli tui::state::tests::editor_clear_pushes_undo
        PASS [   0.010s] ( 402/2094) trawl-cli tui::state::tests::editor_delete_at_end_is_noop
        PASS [   0.011s] ( 403/2094) trawl-cli tui::state::tests::editor_delete_at_multibyte
        PASS [   0.011s] ( 404/2094) trawl-cli tui::state::tests::editor_delete_selection_multibyte
        PASS [   0.012s] ( 405/2094) trawl-cli tui::state::tests::editor_delete_joins_lines
        PASS [   0.009s] ( 406/2094) trawl-cli tui::state::tests::editor_delete_word_after_at_end
        PASS [   0.011s] ( 407/2094) trawl-cli tui::state::tests::editor_delete_selection_multiline
        PASS [   0.010s] ( 408/2094) trawl-cli tui::state::tests::editor_delete_word_after
        PASS [   0.010s] ( 409/2094) trawl-cli tui::state::tests::editor_delete_to_line_start
        PASS [   0.011s] ( 410/2094) trawl-cli tui::state::tests::editor_delete_selection_single_line
        PASS [   0.010s] ( 411/2094) trawl-cli tui::state::tests::editor_delete_word_before
        PASS [   0.011s] ( 412/2094) trawl-cli tui::state::tests::editor_delete_to_line_end
        PASS [   0.010s] ( 413/2094) trawl-cli tui::state::tests::editor_delete_word_before_at_start
        PASS [   0.011s] ( 414/2094) trawl-cli tui::state::tests::editor_insert_after_multibyte
        PASS [   0.010s] ( 415/2094) trawl-cli tui::state::tests::editor_insert_newline_splits_line
        PASS [   0.012s] ( 416/2094) trawl-cli tui::state::tests::editor_home_end
        PASS [   0.012s] ( 417/2094) trawl-cli tui::state::tests::editor_insert_char_replaces_selection
        PASS [   0.012s] ( 418/2094) trawl-cli tui::state::tests::editor_insert_text_at_cursor
        PASS [   0.011s] ( 419/2094) trawl-cli tui::state::tests::editor_insert_text_multiline
        PASS [   0.012s] ( 420/2094) trawl-cli tui::state::tests::editor_insert_chars
        PASS [   0.014s] ( 421/2094) trawl-cli tui::state::tests::editor_insert_multibyte_char
        PASS [   0.011s] ( 422/2094) trawl-cli tui::state::tests::editor_insert_text_single_line
        PASS [   0.011s] ( 423/2094) trawl-cli tui::state::tests::editor_insert_text_strips_cr
        PASS [   0.011s] ( 424/2094) trawl-cli tui::state::tests::editor_kill_line_multibyte
        PASS [   0.011s] ( 425/2094) trawl-cli tui::state::tests::editor_move_across_multibyte
        PASS [   0.013s] ( 426/2094) trawl-cli tui::state::tests::editor_move_left_wraps_to_prev_line
        PASS [   0.013s] ( 427/2094) trawl-cli tui::state::tests::editor_move_left_at_origin_is_noop
        PASS [   0.012s] ( 428/2094) trawl-cli tui::state::tests::editor_move_right_at_end_is_noop
        PASS [   0.014s] ( 429/2094) trawl-cli tui::state::tests::editor_move_down_clamps_col
        PASS [   0.011s] ( 430/2094) trawl-cli tui::state::tests::editor_move_up_clamps_col
        PASS [   0.011s] ( 431/2094) trawl-cli tui::state::tests::editor_move_word_left
        PASS [   0.012s] ( 432/2094) trawl-cli tui::state::tests::editor_move_word_right
        PASS [   0.014s] ( 433/2094) trawl-cli tui::state::tests::editor_move_right_wraps_to_next_line
        PASS [   0.011s] ( 434/2094) trawl-cli tui::state::tests::editor_newline_split_multibyte
        PASS [   0.012s] ( 435/2094) trawl-cli tui::state::tests::editor_new_is_empty
        PASS [   0.011s] ( 436/2094) trawl-cli tui::state::tests::editor_redo_after_undo
        PASS [   0.013s] ( 437/2094) trawl-cli tui::state::tests::editor_redo_at_end_is_noop
        PASS [   0.011s] ( 438/2094) trawl-cli tui::state::tests::editor_select_multibyte
        PASS [   0.011s] ( 439/2094) trawl-cli tui::state::tests::editor_selected_text_multiline
        PASS [   0.010s] ( 440/2094) trawl-cli tui::state::tests::editor_selected_text_single_line
        PASS [   0.011s] ( 441/2094) trawl-cli tui::state::tests::editor_selection_range_none_by_default
        PASS [   0.011s] ( 442/2094) trawl-cli tui::state::tests::editor_start_and_extend_selection
        PASS [   0.011s] ( 443/2094) trawl-cli tui::state::tests::editor_sticky_column_cleared_on_horizontal_move
        PASS [   0.013s] ( 444/2094) trawl-cli tui::state::tests::editor_selection_range_reversed
        PASS [   0.015s] ( 445/2094) trawl-cli tui::state::tests::editor_sticky_column_preserved_across_short_line
        PASS [   0.011s] ( 446/2094) trawl-cli tui::state::tests::editor_undo_at_empty_is_noop
        PASS [   0.012s] ( 447/2094) trawl-cli tui::state::tests::editor_undo_restores_state
        PASS [   0.010s] ( 448/2094) trawl-cli tui::state::tests::editor_word_boundary_left_skips_word
        PASS [   0.013s] ( 449/2094) trawl-cli tui::state::tests::editor_word_boundary_left_at_origin
        PASS [   0.011s] ( 450/2094) trawl-cli tui::state::tests::editor_word_boundary_left_with_symbols
        PASS [   0.019s] ( 451/2094) trawl-cli tui::state::tests::editor_text_multiline
        PASS [   0.014s] ( 452/2094) trawl-cli tui::state::tests::editor_word_boundary_left_wraps_line
        PASS [   0.014s] ( 453/2094) trawl-cli tui::state::tests::editor_wrap_move_down_within_same_logical_line
        PASS [   0.018s] ( 454/2094) trawl-cli tui::state::tests::editor_word_boundary_right_wraps_line
        PASS [   0.021s] ( 455/2094) trawl-cli tui::state::tests::editor_word_boundary_right_at_end
        PASS [   0.016s] ( 456/2094) trawl-cli tui::state::tests::editor_wrap_move_up_within_same_logical_line
        PASS [   0.022s] ( 457/2094) trawl-cli tui::state::tests::editor_word_boundary_right_skips_word
        PASS [   0.020s] ( 458/2094) trawl-cli tui::state::tests::editor_wrap_ensure_cursor_visible_scrolls_visual
        PASS [   0.017s] ( 459/2094) trawl-cli tui::state::tests::live_buffer_column_union_extends_with_nulls
        PASS [   0.019s] ( 460/2094) trawl-cli tui::state::tests::live_buffer_caps_at_max_rows
        PASS [   0.013s] ( 461/2094) trawl-cli tui::state::tests::live_buffer_empty
        PASS [   0.012s] ( 462/2094) trawl-cli tui::state::tests::live_buffer_push_single_event
        PASS [   0.014s] ( 463/2094) trawl-cli tui::state::tests::well_known_fields_match_api_leading_order
        PASS [   0.012s] ( 464/2094) trawl-cli tui::state::tests::wrap_map_exact_width_no_break
        PASS [   0.016s] ( 465/2094) trawl-cli tui::state::tests::live_buffer_handles_mixed_value_types
        PASS [   0.018s] ( 466/2094) trawl-cli tui::state::tests::wrap_map_empty_lines
        PASS [   0.020s] ( 467/2094) trawl-cli tui::state::tests::wrap_map_multi_logical_lines
        PASS [   0.021s] ( 468/2094) trawl-cli tui::state::tests::wrap_map_logical_to_visual_first_line
        PASS [   0.015s] ( 469/2094) trawl-cli tui::state::tests::wrap_map_short_line_no_breaks
        PASS [   0.013s] ( 470/2094) trawl-cli tui::state::tests::wrap_map_visual_to_logical_second_line
        PASS [   0.018s] ( 471/2094) trawl-cli tui::state::tests::wrap_map_one_char_over_wraps
        PASS [   0.021s] ( 472/2094) trawl-cli tui::state::tests::wrap_map_multiple_wraps
        PASS [   0.017s] ( 473/2094) trawl-cli tui::state::tests::wrap_map_visual_to_logical_round_trip
        PASS [   0.018s] ( 474/2094) trawl-cli tui::state::tests::wrap_map_zero_width_no_panic
        PASS [   0.016s] ( 475/2094) trawl-cli tui::tests::error_popup_blocks_global_keys
        PASS [   0.020s] ( 476/2094) trawl-cli tui::tests::error_popup_dismissed_by_esc
        PASS [   0.025s] ( 477/2094) trawl-cli tui::tests::error_popup_dismissed_by_enter
        PASS [   0.028s] ( 478/2094) trawl-cli tui::tests::editor_keys_reach_editor
        PASS [   0.022s] ( 479/2094) trawl-cli tui::tests::key_alt_1_switches_to_query_tab
        PASS [   0.022s] ( 480/2094) trawl-cli tui::tests::key_alt_2_switches_to_history_tab
        PASS [   0.025s] ( 481/2094) trawl-cli tui::tests::focus_preserved_across_tab_switch
        PASS [   0.024s] ( 482/2094) trawl-cli tui::tests::key_alt_3_switches_to_schema_tab
        PASS [   0.016s] ( 483/2094) trawl-cli tui::tests::key_alt_b_moves_word_left
        PASS [   0.014s] ( 484/2094) trawl-cli tui::tests::key_ctrl_left_moves_word_left
        PASS [   0.015s] ( 485/2094) trawl-cli tui::tests::key_alt_f_moves_word_right
        PASS [   0.025s] ( 486/2094) trawl-cli tui::tests::key_alt_4_switches_to_saved_tab
        PASS [   0.015s] ( 487/2094) trawl-cli tui::tests::key_ctrl_right_moves_word_right
        PASS [   0.016s] ( 488/2094) trawl-cli tui::tests::key_ctrl_q_sets_quit
        PASS [   0.015s] ( 489/2094) trawl-cli tui::tests::key_esc_on_panel_tab_switches_to_query
        PASS [   0.024s] ( 490/2094) trawl-cli tui::tests::key_ctrl_s_opens_save_popup
        PASS [   0.021s] ( 491/2094) trawl-cli tui::tests::key_ctrl_s_with_empty_editor_is_noop
        PASS [   0.020s] ( 492/2094) trawl-cli tui::tests::key_f1_toggles_help_popup
        PASS [   0.020s] ( 493/2094) trawl-cli tui::tests::key_tab_switches_focus_results_to_editor
        PASS [   0.018s] ( 494/2094) trawl-cli tui::tests::poll_mutation_cache_refreshed
        PASS [   0.020s] ( 495/2094) trawl-cli tui::tests::multiple_results_last_wins
        PASS [   0.020s] ( 496/2094) trawl-cli tui::tests::key_tab_switches_focus_editor_to_results
        PASS [   0.020s] ( 497/2094) trawl-cli tui::tests::poll_mutation_cache_refreshed_selects_name
        PASS [   0.018s] ( 498/2094) trawl-cli tui::tests::poll_mutation_saved_created
        PASS [   0.023s] ( 499/2094) trawl-cli tui::tests::poll_mutation_error_shows_popup
        PASS [   0.017s] ( 500/2094) trawl-cli tui::tests::poll_query_result_timechart_auto_switches_view
        PASS [   0.018s] ( 501/2094) trawl-cli tui::tests::poll_query_result_sets_error_status
        PASS [   0.020s] ( 502/2094) trawl-cli tui::tests::popup_backspace_removes
        PASS [   0.020s] ( 503/2094) trawl-cli tui::tests::poll_query_result_updates_tab
        PASS [   0.029s] ( 504/2094) trawl-cli tui::tests::poll_query_result_resets_scroll
        PASS [   0.022s] ( 505/2094) trawl-cli tui::tests::popup_esc_closes
        PASS [   0.026s] ( 506/2094) trawl-cli tui::tests::popup_blocks_global_keys
        PASS [   0.023s] ( 507/2094) trawl-cli tui::tests::popup_typing_appends
        PASS [   0.024s] ( 508/2094) trawl-cli tui::tests::schedule_popup_prefills_from_the_schedule_in_force
        PASS [   0.031s] ( 509/2094) trawl-cli tui::tests::schedule_popup_esc_cancels
        PASS [   0.029s] ( 510/2094) trawl-cli tui::tests::schedule_popup_prefills_a_zero_lag_as_empty
        PASS [   0.035s] ( 511/2094) trawl-cli tui::tests::results_keys_select_rows
        PASS [   0.029s] ( 512/2094) trawl-cli tui::tests::schedule_popup_refuses_an_empty_interval
        PASS [   0.017s] ( 513/2094) trawl-cli tui::tests::tab_on_panel_switches_to_query
        PASS [   0.029s] ( 514/2094) trawl-cli tui::tests::schedule_popup_types_into_the_focused_row
        PASS [   0.039s] ( 515/2094) trawl-cli tui::tests::schedule_popup_sends_a_lag_without_a_window
        PASS [   0.019s] ( 516/2094) trawl-cli tui::theme::tests::dark_theme_has_correct_name
        PASS [   0.025s] ( 517/2094) trawl-cli tui::theme::tests::all_builtins_have_six_chart_colors
        PASS [   0.047s] ( 518/2094) trawl-cli tui::tests::schedule_popup_tab_cycles_the_three_rows
        PASS [   0.039s] ( 519/2094) trawl-cli tui::tests::whoami_error_clears_dashboard_access
        PASS [   0.040s] ( 520/2094) trawl-cli tui::tests::whoami_permissions_drive_dashboard_tab_false_true_false
        PASS [   0.029s] ( 521/2094) trawl-cli tui::theme::tests::parse_hex_colors
        PASS [   0.026s] ( 522/2094) trawl-cli tui::theme::tests::parse_indexed_colors
        PASS [   0.014s] ( 523/2094) trawl-cli tui::ui::history::tests::duration_ms_minutes
        PASS [   0.015s] ( 524/2094) trawl-cli tui::theme::tests::resolve_unknown_falls_back_to_dark
        PASS [   0.011s] ( 525/2094) trawl-cli tui::ui::history::tests::duration_ms_seconds
        PASS [   0.018s] ( 526/2094) trawl-cli tui::theme::tests::parse_named_colors
        PASS [   0.018s] ( 527/2094) trawl-cli tui::theme::tests::parse_invalid_color
        PASS [   0.016s] ( 528/2094) trawl-cli tui::theme::tests::resolve_default_returns_dark
        PASS [   0.021s] ( 529/2094) trawl-cli tui::theme::tests::resolve_dark_returns_dark
        PASS [   0.030s] ( 530/2094) trawl-cli tui::theme::tests::resolve_builtin_names
        PASS [   0.017s] ( 531/2094) trawl-cli tui::ui::panels::saved_name_tests::saved_name_column_boundaries_preserve_graphemes
        PASS [   0.018s] ( 532/2094) trawl-cli tui::ui::history::tests::full_timestamp_valid
        PASS [   0.018s] ( 533/2094) trawl-cli tui::ui::history::tests::full_timestamp_malformed_fallback
        PASS [   0.014s] ( 534/2094) trawl-cli tui::ui::panels::tests::instant_utc_passes_through_an_unparseable_value
        PASS [   0.018s] ( 535/2094) trawl-cli tui::ui::panels::saved_name_tests::saved_list_renders_long_unicode_names_in_narrow_columns
        PASS [   0.018s] ( 536/2094) trawl-cli tui::ui::history::tests::duration_ms_under_second
        PASS [   0.021s] ( 537/2094) trawl-cli tui::ui::panels::tests::relative_time_weeks
        PASS [   0.028s] ( 538/2094) trawl-cli tui::ui::panels::tests::relative_time_days
        PASS [   0.025s] ( 539/2094) trawl-cli tui::ui::panels::tests::relative_time_right_justified
        PASS [   0.026s] ( 540/2094) trawl-cli tui::ui::panels::tests::relative_time_minutes
        PASS [   0.044s] ( 541/2094) trawl-cli tui::ui::history::tests::full_timestamp_with_fractional
        PASS [   0.026s] ( 542/2094) trawl-cli tui::ui::panels::tests::relative_time_hours
        PASS [   0.029s] ( 543/2094) trawl-cli tui::ui::panels::tests::relative_time_seconds
        PASS [   0.029s] ( 544/2094) trawl-cli tui::ui::panels::tests::relative_time_invalid_fallback
        PASS [   0.015s] ( 545/2094) trawl-cli tui::ui::panels::tests::run_window_across_midnight_keeps_the_end_date
        PASS [   0.013s] ( 546/2094) trawl-cli tui::ui::panels::tests::schedule_window_is_none_in_query_mode
        PASS [   0.014s] ( 547/2094) trawl-cli tui::ui::panels::tests::schedule_window_omits_a_zero_lag
        PASS [   0.019s] ( 548/2094) trawl-cli tui::ui::panels::tests::run_window_passes_through_an_unparseable_bound
        PASS [   0.019s] ( 549/2094) trawl-cli tui::ui::panels::tests::schedule_bounds_preserve_subminute_precision
        PASS [   0.020s] ( 550/2094) trawl-cli tui::ui::panels::tests::schedule_badge_names_the_window_mode
        PASS [   0.021s] ( 551/2094) trawl-cli tui::ui::panels::tests::run_window_same_day_drops_the_end_date
        PASS [   0.024s] ( 552/2094) trawl-cli tui::ui::panels::tests::run_window_normalizes_an_offset_to_utc
        PASS [   0.022s] ( 553/2094) trawl-cli tui::ui::panels::tests::schedule_window_omits_an_absent_watermark
        PASS [   0.013s] ( 554/2094) trawl-cli tui::ui::results::severity_tests::a_severity_cell_shows_its_otel_token
        PASS [   0.017s] ( 555/2094) trawl-cli tui::ui::panels::tests::schedule_window_tiled_with_lag_and_watermark
        PASS [   0.023s] ( 556/2094) trawl-cli tui::ui::results::placeholder_tests::placeholder_renders_in_a_terminal_too_narrow_to_centre_in
        PASS [   0.021s] ( 557/2094) trawl-cli tui::ui::tests::render_schedule_popup_on_a_tiny_terminal
        PASS [   0.064s] ( 558/2094) trawl-cli tui::ui::tests::render_empty_app
        PASS [   0.063s] ( 559/2094) trawl-cli tui::ui::tests::render_saved_runs_with_windows
        PASS [   0.063s] ( 560/2094) trawl-cli tui::ui::tests::render_saved_schedule_query_mode
        PASS [   0.065s] ( 561/2094) trawl-cli tui::ui::tests::render_narrow_terminal_with_results
        PASS [   0.062s] ( 562/2094) trawl-cli tui::ui::tests::render_saved_schedule_windowed_with_lag
        PASS [   0.070s] ( 563/2094) trawl-cli tui::ui::tests::render_saved_schedule_windowed_without_lag
        PASS [   0.061s] ( 564/2094) trawl-cli tui::ui::tests::render_with_error_status
        PASS [   0.015s] ( 565/2094) trawl-cli tui_log_tests::tui_log_is_owner_only
        PASS [   0.062s] ( 566/2094) trawl-cli tui::ui::tests::render_with_help_popup
        PASS [   0.017s] ( 567/2094) trawl-cli tui_log_tests::tui_log_chmod_failure_preserves_existing_contents
        PASS [   0.013s] ( 568/2094) trawl-engine cancel::tests::an_absent_latch_is_never_cancelled
        PASS [   0.016s] ( 569/2094) trawl-engine cancel::tests::a_shared_flag_reaches_every_clone
        PASS [   0.018s] ( 570/2094) trawl-cli tui_log_tests::tui_log_tightens_existing_looser_file
        PASS [   0.053s] ( 571/2094) trawl-cli tui::ui::tests::render_with_schedule_popup
        PASS [   0.055s] ( 572/2094) trawl-cli tui::ui::tests::render_with_query_text
        PASS [   0.013s] ( 573/2094) trawl-engine executor::tests::cold_action_matrix_is_exhaustive
        PASS [   0.064s] ( 574/2094) trawl-cli tui::ui::tests::render_with_save_popup
        PASS [   0.068s] ( 575/2094) trawl-cli tui::ui::tests::render_with_results
        PASS [   0.065s] ( 576/2094) trawl-cli tui::ui::tests::render_with_severity_tokens
        PASS [   0.010s] ( 577/2094) trawl-engine executor::tests::export_row_limit_sentinel_is_target_independent
        PASS [   0.028s] ( 578/2094) trawl-engine executor::tests::empty_window_without_a_hot_buffer_is_an_empty_success
        PASS [   0.049s] ( 579/2094) trawl-engine executor::tests::cold_presence_reads_resolved_list_evidence
        PASS [   0.044s] ( 580/2094) trawl-engine executor::tests::describe_schema_reconciles_union_able_scalar_drift
        PASS [   0.049s] ( 581/2094) trawl-engine executor::tests::describe_schema_keeps_union_able_struct_drift
        PASS [   0.037s] ( 582/2094) trawl-engine executor::tests::export_with_hot_falls_back_to_hot_only_for_empty_list_source
        PASS [   0.055s] ( 583/2094) trawl-engine executor::tests::duckdb_error_classes_parsed_from_live_errors
        PASS [   0.011s] ( 584/2094) trawl-engine executor::tests::glob_list_items_splits_list_sources
        PASS [   0.011s] ( 585/2094) trawl-engine executor::tests::has_glob_meta_splits_the_matcher
        PASS [   0.034s] ( 586/2094) trawl-engine executor::tests::export_without_hot_stays_loud_for_an_empty_window
        PASS [   0.054s] ( 587/2094) trawl-engine executor::tests::export_with_hot_keeps_cold_rows_on_partial_list_miss
        PASS [   0.088s] ( 588/2094) trawl-engine executor::tests::conflicting_kind_mixes_all_carry_the_conversion_class
        PASS [   0.042s] ( 589/2094) trawl-engine executor::tests::genuine_data_conversion_error_carries_the_conversion_class
        PASS [   0.050s] ( 590/2094) trawl-engine executor::tests::fs_matcher_agrees_with_duckdb_glob_on_literals
        PASS [   0.059s] ( 591/2094) trawl-engine executor::tests::export_without_hot_keeps_cold_rows_on_partial_list_miss
        PASS [   0.028s] ( 592/2094) trawl-engine executor::tests::literal_path_is_file_retains_on_a_non_notfound_error
        PASS [   0.046s] ( 593/2094) trawl-engine executor::tests::missing_column_with_cold_files_returns_empty_not_error
        PASS [   0.042s] ( 594/2094) trawl-engine executor::tests::no_files_outcome_with_cold_data_errors_instead_of_empty_success
        PASS [   0.059s] ( 595/2094) trawl-engine executor::tests::irreconcilable_drift_describes_raw_and_errors_loudly_at_read
        PASS [   0.030s] ( 596/2094) trawl-engine executor::tests::resolve_list_source_fails_closed_on_an_unparseable_list
        PASS [   0.046s] ( 597/2094) trawl-engine executor::tests::partial_list_source_miss_keeps_cold_rows
        PASS [   0.016s] ( 598/2094) trawl-engine executor::tests::resolve_list_source_keeps_the_original_when_nothing_is_narrowed
        PASS [   0.047s] ( 599/2094) trawl-engine executor::tests::partial_list_source_miss_keeps_cold_rows_without_a_hot_buffer
        PASS [   0.015s] ( 600/2094) trawl-engine executor::tests::resolve_list_source_narrows_to_matching_elements
        PASS [   0.014s] ( 601/2094) trawl-engine executor::tests::resolve_list_source_preserves_order_and_duplicates
        PASS [   0.048s] ( 602/2094) trawl-engine executor::tests::plain_glob_resolves_lazily_and_is_globbed_on_demand
        PASS [   0.077s] ( 603/2094) trawl-engine executor::tests::is_conversion_error_matches_real_strings
        PASS [   0.016s] ( 604/2094) trawl-engine executor::tests::subquery_source_is_never_a_list
        PASS [   0.016s] ( 605/2094) trawl-engine executor::tests::the_happy_path_never_pays_the_presence_check
        PASS [   0.019s] ( 606/2094) trawl-engine executor::tests::the_raw_free_retry_inherits_the_anchor
        PASS [   0.031s] ( 607/2094) trawl-engine parquet_stats::tests::column_names_come_from_the_schema_not_the_rows
        PASS [   0.035s] ( 608/2094) trawl-engine parquet_stats::tests::a_nested_schema_is_refused_not_flattened
        PASS [   0.028s] ( 609/2094) trawl-engine parquet_stats::tests::corrupt_file_is_err_not_panic
        PASS [   0.025s] ( 610/2094) trawl-engine parquet_stats::tests::long_byte_array_sample_is_truncated
        PASS [   0.045s] ( 611/2094) trawl-engine parquet_stats::tests::a_dotted_scalar_name_is_returned_whole
        PASS [   0.051s] ( 612/2094) trawl-engine executor::tests::unexpected_cold_failure_returns_error_not_hot_only
        PASS [   0.057s] ( 613/2094) trawl-engine executor::tests::run_query_with_hot_returns_hot_on_cold_start
        PASS [   0.054s] ( 614/2094) trawl-engine executor::tests::trigger_variants_produce_conversion_class_errors
        PASS [   0.010s] ( 615/2094) trawl-engine post_process::tests::a_timestamp_cell_leaves_the_bridge_as_text
        PASS [   0.020s] ( 616/2094) trawl-engine parquet_stats::tests::missing_file_is_open_error
        PASS [   0.014s] ( 617/2094) trawl-engine post_process::tests::empty_result_passthrough
        PASS [   0.015s] ( 618/2094) trawl-engine post_process::tests::kv_custom_separator
        PASS [   0.017s] ( 619/2094) trawl-engine post_process::tests::kv_extraction_on_result
        PASS [   0.032s] ( 620/2094) trawl-engine parquet_stats::tests::truncated_and_garbage_footers_are_err_not_panic
        PASS [   0.019s] ( 621/2094) trawl-engine post_process::tests::kv_tail_let_sibling_binds_the_alias
        PASS [   0.016s] ( 622/2094) trawl-engine post_process::tests::kv_with_sort
        PASS [   0.017s] ( 623/2094) trawl-engine post_process::tests::kv_with_where_filter
        PASS [   0.013s] ( 624/2094) trawl-engine post_process::tests::the_bridge_round_trips_every_cell_shape
        PASS [   0.029s] ( 625/2094) trawl-engine post_process::tests::kv_with_stats
        PASS [   0.053s] ( 626/2094) trawl-engine parquet_stats::tests::reads_counts_and_typed_minmax_from_duckdb_parquet
        PASS [   0.021s] ( 627/2094) trawl-engine timezone::tests::negative_offset_parses
        PASS [   0.025s] ( 628/2094) trawl-engine timezone::tests::local_resolves_to_system_offset
        PASS [   0.029s] ( 629/2094) trawl-engine post_process::tests::type_coercion
        PASS [   0.028s] ( 630/2094) trawl-engine timezone::tests::invalid_format_errors
        PASS [   0.064s] ( 631/2094) trawl-engine parquet_stats::tests::merges_minmax_across_files_in_typed_space
        PASS [   0.020s] ( 632/2094) trawl-engine timezone::tests::positive_offset_parses
        PASS [   0.019s] ( 633/2094) trawl-engine timezone::tests::reformat_crosses_midnight
        PASS [   0.012s] ( 634/2094) trawl-engine timezone::tests::reformat_positive_offset
        PASS [   0.034s] ( 635/2094) trawl-engine timezone::tests::out_of_range_errors
        PASS [   0.011s] ( 636/2094) trawl-engine timezone::tests::reformat_trims_trailing_zeros
        PASS [   0.015s] ( 637/2094) trawl-engine timezone::tests::reformat_invalid_input_passthrough
        PASS [   0.015s] ( 638/2094) trawl-engine timezone::tests::reformat_negative_offset
        PASS [   0.012s] ( 639/2094) trawl-engine timezone::tests::utc_resolves_to_zero
        PASS [   0.015s] ( 640/2094) trawl-engine timezone::tests::reformat_utc_no_change
        PASS [   0.024s] ( 641/2094) trawl-engine timezone::tests::reformat_preserves_subseconds
        PASS [   0.021s] ( 642/2094) trawl-engine timezone::tests::whitespace_trimmed
        PASS [   0.081s] ( 643/2094) trawl-engine::complexity_admission the_batch_lane_refuses_over_budget_dsl_without_binding
        PASS [   0.073s] ( 644/2094) trawl-engine::complexity_admission the_hot_lanes_refuse_over_budget_dsl_without_binding
        PASS [   0.065s] ( 645/2094) trawl-engine::duckdb_probe a_bound_anchor_renders_as_the_canonical_timestamp_text
        PASS [   0.096s] ( 646/2094) trawl-engine::complexity_admission the_bind_counter_counts_an_admitted_query
        PASS [   0.093s] ( 647/2094) trawl-engine::duckdb_probe a_boolean_casts_to_double_as_one_and_zero
        PASS [   0.105s] ( 648/2094) trawl-engine::complexity_admission the_export_lanes_refuse_over_budget_dsl_without_binding
        PASS [   0.096s] ( 649/2094) trawl-engine::duckdb_probe a_bound_anchor_is_a_timestamp_not_a_timestamptz
        PASS [   0.111s] ( 650/2094) trawl-engine::complexity_admission the_bind_counter_counts_admitted_exports
        PASS [   0.053s] ( 651/2094) trawl-engine::duckdb_probe a_case_reads_its_arms_in_order_and_stops_at_the_first_true
        PASS [   0.061s] ( 652/2094) trawl-engine::duckdb_probe a_bound_literal_casts_as_text_and_nulls_instead_of_throwing
        PASS [   0.053s] ( 653/2094) trawl-engine::duckdb_probe a_same_list_alias_reference_copies_its_expression
        PASS [   0.058s] ( 654/2094) trawl-engine::duckdb_probe a_rendered_nan_keeps_its_sign
        PASS [   0.076s] ( 655/2094) trawl-engine::duckdb_probe a_cloned_connection_starts_from_the_process_default_not_the_parent
        PASS [   0.076s] ( 656/2094) trawl-engine::duckdb_probe a_scalar_stats_or_timechart_output_shares_the_select_list_it_substitutes_into
        PASS [   0.051s] ( 657/2094) trawl-engine::duckdb_probe an_infinity_timestamp_cell_is_an_i64_sentinel
        PASS [   0.058s] ( 658/2094) trawl-engine::duckdb_probe an_else_less_case_still_binds_an_else_node
        PASS [   0.081s] ( 659/2094) trawl-engine::duckdb_probe a_timestamp_casts_to_the_text_duckdb_prints
        PASS [   0.085s] ( 660/2094) trawl-engine::duckdb_probe a_typed_columns_literal_takes_the_columns_own_cast
        PASS [   0.070s] ( 661/2094) trawl-engine::duckdb_probe backticked_names_describe_as_the_names_the_dsl_spells
        PASS [   0.148s] ( 662/2094) trawl-engine::duckdb_probe a_stored_double_column_compares_in_that_same_total_order
        PASS [   0.150s] ( 663/2094) trawl-engine::duckdb_probe an_if_condition_is_a_boolean_cast_not_truthiness
        PASS [   0.097s] ( 664/2094) trawl-engine::duckdb_probe bigint_round_trip_is_exact_in_decimal_space_beyond_2_pow_53
        PASS [   0.087s] ( 665/2094) trawl-engine::duckdb_probe case_collided_json_keys_are_renamed_and_replace_binds_the_first
        PASS [   0.061s] ( 666/2094) trawl-engine::duckdb_probe ceil_floor_and_round_split_their_return_type_on_the_argument_type
        PASS [   0.113s] ( 667/2094) trawl-engine::duckdb_probe boolean_pattern_text_is_the_cast_reading_on_both_engines
        PASS [   0.081s] ( 668/2094) trawl-engine::duckdb_probe cast_text_patterns_match_bigint_text_form
        PASS [   0.044s] ( 669/2094) trawl-engine::duckdb_probe current_json_number_spelling_follows_serdes_f64
        PASS [   0.044s] ( 670/2094) trawl-engine::duckdb_probe declared_copy_counts_cover_the_parsed_tree
        PASS [   0.157s] ( 671/2094) trawl-engine::duckdb_probe bigint_pattern_text_is_the_cast_reading_on_both_engines
        PASS [   0.042s] ( 672/2094) trawl-engine::duckdb_probe double_comparison_orders_nan_greatest_and_ties_the_two_zeros
        PASS [   0.049s] ( 673/2094) trawl-engine::duckdb_probe division_by_zero_is_an_ieee_special_and_integer_modulo_by_zero_is_null
        PASS [   0.272s] ( 674/2094) trawl-engine::duckdb_probe a_severity_chain_multiplies_its_subject_twelve_times_per_link
        PASS [   0.037s] ( 675/2094) trawl-engine::duckdb_probe duckdb_rewrites_a_simple_case_into_one_equality_per_arm
        PASS [   0.047s] ( 676/2094) trawl-engine::duckdb_probe double_pattern_text_is_duckdb_rendering_on_both_engines
        PASS [   0.036s] ( 677/2094) trawl-engine::duckdb_probe eventstats_case_variant_alias_overwrites_the_incoming_column
        PASS [   0.045s] ( 678/2094) trawl-engine::duckdb_probe eventstats_alias_overwrites_the_incoming_column
        PASS [   0.115s] ( 679/2094) trawl-engine::duckdb_probe decimal_comparison_space_domain_matches_the_live_mirror
        PASS [   0.048s] ( 680/2094) trawl-engine::duckdb_probe eventstats_refuses_a_substituted_alias_inside_its_window
        PASS [   0.040s] ( 681/2094) trawl-engine::duckdb_probe integer_arithmetic_overflow_is_an_error_never_a_wrap
        PASS [   0.038s] ( 682/2094) trawl-engine::duckdb_probe integer_division_is_true_division_through_double
        PASS [   0.059s] ( 683/2094) trawl-engine::duckdb_probe hot_and_compaction_conform_agree_across_inference_classes
        PASS [   0.029s] ( 684/2094) trawl-engine::duckdb_probe left_truncates_by_character_not_by_byte
        PASS [   0.043s] ( 685/2094) trawl-engine::duckdb_probe json_extract_returns_the_values_json_text
        PASS [   0.027s] ( 686/2094) trawl-engine::duckdb_probe percent_f_parses_a_variable_length_fraction
        PASS [   0.031s] ( 687/2094) trawl-engine::duckdb_probe pin_blind_int_comparison_on_varchar_column_errors
        PASS [   0.040s] ( 688/2094) trawl-engine::duckdb_probe percent_f_is_six_digit_microseconds
        PASS [   0.048s] ( 689/2094) trawl-engine::duckdb_probe pattern_targets_take_like_and_ilike
        PASS [   0.035s] ( 690/2094) trawl-engine::duckdb_probe pin_blind_patterns_on_bigint_column_refuse_to_bind
        PASS [   0.070s] ( 691/2094) trawl-engine::duckdb_probe misfit_sample_capture_is_distinct_null_free_and_capped
        PASS [   0.039s] ( 692/2094) trawl-engine::duckdb_probe pin_blind_select_list_comparison_on_varchar_column_errors
        PASS [   0.046s] ( 693/2094) trawl-engine::duckdb_probe pinned_rules_hold_over_read_json_columns
        PASS [   0.049s] ( 694/2094) trawl-engine::duckdb_probe pinned_comparison_shapes_as_select_list_values
        PASS [   0.098s] ( 695/2094) trawl-engine::duckdb_probe mixed_ladder_pair_unions_promote_rather_than_error
        PASS [   0.049s] ( 696/2094) trawl-engine::duckdb_probe raw_extraction_is_exact_key_lookup_and_survives_hostile_keys
        PASS [   0.057s] ( 697/2094) trawl-engine::duckdb_probe pivot_cte_finalization_preserves_multiline_literal_matching
        PASS [   0.053s] ( 698/2094) trawl-engine::duckdb_probe raw_guard_is_vector_safe_over_mixed_validity
        PASS [   0.035s] ( 699/2094) trawl-engine::duckdb_probe replace_list_identifier_folding_is_ascii_only
        PASS [   0.057s] ( 700/2094) trawl-engine::duckdb_probe recursive_glob_descends_into_dot_directories
        PASS [   0.041s] ( 701/2094) trawl-engine::duckdb_probe round_takes_a_precision_only_as_an_inlined_integer
        PASS [   0.059s] ( 702/2094) trawl-engine::duckdb_probe resurrection_recovers_shelved_values_per_ladder_target
        PASS [   0.065s] ( 703/2094) trawl-engine::duckdb_probe severity_conform_yields_the_physical_bigint
        PASS [   0.090s] ( 704/2094) trawl-engine::duckdb_probe severity_token_text_matches_the_rust_mirror_over_the_ladder
        PASS [   0.091s] ( 705/2094) trawl-engine::duckdb_probe the_absolute_time_window_is_half_open_at_the_microsecond
        PASS [   0.060s] ( 706/2094) trawl-engine::duckdb_probe the_anchor_literal_parses_at_every_year_chrono_can_render
        PASS [   0.055s] ( 707/2094) trawl-engine::duckdb_probe the_columns_exclusion_fold_mirrors_catalog_key
        PASS [   0.073s] ( 708/2094) trawl-engine::duckdb_probe the_bind_time_probes_run_against_the_pinned_engine_line
        PASS [   0.212s] ( 709/2094) trawl-engine::duckdb_probe severity_conform_rung_bounds_the_ladder_on_both_engines
        PASS [   0.047s] ( 710/2094) trawl-engine::duckdb_probe the_decimal_comparison_space_separates_ids_a_double_equates
        PASS [   0.049s] ( 711/2094) trawl-engine::duckdb_probe the_epoch_reading_is_the_micro_count_divided_once
        PASS [   0.110s] ( 712/2094) trawl-engine::duckdb_probe the_date_scalars_answer_for_an_infinity
        PASS [   0.045s] ( 713/2094) trawl-engine::duckdb_probe the_inlined_anchor_literal_matches_the_bound_form
        PASS [   0.063s] ( 714/2094) trawl-engine::duckdb_probe the_split_let_remedy_admits_a_depth_twenty_four_chain
        PASS [   0.076s] ( 715/2094) trawl-engine::duckdb_probe the_severity_kernels_parse_to_their_pinned_copy_counts
        PASS [   0.093s] ( 716/2094) trawl-engine::duckdb_probe the_timestamp_mirror_residuals_are_one_directional
        PASS [   0.080s] ( 717/2094) trawl-engine::duckdb_probe the_varchar_pin_stores_the_text_form_so_both_lanes_must_share_one
        PASS [   0.088s] ( 718/2094) trawl-engine::duckdb_probe time_conform_never_nulls_the_partition_key
        PASS [   0.068s] ( 719/2094) trawl-engine::duckdb_probe timestamp_cast_text_form_is_space_separated
        PASS [   0.240s] ( 720/2094) trawl-engine::duckdb_probe the_literal_timestamp_cast_differs_from_the_conform_only_in_the_zone
        PASS [   0.041s] ( 721/2094) trawl-engine::duckdb_probe try_cast_bigint_rounds_where_the_comparison_space_preserves
        PASS [   0.087s] ( 722/2094) trawl-engine::duckdb_probe timestamp_conform_applies_the_offset_under_the_pinned_session
        PASS [   0.058s] ( 723/2094) trawl-engine::duckdb_probe typed_casts_round_so_the_conform_guard_must_round_trip
        PASS [   0.066s] ( 724/2094) trawl-engine::duckdb_probe typeof_spells_a_bound_dsl_literal_by_its_bound_type
        PASS [   0.146s] ( 725/2094) trawl-engine::duckdb_probe try_cast_double_domain_matches_the_live_mirror
        PASS [   0.038s] ( 726/2094) trawl-engine::duckdb_probe untyped_varchar_conform_expression_is_unquoted_across_inference_classes
        PASS [   0.056s] ( 727/2094) trawl-engine::duckdb_probe unconformed_hot_column_throws_the_union_and_varchar_conform_saves_it
        PASS [   0.261s] ( 728/2094) trawl-engine::duckdb_probe timestamp_pattern_text_is_rfc3339_micros_on_both_engines
        PASS [   0.055s] ( 729/2094) trawl-engine::duckdb_probe varchar_negated_list_executes_as_pin_aware_not_in_with_null_widening
        PASS [   0.058s] ( 730/2094) trawl-engine::duckdb_probe varchar_ordered_rung_compares_in_the_decimal_space
        PASS [   0.063s] ( 731/2094) trawl-engine::duckdb_probe varchar_text_equality_matches_exact_string_only
        PASS [   0.071s] ( 732/2094) trawl-engine::integration a_bare_text_search_keeps_aggregate_params_aligned_in_both_raw_variants
        PASS [   0.071s] ( 733/2094) trawl-engine::integration a_limit_before_rare_applies_before_the_aggregation
        PASS [   0.059s] ( 734/2094) trawl-engine::integration a_limit_before_stats_answers_the_same_beside_a_bound_sibling
        PASS [   0.846s] ( 735/2094) trawl-engine::duckdb_probe severity_reading_sql_generates_its_arms_and_types_as_bigint
        PASS [   0.040s] ( 736/2094) trawl-engine::integration a_limit_before_stats_applies_before_the_aggregation
        PASS [   0.572s] ( 737/2094) trawl-engine::duckdb_probe the_trim_set_is_the_same_on_both_engines
        PASS [   0.046s] ( 738/2094) trawl-engine::integration a_limit_before_top_applies_before_the_aggregation
        PASS [   0.058s] ( 739/2094) trawl-engine::integration a_limit_before_timechart_applies_before_the_aggregation
        PASS [   0.041s] ( 740/2094) trawl-engine::integration a_pending_sort_orders_the_aggregations_input
        PASS [   0.047s] ( 741/2094) trawl-engine::integration a_pending_sort_orders_the_frequency_stages_input
        PASS [   0.050s] ( 742/2094) trawl-engine::integration a_second_pivot_cannot_see_a_column_the_first_consumed
        PASS [   0.045s] ( 743/2094) trawl-engine::integration a_second_pivot_reads_the_first_pivots_output
        PASS [   0.049s] ( 744/2094) trawl-engine::integration a_terminal_pivot_is_unchanged
        PASS [   0.038s] ( 745/2094) trawl-engine::integration a_time_window_bound_cannot_swap_with_an_aggregate_now
        PASS [   0.047s] ( 746/2094) trawl-engine::integration a_timechart_aggregate_after_a_pivot_binds_after_the_predicate
        PASS [   0.041s] ( 747/2094) trawl-engine::integration an_aggregate_literal_argument_binds_after_the_search_predicate
        PASS [   0.054s] ( 748/2094) trawl-engine::integration a_timechart_aggregate_now_binds_after_the_search_predicate
        PASS [   0.055s] ( 749/2094) trawl-engine::integration an_aggregate_literal_after_a_pivot_binds_after_the_predicate
        PASS [   0.058s] ( 750/2094) trawl-engine::integration an_aggregate_now_after_a_pivot_binds_after_the_predicate
        PASS [   0.045s] ( 751/2094) trawl-engine::integration an_aggregate_now_binds_after_the_search_predicate
        PASS [   0.041s] ( 752/2094) trawl-engine::integration dedup_multiple_fields
        PASS [   0.049s] ( 753/2094) trawl-engine::integration bare_word_matches_content_only_in_raw
        PASS [   0.035s] ( 754/2094) trawl-engine::integration describe_schema_missing_source
        PASS [   0.048s] ( 755/2094) trawl-engine::integration dedup_single_field
        PASS [   0.066s] ( 756/2094) trawl-engine::integration bare_word_search_reaches_the_whole_event_through_raw
        PASS [   0.050s] ( 757/2094) trawl-engine::integration drop_columns
        PASS [   0.058s] ( 758/2094) trawl-engine::integration describe_schema_returns_columns
        PASS [   0.067s] ( 759/2094) trawl-engine::integration empty_result
        PASS [   0.091s] ( 760/2094) trawl-engine::integration export_parquet_foreign_nonconformant_corpus_errors_loudly
        PASS [   0.093s] ( 761/2094) trawl-engine::integration export_hot_only_fallback_conforms_hot_columns_to_the_pin
        PASS [   0.088s] ( 762/2094) trawl-engine::integration export_parquet_foreign_nonconformant_corpus_errors_loudly_for_a_pruned_list_source
        PASS [   0.040s] ( 763/2094) trawl-engine::integration export_parquet_rejects_rust_stages
        PASS [   0.048s] ( 764/2094) trawl-engine::integration export_parquet_row_limit_above_i64_max_is_unbounded
        PASS [   1.191s] ( 765/2094) trawl-engine::duckdb_probe severity_conform_rung_reads_the_asserted_dialect
        PASS [   0.123s] ( 766/2094) trawl-engine::integration export_parquet_hot_pin_conflict_nulls_hot_value
        PASS [   0.078s] ( 767/2094) trawl-engine::integration export_parquet_row_limit_binds
        PASS [   0.143s] ( 768/2094) trawl-engine::integration export_parquet_hot_pin_conflict_nulls_hot_value_for_a_pruned_list_source
        PASS [   0.076s] ( 769/2094) trawl-engine::integration export_parquet_writes_valid_file
        PASS [   0.102s] ( 770/2094) trawl-engine::integration export_parquet_with_stats_roundtrips
        PASS [   0.077s] ( 771/2094) trawl-engine::integration extract_kv_basic_pipeline
        PASS [   0.065s] ( 772/2094) trawl-engine::integration extract_kv_tail_after_rename_carries_the_remapped_pin
        PASS [   0.141s] ( 773/2094) trawl-engine::integration extract_ip_from_message
        PASS [   0.056s] ( 774/2094) trawl-engine::integration extract_kv_tail_still_renders_timestamps_in_the_display_zone
        PASS [   0.100s] ( 775/2094) trawl-engine::integration extract_kv_tail_alias_copy_keeps_the_display_zone
        PASS [   0.074s] ( 776/2094) trawl-engine::integration extract_kv_tail_rename_keeps_the_display_zone
        PASS [   0.099s] ( 777/2094) trawl-engine::integration extract_kv_tail_computed_value_stays_as_rendered
        PASS [   0.030s] ( 778/2094) trawl-engine::integration extract_kv_with_stats
        PASS [   0.037s] ( 779/2094) trawl-engine::integration extract_kv_with_search_prefix
        PASS [   0.029s] ( 780/2094) trawl-engine::integration extract_kv_with_where
        PASS [   0.085s] ( 781/2094) trawl-engine::integration extract_kv_tail_timestamp_compare_ignores_the_display_offset
        PASS [   0.063s] ( 782/2094) trawl-engine::integration extract_kv_tail_without_pins_stays_literal_driven
        PASS [   0.038s] ( 783/2094) trawl-engine::integration field_filter_service
        PASS [   0.094s] ( 784/2094) trawl-engine::integration extract_kv_tail_where_is_pin_aware
        PASS [   0.039s] ( 785/2094) trawl-engine::integration field_filter_severity_number
        PASS [   0.066s] ( 786/2094) trawl-engine::integration foreign_nonconformant_corpus_errors_loudly
        PASS [   0.053s] ( 787/2094) trawl-engine::integration full_pipeline
        PASS [   0.070s] ( 788/2094) trawl-engine::integration foreign_nonconformant_corpus_errors_loudly_for_a_pruned_list_source
        PASS [   0.044s] ( 789/2094) trawl-engine::integration hot_cold_malformed_timestamp_keeps_cold_data
        PASS [   0.064s] ( 790/2094) trawl-engine::integration hot_only_fallback_conforms_hot_columns_to_the_pin
        PASS [   0.033s] ( 791/2094) trawl-engine::integration invalid_dsl_returns_parse_error
        PASS [   0.085s] ( 792/2094) trawl-engine::integration hot_pin_conflict_nulls_hot_value_for_a_pruned_list_source
        PASS [   0.044s] ( 793/2094) trawl-engine::integration in_list_filter
        PASS [   0.077s] ( 794/2094) trawl-engine::integration hot_pin_conflict_nulls_hot_value_keeps_both_rows
        PASS [   0.056s] ( 795/2094) trawl-engine::integration json_field_filter
        PASS [   0.049s] ( 796/2094) trawl-engine::integration json_wildcard_returns_all_rows
        PASS [   0.063s] ( 797/2094) trawl-engine::integration json_stats_pipeline
        PASS [   0.053s] ( 798/2094) trawl-engine::integration missing_source_returns_empty_result
        PASS [   0.052s] ( 799/2094) trawl-engine::integration negated_text_search
        PASS [   0.092s] ( 800/2094) trawl-engine::integration let_computed_column
        PASS [   0.081s] ( 801/2094) trawl-engine::integration pinned_comparison_applies_on_cold_only_run_query
        PASS [   0.066s] ( 802/2094) trawl-engine::integration pinned_comparison_survives_hot_only_fallback
        PASS [   0.060s] ( 803/2094) trawl-engine::integration pivot_on_service
        PASS [   0.109s] ( 804/2094) trawl-engine::integration pinned_comparison_survives_export_retry
        PASS [   0.085s] ( 805/2094) trawl-engine::integration pinned_comparison_survives_pruned_list_source
        PASS [   0.037s] ( 806/2094) trawl-engine::integration rare_by_service
        PASS [   0.077s] ( 807/2094) trawl-engine::integration pivot_over_sev_keeps_the_digits_guard_intact
        PASS [   0.079s] ( 808/2094) trawl-engine::integration quoted_search
        PASS [   0.060s] ( 809/2094) trawl-engine::integration severity_error_band_matches_three_rows
        PASS [   0.086s] ( 810/2094) trawl-engine::integration sev_in_an_aggregation_position_keeps_its_dialect
        PASS [   0.062s] ( 811/2094) trawl-engine::integration severity_gte_warn_returns_only_warn_and_above
        PASS [   0.045s] ( 812/2094) trawl-engine::integration sort_and_limit
        PASS [   0.049s] ( 813/2094) trawl-engine::integration stats_group_by_repairs_separates_clean_from_repaired
        PASS [   0.058s] ( 814/2094) trawl-engine::integration stats_count_by_service
        PASS [   0.031s] ( 815/2094) trawl-engine::integration status_comparison_gte
        PASS [   1.780s] ( 816/2094) trawl-engine::duckdb_probe severity_reading_sql_matches_the_rust_kernel_in_both_dialects
        PASS [   0.041s] ( 817/2094) trawl-engine::integration table_projection
        PASS [   0.050s] ( 818/2094) trawl-engine::integration stats_with_where_cte
        PASS [   0.044s] ( 819/2094) trawl-engine::integration text_search_ilike
        PASS [   0.065s] ( 820/2094) trawl-engine::integration text_containment_treats_non_text_columns_as_non_matches
        PASS [   0.075s] ( 821/2094) trawl-engine::integration text_containment_is_total_for_sparse_rows
        PASS [   0.068s] ( 822/2094) trawl-engine::integration time_filter_large_window
        PASS [   0.087s] ( 823/2094) trawl-engine::integration text_search_without_a_raw_column_keeps_unknown_field_errors
        PASS [   0.083s] ( 824/2094) trawl-engine::integration text_search_without_a_raw_column_searches_message
        PASS [   0.032s] ( 825/2094) trawl-engine::integration well_known_fields_match_core_schema
        PASS [   0.074s] ( 826/2094) trawl-engine::integration timechart_bucket_values_group_by_full_expression
        PASS [   0.056s] ( 827/2094) trawl-engine::integration timechart_minute_buckets
        PASS [   0.036s] ( 828/2094) trawl-engine::parse_emit_prepare control_prepare_rejects_a_missing_column
        PASS [   0.064s] ( 829/2094) trawl-engine::integration wildcard_returns_all_rows
        PASS [   0.090s] ( 830/2094) trawl-engine::integration top_by_service
        PASS [   0.499s] ( 831/2094) trawl-engine::integration hot_sparse_repair_column_survives_inside_the_sample_window
        PASS [   0.031s] ( 832/2094) trawl-engine::parse_emit_prepare control_prepare_rejects_a_missing_source_file
        PASS [   0.105s] ( 833/2094) trawl-engine::list_source_gate a_file_that_vanishes_between_resolution_and_the_read_is_never_an_empty_answer
        PASS [   0.044s] ( 834/2094) trawl-engine::parse_emit_prepare control_prepare_rejects_a_type_invalid_expression
        PASS [   0.050s] ( 835/2094) trawl-engine::rust_tail_specials a_double_pinned_infinity_compares_in_the_tail
        PASS [   0.061s] ( 836/2094) trawl-engine::parse_emit_prepare every_committed_seed_emits_sql_duckdb_can_prepare
        PASS [   0.042s] ( 837/2094) trawl-engine::rust_tail_specials a_post_stage_limit_caps_the_kv_tails_one_snapshot
        PASS [   0.116s] ( 838/2094) trawl-engine::list_source_gate an_all_missing_list_is_an_empty_window_not_a_failure
        PASS [   0.033s] ( 839/2094) trawl-engine::rust_tail_specials a_tail_computed_infinity_survives_a_shifted_run
        PASS [   0.037s] ( 840/2094) trawl-engine::rust_tail_specials a_pre_stage_limit_caps_what_the_kv_tail_aggregates
        PASS [   0.013s] ( 841/2094) trawl-engine::severity_set_bench emitted_shapes_match_the_hand_built_ones
        PASS [   0.038s] ( 842/2094) trawl-engine::rust_tail_specials a_timestamp_column_still_shifts_after_the_tail
        PASS [   0.027s] ( 843/2094) trawl-engine::rust_tail_specials the_kv_tail_receives_the_specials_the_sql_prefix_computed
        PASS [   0.036s] ( 844/2094) trawl-engine::rust_tail_specials the_cold_start_fallback_keeps_the_statements_anchor
        PASS [   0.036s] ( 845/2094) trawl-engine::rust_tail_specials the_kv_tail_and_the_sql_prefix_read_one_now
        PASS [   0.013s] ( 846/2094) trawl-server admission::tests::an_ordinary_query_is_admitted
        PASS [   0.034s] ( 847/2094) trawl-engine::rust_tail_specials the_tail_computes_over_the_specials_it_received
        PASS [   0.018s] ( 848/2094) trawl-server admission::tests::a_pipeline_over_the_stage_cap_is_refused
        PASS [   0.152s] ( 849/2094) trawl-engine::list_source_gate partial_list_miss_keeps_the_cold_rows_on_every_lane
        PASS [   0.013s] ( 850/2094) trawl-server admission::tests::unparseable_text_is_a_parse_error
        PASS [   0.014s] ( 851/2094) trawl-server admission::tests::an_over_budget_pipeline_carries_the_shared_sentence
        PASS [   0.011s] ( 852/2094) trawl-server bus::tests::closed_bus
        PASS [   0.012s] ( 853/2094) trawl-server bus::tests::lagged_subscriber
        PASS [   0.011s] ( 854/2094) trawl-server bus::tests::multiple_subscribers
        PASS [   0.012s] ( 855/2094) trawl-server bus::tests::publish_and_receive
        PASS [   0.011s] ( 856/2094) trawl-server bus::tests::publish_with_no_subscribers
        PASS [   0.010s] ( 857/2094) trawl-server catalog::analyzer::tests::an_ack_suppresses_evidence_up_to_its_high_water
        PASS [   0.011s] ( 858/2094) trawl-server catalog::analyzer::tests::equal_clocks_differing_counts_are_decided_by_the_count
        PASS [   0.011s] ( 859/2094) trawl-server catalog::analyzer::tests::single_service_evidence_qualifies
        PASS [   0.012s] ( 860/2094) trawl-server catalog::analyzer::tests::the_degraded_gate_is_span_and_volume
        PASS [   0.016s] ( 861/2094) trawl-server catalog::analyzer::tests::suggested_target_is_the_uniform_rung_else_varchar
        PASS [   0.015s] ( 862/2094) trawl-server catalog::analyzer::tests::the_verdict_is_capped_distinct_facts
        PASS [   0.017s] ( 863/2094) trawl-server catalog::conform::tests::a_fully_pinned_file_needs_no_counts_at_all
        PASS [   0.015s] ( 864/2094) trawl-server catalog::conform::tests::case_variant_columns_are_one_observation
        PASS [   0.020s] ( 865/2094) trawl-server catalog::conform::tests::all_null_column_does_not_vote
        PASS [   0.018s] ( 866/2094) trawl-server catalog::conform::tests::existing_pins_are_left_alone
        PASS [   0.018s] ( 867/2094) trawl-server catalog::conform::tests::layout_path_declines_everything_trawl_did_not_write
        PASS [   0.021s] ( 868/2094) trawl-server catalog::conform::tests::layout_path_reads_the_hour_and_the_daily_rollup
        PASS [   0.023s] ( 869/2094) trawl-server catalog::conform::tests::observations_span_the_corpus_and_cover_only_pinned_fields
        PASS [   0.029s] ( 870/2094) trawl-server catalog::conform::tests::only_unpinned_columns_are_counted
        PASS [   0.022s] ( 871/2094) trawl-server catalog::gc::tests::a_never_observed_pin_is_a_candidate
        PASS [   0.019s] ( 872/2094) trawl-server catalog::gc::tests::an_unknown_commit_over_evicts_and_never_reads_the_store
        PASS [   0.032s] ( 873/2094) trawl-server catalog::gc::tests::a_failed_purge_reconciles_the_cache_before_it_returns
        PASS [   0.034s] ( 874/2094) trawl-server catalog::conform::tests::vote_weight_is_rows_carrying_the_field_not_file_rows
        PASS [   0.020s] ( 875/2094) trawl-server catalog::gc::tests::an_unsubtractable_window_clamps_to_the_epoch
        PASS [   0.014s] ( 876/2094) trawl-server catalog::gc::tests::dead_window_truth_table
        PASS [   0.020s] ( 877/2094) trawl-server catalog::gc::tests::the_generation_follows_the_store_not_the_map
        PASS [   0.024s] ( 878/2094) trawl-server catalog::gc::tests::observation_exactly_at_the_cutoff_is_alive
        PASS [   0.025s] ( 879/2094) trawl-server catalog::gc::tests::every_gated_store_read_rides_the_timeout_and_the_purge_does_not
        PASS [   0.038s] ( 880/2094) trawl-server catalog::gc::tests::every_envelope_seed_survives_gc
        PASS [   0.033s] ( 881/2094) trawl-server catalog::tests::a_purge_the_cache_never_held_still_bumps_the_generation
        PASS [   0.032s] ( 882/2094) trawl-server catalog::tests::all_returns_the_full_unfiltered_snapshot
        PASS [   0.035s] ( 883/2094) trawl-server catalog::tests::evict_many_removes_the_set_without_stamping_it
        PASS [   0.035s] ( 884/2094) trawl-server catalog::tests::intersect_keeps_pins_for_observed_keys_only
        PASS [   0.022s] ( 885/2094) trawl-server catalog::tests::merge_last_write_wins_for_one_spelling
        PASS [   0.036s] ( 886/2094) trawl-server catalog::tests::intersect_is_exact_name_lookup
        PASS [   0.028s] ( 887/2094) trawl-server catalog::tests::merge_adds_deltas_without_dropping_existing_pins
        PASS [   0.021s] ( 888/2094) trawl-server deadline::tests::run_expires_on_a_wait_past_the_budget
        PASS [   0.044s] ( 889/2094) trawl-server catalog::tests::only_a_repin_bumps_the_generation
        PASS [   0.026s] ( 890/2094) trawl-server deadline::tests::run_returns_the_output_inside_the_budget
        PASS [   0.032s] ( 891/2094) trawl-server catalog::tests::repin_overwrites_exactly_one_key
        PASS [   0.029s] ( 892/2094) trawl-server deadline::tests::an_expired_deadline_grants_no_further_wait
        PASS [   0.040s] ( 893/2094) trawl-server deadline::tests::an_unrepresentable_budget_is_clamped
        PASS [   0.022s] ( 894/2094) trawl-server deadline::tests::the_budget_is_spent_once_across_phases
        PASS [   0.026s] ( 895/2094) trawl-server env_dirs::tests::keeps_valid_envs_sorted_and_skips_the_rest
        PASS [   0.027s] ( 896/2094) trawl-server env_dirs::tests::missing_root_is_empty
        PASS [   0.026s] ( 897/2094) trawl-server env_dirs::tests::try_list_separates_cold_start_from_unreadable_root
        PASS [   0.026s] ( 898/2094) trawl-server epoch::tests::current_environment_wal_is_preserved
        PASS [   0.159s] ( 899/2094) trawl-server catalog::conform::tests::non_null_counts_span_chunk_boundary_without_crossing_columns
        PASS [   0.034s] ( 900/2094) trawl-server epoch::tests::explicit_noncurrent_epochs_refuse_in_every_mode_without_mutation
        PASS [   0.026s] ( 901/2094) trawl-server epoch::tests::markerless_nonempty_ingest_roots_refuse_without_mutation
        PASS [   0.041s] ( 902/2094) trawl-server epoch::tests::flat_wal_refuses_before_fresh_empty_or_current_root_mutation
        PASS [   0.036s] ( 903/2094) trawl-server epoch::tests::fresh_and_empty_roots_initialize_and_restart
        PASS [   0.055s] ( 904/2094) trawl-server epoch::tests::dangling_symlinks_are_errors_not_absence
        PASS [   0.038s] ( 905/2094) trawl-server epoch::tests::query_only_generic_archives_and_unused_wal_are_untouched
        PASS [   0.024s] ( 906/2094) trawl-server epoch::tests::query_only_owned_roots_still_require_their_epoch_marker
        PASS [   0.049s] ( 907/2094) trawl-server epoch::tests::invalid_path_types_fail_before_initialization
        PASS [   0.027s] ( 908/2094) trawl-server epoch::tests::suffix_siblings_and_report_results_are_never_adopted_or_deleted
        PASS [   0.025s] ( 909/2094) trawl-server error::tests::authentication_failures_use_the_current_opaque_wire_code
        PASS [   0.025s] ( 910/2094) trawl-server error::tests::a_window_policy_refusal_is_a_400_naming_both_sides
        PASS [   0.020s] ( 911/2094) trawl-server error::tests::error_class_never_carries_user_content
        PASS [   0.019s] ( 912/2094) trawl-server error::tests::internal_maps_to_500
        PASS [   0.044s] ( 913/2094) trawl-server error::tests::conflict_maps_to_409_with_its_message
        PASS [   0.032s] ( 914/2094) trawl-server error::tests::safe_message_keeps_the_capacity_refusal_and_generalizes_the_rest
        PASS [   0.037s] ( 915/2094) trawl-server error::tests::purge_commit_unknown_is_a_store_class_503_with_its_message
        PASS [   0.021s] ( 916/2094) trawl-server error::tests::safe_message_redacts_store_backend_errors
        PASS [   0.029s] ( 917/2094) trawl-server error::tests::safe_message_redacts_internal_errors
        PASS [   0.033s] ( 918/2094) trawl-server error::tests::safe_message_redacts_database_errors
        PASS [   0.037s] ( 919/2094) trawl-server error::tests::safe_message_preserves_parse_errors
        PASS [   0.019s] ( 920/2094) trawl-server error::tests::window_plan_and_materialize_failures_are_redacted_500s
        PASS [   0.022s] ( 921/2094) trawl-server error::tests::service_unavailable_maps_to_503
        PASS [   0.023s] ( 922/2094) trawl-server error::tests::store_unavailable_body_is_redacted
        PASS [   0.025s] ( 923/2094) trawl-server error::tests::store_error_http_table
        PASS [   0.208s] ( 924/2094) trawl-server from_saved::pg_tests::readable_name_resolves_recorded_path_after_rename
        PASS [   0.206s] ( 925/2094) trawl-server from_saved::pg_tests::resolve_all_not_found_without_successful_runs
        PASS [   0.193s] ( 926/2094) trawl-server from_saved::pg_tests::resolve_latest_errors_on_a_success_with_neither_file_nor_blob
        PASS [   0.197s] ( 927/2094) trawl-server from_saved::pg_tests::resolve_carries_the_saved_querys_own_dsl
        PASS [   0.223s] ( 928/2094) trawl-server from_saved::pg_tests::resolve_all_builds_union_duckdb_executes
        PASS [   0.216s] ( 929/2094) trawl-server from_saved::pg_tests::resolve_latest_answers_a_zero_row_success_not_an_older_run
        PASS [   0.275s] ( 930/2094) trawl-server from_saved::pg_tests::resolve_all_skips_zero_row_members
        PASS [   0.186s] ( 931/2094) trawl-server from_saved::pg_tests::resolve_latest_picks_newest_successful_run
        PASS [   0.189s] ( 932/2094) trawl-server from_saved::pg_tests::resolve_latest_over_a_blob_backed_nonempty_run_errors
        PASS [   0.176s] ( 933/2094) trawl-server from_saved::pg_tests::resolve_specific_errors_on_a_success_with_neither_file_nor_blob
        PASS [   0.169s] ( 934/2094) trawl-server from_saved::pg_tests::resolve_specific_not_found_for_missing_run
        PASS [   0.193s] ( 935/2094) trawl-server from_saved::pg_tests::resolve_latest_not_found_without_successful_runs
        PASS [   0.207s] ( 936/2094) trawl-server from_saved::pg_tests::resolve_specific_answers_a_zero_row_run
        PASS [   0.159s] ( 937/2094) trawl-server from_saved::pg_tests::resolve_specific_not_found_for_other_users_run
        PASS [   0.023s] ( 938/2094) trawl-server from_saved::tests::empty_typed_source_projects_quoted_names
        PASS [   0.022s] ( 939/2094) trawl-server from_saved::tests::parquet_source_basic
        PASS [   0.075s] ( 940/2094) trawl-server from_saved::tests::empty_typed_source_executes_downstream_shapes
        PASS [   0.014s] ( 941/2094) trawl-server from_saved::tests::parquet_source_strips_trailing_slash
        PASS [   0.016s] ( 942/2094) trawl-server from_saved::tests::parquet_source_escapes_single_quotes
        PASS [   0.031s] ( 943/2094) trawl-server handlers::tests::a_filtered_retained_entry_omits_the_fields_it_hides
        PASS [   0.038s] ( 944/2094) trawl-server handlers::tests::cancel_authority_is_the_key_id_and_admin_reaches_system_work
        PASS [   0.019s] ( 945/2094) trawl-server handlers::tests::csv_generation_sanitizes_string_values
        PASS [   0.030s] ( 946/2094) trawl-server handlers::tests::health_all_down_is_unavailable
        PASS [   0.021s] ( 947/2094) trawl-server handlers::tests::health_all_noncritical_down_is_degraded
        PASS [   0.193s] ( 948/2094) trawl-server from_saved::pg_tests::resolve_specific_returns_source_for_run
        PASS [   0.200s] ( 949/2094) trawl-server from_saved::pg_tests::resolve_specific_refuses_a_blob_backed_nonempty_run
        PASS [   0.194s] ( 950/2094) trawl-server from_saved::pg_tests::resolve_unknown_saved_query_is_not_found
        PASS [   0.196s] ( 951/2094) trawl-server from_saved::pg_tests::resolve_specific_refuses_a_run_that_did_not_succeed
        PASS [   0.197s] ( 952/2094) trawl-server from_saved::pg_tests::resolve_strips_stage_and_prepends_wildcard
        PASS [   0.023s] ( 953/2094) trawl-server handlers::tests::health_auth_down_is_degraded
        PASS [   0.016s] ( 954/2094) trawl-server handlers::tests::health_duckdb_down_is_unavailable
        PASS [   0.021s] ( 955/2094) trawl-server handlers::tests::health_data_path_down_is_degraded
        PASS [   0.018s] ( 956/2094) trawl-server handlers::tests::health_storage_down_is_degraded
        PASS [   0.040s] ( 957/2094) trawl-server handlers::tests::health_all_ok
        PASS [   0.026s] ( 958/2094) trawl-server handlers::tests::health_duckdb_and_noncritical_down_is_unavailable
        PASS [   0.030s] ( 959/2094) trawl-server handlers::tests::ndjson_generation_produces_valid_output
        PASS [   0.032s] ( 960/2094) trawl-server handlers::tests::sanitize_csv_formula_prefixes_dangerous_chars
        PASS [   0.046s] ( 961/2094) trawl-server handlers::tests::retained_interactive_work_keeps_its_existing_display_visibility
        PASS [   0.028s] ( 962/2094) trawl-server handlers::tests::value_to_string_does_not_sanitize_numbers
        PASS [   0.053s] ( 963/2094) trawl-server handlers::tests::since_from_secs_saturates_instead_of_panicking
        PASS [   0.062s] ( 964/2094) trawl-server handlers::tests::schema_window_is_the_retention_horizon
        PASS [   0.040s] ( 965/2094) trawl-server handlers::tests::value_to_string_sanitizes_strings
        PASS [   0.029s] ( 966/2094) trawl-server hot_buffer::tests::drain_nonexistent_is_noop
        PASS [   0.023s] ( 967/2094) trawl-server hot_buffer::tests::drain_removes_batches
        PASS [   0.024s] ( 968/2094) trawl-server hot_buffer::tests::drain_updates_byte_count
        PASS [   0.095s] ( 969/2094) trawl-server handlers::tests::sanitize_csv_formula_passes_safe_strings
        PASS [   0.085s] ( 970/2094) trawl-server handlers::tests::system_retained_work_shows_no_text_below_server_manage
        PASS [   0.023s] ( 971/2094) trawl-server hot_buffer::tests::empty_buffer_returns_none
        PASS [   0.061s] ( 972/2094) trawl-server hot_buffer::tests::drain_after_snapshot_leaves_snapshot_valid
        PASS [   0.024s] ( 973/2094) trawl-server hot_buffer::tests::eviction_removes_oldest_by_insertion_order
        PASS [   0.023s] ( 974/2094) trawl-server hot_buffer::tests::insert_and_snapshot
        PASS [   0.035s] ( 975/2094) trawl-server hot_buffer::tests::eviction_by_bytes_limit
        PASS [   0.017s] ( 976/2094) trawl-server hot_buffer::tests::snapshot_hoists_schema_pioneers_to_the_front
        PASS [   0.017s] ( 977/2094) trawl-server hot_buffer::tests::snapshot_includes_all_batches
        PASS [   0.024s] ( 978/2094) trawl-server hot_buffer::tests::snapshot_field_types_is_pins_intersect_observed_keys
        PASS [   0.022s] ( 979/2094) trawl-server hot_buffer::tests::snapshot_reflects_new_pins_at_same_generation
        PASS [   0.013s] ( 980/2094) trawl-server ingest::compaction::tests::a_hung_conflicts_write_counts_against_conflicts
        PASS [   0.017s] ( 981/2094) trawl-server ingest::compaction::tests::a_hung_observations_write_counts_against_observations
        PASS [   0.062s] ( 982/2094) trawl-server ingest::compaction::tests::a_rename_alongside_the_guard_is_not_guard_only
        PASS [   3.376s] ( 983/2094) trawl-engine::duckdb_probe dialect_ambiguity_pairs_across_both_engines
        PASS [   0.098s] ( 984/2094) trawl-server ingest::compaction::tests::a_guard_only_plan_over_an_in_range_source_nulls_nothing
        PASS [   0.020s] ( 985/2094) trawl-server ingest::compaction::tests::both_sampling_aggregates_share_the_subject_and_the_decode
        PASS [   0.026s] ( 986/2094) trawl-server ingest::compaction::tests::bookkeeping_budget_bounds_a_hung_write
        PASS [   0.013s] ( 987/2094) trawl-server ingest::compaction::tests::budget_leaves_room_for_every_fast_failing_attempt
        PASS [   0.086s] ( 988/2094) trawl-server ingest::compaction::tests::all_null_unpinned_column_defers_then_later_batch_pins
        PASS [   0.016s] ( 989/2094) trawl-server ingest::compaction::tests::collect_hour_dirs_finds_valid_hours
        PASS [   0.063s] ( 990/2094) trawl-server ingest::compaction::tests::cleanup_removes_day_level_stale_tmp
        PASS [   0.021s] ( 991/2094) trawl-server ingest::compaction::tests::collect_service_files_groups_correctly
        PASS [   0.067s] ( 992/2094) trawl-server ingest::compaction::tests::cleanup_removes_stale_tmp_files
        PASS [   0.021s] ( 993/2094) trawl-server ingest::compaction::tests::compact_all_nul_is_data_loss_not_error
        PASS [   0.056s] ( 994/2094) trawl-server ingest::compaction::tests::compact_creates_canonical_file
        PASS [   0.065s] ( 995/2094) trawl-server ingest::compaction::tests::compact_chunked_merges_incrementally
        PASS [   0.057s] ( 996/2094) trawl-server ingest::compaction::tests::compact_excludes_wal_provenance_column
        PASS [   0.265s] ( 997/2094) trawl-server ingest::compaction::tests::a_running_rollup_pass_is_gated_by_the_cutover_and_stands_down
        PASS [   0.047s] ( 998/2094) trawl-server ingest::compaction::tests::compact_filename_fallback_is_per_file
        PASS [   0.045s] ( 999/2094) trawl-server ingest::compaction::tests::compact_handles_heterogeneous_schemas
        PASS [   0.049s] (1000/2094) trawl-server ingest::compaction::tests::compact_handles_duplicate_key_across_nesting_levels
        PASS [   0.350s] (1001/2094) trawl-server ingest::compaction::tests::a_failed_sample_capture_still_records_the_conflict
        PASS [   0.070s] (1002/2094) trawl-server ingest::compaction::tests::compact_handles_nested_json
        PASS [   0.047s] (1003/2094) trawl-server ingest::compaction::tests::compact_keeps_quarantine_count_when_a_later_step_fails
        PASS [   0.054s] (1004/2094) trawl-server ingest::compaction::tests::compact_isolates_malformed_textual_ndjson_keeps_good
        PASS [   0.068s] (1005/2094) trawl-server ingest::compaction::tests::compact_keeps_user_field_named_filename
        PASS [   0.037s] (1006/2094) trawl-server ingest::compaction::tests::compact_once_counts_quarantine_as_error
        PASS [   0.371s] (1007/2094) trawl-server ingest::compaction::tests::a_severity_source_keeps_its_stored_arm_dialect_free
        PASS [   0.047s] (1008/2094) trawl-server ingest::compaction::tests::compact_nonconforming_filename_falls_back_to_now
        PASS [   0.013s] (1009/2094) trawl-server ingest::compaction::tests::compact_once_errors_on_unreadable_wal_root
        PASS [   0.020s] (1010/2094) trawl-server ingest::compaction::tests::compact_once_is_clean_when_wal_root_is_missing
        PASS [   0.422s] (1011/2094) trawl-server ingest::compaction::tests::a_batch_with_no_conflicts_runs_no_sample_query
        PASS [   0.074s] (1012/2094) trawl-server ingest::compaction::tests::compact_merges_with_existing_file
        PASS [   0.090s] (1013/2094) trawl-server ingest::compaction::tests::compact_merges_despite_type_conflict
        PASS [   0.064s] (1014/2094) trawl-server ingest::compaction::tests::compact_once_drains_bad_timestamp_without_errors
        PASS [   0.045s] (1015/2094) trawl-server ingest::compaction::tests::compact_once_isolates_unreadable_env_wal_dir
        PASS [   0.082s] (1016/2094) trawl-server ingest::compaction::tests::compact_once_drains_wal_carrying_reserved_provenance_key
        PASS [   0.053s] (1017/2094) trawl-server ingest::compaction::tests::compact_quarantines_nul_ndjson_keeps_good
        PASS [   0.052s] (1018/2094) trawl-server ingest::compaction::tests::compact_repairs_malformed_timestamp_from_filename
        PASS [   0.070s] (1019/2094) trawl-server ingest::compaction::tests::compact_sorts_rows_by_timestamp
        PASS [   0.047s] (1020/2094) trawl-server ingest::compaction::tests::conflict_samples_are_control_sanitised_then_byte_capped
        PASS [   0.037s] (1021/2094) trawl-server ingest::compaction::tests::conflict_samples_are_distinct_after_sanitisation
        PASS [   0.061s] (1022/2094) trawl-server ingest::compaction::tests::compaction_coerces_complex_fields_to_varchar
        PASS [   0.015s] (1023/2094) trawl-server ingest::compaction::tests::conform_plan_folds_mixed_case_columns_onto_their_pins
        PASS [   0.009s] (1024/2094) trawl-server ingest::compaction::tests::corrupt_tmp_preserves_old_daily_and_hourlies
        PASS [   0.134s] (1025/2094) trawl-server ingest::compaction::tests::compact_preserves_repair_column_past_the_sample_window
        PASS [   0.031s] (1026/2094) trawl-server ingest::compaction::tests::conflict_samples_are_the_distinct_nulled_values_capped_at_five
        PASS [   0.027s] (1027/2094) trawl-server ingest::compaction::tests::conform_to_bigint_pin_nulls_beyond_2_pow_53_fractionals
        PASS [   0.012s] (1028/2094) trawl-server ingest::compaction::tests::decoding_samples_caps_sanitises_then_dedups
        PASS [   0.121s] (1029/2094) trawl-server ingest::compaction::tests::compact_repairs_all_trigger_variants
        PASS [   0.143s] (1030/2094) trawl-server ingest::compaction::tests::compact_once_partitions_by_env_and_verbatim_service
        PASS [   0.010s] (1031/2094) trawl-server ingest::compaction::tests::extract_service_simple
        PASS [   0.029s] (1032/2094) trawl-server ingest::compaction::tests::conform_to_bigint_pin_nulls_rounded_values_and_records_them
        PASS [   0.010s] (1033/2094) trawl-server ingest::compaction::tests::extract_service_with_underscores
        PASS [   0.009s] (1034/2094) trawl-server ingest::compaction::tests::failed_rollup_recovery_keeps_readers_closed
        PASS [   0.009s] (1035/2094) trawl-server ingest::compaction::tests::group_by_service_groups_correctly
        PASS [   0.010s] (1036/2094) trawl-server ingest::compaction::tests::fast_retry_exhaustion_counts_no_timeout
        PASS [   0.009s] (1037/2094) trawl-server ingest::compaction::tests::is_valid_ndjson_detects_corruption
        PASS [   0.008s] (1038/2094) trawl-server ingest::compaction::tests::looks_like_date_valid
        PASS [   0.589s] (1039/2094) trawl-server hot_buffer::tests::sparse_key_survives_a_snapshot_larger_than_the_detection_prefix
        PASS [   0.011s] (1040/2094) trawl-server ingest::compaction::tests::looks_like_date_invalid
        PASS [   0.018s] (1041/2094) trawl-server ingest::compaction::tests::is_valid_parquet_detects_corruption
        PASS [   0.008s] (1042/2094) trawl-server ingest::compaction::tests::merged_suffix_is_not_picked_up_by_collect_service_files
        PASS [   0.040s] (1043/2094) trawl-server ingest::compaction::tests::failed_invalid_tmp_quarantine_cannot_retire_unpublished_rows_on_retry
        PASS [   0.022s] (1044/2094) trawl-server ingest::compaction::tests::lossless_conform_is_not_recorded_as_a_conflict
        PASS [   0.049s] (1045/2094) trawl-server ingest::compaction::tests::duplicate_name_collision_drains_at_depth_1_keeping_all_columns
        PASS [   0.045s] (1046/2094) trawl-server ingest::compaction::tests::failed_marker_stage_preserves_complete_list_and_stage_is_ignored
        PASS [   0.036s] (1047/2094) trawl-server ingest::compaction::tests::merge_into_foreign_nonconformant_parquet_errors_and_retains_wal
        PASS [   0.051s] (1048/2094) trawl-server ingest::compaction::tests::nested_object_keeps_batchmates_columns_and_stays_reachable
        PASS [   0.039s] (1049/2094) trawl-server ingest::compaction::tests::pin_ladder_boolean_majority_pins_boolean
        PASS [   0.035s] (1050/2094) trawl-server ingest::compaction::tests::pin_ladder_huge_outlier_among_integers_pins_bigint
        PASS [   0.043s] (1051/2094) trawl-server ingest::compaction::tests::pin_ladder_even_split_pins_varchar_unquoted
        PASS [   0.043s] (1052/2094) trawl-server ingest::compaction::tests::pin_ladder_fractional_majority_pins_double_not_bigint
        PASS [   0.011s] (1053/2094) trawl-server ingest::compaction::tests::quarantine_file_signals_rename_failure
        PASS [   0.009s] (1054/2094) trawl-server ingest::compaction::tests::quarantine_file_signals_reservation_failure
        PASS [   0.039s] (1055/2094) trawl-server ingest::compaction::tests::pin_ladder_one_outlier_among_integers_pins_bigint
        PASS [   0.009s] (1056/2094) trawl-server ingest::compaction::tests::recovery_keeps_marker_when_hourly_retire_fails
        PASS [   0.080s] (1057/2094) trawl-server ingest::compaction::tests::pin_ladder_beyond_2_pow_53_integral_doubles_pin_bigint
        PASS [   0.034s] (1058/2094) trawl-server ingest::compaction::tests::pin_ladder_u64_range_batch_pins_double
        PASS [   0.020s] (1059/2094) trawl-server ingest::compaction::tests::recovery_discards_truncated_tmp
        PASS [   0.009s] (1060/2094) trawl-server ingest::compaction::tests::repeated_quarantine_keeps_every_artifact
        PASS [   0.027s] (1061/2094) trawl-server ingest::compaction::tests::recovery_completes_after_partial_hourly_cleanup
        PASS [   0.094s] (1062/2094) trawl-server ingest::compaction::tests::pending_rollup_recovers_before_fresh_wal_even_when_rollup_disabled
        PASS [   0.056s] (1063/2094) trawl-server ingest::compaction::tests::publication_blocks_reader_until_hot_batch_is_drained
        PASS [   0.011s] (1064/2094) trawl-server ingest::compaction::tests::repin_policy_without_raw_column_falls_back_to_plain_conform
        PASS [   0.022s] (1065/2094) trawl-server ingest::compaction::tests::repin_policy_fires_even_when_the_dtype_already_matches_the_pin
        PASS [   0.023s] (1066/2094) trawl-server ingest::compaction::tests::repin_policy_routes_the_target_through_resurrection
        PASS [   0.009s] (1067/2094) trawl-server ingest::compaction::tests::retire_merged_hourly_is_idempotent_on_missing_file
        PASS [   0.010s] (1068/2094) trawl-server ingest::compaction::tests::retire_merged_hourly_deletes_when_possible
        PASS [   0.010s] (1069/2094) trawl-server ingest::compaction::tests::retire_merged_hourly_renames_aside_when_delete_fails
        PASS [   0.043s] (1070/2094) trawl-server ingest::compaction::tests::recovery_promotes_tmp_over_old_daily_before_retiring_hourlies
        PASS [   0.047s] (1071/2094) trawl-server ingest::compaction::tests::rollup_day_blocking_merges_hourly_files
        PASS [   0.037s] (1072/2094) trawl-server ingest::compaction::tests::rollup_is_suppressed_while_a_repin_pause_is_held
        PASS [   0.048s] (1073/2094) trawl-server ingest::compaction::tests::rollup_day_blocking_sorts_by_timestamp
        PASS [   0.043s] (1074/2094) trawl-server ingest::compaction::tests::rollup_does_not_duplicate_rows_when_hourly_survives
        PASS [   0.053s] (1075/2094) trawl-server ingest::compaction::tests::rollup_day_blocking_merges_with_existing_daily
        PASS [   0.021s] (1076/2094) trawl-server ingest::compaction::tests::rollup_keeps_quarantine_count_when_merge_errors
        PASS [   0.029s] (1077/2094) trawl-server ingest::compaction::tests::rollup_marker_written_and_cleaned
        PASS [   0.034s] (1078/2094) trawl-server ingest::compaction::tests::rollup_of_nonconformant_hourlies_errors_loudly_and_retains_inputs
        PASS [   0.031s] (1079/2094) trawl-server ingest::compaction::tests::rollup_quarantines_truncated_hourly_file
        PASS [   0.021s] (1080/2094) trawl-server ingest::compaction::tests::rollup_recovery_after_rename_crash
        PASS [   0.009s] (1081/2094) trawl-server ingest::compaction::tests::rollup_recovery_stale_marker
        PASS [   0.019s] (1082/2094) trawl-server ingest::compaction::tests::rollup_recovery_after_tmp_crash
        PASS [   0.136s] (1083/2094) trawl-server ingest::compaction::tests::recovery_keeps_runtime_responsive_and_guards_after_cancellation
        PASS [   0.009s] (1084/2094) trawl-server ingest::compaction::tests::the_conform_pass_through_excludes_the_severity_range_guard
        PASS [   0.018s] (1085/2094) trawl-server ingest::compaction::tests::rollup_skips_when_all_inputs_corrupt
        PASS [   0.031s] (1086/2094) trawl-server ingest::compaction::tests::rollup_runs_without_wal_files
        PASS [   0.074s] (1087/2094) trawl-server ingest::compaction::tests::rollup_publication_blocks_readers_until_hourly_retirement
        PASS [   0.010s] (1088/2094) trawl-server ingest::envelope::tests::a_bare_level_that_is_not_a_severity_survives_untouched
        PASS [   0.009s] (1089/2094) trawl-server ingest::envelope::tests::a_forged_severity_strips_to_the_bare_name_and_is_then_derived
        PASS [   0.012s] (1090/2094) trawl-server ingest::envelope::tests::a_non_string_raw_strips_like_any_other_reserved_name
        PASS [   0.010s] (1091/2094) trawl-server ingest::envelope::tests::a_numeric_severity_is_stored_verbatim_and_derived_as_otel
        PASS [   0.040s] (1092/2094) trawl-server ingest::compaction::tests::write_report_counts_only_this_batch_and_written_fields
        PASS [   0.011s] (1093/2094) trawl-server ingest::envelope::tests::a_payload_null_in_an_asserted_slot_is_absence_not_a_collision
        PASS [   0.009s] (1094/2094) trawl-server ingest::envelope::tests::a_prefixed_name_loses_to_the_bare_one_it_would_shadow
        PASS [   0.011s] (1095/2094) trawl-server ingest::envelope::tests::a_profile_assertion_beats_a_colliding_payload_key
        PASS [   0.011s] (1096/2094) trawl-server ingest::envelope::tests::a_profile_faces_every_universal_gate
        PASS [   0.009s] (1097/2094) trawl-server ingest::envelope::tests::a_profile_never_defaults_its_env
        PASS [   0.012s] (1098/2094) trawl-server ingest::envelope::tests::a_stripped_identity_name_is_sender_asserted_not_overwritten
        PASS [   0.013s] (1099/2094) trawl-server ingest::envelope::tests::a_profile_with_no_honest_host_keeps_the_event_and_omits_it
        PASS [   0.015s] (1100/2094) trawl-server ingest::envelope::tests::a_syslog_over_http_forwarder_inverts_through_the_configured_dialect
        PASS [   0.011s] (1101/2094) trawl-server ingest::envelope::tests::absent_severity_sources_are_silent
        PASS [   0.012s] (1102/2094) trawl-server ingest::envelope::tests::all_lowercase_event_records_no_fold_repair
        PASS [   0.009s] (1103/2094) trawl-server ingest::envelope::tests::an_all_underscore_name_is_dropped_not_stored
        PASS [   0.010s] (1104/2094) trawl-server ingest::envelope::tests::an_empty_configured_severity_list_derives_nothing_but_keeps_the_fixed_source
        PASS [   0.008s] (1105/2094) trawl-server ingest::envelope::tests::an_identical_payload_value_is_not_a_collision
        PASS [   0.009s] (1106/2094) trawl-server ingest::envelope::tests::an_incoming_producer_key_cannot_forge_the_column
        PASS [   0.008s] (1107/2094) trawl-server ingest::envelope::tests::an_invalid_asserted_service_rejects_through_the_doors_own_validator
        PASS [   0.010s] (1108/2094) trawl-server ingest::envelope::tests::an_unparseable_time_proposal_does_not_fall_through_to_a_lower_source
        PASS [   0.008s] (1109/2094) trawl-server ingest::envelope::tests::array_values_are_stringified_to_json_text
        PASS [   0.010s] (1110/2094) trawl-server ingest::envelope::tests::case_variant_ingested_folds_then_takes_the_reserved_prefix_strip
        PASS [   0.011s] (1111/2094) trawl-server ingest::envelope::tests::client_ingested_and_repairs_strip_to_bare_names
        PASS [   0.010s] (1112/2094) trawl-server ingest::envelope::tests::client_raw_under_a_case_variant_is_honoured_verbatim
        PASS [   0.012s] (1113/2094) trawl-server ingest::envelope::tests::client_string_raw_survives_verbatim
        PASS [   0.012s] (1114/2094) trawl-server ingest::envelope::tests::every_door_stamps_its_own_producer
        PASS [   0.012s] (1115/2094) trawl-server ingest::envelope::tests::exact_envelope_keys_cannot_be_shadowed_by_case_variants
        PASS [   0.010s] (1116/2094) trawl-server ingest::envelope::tests::field_name_at_the_cap_is_kept
        PASS [   0.012s] (1117/2094) trawl-server ingest::envelope::tests::field_name_bound_counts_bytes_not_chars
        PASS [   0.012s] (1118/2094) trawl-server ingest::envelope::tests::folded_severity_inputs_join_the_derivation_chain
        PASS [   0.012s] (1119/2094) trawl-server ingest::envelope::tests::fully_specified_event_is_clean
        PASS [   0.014s] (1120/2094) trawl-server ingest::envelope::tests::folding_is_ascii_only_and_lowercase_names_are_untouched
        PASS [   0.012s] (1121/2094) trawl-server ingest::envelope::tests::invalid_env_shape_rejects
        PASS [   0.013s] (1122/2094) trawl-server ingest::envelope::tests::in_event_collision_keeps_the_exact_spelling_deterministically
        PASS [   0.014s] (1123/2094) trawl-server ingest::envelope::tests::missing_env_repairs_from_default
        PASS [   0.015s] (1124/2094) trawl-server ingest::envelope::tests::lone_case_variant_envelope_keys_fold_and_are_consumed_canonically
        PASS [   0.077s] (1125/2094) trawl-server ingest::envelope::tests::deeply_nested_env_object_reject_message_is_bounded
        PASS [   0.011s] (1126/2094) trawl-server ingest::envelope::tests::missing_host_repairs_from_peer
        PASS [   0.012s] (1127/2094) trawl-server ingest::envelope::tests::missing_host_behind_trusted_relay_rejects
        PASS [   0.013s] (1128/2094) trawl-server ingest::envelope::tests::missing_service_rejects
        PASS [   0.012s] (1129/2094) trawl-server ingest::envelope::tests::missing_time_repairs_from_ingest
        PASS [   0.012s] (1130/2094) trawl-server ingest::envelope::tests::multiple_repairs_join_comma_separated
        PASS [   0.014s] (1131/2094) trawl-server ingest::envelope::tests::non_string_raw_is_still_stripped_before_stringification
        PASS [   0.013s] (1132/2094) trawl-server ingest::envelope::tests::non_string_raw_replaced_with_the_server_serialization
        PASS [   0.013s] (1133/2094) trawl-server ingest::envelope::tests::null_env_defaults_like_absent
        PASS [   0.014s] (1134/2094) trawl-server ingest::envelope::tests::object_values_are_stringified_to_json_text
        PASS [   0.256s] (1135/2094) trawl-server ingest::compaction::tests::tally_conflicts_spans_chunk_boundary_without_crossing_columns
        PASS [   0.012s] (1136/2094) trawl-server ingest::envelope::tests::overlong_field_name_is_dropped_not_fatal
        PASS [   0.013s] (1137/2094) trawl-server ingest::envelope::tests::oversized_raw_truncated_on_char_boundary
        PASS [   0.010s] (1138/2094) trawl-server ingest::envelope::tests::present_host_behind_trusted_relay_accepted
        PASS [   0.010s] (1139/2094) trawl-server ingest::envelope::tests::producer_contributed_codes_lead_the_repairs_list
        PASS [   0.008s] (1140/2094) trawl-server ingest::envelope::tests::raw_contains_stripped_client_meta
        PASS [   0.011s] (1141/2094) trawl-server ingest::envelope::tests::raw_captured_before_host_fill
        PASS [   0.010s] (1142/2094) trawl-server ingest::envelope::tests::raw_preserves_the_original_nesting
        PASS [   0.010s] (1143/2094) trawl-server ingest::envelope::tests::reserved_prefixes_strip_to_the_bare_remainder
        PASS [   0.008s] (1144/2094) trawl-server ingest::envelope::tests::service_dotted_names_accepted_verbatim
        PASS [   0.010s] (1145/2094) trawl-server ingest::envelope::tests::service_dot_names_reject
        PASS [   0.008s] (1146/2094) trawl-server ingest::envelope::tests::service_null_rejects_with_type_reason
        PASS [   0.010s] (1147/2094) trawl-server ingest::envelope::tests::service_number_rejects_with_type_reason
        PASS [   0.010s] (1148/2094) trawl-server ingest::envelope::tests::service_object_rejects_with_type_reason
        PASS [   0.095s] (1149/2094) trawl-server ingest::envelope::tests::multi_megabyte_env_string_reject_message_is_bounded
        PASS [   0.010s] (1150/2094) trawl-server ingest::envelope::tests::service_space_now_rejects
        PASS [   0.010s] (1151/2094) trawl-server ingest::envelope::tests::service_supplied_under_a_case_variant_validates
        PASS [   0.009s] (1152/2094) trawl-server ingest::envelope::tests::service_traversal_rejects
        PASS [   0.009s] (1153/2094) trawl-server ingest::envelope::tests::severity_numeric_dialect_matrix
        PASS [   0.010s] (1154/2094) trawl-server ingest::envelope::tests::severity_source_precedence_is_first_mappable
        PASS [   0.433s] (1155/2094) trawl-server ingest::compaction::tests::repin_counts_over_a_severity_target_separate_loss_from_ambiguity
        PASS [   0.009s] (1156/2094) trawl-server ingest::envelope::tests::severity_token_spellings_normalize
        PASS [   0.011s] (1157/2094) trawl-server ingest::envelope::tests::stringification_is_canonicalization_not_a_repair
        PASS [   0.009s] (1158/2094) trawl-server ingest::envelope::tests::the_syslog_profile_reads_its_frame_timestamp_first
        PASS [   0.012s] (1159/2094) trawl-server ingest::envelope::tests::stringification_leaves_scalars_untouched
        PASS [   0.010s] (1160/2094) trawl-server ingest::envelope::tests::the_syslog_profile_derives_severity_from_its_own_artifact
        PASS [   0.008s] (1161/2094) trawl-server ingest::envelope::tests::the_two_proposable_slots_are_not_stripped
        PASS [   0.011s] (1162/2094) trawl-server ingest::envelope::tests::time_alias_sources_are_stored_verbatim
        PASS [   0.009s] (1163/2094) trawl-server ingest::envelope::tests::time_malformed_substituted_and_flagged
        PASS [   0.010s] (1164/2094) trawl-server ingest::envelope::tests::time_sources_are_read_in_precedence_order_and_kept
        PASS [   0.009s] (1165/2094) trawl-server ingest::envelope::tests::time_valid_values_canonicalized
        PASS [   0.011s] (1166/2094) trawl-server ingest::envelope::tests::time_out_of_range_kept_but_flagged
        PASS [   0.011s] (1167/2094) trawl-server ingest::envelope::tests::trawld_never_lets_a_payload_field_claim_the_raw_lifeline
        PASS [   0.008s] (1168/2094) trawl-server ingest::handler::tests::client_values_not_overwritten
        PASS [   0.011s] (1169/2094) trawl-server ingest::envelope::tests::unlisted_env_rejects
        PASS [   0.011s] (1170/2094) trawl-server ingest::envelope::tests::variant_only_collision_takes_the_lexicographically_first_key
        PASS [   0.011s] (1171/2094) trawl-server ingest::handler::tests::envelope_appears_in_wal_ndjson
        PASS [   0.011s] (1172/2094) trawl-server ingest::handler::tests::envelope_stamped_when_missing_json_array
        PASS [   0.009s] (1173/2094) trawl-server ingest::handler::tests::envelope_stamped_when_missing_ndjson
        PASS [   0.010s] (1174/2094) trawl-server ingest::handler::tests::parse_accepts_valid_service_names
        PASS [   0.010s] (1175/2094) trawl-server ingest::handler::tests::parse_all_events_bad
        PASS [   0.010s] (1176/2094) trawl-server ingest::handler::tests::parse_empty_json_array_rejected
        PASS [   0.012s] (1177/2094) trawl-server ingest::handler::tests::parse_hostless_event_from_trusted_relay_rejected
        PASS [   0.012s] (1178/2094) trawl-server ingest::handler::tests::parse_first_event_bad_scans_forward
        PASS [   0.009s] (1179/2094) trawl-server ingest::handler::tests::parse_invalid_json
        PASS [   0.011s] (1180/2094) trawl-server ingest::handler::tests::parse_insertion_order_preserved
        PASS [   0.011s] (1181/2094) trawl-server ingest::handler::tests::parse_json_array_derives_severity
        PASS [   0.012s] (1182/2094) trawl-server ingest::handler::tests::parse_json_array_rejects_deeply_nested_event
        PASS [   0.013s] (1183/2094) trawl-server ingest::handler::tests::parse_json_array_format
        PASS [   0.012s] (1184/2094) trawl-server ingest::handler::tests::parse_missing_env_defaults_with_repair
        PASS [   0.013s] (1185/2094) trawl-server ingest::handler::tests::parse_json_array_rejects_bad_service
        PASS [   0.009s] (1186/2094) trawl-server ingest::handler::tests::parse_missing_service
        PASS [   0.013s] (1187/2094) trawl-server ingest::handler::tests::parse_mixed_services_accepted
        PASS [   0.013s] (1188/2094) trawl-server ingest::handler::tests::parse_ndjson_format
        PASS [   0.014s] (1189/2094) trawl-server ingest::handler::tests::parse_ndjson_mixed_validity
        PASS [   0.021s] (1190/2094) trawl-server ingest::handler::tests::parse_ndjson_per_service_wal_bytes
        PASS [   0.019s] (1191/2094) trawl-server ingest::handler::tests::parse_ndjson_retains_maps
        PASS [   0.018s] (1192/2094) trawl-server ingest::handler::tests::parse_non_string_service_typed_reason
        PASS [   0.019s] (1193/2094) trawl-server ingest::handler::tests::parse_ndjson_rejects_deeply_nested_event
        PASS [   0.032s] (1194/2094) trawl-server ingest::handler::tests::parse_ndjson_empty_lines_skipped
        PASS [   0.016s] (1195/2094) trawl-server ingest::handler::tests::parse_partial_array_non_object
        PASS [   0.011s] (1196/2094) trawl-server ingest::handler::tests::parse_rejects_path_traversal_service
        PASS [   0.012s] (1197/2094) trawl-server ingest::handler::tests::parse_partial_ndjson_bad_middle
        PASS [   0.013s] (1198/2094) trawl-server ingest::handler::tests::parse_rejects_empty_service_name
        PASS [   0.016s] (1199/2094) trawl-server ingest::handler::tests::parse_rejects_long_service_name
        PASS [   0.013s] (1200/2094) trawl-server ingest::handler::tests::parse_rejects_slash_in_service
        PASS [   0.009s] (1201/2094) trawl-server ingest::handler::tests::parse_same_service_in_two_envs_separate_batches
        PASS [   0.011s] (1202/2094) trawl-server ingest::handler::tests::parse_rejects_space_in_service
        PASS [   0.011s] (1203/2094) trawl-server ingest::handler::tests::parse_three_services_json_array
        PASS [   0.010s] (1204/2094) trawl-server ingest::handler::tests::parse_three_services_ndjson
        PASS [   0.009s] (1205/2094) trawl-server ingest::handler::tests::parse_unlisted_env_rejected_per_event
        PASS [   0.009s] (1206/2094) trawl-server ingest::handler::tests::reject_counts_accuracy
        PASS [   0.009s] (1207/2094) trawl-server ingest::handler::tests::reserved_wal_file_key_stripped_from_events
        PASS [   0.011s] (1208/2094) trawl-server ingest::handler::tests::repairs_counted_per_code_and_service
        PASS [   0.009s] (1209/2094) trawl-server ingest::handler::tests::unmappable_severity_sources_are_counted_per_service
        PASS [   0.010s] (1210/2094) trawl-server ingest::handler::tests::substituted_time_appears_in_wal_ndjson
        PASS [   0.010s] (1211/2094) trawl-server ingest::producer::tests::a_configured_source_cannot_displace_or_duplicate_a_fixed_one
        PASS [   0.009s] (1212/2094) trawl-server ingest::producer::tests::an_empty_severity_list_derives_nothing
        PASS [   0.009s] (1213/2094) trawl-server ingest::producer::tests::an_over_long_name_is_echoed_bounded
        PASS [   0.010s] (1214/2094) trawl-server ingest::producer::tests::both_spellings_resolve_and_an_absent_dialect_is_otel
        PASS [   0.009s] (1215/2094) trawl-server ingest::producer::tests::defaults_match_resolving_the_default_config
        PASS [   0.009s] (1216/2094) trawl-server ingest::producer::tests::full_lists_at_the_bound_resolve
        PASS [   0.011s] (1217/2094) trawl-server ingest::producer::tests::every_boot_fatal_rule_rejects_and_names_the_entry
        PASS [   0.011s] (1218/2094) trawl-server ingest::producer::tests::http_and_trawld_have_no_fixed_sources
        PASS [   0.010s] (1219/2094) trawl-server ingest::producer::tests::producer_reports_its_own_kind
        PASS [   0.011s] (1220/2094) trawl-server ingest::producer::tests::producer_kind_spellings_are_unique_and_round_trip
        PASS [   0.012s] (1221/2094) trawl-server ingest::producer::tests::syslog_fixed_sources_lead_and_carry_their_dialect
        PASS [   0.011s] (1222/2094) trawl-server ingest::producer::tests::the_time_proposal_slot_is_the_one_reserved_name_admitted
        PASS [   0.015s] (1223/2094) trawl-server ingest::producer::tests::the_reject_matrix_renders_at_zero_before_anything_rejects
        PASS [   0.011s] (1224/2094) trawl-server ingest::wal::tests::no_tmp_file_left_on_success
        PASS [   0.013s] (1225/2094) trawl-server ingest::wal::tests::filename_carries_service_verbatim
        PASS [   0.015s] (1226/2094) trawl-server ingest::wal::tests::two_envs_same_service_are_separate_files
        PASS [   0.012s] (1227/2094) trawl-server ingest::wal::tests::write_creates_ndjson_file_under_env_dir
        PASS [   0.013s] (1228/2094) trawl-server metrics::tests::collect_gauges_no_hot_buffer_no_panic
        PASS [   0.013s] (1229/2094) trawl-server metrics::tests::describe_metrics_does_not_panic
        PASS [   0.017s] (1230/2094) trawl-server metrics::tests::bounded_label_admits_up_to_the_cap_then_collapses
        PASS [   0.010s] (1231/2094) trawl-server metrics::tests::wal_walk_counts_files_inside_env_directories
        PASS [   0.010s] (1232/2094) trawl-server metrics::tests::overflow_label_cannot_collide_with_a_service_name
        PASS [   0.008s] (1233/2094) trawl-server ping::tests::caches_err_within_ttl
        PASS [   0.011s] (1234/2094) trawl-server ping::tests::caches_ok_within_ttl
        PASS [   0.009s] (1235/2094) trawl-server ping::tests::maps_timeout_to_err
        PASS [   0.010s] (1236/2094) trawl-server ping::tests::refreshes_after_ttl_expiry
        PASS [   0.009s] (1237/2094) trawl-server policy::tests::a_marked_handler_auth_failure_keeps_the_current_wire_code
        PASS [   0.011s] (1238/2094) trawl-server policy::tests::auth_failures_counter_records_every_rejection_reason
        PASS [   0.039s] (1239/2094) trawl-server monitor::ui::tests::render_dashboard_empty
        PASS [   0.011s] (1240/2094) trawl-server policy::tests::authz_foreign_app_only_key_has_nothing
        PASS [   0.011s] (1241/2094) trawl-server policy::tests::authz_resolves_permissions_from_roles
        PASS [   0.051s] (1242/2094) trawl-server monitor::ui::tests::render_dashboard_narrow
        PASS [   0.014s] (1243/2094) trawl-server policy::tests::authz_unrecognized_only_key_is_fail_closed
        PASS [   0.056s] (1244/2094) trawl-server monitor::ui::tests::render_dashboard
        PASS [   0.012s] (1245/2094) trawl-server policy::tests::authz_unrecognized_strings_dropped_fail_closed
        PASS [   0.011s] (1246/2094) trawl-server policy::tests::grantless_403_event_is_logged_but_never_persisted
        PASS [   0.011s] (1247/2094) trawl-server policy::tests::normalizer_ignores_non_auth_statuses
        PASS [   0.012s] (1248/2094) trawl-server policy::tests::normalizer_rewrites_unmarked_401_to_trawl_envelope
        PASS [   0.014s] (1249/2094) trawl-server policy::tests::normalizer_leaves_marked_responses_alone
        PASS [   0.012s] (1250/2094) trawl-server policy::tests::normalizer_rewrites_unmarked_403_to_trawl_envelope
        PASS [   0.721s] (1251/2094) trawl-server ingest::compaction::tests::pin_ladder_spans_chunk_boundary_without_crossing_verdicts
        PASS [   0.013s] (1252/2094) trawl-server policy::tests::normalizer_rewrites_unmarked_500_to_trawl_envelope
        PASS [   0.012s] (1253/2094) trawl-server policy::tests::normalizer_rewrites_unmarked_503_without_backend_detail
        PASS [   0.013s] (1254/2094) trawl-server policy::tests::parse_rejects_unknown_and_dead_strings
        PASS [   0.013s] (1255/2094) trawl-server policy::tests::policy_403s_grantless_key_with_trawl_envelope
        PASS [   0.015s] (1256/2094) trawl-server policy::tests::parse_roundtrips_every_permission
        PASS [   0.015s] (1257/2094) trawl-server policy::tests::policy_403s_roleless_key
        PASS [   0.014s] (1258/2094) trawl-server policy::tests::policy_403s_unrecognized_permissions_only_key
        PASS [   0.017s] (1259/2094) trawl-server policy::tests::policy_500s_when_key_missing
        PASS [   0.015s] (1260/2094) trawl-server policy::tests::policy_passes_granted_key_and_marks_response
        PASS [   0.011s] (1261/2094) trawl-server policy::tests::wire_kind_maps_both_variants
        PASS [   0.016s] (1262/2094) trawl-server policy::tests::trawl_permissions_canonical_order_regardless_of_role_order
        PASS [   0.033s] (1263/2094) trawl-server pool::tests::a_dropped_caller_retains_and_then_reclaims
        PASS [   0.027s] (1264/2094) trawl-server pool::tests::a_latched_cancellation_stops_the_query_at_the_bind_boundary
        PASS [   0.027s] (1265/2094) trawl-server pool::tests::a_retained_permit_is_visible_and_reclaimed
        PASS [   0.036s] (1266/2094) trawl-server pool::tests::a_failed_run_stamps_no_severity_columns
        PASS [   0.025s] (1267/2094) trawl-server pool::tests::a_sample_that_overruns_is_a_timeout_and_stays_retained
        PASS [   0.031s] (1268/2094) trawl-server pool::tests::a_panicking_worker_leaks_no_permit_or_executor
        PASS [   0.036s] (1269/2094) trawl-server pool::tests::cancellation_before_the_handle_exists_refuses_the_start
        PASS [   0.040s] (1270/2094) trawl-server pool::tests::a_timeout_racing_completion_leaves_no_orphan
        PASS [   0.042s] (1271/2094) trawl-server pool::tests::cancellation_cannot_interrupt_a_reused_executor
        PASS [   0.049s] (1272/2094) trawl-server pool::tests::cancel_all_clears_interrupts
        PASS [   0.052s] (1273/2094) trawl-server pool::tests::counts_return_to_baseline
        PASS [   0.065s] (1274/2094) trawl-server pool::tests::a_timed_out_query_stays_cancellable
        PASS [   0.037s] (1275/2094) trawl-server pool::tests::every_lane_registers_its_kind_and_owner
        PASS [   0.027s] (1276/2094) trawl-server pool::tests::exclusive_names_retained_permits_when_blocked
        PASS [   0.028s] (1277/2094) trawl-server pool::tests::fallback_glob_derived_from_base_dir
        PASS [   0.046s] (1278/2094) trawl-server pool::tests::execute_stamps_severity_columns_from_the_runs_own_snapshot
        PASS [   0.036s] (1279/2094) trawl-server pool::tests::fallback_glob_strips_trailing_slash
        PASS [   0.063s] (1280/2094) trawl-server pool::tests::exclusive_times_out_bounded_while_a_query_runs
        PASS [   0.027s] (1281/2094) trawl-server pool::tests::ping_and_sampling_bound_their_wait
        PASS [   0.023s] (1282/2094) trawl-server pool::tests::pool_executor_reclaimed_after_timeout
        PASS [   0.022s] (1283/2094) trawl-server pool::tests::pool_rejects_invalid_dsl
        PASS [   0.063s] (1284/2094) trawl-server pool::tests::field_value_sampling_publication_timeout_releases_permit
        PASS [   0.030s] (1285/2094) trawl-server pool::tests::pool_reuses_executors
        PASS [   0.033s] (1286/2094) trawl-server pool::tests::pool_timeout_returns_error
        PASS [   0.040s] (1287/2094) trawl-server pool::tests::pool_respects_concurrency_limit
        PASS [   0.144s] (1288/2094) trawl-server pool::tests::exclusive_blocks_field_value_sampling
        PASS [   0.153s] (1289/2094) trawl-server pool::tests::exclusive_drains_queries_and_blocks_new_ones
        PASS [   0.025s] (1290/2094) trawl-server pool::tests::severity_columns_come_from_the_snapshot_it_is_given
        PASS [   0.023s] (1291/2094) trawl-server pool::tests::severity_columns_shortcut_agrees_with_the_walk
        PASS [   0.020s] (1292/2094) trawl-server publication::tests::bootstrap_finds_markers_under_literal_root
        PASS [   0.023s] (1293/2094) trawl-server publication::tests::dangling_entries_do_not_poison_the_marker_scan
        PASS [   0.066s] (1294/2094) trawl-server pool::tests::publication_wait_counts_against_the_deadline
        PASS [   0.066s] (1295/2094) trawl-server pool::tests::queue_wait_counts_against_the_deadline
        PASS [   0.056s] (1296/2094) trawl-server pool::tests::start_and_expiry_race_yields_exactly_one_classification
        PASS [   0.016s] (1297/2094) trawl-server publication::tests::unresolvable_existing_env_keeps_marker_state_unknown
        PASS [   0.032s] (1298/2094) trawl-server publication::tests::pending_marker_refuses_reads_until_removed
        PASS [   0.031s] (1299/2094) trawl-server publication::tests::scan_failure_stays_closed
        PASS [   0.063s] (1300/2094) trawl-server pool::tests::startup_wait_counts_against_the_deadline
        PASS [   0.021s] (1301/2094) trawl-server query_log::tests::chmod_failure_is_fatal_only_when_group_or_other_can_reach_the_file
        PASS [   0.014s] (1302/2094) trawl-server query_log::tests::failed_reopen_undoes_the_rename_and_keeps_the_active_path
        PASS [   0.011s] (1303/2094) trawl-server query_log::tests::open_creates_owner_only_file
        PASS [   0.016s] (1304/2094) trawl-server query_log::tests::failed_rollover_backs_off_instead_of_retrying_every_entry
        PASS [   0.012s] (1305/2094) trawl-server query_log::tests::open_tightens_existing_looser_file
        PASS [   0.011s] (1306/2094) trawl-server query_log::tests::rollover_at_cap_leaves_current_and_one_previous_file
        PASS [   0.011s] (1307/2094) trawl-server query_log::tests::rollover_refuses_a_replacement_regular_file
        PASS [   0.011s] (1308/2094) trawl-server query_log::tests::rollover_replaces_previous_rotated_file
        PASS [   0.044s] (1309/2094) trawl-server publication::tests::writer_excludes_readers
        PASS [   0.011s] (1310/2094) trawl-server query_log::tests::unrestorable_rollover_closes_the_log_instead_of_growing_it
        PASS [   0.010s] (1311/2094) trawl-server query_log::tests::zero_cap_disables_rollover
        PASS [   0.009s] (1312/2094) trawl-server rate_limit::tests::different_key_ids_have_independent_limits
        PASS [   0.009s] (1313/2094) trawl-server rate_limit::tests::ingest_ceiling_is_separate_from_the_interactive_one
        PASS [   0.009s] (1314/2094) trawl-server rate_limit::tests::ingest_ceiling_needs_the_ingest_permission
        PASS [   0.010s] (1315/2094) trawl-server rate_limit::tests::override_applies_per_class_with_separate_budgets
        PASS [   0.011s] (1316/2094) trawl-server rate_limit::tests::rate_limit_rejects_after_burst
        PASS [   0.010s] (1317/2094) trawl-server rate_limit::tests::role_override_replaces_the_class_default_in_both_directions
        PASS [   0.011s] (1318/2094) trawl-server rate_limit::tests::role_override_applies_even_when_default_disabled
        PASS [   0.009s] (1319/2094) trawl-server rate_limit::tests::same_effective_rpm_shares_map_not_buckets
        PASS [   0.009s] (1320/2094) trawl-server rate_limit::tests::zero_rpm_disables_limiter
        PASS [   0.008s] (1321/2094) trawl-server repin::cancel::tests::a_failed_publication_leaves_the_job_cancellable
        PASS [   0.009s] (1322/2094) trawl-server repin::cancel::tests::a_latched_job_refuses_every_later_request
        PASS [   0.008s] (1323/2094) trawl-server repin::cancel::tests::a_pending_request_beats_a_terminal_candidate
        PASS [   0.008s] (1324/2094) trawl-server repin::cancel::tests::a_pending_request_stops_the_latch
        PASS [   0.009s] (1325/2094) trawl-server repin::cancel::tests::a_repeat_request_carries_the_first_actor_for_persistence
        PASS [   0.008s] (1326/2094) trawl-server repin::cancel::tests::a_second_request_preserves_the_first_actor
        PASS [   0.009s] (1327/2094) trawl-server repin::cancel::tests::a_settled_job_has_nothing_left_to_cancel
        PASS [   0.008s] (1328/2094) trawl-server repin::cancel::tests::a_stale_disarm_does_not_clear_a_live_entry
        PASS [   0.008s] (1329/2094) trawl-server repin::cancel::tests::a_string_error_converts_to_a_failed_stop
        PASS [   0.009s] (1330/2094) trawl-server repin::cancel::tests::a_stale_settle_does_not_latch_a_live_entry
        PASS [   0.918s] (1331/2094) trawl-server ingest::compaction::tests::the_bounded_sampler_survives_a_high_cardinality_misfit_column
        PASS [   0.009s] (1332/2094) trawl-server repin::cancel::tests::commit_needs_the_job_to_own_the_registry
        PASS [   0.009s] (1333/2094) trawl-server repin::cancel::tests::settling_never_downgrades_the_point_of_no_return
        PASS [   0.009s] (1334/2094) trawl-server repin::cancel::tests::the_wire_table_is_pairwise_distinct_and_states_the_contract
        PASS [   0.009s] (1335/2094) trawl-server repin::ceiling::tests::ambiguity_binds_for_severity_under_every_reading_but_syslog
        PASS [   0.009s] (1336/2094) trawl-server repin::ceiling::tests::an_explicit_ceiling_wins_including_zero_and_below_scan
        PASS [   0.019s] (1337/2094) trawl-server repin::cancel::tests::cancel_and_commit_race_to_one_answer_from_two_threads
        PASS [   0.009s] (1338/2094) trawl-server repin::ceiling::tests::recorded_force_terms_distinguish_unplanned_and_bounded_plans
        PASS [   0.009s] (1339/2094) trawl-server repin::ceiling::tests::recorded_force_terms_reject_every_inconsistent_shape
        PASS [   0.009s] (1340/2094) trawl-server repin::ceiling::tests::the_ceiling_boundary_passes_at_accepted_and_refuses_one_above
        PASS [   0.009s] (1341/2094) trawl-server repin::ceiling::tests::the_default_ceiling_is_ten_percent_over_a_floor_of_ten
        PASS [   0.009s] (1342/2094) trawl-server repin::cutover::tests::a_surviving_shadow_refuses_the_next_build_instead_of_layering
        PASS [   0.009s] (1343/2094) trawl-server repin::cutover::tests::a_leftover_aside_is_parked_beside_not_refused
        PASS [   0.009s] (1344/2094) trawl-server repin::cutover::tests::an_undeletable_marker_cannot_fail_the_finished_job
        PASS [   0.009s] (1345/2094) trawl-server repin::cutover::tests::the_plain_slot_is_used_and_a_half_swap_resumes
        PASS [   0.009s] (1346/2094) trawl-server repin::cutover::tests::the_pre_swap_sweep_takes_the_aside_even_when_the_shadow_survives
        PASS [   0.009s] (1347/2094) trawl-server repin::engine::tests::a_ceiling_needs_force_and_must_fit_the_column
        PASS [   0.008s] (1348/2094) trawl-server repin::engine::tests::a_forced_job_is_held_to_the_ceilings_it_accepted
        PASS [   0.008s] (1349/2094) trawl-server repin::engine::tests::a_panicked_decision_settles_before_it_touches_the_store
        PASS [   0.009s] (1350/2094) trawl-server repin::engine::tests::a_panicked_decision_records_a_pending_cancel_before_the_terminal_write
        PASS [   0.008s] (1351/2094) trawl-server repin::engine::tests::a_pass_stop_keeps_cancellation_and_failure_distinct
        PASS [   0.008s] (1352/2094) trawl-server repin::engine::tests::contract_typed_fields_are_not_repin_subjects
        PASS [   0.008s] (1353/2094) trawl-server repin::engine::tests::decide_fetches_the_response_row_before_spawning_the_background_half
        PASS [   0.940s] (1354/2094) trawl-server ingest::compaction::tests::the_sampled_column_cap_drops_samples_not_conflicts
        PASS [   0.008s] (1355/2094) trawl-server repin::engine::tests::repin_targets_are_the_catalog_vocabulary_severity_included
        PASS [   0.008s] (1356/2094) trawl-server repin::engine::tests::the_dialect_is_resolved_for_severity_targets_only
        PASS [   0.009s] (1357/2094) trawl-server repin::engine::tests::the_cancelled_row_names_the_actor_the_stage_and_the_untouched_corpus
        PASS [   0.012s] (1358/2094) trawl-server repin::engine::tests::repin_admission_wait_has_a_deadline
        PASS [   0.008s] (1359/2094) trawl-server repin::engine::tests::the_force_gate_refuses_loss_always_and_ambiguity_under_otel_only
        PASS [   0.008s] (1360/2094) trawl-server repin::gate::tests::rollup_pause_is_raii
        PASS [   0.009s] (1361/2094) trawl-server repin::marker::tests::a_data_root_inside_its_volume_passes_the_staging_check
        PASS [   0.008s] (1362/2094) trawl-server repin::marker::tests::a_data_root_on_its_own_mount_is_refused
        PASS [   0.030s] (1363/2094) trawl-server repin::engine::tests::repin_admission_observes_rollup_failure_before_pausing
        PASS [   0.009s] (1364/2094) trawl-server repin::marker::tests::a_foreign_file_under_an_env_directory_is_refused
        PASS [   0.009s] (1365/2094) trawl-server repin::marker::tests::a_foreign_filesystem_outside_the_env_dirs_is_not_this_checks_business
        PASS [   0.030s] (1366/2094) trawl-server repin::engine::tests::repin_admission_waits_for_successful_rollup_before_pausing
        PASS [   0.009s] (1367/2094) trawl-server repin::marker::tests::a_mount_point_nested_under_the_data_root_is_refused
        PASS [   0.008s] (1368/2094) trawl-server repin::marker::tests::corrupt_marker_errors_rather_than_reading_as_absent
        PASS [   0.008s] (1369/2094) trawl-server repin::marker::tests::marker_round_trips_through_every_phase
        PASS [   0.009s] (1370/2094) trawl-server repin::marker::tests::staging_roots_are_siblings_of_the_data_root
        PASS [   0.012s] (1371/2094) trawl-server repin::marker::tests::a_relative_single_component_data_root_checks_against_the_cwd
        PASS [   0.009s] (1372/2094) trawl-server repin::plan::tests::no_scanned_file_skips_the_post_file_cancel_check
        PASS [   0.009s] (1373/2094) trawl-server repin::recover::tests::a_surviving_staging_root_reports_an_unfinished_sweep
        PASS [   0.009s] (1374/2094) trawl-server repin::recover::tests::an_abandoned_build_reclaims_a_leftover_aside
        PASS [   0.009s] (1375/2094) trawl-server repin::recover::tests::building_crash_abandons_the_shadow_and_leaves_the_corpus
        PASS [   0.009s] (1376/2094) trawl-server repin::recover::tests::cleanup_crash_sweeps_and_reports
        PASS [   0.010s] (1377/2094) trawl-server repin::recover::tests::cutover_crash_windows_all_resume_to_the_new_generation
        PASS [   0.009s] (1378/2094) trawl-server repin::recover::tests::marker_less_boot_sweeps_a_stray_shadow_only
        PASS [   0.010s] (1379/2094) trawl-server repin::recover::tests::query_only_node_serves_building_and_refuses_cutover
        PASS [   0.010s] (1380/2094) trawl-server repin::rewrite::tests::snapshot_refuses_symlinked_entries
        PASS [   0.009s] (1381/2094) trawl-server repin::rewrite::tests::snapshot_skips_staging_files_and_keeps_evidence
        PASS [   0.009s] (1382/2094) trawl-server report_window::tests::a_fixed_window_ignores_the_watermark_and_skips_missed_fires
        PASS [   0.011s] (1383/2094) trawl-server repin::rewrite::tests::staging_path_cannot_collide_with_compactions
        PASS [   0.010s] (1384/2094) trawl-server report_window::tests::a_backticked_keyword_is_a_field_and_keeps_its_window
        PASS [   0.009s] (1385/2094) trawl-server report_window::tests::a_nanosecond_clock_reading_yields_microsecond_bounds
        PASS [   0.011s] (1386/2094) trawl-server report_window::tests::a_long_gap_coalesces_into_one_clamped_and_flagged_run
        PASS [   0.060s] (1387/2094) trawl-server repin::gate::tests::rollup_unit_guard_is_the_claim_and_the_gate
        PASS [   0.011s] (1388/2094) trawl-server report_window::tests::a_time_clause_hoisted_out_of_an_or_group_is_still_refused
        PASS [   0.011s] (1389/2094) trawl-server report_window::tests::a_schedule_is_due_at_its_cursor_and_not_before
        PASS [   0.011s] (1390/2094) trawl-server report_window::tests::a_window_and_a_from_saved_source_refuse_each_other_by_name
        PASS [   0.011s] (1391/2094) trawl-server report_window::tests::a_window_and_a_time_clause_refuse_each_other_by_name
        PASS [   0.010s] (1392/2094) trawl-server report_window::tests::a_withheld_success_heals_on_the_next_run
        PASS [   0.012s] (1393/2094) trawl-server report_window::tests::an_already_covered_window_advances_the_cursor_instead_of_running
        PASS [   0.010s] (1394/2094) trawl-server report_window::tests::config_duration_mirror_matches_the_grammar_cap
        PASS [   0.010s] (1395/2094) trawl-server report_window::tests::consecutive_since_last_windows_tile_without_overlap
        PASS [   0.010s] (1396/2094) trawl-server report_window::tests::kind_secs_and_display_round_trip
        PASS [   0.011s] (1397/2094) trawl-server report_window::tests::materializing_refuses_a_from_saved_query_anywhere_in_the_pipeline
        PASS [   0.013s] (1398/2094) trawl-server report_window::tests::materializing_prefixes_the_saved_text_verbatim
        PASS [   0.011s] (1399/2094) trawl-server report_window::tests::materializing_refuses_a_query_that_owns_its_own_window
        PASS [   0.011s] (1400/2094) trawl-server report_window::tests::materializing_refuses_an_unparseable_saved_query
        PASS [   0.010s] (1401/2094) trawl-server report_window::tests::out_of_range_arithmetic_and_zero_config_are_errors_not_panics
        PASS [   0.011s] (1402/2094) trawl-server report_window::tests::no_window_accepts_any_text_while_a_window_needs_a_parseable_query
        PASS [   0.010s] (1403/2094) trawl-server report_window::tests::parse_rejects_short_and_malformed
        PASS [   0.011s] (1404/2094) trawl-server report_window::tests::parse_since_last_and_fixed
        PASS [   0.010s] (1405/2094) trawl-server report_window::tests::query_mode_plans_a_run_with_no_window
        PASS [   0.111s] (1406/2094) trawl-server repin::engine::tests::repin_admission_can_cancel_while_waiting_for_publication
        PASS [   0.011s] (1407/2094) trawl-server report_window::tests::the_first_since_last_run_covers_one_interval_back
        PASS [   0.012s] (1408/2094) trawl-server report_window::tests::spliced_bounds_reparse_to_the_planned_instants
        PASS [   0.012s] (1409/2094) trawl-server report_window::tests::the_widest_configurable_catchup_span_still_plans
        PASS [   0.012s] (1410/2094) trawl-server report_window::tests::truncation_drops_sub_microseconds_only
        PASS [   0.011s] (1411/2094) trawl-server report_window::tests::window_bound_is_rfc3339_utc_micros
        PASS [   0.011s] (1412/2094) trawl-server report_window::tests::window_kind_spellings_round_trip
        PASS [   0.012s] (1413/2094) trawl-server retention::tests::a_repin_admitted_mid_age_sweep_stops_before_the_next_age_deletion
        PASS [   0.010s] (1414/2094) trawl-server retention::tests::a_repin_admitted_mid_tick_stops_the_sweep_at_the_next_deletion
        PASS [   0.012s] (1415/2094) trawl-server retention::tests::age_based_deletes_old_dirs
        PASS [   0.011s] (1416/2094) trawl-server retention::tests::age_based_preserves_when_disabled
        PASS [   0.111s] (1417/2094) trawl-server repin::gate::tests::cutover_excludes_compaction_batches
        PASS [   0.011s] (1418/2094) trawl-server retention::tests::age_based_removes_one_envs_date_without_touching_others
        PASS [   0.010s] (1419/2094) trawl-server retention::tests::age_cutoff_and_rank_read_one_effective_age
        PASS [   0.010s] (1420/2094) trawl-server retention::tests::both_disabled_deletes_nothing
        PASS [   0.010s] (1421/2094) trawl-server retention::tests::both_sweeps_suppressed_while_a_repin_is_in_flight
        PASS [   0.010s] (1422/2094) trawl-server retention::tests::candidate_age_is_calendar_days_clamped_at_zero
        PASS [   0.010s] (1423/2094) trawl-server retention::tests::cmp_priority_orders_by_exact_expiry_ratio
        PASS [   0.010s] (1424/2094) trawl-server retention::tests::dir_size_recursive
        PASS [   0.010s] (1425/2094) trawl-server retention::tests::disk_pressure_breaks_equal_ranks_oldest_first
        PASS [   0.010s] (1426/2094) trawl-server retention::tests::disk_pressure_ranks_by_ratio_and_reaches_keep_forever_last
        PASS [   0.010s] (1427/2094) trawl-server retention::tests::empty_data_dir_is_noop
        PASS [   0.010s] (1428/2094) trawl-server retention::tests::enumerate_excludes_today
        PASS [   0.010s] (1429/2094) trawl-server retention::tests::enumerate_excludes_wal_and_non_dates
        PASS [   0.011s] (1430/2094) trawl-server retention::tests::enumerate_merges_candidates_across_envs
        PASS [   0.011s] (1431/2094) trawl-server retention::tests::enumerate_sorts_by_date_then_path
        PASS [   0.010s] (1432/2094) trawl-server retention::tests::global_zero_with_a_finite_override_still_ages_that_env_out
        PASS [   0.011s] (1433/2094) trawl-server retention::tests::looks_like_date_invalid
        PASS [   0.012s] (1434/2094) trawl-server retention::tests::huge_max_age_does_not_panic
        PASS [   0.010s] (1435/2094) trawl-server retention::tests::looks_like_date_valid
        PASS [   0.011s] (1436/2094) trawl-server retention::tests::maximum_enabled_age_is_the_longest_age_any_env_keeps
        PASS [   0.010s] (1437/2094) trawl-server retention::tests::maximum_enabled_age_saturates_instead_of_wrapping
        PASS [   0.010s] (1438/2094) trawl-server retention::tests::partial_failure_continues
        PASS [   0.011s] (1439/2094) trawl-server retention::tests::per_env_age_cutoffs_apply_per_env
        PASS [   0.014s] (1440/2094) trawl-server retention::tests::per_env_zero_under_a_finite_global_keeps_that_env
        PASS [   0.014s] (1441/2094) trawl-server retention::tests::suppression_raises_and_clears_the_alertable_gauge
        PASS [   0.013s] (1442/2094) trawl-server retention::tests::sweeps_resume_after_the_repin_ends
        PASS [   0.012s] (1443/2094) trawl-server retention::tests::today_never_deleted_by_disk_pressure
        PASS [   0.013s] (1444/2094) trawl-server retention::tests::unrelated_siblings_do_not_suppress_pressure_or_become_candidates
        PASS [   0.011s] (1445/2094) trawl-server scheduler::tests::remove_result_file_removes_existing_and_returns_true
        PASS [   0.011s] (1446/2094) trawl-server scheduler::tests::remove_result_file_returns_false_when_missing
        PASS [   0.025s] (1447/2094) trawl-server schema_refresh::tests::catalog_pin_wins_over_footer_type_while_stats_stay_footer_true
        PASS [   0.021s] (1448/2094) trawl-server schema_refresh::tests::corrupt_file_is_skipped_not_fatal
        PASS [   0.022s] (1449/2094) trawl-server schema_refresh::tests::columns_follow_field_display_rank
        PASS [   0.025s] (1450/2094) trawl-server schema_refresh::tests::recovered_file_is_picked_up_next_pass
        PASS [   0.022s] (1451/2094) trawl-server schema_refresh::tests::severity_pin_reports_the_catalog_spelling_not_the_physical_one
        PASS [   0.027s] (1452/2094) trawl-server schema_refresh::tests::refresh_reads_footer_stats_and_exact_daily_counts
        PASS [   0.012s] (1453/2094) trawl-server source::tests::bad_dsl_matches_nothing
        PASS [   0.023s] (1454/2094) trawl-server schema_refresh::tests::unpinned_column_reports_unpinned_with_stats
        PASS [   0.011s] (1455/2094) trawl-server source::tests::day_level_files_ignores_subdirs
        PASS [   0.088s] (1456/2094) trawl-server scheduler::pg_tests::finish_run_or_recover_keeps_file_on_committed_success
        PASS [   0.087s] (1457/2094) trawl-server scheduler::pg_tests::finish_run_or_recover_unlinks_orphan_after_cascade_delete
        PASS [   0.082s] (1458/2094) trawl-server scheduler::pg_tests::recover_ambiguous_finish_preserves_committed_success
        PASS [   0.082s] (1459/2094) trawl-server scheduler::pg_tests::recover_ambiguous_finish_unlinks_when_run_still_running
        PASS [   0.028s] (1460/2094) trawl-server source::tests::cold_start_source_never_reaches_scheduled_report_runs
        PASS [   0.009s] (1461/2094) trawl-server source::tests::day_level_files_wildcard
        PASS [   0.012s] (1462/2094) trawl-server source::tests::day_level_files_service_specific
        PASS [   0.011s] (1463/2094) trawl-server source::tests::dotted_and_underscored_services_prune_distinctly
        PASS [   0.009s] (1464/2094) trawl-server source::tests::hour_dirs_detects_hour_subdirs
        PASS [   0.012s] (1465/2094) trawl-server source::tests::env_and_service_pruning_matrix
        PASS [   0.011s] (1466/2094) trawl-server source::tests::falls_back_to_hourly_when_no_day_file
        PASS [   0.127s] (1467/2094) trawl-server retention::tests::generative_full_sweep_drains_in_reference_order
        PASS [   0.011s] (1468/2094) trawl-server source::tests::invalid_env_value_matches_nothing
        PASS [   0.012s] (1469/2094) trawl-server source::tests::invalid_service_value_cannot_inject_paths
        PASS [   0.011s] (1470/2094) trawl-server source::tests::no_time_filter_over_empty_root_matches_nothing
        PASS [   0.011s] (1471/2094) trawl-server source::tests::sanitizes_dotted_service
        PASS [   0.012s] (1472/2094) trawl-server source::tests::service_and_time_filter_compose
        PASS [   0.014s] (1473/2094) trawl-server source::tests::prefers_day_level_for_historical_service
        PASS [   0.012s] (1474/2094) trawl-server source::tests::service_glob_keeps_wildcard
        PASS [   0.014s] (1475/2094) trawl-server source::tests::service_filter_narrows_glob
        PASS [   0.012s] (1476/2094) trawl-server source::tests::strips_trailing_slash
        PASS [   0.026s] (1477/2094) trawl-server source::tests::no_matching_date_dir_never_reaches_scheduled_report_runs
        PASS [   0.012s] (1478/2094) trawl-server source::tests::today_day_level_files_included
        PASS [   0.013s] (1479/2094) trawl-server source::tests::verbatim_service_with_time_filter
        PASS [   0.014s] (1480/2094) trawl-server source::tests::wildcard_detects_day_level
        PASS [   0.016s] (1481/2094) trawl-server source::tests::today_mixed_day_and_hourly
        PASS [   0.013s] (1482/2094) trawl-server state::tests::an_unseen_service_has_no_degraded_fields
        PASS [   0.013s] (1483/2094) trawl-server state::tests::by_service_never_names_a_field_outside_the_set
        PASS [   0.016s] (1484/2094) trawl-server source::tests::wildcard_mixed_state
        PASS [   0.015s] (1485/2094) trawl-server source::tests::with_time_filter_returns_list
        PASS [   0.015s] (1486/2094) trawl-server state::tests::cached_columns_serve_only_inside_the_ttl_and_generation
        PASS [   0.012s] (1487/2094) trawl-server state::tests::services_of_is_sorted_and_deduplicated
        PASS [   0.013s] (1488/2094) trawl-server store::catalog::tests::service_cursor_rejects_garbage
        PASS [   0.011s] (1489/2094) trawl-server store::catalog::tests::service_cursor_roundtrips_exactly
        PASS [   0.011s] (1490/2094) trawl-server store::catalog::tests::the_purge_sets_its_bounds_before_it_takes_the_lock
        PASS [   0.011s] (1491/2094) trawl-server store::catalog::tests::the_purge_bounds_its_pre_commit_phase_and_only_that
        PASS [   0.012s] (1492/2094) trawl-server store::catalog::tests::the_purge_detaches_its_commit_instead_of_cancelling_it
        PASS [   0.011s] (1493/2094) trawl-server store::repin::tests::parse_round_trips_every_stored_spelling
        PASS [   0.011s] (1494/2094) trawl-server store::repin::tests::status_vocabulary_matches_the_migration_check
        PASS [   0.009s] (1495/2094) trawl-server store::schedule::tests::format_interval_roundtrip
        PASS [   0.009s] (1496/2094) trawl-server store::schedule::tests::parse_duration_secs_caps_at_ten_years
        PASS [   0.010s] (1497/2094) trawl-server store::schedule::tests::initial_schema_spells_the_same_duration_cap
        PASS [   0.011s] (1498/2094) trawl-server store::schedule::tests::latest_run_cols_carries_every_run_column
        PASS [   0.010s] (1499/2094) trawl-server store::schedule::tests::parse_duration_secs_rejects_overflow
        PASS [   0.009s] (1500/2094) trawl-server store::schedule::tests::parse_interval_rejects_invalid
        PASS [   0.011s] (1501/2094) trawl-server store::schedule::tests::parse_duration_secs_has_no_floor
        PASS [   0.010s] (1502/2094) trawl-server store::schedule::tests::parse_interval_rejects_multibyte_without_panicking
        PASS [   0.011s] (1503/2094) trawl-server store::schedule::tests::parse_interval_rejects_too_short
        PASS [   0.009s] (1504/2094) trawl-server store::schedule::tests::run_cols_prefixes_every_column
        PASS [   0.011s] (1505/2094) trawl-server store::schedule::tests::parse_interval_valid
        PASS [   0.010s] (1506/2094) trawl-server store::schedule::tests::schedule_cols_prefixes_every_column
        PASS [   0.011s] (1507/2094) trawl-server store::status::tests::as_str_roundtrips_through_from_str
        PASS [   0.011s] (1508/2094) trawl-server store::schedule::tests::schedule_cols_as_aliases_every_column
        PASS [   0.011s] (1509/2094) trawl-server store::status::tests::from_str_rejects_unknown
        PASS [   0.011s] (1510/2094) trawl-server syslog::convert::tests::a_frame_faces_the_sealed_prefix_strip
        PASS [   0.011s] (1511/2094) trawl-server syslog::convert::tests::a_hostname_less_frame_behind_a_trusted_relay_keeps_the_event
        PASS [   0.022s] (1512/2094) trawl-server syslog::batch::tests::batcher_keys_on_env_and_service_together
        PASS [   0.023s] (1513/2094) trawl-server syslog::batch::tests::batcher_multi_service_grouping
        PASS [   0.022s] (1514/2094) trawl-server syslog::batch::tests::batcher_shutdown_flushes_remaining
        PASS [   0.017s] (1515/2094) trawl-server syslog::convert::tests::an_over_long_sd_key_is_dropped_by_the_doors_name_gate
        PASS [   0.013s] (1516/2094) trawl-server syslog::convert::tests::convert_falls_back_to_default_service
        PASS [   0.021s] (1517/2094) trawl-server syslog::convert::tests::an_oversized_frame_is_truncated_by_the_doors_raw_cap
        PASS [   0.015s] (1518/2094) trawl-server syslog::convert::tests::convert_host_falls_back_to_source_ip
        PASS [   0.016s] (1519/2094) trawl-server syslog::convert::tests::convert_rfc3164_unifi
        PASS [   0.012s] (1520/2094) trawl-server syslog::convert::tests::derive_service_output_is_always_a_valid_service_name
        PASS [   0.013s] (1521/2094) trawl-server syslog::convert::tests::converted_event_carries_the_envelope
        PASS [   0.018s] (1522/2094) trawl-server syslog::convert::tests::convert_uses_appname_when_no_ip_mapping
        PASS [   0.012s] (1523/2094) trawl-server syslog::convert::tests::sd_key_collision_after_folding_is_the_doors_global_rule
        PASS [   0.011s] (1524/2094) trawl-server syslog::convert::tests::sd_keys_are_folded_by_the_door
        PASS [   0.012s] (1525/2094) trawl-server syslog::convert::tests::service_derivation_priority_and_its_one_repair
        PASS [   0.011s] (1526/2094) trawl-server syslog::parse::tests::facility_mapping
        PASS [   0.012s] (1527/2094) trawl-server syslog::convert::tests::the_frame_timestamp_is_an_artifact_the_profile_reads_first
        PASS [   0.013s] (1528/2094) trawl-server syslog::convert::tests::syslog_numerics_invert_onto_the_otel_ladder
        PASS [   0.010s] (1529/2094) trawl-server syslog::parse::tests::parse_minimal_bsd
        PASS [   0.010s] (1530/2094) trawl-server syslog::parse::tests::parse_rfc3164_unifi_style
        PASS [   0.010s] (1531/2094) trawl-server syslog::parse::tests::rfc3164_parser_uses_supplied_arrival
        PASS [   0.010s] (1532/2094) trawl-server syslog::parse::tests::rfc3164_leap_day_skips_invalid_candidate_years
        PASS [   0.011s] (1533/2094) trawl-server syslog::parse::tests::parse_rfc5424
        PASS [   0.009s] (1534/2094) trawl-server syslog::parse::tests::rfc3164_year_is_nearest_to_arrival
        PASS [   0.011s] (1535/2094) trawl-server syslog::tcp::tests::digit_prefixed_line_delimited_fallback
        PASS [   0.011s] (1536/2094) trawl-server syslog::tcp::tests::read_line_normal_message
        PASS [   0.011s] (1537/2094) trawl-server syslog::tcp::tests::read_line_eof_returns_none
        PASS [   0.012s] (1538/2094) trawl-server syslog::tcp::tests::handle_connection_max_events_limit
        PASS [   0.014s] (1539/2094) trawl-server syslog::tcp::tests::read_octet_counted_oversized_returns_error
        PASS [   0.014s] (1540/2094) trawl-server syslog::tcp::tests::read_octet_counted_message
        PASS [   0.013s] (1541/2094) trawl-server syslog::tests::cidr_contains_ipv4
        PASS [   0.014s] (1542/2094) trawl-server syslog::tcp::tests::read_line_oversized_message_returns_empty_and_drains
        PASS [   0.011s] (1543/2094) trawl-server syslog::tests::cidr_contains_ipv4_host
        PASS [   0.011s] (1544/2094) trawl-server syslog::tests::ipv4_mapped_peer_canonicalizes_to_v4
        PASS [   0.011s] (1545/2094) trawl-server syslog::tests::is_allowed_checks_list
        PASS [   0.012s] (1546/2094) trawl-server syslog::tests::cidr_contains_ipv6
        PASS [   0.112s] (1547/2094) trawl-server syslog::batch::tests::batcher_max_events_flush
        PASS [   0.112s] (1548/2094) trawl-server syslog::batch::tests::batcher_timer_flush
        PASS [   0.011s] (1549/2094) trawl-server syslog::tests::parse_cidr_bare_ipv4
        PASS [   0.010s] (1550/2094) trawl-server syslog::tests::parse_cidr_bare_ipv6
        PASS [   0.011s] (1551/2094) trawl-server syslog::tests::is_allowed_empty_allows_all
        PASS [   0.010s] (1552/2094) trawl-server syslog::tests::parse_cidr_invalid
        PASS [   0.010s] (1553/2094) trawl-server syslog::tests::source_service_map_keys_fold_with_the_peer
        PASS [   0.011s] (1554/2094) trawl-server telemetry::tests::a_raw_named_tracing_field_cannot_shadow_the_lifeline
        PASS [   0.010s] (1555/2094) trawl-server telemetry::tests::a_tracing_field_cannot_impersonate_another_service
        PASS [   0.010s] (1556/2094) trawl-server telemetry::tests::an_over_long_tracing_field_name_is_dropped_and_the_event_still_lands
        PASS [   0.010s] (1557/2094) trawl-server telemetry::tests::an_empty_severity_chain_leaves_trawlds_own_events_unscored
        PASS [   0.009s] (1558/2094) trawl-server telemetry::tests::default_filter_passes_all_trawl_targets_and_drops_dependency_noise
        PASS [   0.062s] (1559/2094) trawl-server syslog::tcp::tests::handle_connection_idle_timeout
        PASS [   0.011s] (1560/2094) trawl-server telemetry::tests::event_type_explicit_overrides_message
        PASS [   0.010s] (1561/2094) trawl-server telemetry::tests::message_to_event_type_auth
        PASS [   0.011s] (1562/2094) trawl-server telemetry::tests::flush_publishes_to_event_bus
        PASS [   0.011s] (1563/2094) trawl-server telemetry::tests::json_visitor_collects_fields
        PASS [   0.009s] (1564/2094) trawl-server telemetry::tests::message_to_event_type_empty
        PASS [   0.009s] (1565/2094) trawl-server telemetry::tests::message_to_event_type_simple
        PASS [   0.183s] (1566/2094) trawl-server store::catalog::pg_tests::record_conflicts_in_commits_nothing_of_its_own
        PASS [   0.009s] (1567/2094) trawl-server telemetry::tests::message_to_event_type_special_chars
        PASS [   0.009s] (1568/2094) trawl-server telemetry::tests::message_to_event_type_with_colon
        PASS [   0.009s] (1569/2094) trawl-server telemetry::tests::mixed_case_tracing_field_names_are_ascii_folded
        PASS [   0.011s] (1570/2094) trawl-server telemetry::tests::panicked_blocking_write_accounts_the_lost_batch_exactly_once
        PASS [   0.011s] (1571/2094) trawl-server telemetry::tests::prolonged_failure_drops_oldest_batches_at_cap_with_exact_accounting
        PASS [   0.009s] (1572/2094) trawl-server telemetry::tests::resolve_log_filter_invalid_value_falls_back_with_one_warning
        PASS [   0.009s] (1573/2094) trawl-server telemetry::tests::resolve_log_filter_unset_uses_default
        PASS [   0.009s] (1574/2094) trawl-server telemetry::tests::resolve_log_filter_valid_value_is_authoritative
        PASS [   0.042s] (1575/2094) trawl-server telemetry::tests::cancelled_async_flush_keeps_wal_and_hot_insert_together
        PASS [   0.010s] (1576/2094) trawl-server telemetry::tests::shutdown_with_failing_writer_exits_within_budget
        PASS [   0.012s] (1577/2094) trawl-server telemetry::tests::telemetry_metrics_series_are_exposed
        PASS [   0.011s] (1578/2094) trawl-server telemetry::tests::the_tracing_level_derives_severity_through_the_configured_chain
        PASS [   0.024s] (1579/2094) trawl-server telemetry::tests::shared_budget_covers_active_and_in_flight_memory
        PASS [   0.011s] (1580/2094) trawl-server telemetry::tests::unmetered_targets_are_never_persisted
        PASS [   0.010s] (1581/2094) trawl-server telemetry::tests::wal_filter_drops_unmetered_targets_the_stdout_filter_keeps
        PASS [   0.046s] (1582/2094) trawl-server telemetry::tests::preinit_cap_drops_are_counted
        PASS [   0.024s] (1583/2094) trawl-server telemetry::tests::the_trawld_profile_never_rejects_and_the_counter_proves_it
        PASS [   0.010s] (1584/2094) trawl-server telemetry::tests::wal_handle_set_and_get
        PASS [   0.010s] (1585/2094) trawl-server telemetry::tests::wal_layer_buffers_before_writer_set
        PASS [   0.010s] (1586/2094) trawl-server telemetry::tests::wal_layer_buffers_events
        PASS [   0.041s] (1587/2094) trawl-server telemetry::tests::synchronous_flush_keeps_wal_and_hot_insert_together
        PASS [   0.010s] (1588/2094) trawl-server telemetry::tests::wal_layer_inherits_span_fields
        PASS [   0.010s] (1589/2094) trawl-server tls::tests::auto_generates_certs_in_state_dir
        PASS [   0.010s] (1590/2094) trawl-server tls::tests::generate_self_signed_produces_valid_pem
        PASS [   0.009s] (1591/2094) trawl-server tls::tests::rejects_mismatched_cert_key_config
        PASS [   0.063s] (1592/2094) trawl-server telemetry::tests::queued_batches_coalesce_into_one_wal_write_on_drain
        PASS [   0.010s] (1593/2094) trawl-server tls::tests::rejects_missing_cert_file
        PASS [   0.010s] (1594/2094) trawl-server tracker::tests::history_ring_buffer_evicts_oldest
        PASS [   0.010s] (1595/2094) trawl-server tracker::tests::owner_key_id_tracks_submitting_key
        PASS [   0.011s] (1596/2094) trawl-server tracker::tests::queries_own_flag_tracks_exact_key_across_all_outcomes
        PASS [   0.010s] (1597/2094) trawl-server tracker::tests::start_and_complete
        PASS [   0.010s] (1598/2094) trawl-server tracker::tests::start_and_fail
        PASS [   0.010s] (1599/2094) trawl-server tracker::tests::start_and_timeout
        PASS [   0.114s] (1600/2094) trawl-server telemetry::tests::wal_failure_retains_batch_then_publishes_exactly_once_after_retry
        PASS [   0.214s] (1601/2094) trawl-server telemetry::tests::shutdown_exits_while_a_periodic_flush_is_blocked
        PASS [   0.440s] (1602/2094) trawl-server::auth_pg ac3_public_probes_unauthenticated
        PASS [   0.532s] (1603/2094) trawl-server::auth_pg ac3_admin_cannot_ingest
        PASS [   0.669s] (1604/2094) trawl-server::auth_pg ac3_ingest_only_key_can_ingest_but_nothing_else
        PASS [   0.656s] (1605/2094) trawl-server::auth_pg ac3_reader_blocked_from_export_stream_manage
        PASS [   0.905s] (1606/2094) trawl-server::auth_pg ac3_grantless_key_403_on_every_authenticated_route
        PASS [   0.943s] (1607/2094) trawl-server::auth_pg ac3_grantless_key_never_reaches_rate_limiter
        PASS [   0.691s] (1608/2094) trawl-server::auth_pg ac5_envelope_grantless_403
        PASS [   0.780s] (1609/2094) trawl-server::auth_pg ac4_whoami_golden_json_per_role
        PASS [   1.144s] (1610/2094) trawl-server::auth_pg ac3_zero_permission_role_key_403_everywhere
        PASS [   0.968s] (1611/2094) trawl-server::auth_pg ac5_envelope_missing_and_malformed_and_invalid_tokens
        PASS [   0.876s] (1612/2094) trawl-server::auth_pg ac5_health_and_envelope_pg_down_without_backend_detail
        PASS [   1.126s] (1613/2094) trawl-server::auth_pg ac5_envelope_revoked_and_expired_tokens
        PASS [   1.069s] (1614/2094) trawl-server::auth_pg ac5_rate_rpm_role_ceiling_spent_separately_per_class
        PASS [   3.072s] (1615/2094) trawl-server::auth_pg ac6_scheduler_runs_for_live_key
        PASS [   3.015s] (1616/2094) trawl-server::auth_pg ac6_scheduler_skips_analyst_downgraded_to_reader
        PASS [   3.091s] (1617/2094) trawl-server::auth_pg ac6_scheduler_skips_analyst_downgraded_to_ingest
        PASS [   0.011s] (1618/2094) trawl-server::auth_pg common::sweep_guards_parse_own_database_name
        PASS [   0.026s] (1619/2094) trawl-server::auth_pg common::publish_dir_once_has_one_winner_under_thread_contention
        PASS [   4.438s] (1620/2094) trawl-server::auth_pg ac1_key_roundtrip_create_whoami_revoke_401
        PASS [   3.132s] (1621/2094) trawl-server::auth_pg ac6_scheduler_skips_expired_key
        PASS [   2.993s] (1622/2094) trawl-server::auth_pg ac6_scheduler_skips_revoked_key
        PASS [   2.939s] (1623/2094) trawl-server::auth_pg ac6_scheduler_skips_role_stripped_key
        PASS [   0.455s] (1624/2094) trawl-server::auth_pg history_clear_audits_only_successful_actor_and_count
        PASS [   0.011s] (1625/2094) trawl-server::canonicalize_no_tracing canonicalize_never_calls_tracing
        PASS [   0.376s] (1626/2094) trawl-server::auth_pg history_clear_redacts_store_failure
        PASS [   0.014s] (1627/2094) trawl-server::canonicalize_no_tracing the_guard_reads_real_sources
        PASS [   2.840s] (1628/2094) trawl-server::auth_pg ac6_scheduler_stops_when_role_loses_saved_query_permission
        PASS [   0.610s] (1629/2094) trawl-server::auth_pg sse_stream_rejects_revoked_key_at_handshake
        PASS [   0.688s] (1630/2094) trawl-server::auth_pg history_clear_requires_query_and_scopes_to_caller
        PASS [   0.680s] (1631/2094) trawl-server::catalog_surface a_degraded_field_carries_the_verdict_and_its_samples
        PASS [   0.694s] (1632/2094) trawl-server::catalog_surface a_freshly_conflicting_field_carries_no_verdict
        PASS [   0.672s] (1633/2094) trawl-server::catalog_surface a_query_binding_a_degraded_field_is_stamped
        PASS [   1.273s] (1634/2094) trawl-server::auth_pg dashboard_reports_schedule_count_from_pg
        PASS [   0.025s] (1635/2094) trawl-server::catalog_surface common::publish_dir_once_has_one_winner_under_thread_contention
        PASS [   0.012s] (1636/2094) trawl-server::catalog_surface common::sweep_guards_parse_own_database_name
        PASS [   0.233s] (1637/2094) trawl-server::catalog_surface aged_out_field_windowed_away_unless_all
        PASS [   0.361s] (1638/2094) trawl-server::catalog_surface acking_a_field_with_no_verdict_is_refused
        PASS [   0.254s] (1639/2094) trawl-server::catalog_surface catalog_routes_require_schema_read
        PASS [   0.298s] (1640/2094) trawl-server::catalog_surface an_oversized_ack_note_is_refused_before_the_store
        PASS [   0.393s] (1641/2094) trawl-server::catalog_surface an_ack_suppresses_every_surface_until_new_evidence_arrives
        PASS [   0.273s] (1642/2094) trawl-server::catalog_surface field_detail_folds_name_and_404s_unpinned
        PASS [   0.360s] (1643/2094) trawl-server::catalog_surface conflict_evidence_surfaces_on_the_read_routes
        PASS [   0.237s] (1644/2094) trawl-server::catalog_surface fields_listing_carries_aggregates_and_truncation
        PASS [   0.309s] (1645/2094) trawl-server::catalog_surface field_detail_pages_a_large_service_history
        PASS [   0.281s] (1646/2094) trawl-server::catalog_surface ingested_field_lands_in_schema_with_pinned_type
        PASS [   0.246s] (1647/2094) trawl-server::catalog_surface schema_service_param_scopes_fields
        PASS [   0.287s] (1648/2094) trawl-server::catalog_surface schema_service_scope_bypasses_the_unscoped_cache
        PASS [   0.035s] (1649/2094) trawl-server::check_config config_check_accepts_shipped_configuration
        PASS [   0.013s] (1650/2094) trawl-server::check_config config_check_has_no_startup_side_effects
        PASS [   0.467s] (1651/2094) trawl-server::catalog_surface read_commands_render_populated_output
        PASS [   0.044s] (1652/2094) trawl-server::check_config config_check_rejects_daemon_globs_without_side_effects
        PASS [   0.011s] (1653/2094) trawl-server::check_config config_check_requires_an_explicit_config
        PASS [   0.044s] (1654/2094) trawl-server::check_config config_check_rejects_errors_without_echoing_config_values
        PASS [   0.004s] (1655/2094) trawl-server::connection_budget common::sweep_guards_parse_own_database_name
        PASS [   0.003s] (1656/2094) trawl-server::connection_budget postgres_group_width_fits_the_connection_budget
        PASS [   0.004s] (1657/2094) trawl-server::connection_budget the_group_is_wide_enough_to_be_worth_having
        PASS [   0.020s] (1658/2094) trawl-server::connection_budget common::publish_dir_once_has_one_winner_under_thread_contention
        PASS [   0.004s] (1659/2094) trawl-server::connection_budget the_worst_shape_is_the_widest_shape
        PASS [   0.392s] (1660/2094) trawl-server::catalog_surface schema_services_badges_only_the_service_that_conflicted
        PASS [   0.028s] (1661/2094) trawl-server::dsl_admission common::publish_dir_once_has_one_winner_under_thread_contention
        PASS [   0.014s] (1662/2094) trawl-server::dsl_admission common::sweep_guards_parse_own_database_name
        PASS [   0.378s] (1663/2094) trawl-server::catalog_surface the_ack_routes_require_schema_write
        PASS [   0.322s] (1664/2094) trawl-server::catalog_surface withdrawing_an_ack_re_raises_the_badge_and_repeats_cleanly
        PASS [   0.484s] (1665/2094) trawl-server::catalog_surface the_ack_audit_records_the_actor_and_never_the_note
        PASS [   0.163s] (1666/2094) trawl-server::dsl_admission a_stored_over_budget_query_fails_its_attempt_and_keeps_its_schedule
        PASS [   2.387s] (1667/2094) trawl-server::auth_pg ac8_audit_poller_emits_events_for_out_of_process_mutations
        PASS [   0.197s] (1668/2094) trawl-server::field_catalog boot::all_null_column_in_a_bigger_file_does_not_win_the_pin
        PASS [   0.199s] (1669/2094) trawl-server::field_catalog boot::a_rerun_over_an_in_ladder_severity_corpus_rewrites_nothing
        PASS [   0.188s] (1670/2094) trawl-server::field_catalog boot::backfill_never_clobbers_a_live_count_downward
        PASS [   0.363s] (1671/2094) trawl-server::dsl_admission a_refused_saved_write_leaves_the_store_untouched
        PASS [   0.408s] (1672/2094) trawl-server::dsl_admission every_entry_point_refuses_the_same_over_budget_dsl
        PASS [   0.400s] (1673/2094) trawl-server::field_catalog all_null_first_batch_defers_then_pins
        PASS [   0.222s] (1674/2094) trawl-server::field_catalog boot::boot_pass_backfills_observations_for_a_pre_catalog_corpus
        PASS [   0.197s] (1675/2094) trawl-server::field_catalog boot::crash_before_marker_rerun_rewrites_nothing_and_republishes
        PASS [   0.176s] (1676/2094) trawl-server::field_catalog boot::failed_observation_backfill_keeps_conformance_armed
        PASS [   0.201s] (1677/2094) trawl-server::field_catalog boot::boot_pass_pins_by_most_rows_and_rewrites_minority
        PASS [   0.169s] (1678/2094) trawl-server::field_catalog boot::foreign_layout_files_are_never_rewritten
        PASS [   0.155s] (1679/2094) trawl-server::field_catalog boot::mismatched_marker_forces_a_rerun
        PASS [   0.118s] (1680/2094) trawl-server::field_catalog boot::query_only_boot_accepts_its_own_and_empty_archives
        PASS [   0.151s] (1681/2094) trawl-server::field_catalog boot::mixed_case_columns_fold_to_one_pin_and_are_renamed
        PASS [   0.091s] (1682/2094) trawl-server::field_catalog boot::query_only_boot_refuses_an_archive_from_another_catalog
        PASS [   0.137s] (1683/2094) trawl-server::field_catalog boot::second_boot_is_a_noop
        PASS [   0.150s] (1684/2094) trawl-server::field_catalog boot::scheduled_dir_is_never_scanned
        PASS [   0.150s] (1685/2094) trawl-server::field_catalog boot::query_only_boot_serves_an_unmarked_archive_unproven
        PASS [   0.026s] (1686/2094) trawl-server::field_catalog common::publish_dir_once_has_one_winner_under_thread_contention
        PASS [   0.014s] (1687/2094) trawl-server::field_catalog common::sweep_guards_parse_own_database_name
        PASS [   0.156s] (1688/2094) trawl-server::field_catalog boot::unparseable_standing_time_conforms_to_the_partition_instant
        PASS [   0.161s] (1689/2094) trawl-server::field_catalog boot::unreadable_directories_are_skipped_not_boot_fatal
        PASS [   0.160s] (1690/2094) trawl-server::field_catalog boot::unreadable_files_are_skipped_not_boot_fatal
        PASS [   0.334s] (1691/2094) trawl-server::field_catalog boot::server_boot_runs_the_conformance_pass
        PASS [   0.357s] (1692/2094) trawl-server::field_catalog case_variant_field_names_fold_to_one_column_across_services
        PASS [   0.381s] (1693/2094) trawl-server::field_catalog cold_cold_conflict_returns_full_history_with_attribution
        PASS [   0.390s] (1694/2094) trawl-server::field_catalog field_services_is_ever_observed
        PASS [   0.394s] (1695/2094) trawl-server::field_catalog hot_conflicting_event_is_nulled_and_cold_history_survives
        PASS [   0.391s] (1696/2094) trawl-server::field_catalog nested_object_keeps_batchmates_and_stays_reachable
        PASS [   0.014s] (1697/2094) trawl-server::gc_pins common::sweep_guards_parse_own_database_name
        PASS [   0.032s] (1698/2094) trawl-server::gc_pins common::publish_dir_once_has_one_winner_under_thread_contention
        PASS [   0.566s] (1699/2094) trawl-server::field_catalog pin_write_failure_retains_wal_and_writes_nothing
        PASS [   0.435s] (1700/2094) trawl-server::field_catalog pinned_varchar_comparisons_behave_over_http
        PASS [   0.390s] (1701/2094) trawl-server::gc_pins a_repin_in_flight_refuses_gc_four_ways
        PASS [   0.447s] (1702/2094) trawl-server::field_catalog sse_stream_applies_varchar_pin
        PASS [   0.406s] (1703/2094) trawl-server::gc_pins a_second_concurrent_gc_run_is_refused_immediately
        PASS [   0.377s] (1704/2094) trawl-server::gc_pins gc_deletes_only_pins_with_no_observation_and_no_carrier
        PASS [   0.448s] (1705/2094) trawl-server::gc_pins gc_being_wrong_costs_only_a_clean_repin
        PASS [   0.374s] (1706/2094) trawl-server::gc_pins gc_floors_a_short_request_at_the_retention_window
        PASS [   0.378s] (1707/2094) trawl-server::gc_pins gc_floors_at_the_longest_age_any_env_keeps
        PASS [   0.387s] (1708/2094) trawl-server::gc_pins gc_pins_route_reports_the_window_the_server_decided
        PASS [   0.562s] (1709/2094) trawl-server::gc_pins gc_dry_run_mutates_nothing_and_execution_audits_every_deleted_pin
        PASS [   0.407s] (1710/2094) trawl-server::gc_pins gc_pins_route_surfaces_a_refusal_as_a_409
        PASS [   0.435s] (1711/2094) trawl-server::gc_pins gc_reads_an_empty_parquet_as_a_carrier
        PASS [   0.454s] (1712/2094) trawl-server::gc_pins gc_refuses_a_data_root_that_is_not_there
        PASS [   0.408s] (1713/2094) trawl-server::gc_pins gc_refuses_a_parquet_that_is_not_a_regular_file
        PASS [   0.377s] (1714/2094) trawl-server::gc_pins gc_refuses_the_whole_run_on_a_symlink_under_a_live_env
        PASS [   0.051s] (1715/2094) trawl-server::ingest_publication cancelled_syslog_caller_keeps_wal_and_hot_insert_together
        PASS [   0.015s] (1716/2094) trawl-server::ingest_publication common::sweep_guards_parse_own_database_name
        PASS [   0.030s] (1717/2094) trawl-server::ingest_publication common::publish_dir_once_has_one_winner_under_thread_contention
        PASS [   0.015s] (1718/2094) trawl-server::ingest_publication pending_rollup_does_not_reject_ingest
        PASS [   0.412s] (1719/2094) trawl-server::gc_pins gc_refuses_the_whole_run_on_an_unreadable_parquet
        PASS [   0.371s] (1720/2094) trawl-server::gc_pins gc_retains_a_pin_observed_inside_the_window
        PASS [   0.005s] (1721/2094) trawl-server::no_exec_after_seal the_scan_sees_the_calls_it_is_looking_for
        PASS [   0.040s] (1722/2094) trawl-server::no_exec_after_seal the_daemon_execs_nothing
        PASS [   0.393s] (1723/2094) trawl-server::gc_pins gc_waits_for_the_compaction_batch_and_sees_what_it_published
        PASS [   0.403s] (1724/2094) trawl-server::gc_pins the_report_names_only_the_pins_the_purge_returned
        PASS [   0.377s] (1725/2094) trawl-server::ingest_publication cancelled_http_handler_keeps_wal_and_hot_insert_together
        PASS [   0.026s] (1726/2094) trawl-server::publication_consistency query_only_pool_refuses_incomplete_rollup_after_restart
        PASS [   0.150s] (1727/2094) trawl-server::publication_consistency queries_and_exports_wait_for_publish_and_drain
        PASS [   0.325s] (1728/2094) trawl-server::ingest_publication waiting_http_ingest_leaves_blocking_pool_available
        PASS [   0.526s] (1729/2094) trawl-server::publication_consistency query_timeout_keeps_publication_guard_until_duckdb_task_finishes
        PASS [   0.652s] (1730/2094) trawl-server::repin a_cancel_after_the_force_refusal_settled_finds_nothing_to_stop
        PASS [   1.037s] (1731/2094) trawl-server::publication_consistency aborting_request_keeps_running_reader_protected
        PASS [   0.813s] (1732/2094) trawl-server::repin a_cancel_during_the_scan_stops_before_any_plan_is_published
        PASS [   0.507s] (1733/2094) trawl-server::repin a_cancel_past_the_point_of_no_return_is_refused_and_the_job_completes
        PASS [   1.376s] (1734/2094) trawl-server::profile_fuzz the_http_profile_survives_a_hostile_corpus
        PASS [   1.432s] (1735/2094) trawl-server::profile_fuzz the_trawld_profile_never_rejects_a_hostile_payload
        PASS [   0.370s] (1736/2094) trawl-server::repin a_ceiling_below_the_corpus_refuses_naming_accepted_and_actual
        PASS [   0.308s] (1737/2094) trawl-server::repin a_crash_between_a_cancel_request_and_its_effect_recovers_as_failed
        PASS [   1.569s] (1738/2094) trawl-server::profile_fuzz the_syslog_profile_survives_hostile_frames_and_payloads
        PASS [   0.653s] (1739/2094) trawl-server::repin a_cancel_pending_at_the_force_refusal_takes_the_verdict
        PASS [   5.492s] (1740/2094) trawl-server::auth_pg storage_loss_degrades_health_and_503s_store_endpoints
        PASS [   0.516s] (1741/2094) trawl-server::repin a_cutover_retypes_the_schema_endpoint_immediately
        PASS [   0.435s] (1742/2094) trawl-server::repin an_explicit_zero_ceiling_refuses_before_anything_is_staged
        PASS [   0.518s] (1743/2094) trawl-server::repin a_forced_repin_proceeds_at_exactly_the_ceiling_it_accepted
        PASS [   0.352s] (1744/2094) trawl-server::repin boot_reconciliation_completes_a_recovered_cutover
        PASS [   0.508s] (1745/2094) trawl-server::repin boolean_force_resolves_the_ceiling_from_the_scan
        PASS [   0.348s] (1746/2094) trawl-server::repin boot_reconciliation_materialises_the_staged_evidence
        PASS [   1.081s] (1747/2094) trawl-server::repin a_syslog_repin_inverts_the_ladder_and_persists_the_assertion
        PASS [   0.029s] (1748/2094) trawl-server::repin common::publish_dir_once_has_one_winner_under_thread_contention
        PASS [   0.012s] (1749/2094) trawl-server::repin common::sweep_guards_parse_own_database_name
        PASS [   0.341s] (1750/2094) trawl-server::repin boot_reconciliation_replays_a_severity_cutover
        PASS [   1.696s] (1751/2094) trawl-server::repin a_catch_up_pass_rides_the_jobs_dialect_while_live_ingest_stays_otel
        PASS [   0.409s] (1752/2094) trawl-server::repin cancelling_repin_during_rollup_admission_terminalizes_the_job
        PASS [   1.509s] (1753/2094) trawl-server::repin a_disconnected_caller_does_not_strand_the_running_slot
        PASS [   0.705s] (1754/2094) trawl-server::repin cancel_audit_events_name_the_actor_the_stage_and_the_refusal
        PASS [   1.714s] (1755/2094) trawl-server::repin a_mid_build_cancel_leaves_the_corpus_and_the_staging_untouched
        PASS [   0.632s] (1756/2094) trawl-server::repin ingest_queries_and_a_second_repin_ride_through_a_slow_rewrite
        PASS [   0.614s] (1757/2094) trawl-server::repin lossy_repin_refuses_without_force_and_accounts_with_it
        PASS [   0.511s] (1758/2094) trawl-server::repin pending_rollup_blocks_repin_before_scan_and_preserves_recovery
        PASS [   0.654s] (1759/2094) trawl-server::repin repin_is_invisible_to_queries_and_resurrects_shelved_values
        PASS [   0.474s] (1760/2094) trawl-server::repin resurrection_only_pass_recovers_without_retyping
        PASS [   2.755s] (1761/2094) trawl-server::repin a_dry_run_reports_the_force_verdict_it_would_hit
        PASS [   1.216s] (1762/2094) trawl-server::repin post_repin_severity_binds_in_every_lane_including_live_ingest
        PASS [   0.444s] (1763/2094) trawl-server::repin stated_ceilings_travel_over_the_wire_and_the_accepted_pair_returns
        PASS [   0.322s] (1764/2094) trawl-server::scheduler_windows a_failed_run_holds_the_watermark_and_the_next_success_covers_both_intervals
        PASS [   0.206s] (1765/2094) trawl-server::scheduler_windows a_materialize_failure_is_loud_and_leaves_the_cursor
        PASS [   1.691s] (1766/2094) trawl-server::repin repin_to_severity_dry_run_matches_the_executed_rewrite
        PASS [   0.720s] (1767/2094) trawl-server::repin the_repin_audit_records_forced_cutovers_and_recovered_ack_clears
        PASS [   0.237s] (1768/2094) trawl-server::scheduler_windows a_thirty_interval_gap_coalesces_into_one_clamped_run
        PASS [   0.266s] (1769/2094) trawl-server::scheduler_windows a_windowed_run_query_reexecutes_standalone_with_identical_bounds
        PASS [   0.029s] (1770/2094) trawl-server::scheduler_windows common::publish_dir_once_has_one_winner_under_thread_contention
        PASS [   0.013s] (1771/2094) trawl-server::scheduler_windows common::sweep_guards_parse_own_database_name
        PASS [   0.261s] (1772/2094) trawl-server::scheduler_windows a_zero_row_run_records_its_window_and_is_the_latest_success
        PASS [   1.681s] (1773/2094) trawl-server::repin resurrection_recovers_a_shelved_token_under_a_case_variant_key
        PASS [   0.274s] (1774/2094) trawl-server::scheduler_windows first_failed_since_last_run_is_healed_by_next_success
        PASS [   0.273s] (1775/2094) trawl-server::scheduler_windows fixed_windows_trail_each_planned_fire_and_never_catch_up
        PASS [   0.269s] (1776/2094) trawl-server::scheduler_windows query_mode_schedules_fire_on_planned_boundaries_with_no_window
        PASS [   0.279s] (1777/2094) trawl-server::scheduler_windows readable_name_rename_preserves_legacy_and_new_run_paths
        PASS [   3.471s] (1778/2094) trawl-server::repin events_ingested_during_the_final_pause_stay_visible_exactly_once
        PASS [   0.304s] (1779/2094) trawl-server::scheduler_windows since_last_fires_tile_and_a_boundary_event_lands_once
        PASS [   1.261s] (1780/2094) trawl-server::scheduler_windows a_scheduled_run_refused_for_capacity_fails_only_that_attempt
        PASS [   3.413s] (1781/2094) trawl-server::repin mid_build_growth_past_the_default_ceiling_refuses_the_cutover
        PASS [   0.460s] (1782/2094) trawl-server::schema_pg cases::admission_observes_state_created_while_waiting_for_the_lock
        PASS [   0.346s] (1783/2094) trawl-server::schema_pg cases::cancelled_lock_wait_does_not_recycle_a_locked_connection
        PASS [   0.236s] (1784/2094) trawl-server::schema_pg cases::fresh_restart_preserves_history_and_forward_migrations_work
        PASS [   3.753s] (1785/2094) trawl-server::repin late_arriving_loss_refuses_the_cutover_without_force
        PASS [   0.214s] (1786/2094) trawl-server::schema_pg cases::initial_schema_matches_final_old_catalog
        PASS [   0.382s] (1787/2094) trawl-server::schema_pg cases::current_checksums_dirty_and_unknown_versions_stay_distinct
        PASS [   0.202s] (1788/2094) trawl-server::schema_pg failed_boot_retains_old_data_and_releases_the_sole_writer_lock
        PASS [   0.228s] (1789/2094) trawl-server::schema_pg cases::untracked_objects_are_refused_without_creating_history
        PASS [   0.324s] (1790/2094) trawl-server::schema_pg cases::old_histories_are_refused_without_changes_and_release_locks
        PASS [   4.808s] (1791/2094) trawl-server::repin the_force_verdict_is_absent_until_the_scan_has_a_plan
        PASS [   5.273s] (1792/2094) trawl-server::startup_pg admitted_lock_and_fatal_watcher_cover_store_reconciliation
        PASS [   0.026s] (1793/2094) trawl-server::startup_pg common::publish_dir_once_has_one_winner_under_thread_contention
        PASS [   0.011s] (1794/2094) trawl-server::startup_pg common::sweep_guards_parse_own_database_name
        PASS [   0.138s] (1795/2094) trawl-server::startup_pg competing_writer_refuses_before_filesystem_recovery
        PASS [   0.143s] (1796/2094) trawl-server::startup_pg database_refusal_does_not_initialize_fresh_root
        PASS [   0.160s] (1797/2094) trawl-server::startup_pg epoch_refusal_preserves_storage_and_releases_admitted_lock
        PASS [   0.517s] (1798/2094) trawl-server::startup_pg fresh_boot_restart_and_interrupted_current_cutover
        PASS [   0.205s] (1799/2094) trawl-server::startup_pg old_fleet_refuses_before_cutover
        PASS [   0.256s] (1800/2094) trawl-server::startup_pg old_trawl_refuses_before_cutover
        PASS [   0.210s] (1801/2094) trawl-server::startup_pg untracked_fleet_refuses_before_cutover
        PASS [   0.328s] (1802/2094) trawl-server::startup_pg untracked_trawl_refuses_before_cutover
        PASS [   0.218s] (1803/2094) trawl-server::store_pg boot_lock_session_does_not_hold_a_pool_slot
        PASS [   0.230s] (1804/2094) trawl-server::store_pg boot_second_live_instance_fails_on_advisory_lock
        PASS [   0.233s] (1805/2094) trawl-server::store_pg boot_is_idempotent_after_shutdown
        PASS [   0.234s] (1806/2094) trawl-server::store_pg boot_migrates_fresh_database
        PASS [   0.400s] (1807/2094) trawl-server::store_pg catalog::a_concurrent_purge_and_claim_never_both_win
        PASS [   0.182s] (1808/2094) trawl-server::store_pg catalog::conflict_samples_round_trip_per_row
        PASS [   0.199s] (1809/2094) trawl-server::store_pg catalog::catalog_id_is_stable_and_conformance_flips_once
        PASS [   0.412s] (1810/2094) trawl-server::store_pg catalog::baseline_restart_preserves_catalog_state_and_sender_pins
        PASS [   0.413s] (1811/2094) trawl-server::store_pg cascade_on_saved_query_delete
        PASS [   0.189s] (1812/2094) trawl-server::store_pg catalog::conflict_evidence_and_stats_commit_together
        PASS [   0.162s] (1813/2094) trawl-server::store_pg catalog::conflict_stats_aggregate_duplicate_pairs_within_one_call
        PASS [   0.154s] (1814/2094) trawl-server::store_pg catalog::conflicts_append_and_never_aggregate
        PASS [   0.155s] (1815/2094) trawl-server::store_pg catalog::conflicts_keep_only_the_newest_rows_per_field
        PASS [   0.160s] (1816/2094) trawl-server::store_pg catalog::degraded_snapshot_reads_survive_a_concurrent_evidence_clear
        PASS [   0.349s] (1817/2094) trawl-server::store_pg catalog::conflict_evidence_is_bounded_per_field
        PASS [   0.142s] (1818/2094) trawl-server::store_pg catalog::delete_pins_refuses_a_contract_typed_name
        PASS [   0.132s] (1819/2094) trawl-server::store_pg catalog::delete_pins_returns_the_deleted_metadata_and_the_fill_count
        PASS [   0.299s] (1820/2094) trawl-server::store_pg catalog::conflict_stats_outlive_the_recency_trim
        PASS [   0.146s] (1821/2094) trawl-server::store_pg catalog::delete_pins_never_touches_repin_history
        PASS [   0.140s] (1822/2094) trawl-server::store_pg catalog::delete_pins_refuses_in_the_transaction_while_a_repin_runs
        PASS [   0.170s] (1823/2094) trawl-server::store_pg catalog::delete_pins_leaves_no_residue_and_a_clean_repin_follows
        PASS [   0.155s] (1824/2094) trawl-server::store_pg catalog::list_fields_conflict_evidence_is_page_scoped
        PASS [   0.158s] (1825/2094) trawl-server::store_pg catalog::gc_candidates_are_the_complement_of_the_schema_window
        PASS [   0.161s] (1826/2094) trawl-server::store_pg catalog::field_services_cursor_breaks_last_seen_ties
        PASS [   0.161s] (1827/2094) trawl-server::store_pg catalog::field_services_pages_a_large_history_without_gaps
        PASS [   0.139s] (1828/2094) trawl-server::store_pg catalog::list_fields_service_filter_scopes_the_aggregates
        PASS [   0.158s] (1829/2094) trawl-server::store_pg catalog::list_fields_aggregates_observations_and_conflicts
        PASS [   0.147s] (1830/2094) trawl-server::store_pg catalog::list_fields_windows_on_last_seen_keeping_never_observed
        PASS [   0.149s] (1831/2094) trawl-server::store_pg catalog::list_fields_truncates_at_limit
        PASS [   0.146s] (1832/2094) trawl-server::store_pg catalog::never_observed_pin_diverges_from_the_listing_rule
        PASS [   0.147s] (1833/2094) trawl-server::store_pg catalog::list_fields_without_conflicts_reads_zeroes
        PASS [   0.151s] (1834/2094) trawl-server::store_pg catalog::list_fields_service_filter_via_observations
        PASS [   0.151s] (1835/2094) trawl-server::store_pg catalog::migration_seed_matches_envelope_types
        PASS [   0.126s] (1836/2094) trawl-server::store_pg catalog::pin_missing_is_first_writer_wins
        PASS [   0.128s] (1837/2094) trawl-server::store_pg catalog::pin_missing_caps_catalog_cardinality
        PASS [   0.124s] (1838/2094) trawl-server::store_pg catalog::pin_stats_reports_fill_against_cap
        PASS [   0.129s] (1839/2094) trawl-server::store_pg catalog::pin_missing_race_converges_on_one_pin
        PASS [   0.130s] (1840/2094) trawl-server::store_pg catalog::one_batch_cannot_consume_the_catalog_but_the_boot_seed_can
        PASS [   0.128s] (1841/2094) trawl-server::store_pg catalog::pin_missing_skips_unstorable_names_instead_of_failing
        PASS [   0.139s] (1842/2094) trawl-server::store_pg catalog::recent_conflicts_filters_orders_and_windows
        PASS [   0.138s] (1843/2094) trawl-server::store_pg catalog::touch_services_skips_unstorable_names_instead_of_failing
        PASS [   0.139s] (1844/2094) trawl-server::store_pg catalog::the_epoch_cutoff_binds_and_leaves_only_never_observed_pins
        PASS [   0.140s] (1845/2094) trawl-server::store_pg catalog::recording_an_episode_never_moves_first_at_forward
        PASS [   0.139s] (1846/2094) trawl-server::store_pg catalog::touch_services_advances_only_last_seen
        PASS [   0.220s] (1847/2094) trawl-server::store_pg catalog::touch_services_is_ever_observed_no_eviction
        PASS [   0.113s] (1848/2094) trawl-server::store_pg claim_due_run_is_not_due_before_the_cursor
        PASS [   0.119s] (1849/2094) trawl-server::store_pg claim_due_run_leaves_the_cursor_at_the_max_runs_cap
        PASS [   0.120s] (1850/2094) trawl-server::store_pg claim_due_run_is_not_due_when_disabled_or_deleted
        PASS [   0.123s] (1851/2094) trawl-server::store_pg claim_due_run_advances_over_ground_the_watermark_covers
        PASS [   0.120s] (1852/2094) trawl-server::store_pg claim_due_run_leaves_the_cursor_while_a_run_is_in_flight
        PASS [   0.021s] (1853/2094) trawl-server::store_pg common::publish_dir_once_has_one_winner_under_thread_contention
        PASS [   0.007s] (1854/2094) trawl-server::store_pg common::sweep_guards_parse_own_database_name
        PASS [   0.116s] (1855/2094) trawl-server::store_pg claim_due_run_refuses_a_query_that_owns_its_own_window
        PASS [   0.102s] (1856/2094) trawl-server::store_pg cleanup_stale_runs_marks_error
        PASS [   0.110s] (1857/2094) trawl-server::store_pg claim_due_run_stores_the_resolved_query_it_returns
        PASS [   0.102s] (1858/2094) trawl-server::store_pg claimed_run_round_trips_its_window
        PASS [   0.123s] (1859/2094) trawl-server::store_pg claim_run_locks_saved_query_before_schedule
        PASS [   0.128s] (1860/2094) trawl-server::store_pg concurrent_claims_respect_max_runs
        PASS [   0.119s] (1861/2094) trawl-server::store_pg concurrent_start_run_yields_exactly_one_claim
        PASS [   0.127s] (1862/2094) trawl-server::store_pg degraded_ack::ack_upsert_advances_the_high_water_and_replaces_note_and_actor
        PASS [   0.132s] (1863/2094) trawl-server::store_pg degraded_ack::a_stale_ack_leaves_the_higher_water_marks_attribution_alone
        PASS [   0.135s] (1864/2094) trawl-server::store_pg degraded_ack::ack_refuses_below_the_degraded_threshold
        PASS [   0.119s] (1865/2094) trawl-server::store_pg degraded_ack::both_aggregate_forms_report_the_same_acked_through
        PASS [   0.094s] (1866/2094) trawl-server::store_pg degraded_ack::clearing_an_ack_reports_whether_a_row_went
        PASS [   0.137s] (1867/2094) trawl-server::store_pg degraded_ack::deleting_the_pin_cascades_the_ack_away
        PASS [   0.112s] (1868/2094) trawl-server::store_pg degraded_ack::the_note_cap_is_enforced_in_bytes
        PASS [   0.111s] (1869/2094) trawl-server::store_pg delete_old_runs_retention_and_paths
        PASS [   0.119s] (1870/2094) trawl-server::store_pg degraded_ack::field_health_snapshot_carries_the_verdict_and_its_ack_together
        PASS [   0.094s] (1871/2094) trawl-server::store_pg fail_run_if_running_is_a_guarded_transition
        PASS [   0.093s] (1872/2094) trawl-server::store_pg finish_run_after_cascade_delete_reports_orphan
        PASS [   0.096s] (1873/2094) trawl-server::store_pg finish_and_window_mode_edit_are_order_independent
        PASS [   0.068s] (1874/2094) trawl-server::store_pg history_empty
        PASS [   0.072s] (1875/2094) trawl-server::store_pg history_clear_is_scoped_counted_and_preserves_saved
        PASS [   0.076s] (1876/2094) trawl-server::store_pg fixed_and_legacy_schedules_keep_no_watermark
        PASS [   0.075s] (1877/2094) trawl-server::store_pg history_pagination_tie_breaks_on_id
        PASS [   0.076s] (1878/2094) trawl-server::store_pg history_pagination
        PASS [   0.073s] (1879/2094) trawl-server::store_pg history_record_and_retrieve
        PASS [   0.355s] (1880/2094) trawl-server::store_pg delete_racing_finish_run_never_orphans_path
        PASS [   0.083s] (1881/2094) trawl-server::store_pg history_status_check_is_backstop
        PASS [   0.084s] (1882/2094) trawl-server::store_pg history_user_isolation
        PASS [   0.340s] (1883/2094) trawl-server::store_pg delete_schedule_racing_finish_run_never_orphans_path
        PASS [   0.079s] (1884/2094) trawl-server::store_pg latest_run_returns_newest
        PASS [   0.085s] (1885/2094) trawl-server::store_pg initial_schema_refuses_absurd_intervals
        PASS [   0.107s] (1886/2094) trawl-server::store_pg list_enabled_schedules_filters_disabled
        PASS [   0.108s] (1887/2094) trawl-server::store_pg list_runs_paginated_and_isolated
        PASS [   0.110s] (1888/2094) trawl-server::store_pg list_all_runs_paginated_and_isolated
        PASS [   0.601s] (1889/2094) trawl-server::store_pg delete_saved_racing_since_last_finish_never_orphans_path
        PASS [   0.070s] (1890/2094) trawl-server::store_pg repin_store::a_forced_plan_without_recorded_bounds_is_rejected
        PASS [   0.072s] (1891/2094) trawl-server::store_pg repin_store::a_cancelled_job_keeps_its_request_fields
        PASS [   0.071s] (1892/2094) trawl-server::store_pg repin_store::a_failed_job_may_carry_cancel_request_fields
        PASS [   0.086s] (1893/2094) trawl-server::store_pg repin_store::cancelled_without_a_request_is_refused
        PASS [   0.087s] (1894/2094) trawl-server::store_pg repin_store::a_terminal_write_can_persist_the_counts_behind_its_verdict
        PASS [   0.089s] (1895/2094) trawl-server::store_pg repin_store::a_second_cancel_request_preserves_the_first
        PASS [   0.088s] (1896/2094) trawl-server::store_pg repin_store::a_severity_repin_stores_its_asserted_dialect
        PASS [   0.352s] (1897/2094) trawl-server::store_pg manual_claim_and_schedule_write_do_not_deadlock
        PASS [   0.088s] (1898/2094) trawl-server::store_pg repin_store::finish_cutover_clears_the_degraded_ack
        PASS [   0.088s] (1899/2094) trawl-server::store_pg repin_store::clear_conformed_rearms_the_boot_pass
        PASS [   0.089s] (1900/2094) trawl-server::store_pg repin_store::claim_refuses_when_the_from_pin_vanished
        PASS [   0.090s] (1901/2094) trawl-server::store_pg repin_store::concurrent_claims_admit_exactly_one
        PASS [   0.105s] (1902/2094) trawl-server::store_pg repin_store::finish_cutover_materialises_the_staged_loss
        PASS [   0.104s] (1903/2094) trawl-server::store_pg repin_store::finish_cutover_records_nothing_for_a_lossless_repin
        PASS [   0.106s] (1904/2094) trawl-server::store_pg repin_store::finish_cutover_flips_pin_and_job_transactionally_and_idempotently
        PASS [   0.109s] (1905/2094) trawl-server::store_pg repin_store::finish_cutover_clears_the_repinned_field_evidence
        PASS [   0.107s] (1906/2094) trawl-server::store_pg repin_store::finish_cutover_completes_forward_when_nothing_was_staged
        PASS [   0.136s] (1907/2094) trawl-server::store_pg repin_store::finish_cutover_replay_keeps_evidence_recorded_after_the_flip
        PASS [   0.139s] (1908/2094) trawl-server::store_pg repin_store::finish_if_running_never_overwrites_a_terminal_row
        PASS [   0.141s] (1909/2094) trawl-server::store_pg repin_store::finish_cutover_replay_does_not_double_insert_staged_evidence
        PASS [   0.150s] (1910/2094) trawl-server::store_pg repin_store::finish_cutover_replay_keeps_an_ack_written_after_the_flip
        PASS [   0.155s] (1911/2094) trawl-server::store_pg repin_store::finish_cutover_refuses_a_flip_the_job_never_claimed
        PASS [   0.238s] (1912/2094) trawl-server::store_pg repin_store::plan_progress_and_latest
        PASS [   0.236s] (1913/2094) trawl-server::store_pg repin_store::reconcile_orphans_fails_running_rows_except_the_kept_one
        PASS [   0.253s] (1914/2094) trawl-server::store_pg repin_store::force_ceilings_round_trip_through_claim_and_plan
        PASS [   0.250s] (1915/2094) trawl-server::store_pg repin_store::force_plan_shape_constraints_preserve_the_unplanned_claim
        PASS [   0.251s] (1916/2094) trawl-server::store_pg repin_store::inconsistent_force_rows_fail_to_decode
        PASS [   0.196s] (1917/2094) trawl-server::store_pg repin_store::second_claim_is_repin_already_running
        PASS [   0.196s] (1918/2094) trawl-server::store_pg repin_store::stage_cutover_input_is_idempotent
        PASS [   0.196s] (1919/2094) trawl-server::store_pg repin_store::stage_cutover_input_refuses_a_dry_run
        PASS [   0.196s] (1920/2094) trawl-server::store_pg repin_store::stage_cutover_input_refuses_an_already_terminal_job
        PASS [   0.127s] (1921/2094) trawl-server::store_pg repin_store::stage_cutover_input_round_trips_totals_and_tallies
        PASS [   0.126s] (1922/2094) trawl-server::store_pg repin_store::staged_tallies_must_agree_on_cardinality
        PASS [   0.129s] (1923/2094) trawl-server::store_pg repin_store::staged_tallies_are_present_or_absent_together
        PASS [   0.145s] (1924/2094) trawl-server::store_pg runs_stats_counts_by_status
        PASS [   0.104s] (1925/2094) trawl-server::store_pg saved_delete
        PASS [   0.104s] (1926/2094) trawl-server::store_pg saved_delete_nonexistent_returns_error
        PASS [   0.108s] (1927/2094) trawl-server::store_pg saved_create_and_list
        PASS [   0.088s] (1928/2094) trawl-server::store_pg saved_delete_other_users_query_returns_error
        PASS [   0.105s] (1929/2094) trawl-server::store_pg saved_duplicate_name_returns_error
        PASS [   0.102s] (1930/2094) trawl-server::store_pg saved_name_validation
        PASS [   0.106s] (1931/2094) trawl-server::store_pg saved_get_by_name
        PASS [   0.106s] (1932/2094) trawl-server::store_pg saved_list_with_details_bulk_join
        PASS [   0.088s] (1933/2094) trawl-server::store_pg saved_update
        PASS [   0.086s] (1934/2094) trawl-server::store_pg saved_update_other_users_query_returns_error
        PASS [   0.088s] (1935/2094) trawl-server::store_pg saved_update_nonexistent_returns_error
        PASS [   0.089s] (1936/2094) trawl-server::store_pg saved_rename_to_taken_name_conflicts
        PASS [   0.717s] (1937/2094) trawl-server::store_pg repin_store::same_type_cutover_waits_on_a_racing_ack
        PASS [   0.095s] (1938/2094) trawl-server::store_pg schedule_create_anchors_next_fire_at_to_caller_instant
        PASS [   0.095s] (1939/2094) trawl-server::store_pg schedule_create_and_get
        PASS [   0.096s] (1940/2094) trawl-server::store_pg saved_update_with_rename
        PASS [   0.097s] (1941/2094) trawl-server::store_pg saved_user_isolation_and_name_sort
        PASS [   0.103s] (1942/2094) trawl-server::store_pg schedule_delete_other_user_not_found
        PASS [   0.103s] (1943/2094) trawl-server::store_pg schedule_duplicate_returns_error
        PASS [   0.107s] (1944/2094) trawl-server::store_pg schedule_delete
        PASS [   0.104s] (1945/2094) trawl-server::store_pg schedule_for_missing_saved_query_is_not_found
        PASS [   0.107s] (1946/2094) trawl-server::store_pg schedule_delete_collects_run_paths
        PASS [   0.098s] (1947/2094) trawl-server::store_pg schedule_update
        PASS [   0.098s] (1948/2094) trawl-server::store_pg schedule_rejects_sub_minute_interval
        PASS [   0.096s] (1949/2094) trawl-server::store_pg schedule_update_other_user_not_found
        PASS [   0.100s] (1950/2094) trawl-server::store_pg schedule_lag_without_window_is_refused
        PASS [   0.086s] (1951/2094) trawl-server::store_pg schedule_window_round_trips
        PASS [   0.089s] (1952/2094) trawl-server::store_pg schedule_update_reanchors_only_on_cadence_change
        PASS [   0.090s] (1953/2094) trawl-server::store_pg schedule_update_preserves_covered_through
        PASS [   0.090s] (1954/2094) trawl-server::store_pg schedule_user_isolation
        PASS [   0.094s] (1955/2094) trawl-server::store_pg start_and_finish_run
        PASS [   0.095s] (1956/2094) trawl-server::store_pg since_last_watermark_is_seeded_at_the_origin_of_owed_coverage
        PASS [   0.098s] (1957/2094) trawl-server::store_pg sequential_run_prevention
        PASS [   0.099s] (1958/2094) trawl-server::store_pg since_last_watermark_advances_only_on_success
        PASS [   0.006s] (1959/2094) trawl-server::bin/trawld tests::on_disk_env_dirs_lists_directories_only
        PASS [   0.006s] (1960/2094) trawl-server::bin/trawld tests::prepare_data_root_recovers_current_repin_before_returning
        PASS [   0.005s] (1961/2094) trawl-server::bin/trawld tests::prepare_data_root_refuses_epoch_or_wal_before_repin_cleanup
        PASS [   0.005s] (1962/2094) trawl-server::bin/trawld tests::retention_env_without_dir_flags_the_entry_with_no_directory
        PASS [   0.004s] (1963/2094) trawl-server::bin/trawld tests::retention_env_without_dir_is_silent_when_every_entry_has_one
        PASS [   0.006s] (1964/2094) trawl-server::bin/trawld tests::unlisted_env_dirs_names_dirs_outside_the_allowlist
        PASS [   0.011s] (1965/2094) trawl-web assets::tests::absent_header_allows_only_identity
        PASS [   0.005s] (1966/2094) trawl-web assets::tests::hashed_asset_detection
        PASS [   0.006s] (1967/2094) trawl-web assets::tests::negotiates_by_quality_then_server_preference
        PASS [   0.006s] (1968/2094) trawl-web assets::tests::quality_parser_accepts_http_grammar
        PASS [   0.004s] (1969/2094) trawl-web assets::tests::traversal_is_rejected
        PASS [   0.005s] (1970/2094) trawl-web config::tests::a_bad_configured_entry_is_refused_at_its_own_index
        PASS [   0.005s] (1971/2094) trawl-web config::tests::a_bad_environment_entry_fails_startup_naming_the_variable_and_index
        PASS [   0.005s] (1972/2094) trawl-web config::tests::a_configured_list_resolves_to_the_normalized_origins
        PASS [   0.085s] (1973/2094) trawl-server::store_pg window_shape_rejects_null_kind_with_span
        PASS [   0.086s] (1974/2094) trawl-server::store_pg window_check_constraints_reject_partial_shapes
        PASS [   0.005s] (1975/2094) trawl-web config::tests::a_long_allowlist_is_summarized_by_count_and_a_capped_sample
        PASS [   0.005s] (1976/2094) trawl-web config::tests::absent_fleet_runtime_values_preserve_production_cookie_config
        PASS [   0.006s] (1977/2094) trawl-web config::tests::a_short_allowlist_is_shown_whole_with_no_suffix
        PASS [   0.005s] (1978/2094) trawl-web config::tests::an_empty_allowlist_refuses_to_resolve_and_names_both_doors
        PASS [   0.004s] (1979/2094) trawl-web config::tests::an_environment_list_matching_the_file_is_noted_at_info_not_warned
        PASS [   0.005s] (1980/2094) trawl-web config::tests::an_unparseable_configured_list_is_a_displacement_and_warns
        PASS [   0.005s] (1981/2094) trawl-web config::tests::bind_addr_precedence_env_then_config_then_default
        PASS [   0.100s] (1982/2094) trawl-server::store_pg successful_run_selectors
        PASS [   0.004s] (1983/2094) trawl-web config::tests::defaults_applied_when_web_section_carries_only_the_required_origin
        PASS [   0.005s] (1984/2094) trawl-web config::tests::explicit_fields_win
        PASS [   0.005s] (1985/2094) trawl-web config::tests::explicit_web_upstream_url_wins_over_server
        PASS [   0.005s] (1986/2094) trawl-web config::tests::file_load_resolves_the_current_web_configuration
        PASS [   0.006s] (1987/2094) trawl-web config::tests::file_load_errors_identify_paths_without_config_values
        PASS [   0.004s] (1988/2094) trawl-web config::tests::fleet_runtime_key_is_base64_parsed_and_wins_over_production_sources
        PASS [   0.006s] (1989/2094) trawl-web config::tests::key_from_file_loaded
        PASS [   0.005s] (1990/2094) trawl-web config::tests::localhost_runtime_is_insecure_and_explicitly_host_only
        PASS [   0.005s] (1991/2094) trawl-web config::tests::runtime_parser_errors_keep_the_pre_hoist_config_error_surface
        PASS [   0.006s] (1992/2094) trawl-web config::tests::runtime_domain_can_explicitly_override_production_domain
        PASS [   0.005s] (1993/2094) trawl-web config::tests::shared_domain_empty_or_absent_is_none
        PASS [   0.006s] (1994/2094) trawl-web config::tests::shared_domain_resolves_when_set
        PASS [   0.005s] (1995/2094) trawl-web config::tests::the_environment_alone_satisfies_the_requirement_without_warning
        PASS [   0.006s] (1996/2094) trawl-web config::tests::tailscale_runtime_is_secure_and_host_only
        PASS [   0.007s] (1997/2094) trawl-web config::tests::the_environment_replaces_the_configured_allowlist_and_says_so
        PASS [   0.005s] (1998/2094) trawl-web config::tests::upstream_url_derived_from_server_http_addr
        PASS [   0.006s] (1999/2094) trawl-web config::tests::upstream_url_falls_back_when_server_missing
        PASS [   0.006s] (2000/2094) trawl-web config::tests::upstream_url_handles_ipv6_bracketed
        PASS [   0.005s] (2001/2094) trawl-web config::tests::upstream_url_rewrites_wildcard_bind
        PASS [   0.004s] (2002/2094) trawl-web middleware::session_extractor::tests::extract_bearer_case_insensitive
        PASS [   0.005s] (2003/2094) trawl-web config::tests::upstream_url_rewrites_ipv6_wildcard
        PASS [   0.005s] (2004/2094) trawl-web middleware::session_extractor::tests::extract_bearer_rejects_empty_and_non_bearer
        PASS [   0.005s] (2005/2094) trawl-web middleware::session_extractor::tests::find_cookie_ignores_legacy_trawl_session
        PASS [   0.005s] (2006/2094) trawl-web middleware::session_extractor::tests::find_cookie_handles_whitespace
        PASS [   0.005s] (2007/2094) trawl-web middleware::session_extractor::tests::find_cookie_picks_named_pair
        PASS [   0.008s] (2008/2094) trawl-web routes::auth::tests::clear_cookie_attributes_match_issuance
        PASS [   0.007s] (2009/2094) trawl-web routes::auth::tests::login_accepts_valid_api_key
        PASS [   0.007s] (2010/2094) trawl-web routes::auth::tests::login_cookie_carries_domain_iff_shared_domain_set
        PASS [   0.007s] (2011/2094) trawl-web routes::auth::tests::login_allows_the_configured_origin_but_rejects_an_sso_sibling
        PASS [   0.005s] (2012/2094) trawl-web routes::auth::tests::login_rejects_empty_api_key
        PASS [   0.006s] (2013/2094) trawl-web routes::auth::tests::login_rejects_cross_origin
        PASS [   0.008s] (2014/2094) trawl-web routes::auth::tests::login_cookie_is_fleet_auth_compatible_with_role_less_payload
        PASS [   0.007s] (2015/2094) trawl-web routes::auth::tests::login_no_trawl_grant_is_403_without_cookie
        PASS [   0.005s] (2016/2094) trawl-web routes::auth::tests::logout_allows_the_configured_origin_with_no_host_header_at_all
        PASS [   0.006s] (2017/2094) trawl-web routes::auth::tests::login_rejects_wrong_api_key
        PASS [   0.007s] (2018/2094) trawl-web routes::auth::tests::login_secure_cookie_when_insecure_disabled
        PASS [   0.007s] (2019/2094) trawl-web routes::auth::tests::logout_clears_cookie
        PASS [   0.005s] (2020/2094) trawl-web routes::auth::tests::logout_rejects_a_foreign_origin_whatever_the_uri_authority_says
        PASS [   0.005s] (2021/2094) trawl-web routes::auth::tests::logout_rejects_cross_origin_without_clearing
        PASS [   0.005s] (2022/2094) trawl-web routes::auth::tests::logout_rejects_sso_sibling_origin_without_clearing
        PASS [   0.007s] (2023/2094) trawl-web routes::auth::tests::me_grant_removed_upstream_is_403_preserving_cookie
        PASS [   0.005s] (2024/2094) trawl-web routes::auth::tests::me_rejects_missing_cookie
        PASS [   0.007s] (2025/2094) trawl-web routes::auth::tests::me_reflects_upstream_permission_change_between_calls
        PASS [   0.007s] (2026/2094) trawl-web routes::auth::tests::me_rejects_tampered_cookie
        PASS [   0.007s] (2027/2094) trawl-web routes::auth::tests::me_returns_identity_from_live_whoami
        PASS [   0.007s] (2028/2094) trawl-web routes::auth::tests::me_upstream_403_preserves_cookie
        PASS [   0.008s] (2029/2094) trawl-web routes::auth::tests::me_upstream_401_clears_cookie
        PASS [   0.006s] (2030/2094) trawl-web routes::proxy::tests::forward_accepts_bearer_header
        PASS [   0.008s] (2031/2094) trawl-web routes::proxy::tests::forward_allows_cookie_authed_mutation_without_origin
        PASS [   0.007s] (2032/2094) trawl-web routes::proxy::tests::forward_bearer_wins_over_cookie
        PASS [   0.008s] (2033/2094) trawl-web routes::proxy::tests::forward_bearer_cross_origin_mutation_is_allowed
        PASS [   0.008s] (2034/2094) trawl-web routes::proxy::tests::forward_allows_cookie_authed_same_origin_mutation
        PASS [   0.008s] (2035/2094) trawl-web routes::proxy::tests::forward_injects_bearer_and_mirrors_status
        PASS [   0.007s] (2036/2094) trawl-web routes::proxy::tests::forward_rejects_empty_bearer
        PASS [   0.007s] (2037/2094) trawl-web routes::proxy::tests::forward_rejects_cookie_authed_sibling_origin_mutation
        PASS [   0.008s] (2038/2094) trawl-web routes::proxy::tests::forward_preserves_upstream_4xx
        PASS [   0.006s] (2039/2094) trawl-web routes::proxy::tests::forward_rejects_missing_cookie
        PASS [   0.007s] (2040/2094) trawl-web routes::proxy::tests::forward_strips_upstream_set_cookie_headers
        PASS [   0.007s] (2041/2094) trawl-web routes::proxy::tests::forward_upstream_401_with_bearer_does_not_clear
        PASS [   0.007s] (2042/2094) trawl-web routes::proxy::tests::forward_upstream_401_with_session_preserves_cookie
        PASS [   0.004s] (2043/2094) trawl-web routes::proxy::tests::upstream_uri_preserves_query_string
        PASS [   0.008s] (2044/2094) trawl-web routes::proxy::tests::forward_upstream_403_preserves_cookie
        PASS [   0.006s] (2045/2094) trawl-web routes::proxy::tests::ingest_endpoint_is_always_404
        PASS [   0.008s] (2046/2094) trawl-web routes::proxy::tests::retired_api_namespace_is_not_routed_or_served_by_the_spa
        PASS [   0.006s] (2047/2094) trawl-web routes::stream::tests::dashboard_stream_rejects_missing_cookie
        PASS [   0.004s] (2048/2094) trawl-web routes::stream::tests::remaining_ttl_handles_max_exp
        PASS [   0.007s] (2049/2094) trawl-web routes::stream::tests::dashboard_stream_upstream_401_preserves_cookie
        PASS [   0.008s] (2050/2094) trawl-web routes::stream::tests::dashboard_stream_forwards_body_with_sse_headers
        PASS [   0.004s] (2051/2094) trawl-web routes::stream::tests::remaining_ttl_positive_when_exp_in_future
        PASS [   0.005s] (2052/2094) trawl-web routes::stream::tests::remaining_ttl_zero_when_exp_at_or_past_now
        PASS [   0.007s] (2053/2094) trawl-web routes::stream::tests::stream_deadline_cuts_long_running_body
        PASS [   0.007s] (2054/2094) trawl-web routes::stream::tests::stream_accepts_bearer_header
        PASS [   0.007s] (2055/2094) trawl-web routes::stream::tests::stream_maps_upstream_401_to_401
        PASS [   0.008s] (2056/2094) trawl-web routes::stream::tests::stream_forwards_upstream_body_with_sse_headers
        PASS [   0.007s] (2057/2094) trawl-web routes::stream::tests::stream_preserves_upstream_400_for_bad_query
        PASS [   0.007s] (2058/2094) trawl-web routes::stream::tests::stream_preserves_upstream_429_for_rate_limit
        PASS [   0.006s] (2059/2094) trawl-web routes::stream::tests::stream_rejects_missing_cookie
        PASS [   0.007s] (2060/2094) trawl-web routes::stream::tests::stream_upstream_401_with_session_preserves_cookie
        PASS [   0.007s] (2061/2094) trawl-web routes::stream::tests::stream_upstream_403_preserves_cookie
        PASS [   0.005s] (2062/2094) trawl-web state::tests::localhost_cookie_shape_is_insecure_and_host_only
        PASS [   0.007s] (2063/2094) trawl-web routes::stream::tests::stream_upstream_500_is_not_masked_as_502
        PASS [   0.005s] (2064/2094) trawl-web state::tests::tailscale_cookie_shape_is_secure_and_host_only
        PASS [   0.005s] (2065/2094) trawl-web::asset_delivery spa_deep_link_uses_compressed_no_cache_index
        PASS [   0.004s] (2066/2094) trawl-web::asset_delivery wasm_prefers_brotli_and_preserves_wasm_metadata
        PASS [   0.006s] (2067/2094) trawl-web::asset_delivery gzip_fallback_and_conditional_request_work
        PASS [   0.004s] (2068/2094) trawl-web::log_filter_contract trawld_filter_would_silence_the_sidecar
        PASS [   0.018s] (2069/2094) trawl-web::origin_guard a_bearer_client_is_exempt_from_the_guard
        PASS [   0.008s] (2070/2094) trawl-web::origin_guard a_refused_origin_is_403_with_no_cookie_and_no_upstream_call
        PASS [   0.026s] (2071/2094) trawl-web::origin_guard a_configured_origin_reaches_the_handler
        PASS [   0.009s] (2072/2094) trawl-web::origin_guard a_refused_origin_outranks_every_cookie_state
        PASS [   0.007s] (2073/2094) trawl-web::origin_guard a_rooted_origin_is_its_own_spelling_end_to_end
        PASS [   0.007s] (2074/2094) trawl-web::origin_guard an_allowed_origin_keeps_the_existing_cookie_answers
        PASS [   0.009s] (2075/2094) trawl-web::origin_guard an_absent_origin_passes_every_route
        PASS [   0.006s] (2076/2094) trawl-web::origin_guard two_origin_headers_are_refused_even_when_both_are_configured
        PASS [   0.009s] (2077/2094) trawl-web::origin_guard forged_forwarding_headers_move_no_verdict
        PASS [   0.004s] (2078/2094) trawl-web::public_origins_packaging_contract the_chart_quick_start_forwards_the_port_its_origin_names
        PASS [   0.006s] (2079/2094) trawl-web::public_origins_packaging_contract every_documented_example_loads
        PASS [   0.061s] (2080/2094) trawl-web::log_filter_contract representative_trawl_web_events_pass_the_installed_chart_filter
        PASS [   0.066s] (2081/2094) trawl-web::log_filter_contract chart_sidecar_filter_matches_the_binary_default
        PASS [   0.005s] (2082/2094) trawl-web::public_origins_packaging_contract the_debian_config_states_origins_that_load
        PASS [   0.011s] (2083/2094) trawl-web::security_headers unauthorized_responses_still_carry_security_headers
        PASS [   0.015s] (2084/2094) trawl-web::security_headers every_response_has_csp_and_friends
        PASS [   0.013s] (2085/2094) trawl-web::session_lifecycle expired_cookie_in_prod_mode_includes_secure
        PASS [   0.012s] (2086/2094) trawl-web::session_lifecycle expired_session_returns_401_with_clear_cookie
        PASS [   0.008s] (2087/2094) trawl-web::session_lifecycle tampered_cookie_does_not_send_set_cookie
        PASS [   0.611s] (2088/2094) trawl-server::store_pg schedule_put_and_saved_put_cannot_commit_the_forbidden_pair
        PASS [   0.009s] (2089/2094) trawl-web::session_lifecycle missing_cookie_does_not_send_set_cookie
        PASS [   0.045s] (2090/2094) trawl-web::public_origins_packaging_contract the_chart_refuses_an_enabled_sidecar_with_no_origins
        PASS [   0.082s] (2091/2094) trawl-web::public_origins_packaging_contract the_chart_renders_the_origins_it_is_given
        PASS [   5.141s] (2092/2094) trawl-server::store_pg catalog::delete_pins_gives_up_on_a_held_row_lock_instead_of_waiting
        PASS [   5.085s] (2093/2094) trawl-server::store_pg lock_loss_is_detected_and_frees_the_lock_for_a_replacement
        PASS [  10.020s] (2094/2094) trawl-server::store_pg boot_unreachable_database_fails_descriptively
────────────
     Summary [  43.177s] 2094 tests run: 2094 passed, 11 skipped

┃  test ❯
warning: ignoring `resolver.incompatible-publish-age` without `-Zmin-publish-age`
warning: ignoring `registry.global-min-publish-age` without `-Zmin-publish-age`
    Blocking waiting for file lock on package cache
    Blocking waiting for file lock on package cache
    Blocking waiting for file lock on package cache
warning: ignoring `resolver.incompatible-publish-age` without `-Zmin-publish-age`
warning: ignoring `registry.global-min-publish-age` without `-Zmin-publish-age`
    Blocking waiting for file lock on package cache
    Blocking waiting for file lock on package cache
    Blocking waiting for file lock on build directory
   Compiling trawl-core v0.4.0 (/home/jakub/code/trawl/.worktrees/launch-readiness/crates/trawl-core)
   Compiling trawl-web v0.4.0 (/home/jakub/code/trawl/.worktrees/launch-readiness/crates/trawl-web)
   Compiling trawl-engine v0.4.0 (/home/jakub/code/trawl/.worktrees/launch-readiness/crates/trawl-engine)
   Compiling trawl-client v0.4.0 (/home/jakub/code/trawl/.worktrees/launch-readiness/crates/trawl-client)
   Compiling trawl-server v0.4.0 (/home/jakub/code/trawl/.worktrees/launch-readiness/crates/trawl-server)
   Compiling trawl-web-ui v0.4.0 (/home/jakub/code/trawl/.worktrees/launch-readiness/crates/trawl-web-ui)
   Compiling xtask v0.4.0 (/home/jakub/code/trawl/.worktrees/launch-readiness/xtask)
   Compiling trawl-cli v0.4.0 (/home/jakub/code/trawl/.worktrees/launch-readiness/crates/trawl-cli)
   Compiling trawl-admin v0.4.0 (/home/jakub/code/trawl/.worktrees/launch-readiness/crates/trawl-admin)
    Finished `test` profile [unoptimized + debuginfo] target(s) in 26.21s
────────────
 Nextest run ID 82820726-20c8-4a24-a39f-c1baa63a29d0 with nextest profile: default
    Starting 4427 tests across 97 binaries (14 tests skipped)
        PASS [   0.004s] (   1/4427) fleet-admin commands::keys::tests::confirm_prompt_accepts_y_variants
        PASS [   0.004s] (   2/4427) fleet-admin commands::keys::tests::confirm_prompt_eof_is_distinguishable_from_no
        PASS [   0.004s] (   3/4427) fleet-admin commands::keys::tests::parse_duration_days
        PASS [   0.004s] (   4/4427) fleet-admin commands::keys::tests::confirm_prompt_writes_caller_question_before_reading
        PASS [   0.004s] (   5/4427) fleet-admin commands::keys::tests::confirm_prompt_rejects_n_and_blank
        PASS [   0.005s] (   6/4427) fleet-admin commands::keys::tests::format_roles_sorts_and_falls_back
        PASS [   0.005s] (   7/4427) fleet-admin commands::keys::tests::format_timestamp_strips_tz_to_seconds
        PASS [   0.006s] (   8/4427) fleet-admin commands::keys::tests::parse_duration_hours
        PASS [   0.004s] (   9/4427) fleet-admin commands::keys::tests::parse_duration_rejects_never_literal
        PASS [   0.004s] (  10/4427) fleet-admin commands::keys::tests::parse_duration_invalid_number
        PASS [   0.004s] (  11/4427) fleet-admin commands::keys::tests::parse_duration_invalid_unit
        PASS [   0.004s] (  12/4427) fleet-admin commands::keys::tests::parse_duration_unit_only
        PASS [   0.004s] (  13/4427) fleet-admin commands::keys::tests::parse_duration_rejects_overflow
        PASS [   0.005s] (  14/4427) fleet-admin commands::keys::tests::parse_duration_multibyte_trailing_char_doesnt_panic
        PASS [   0.004s] (  15/4427) fleet-admin commands::keys::tests::parse_duration_weeks
        PASS [   0.005s] (  16/4427) fleet-admin commands::keys::tests::role_name_accepts_converted_shape
        PASS [   0.004s] (  17/4427) fleet-admin commands::keys::tests::role_name_rejects_bad_charset
        PASS [   0.004s] (  18/4427) fleet-admin commands::roles::tests::parse_perm_rejects_bad_charset
        PASS [   0.004s] (  19/4427) fleet-admin commands::roles::tests::parse_perm_empty_halves
        PASS [   0.004s] (  20/4427) fleet-admin commands::roles::tests::parse_perm_missing_colon
        PASS [   0.004s] (  21/4427) fleet-admin commands::roles::tests::format_perms_joins_pairs
        PASS [   0.004s] (  22/4427) fleet-admin commands::roles::tests::parse_perm_valid
        PASS [   0.004s] (  23/4427) fleet-admin commands::session_key::tests::generated_key_encodes_to_43_base64url_chars
        PASS [   0.031s] (  24/4427) fleet-admin commands::keys::tests::snapshot_keys_table_active_only
        PASS [   0.031s] (  25/4427) fleet-admin commands::roles::tests::snapshot_roles_table
        PASS [   0.036s] (  26/4427) fleet-admin commands::keys::tests::snapshot_keys_table_all
        PASS [   0.167s] (  27/4427) fleet-admin::keys_pg create_with_unknown_role_is_refused
        PASS [   0.197s] (  28/4427) fleet-admin::keys_pg assign_role_unknown_prefix_returns_key_not_found
        PASS [   0.195s] (  29/4427) fleet-admin::keys_pg create_duplicate_name_is_allowed
        PASS [   0.199s] (  30/4427) fleet-admin::keys_pg assign_role_adds_and_rejects_duplicate
        PASS [   0.195s] (  31/4427) fleet-admin::keys_pg create_emits_flt_prefix_and_persists
        PASS [   0.174s] (  32/4427) fleet-admin::keys_pg create_with_expires_persists_expires_at
        PASS [   0.226s] (  33/4427) fleet-admin::keys_pg assign_role_surfaces_key_revoked_for_inactive_keys
        PASS [   0.248s] (  34/4427) fleet-admin::keys_pg list_all_includes_revoked
        PASS [   0.122s] (  35/4427) fleet-admin::keys_pg revoke_unknown_prefix_returns_key_not_found
        PASS [   0.129s] (  36/4427) fleet-admin::keys_pg retype_unknown_prefix_returns_key_not_found
        PASS [   0.131s] (  37/4427) fleet-admin::keys_pg retype_revoked_key_returns_key_revoked
        PASS [   0.130s] (  38/4427) fleet-admin::keys_pg revoke_twice_returns_already_revoked
        PASS [   0.137s] (  39/4427) fleet-admin::keys_pg revoke_sets_active_false_and_revoked_at
        PASS [   0.111s] (  40/4427) fleet-admin::keys_pg unassign_role_not_held_returns_role_not_assigned
        PASS [   0.169s] (  41/4427) fleet-admin::keys_pg retype_flips_kind_both_directions
        PASS [   0.132s] (  42/4427) fleet-admin::keys_pg unassign_role_removes_only_named_role
        PASS [   0.093s] (  43/4427) fleet-admin::migrate_pg migrator_creates_expected_tables
        PASS [   0.105s] (  44/4427) fleet-admin::keys_pg unassign_role_unknown_prefix_returns_key_not_found
        PASS [   0.105s] (  45/4427) fleet-admin::migrate_pg migrator_is_idempotent_on_already_migrated_db
        PASS [   0.094s] (  46/4427) fleet-admin::roles_pg add_and_remove_perm_roundtrip
        PASS [   0.143s] (  47/4427) fleet-admin::migrate_pg cli_refuses_old_history_before_role_or_key_writes
        PASS [   0.156s] (  48/4427) fleet-admin::keys_pg unassign_role_surfaces_key_revoked_for_inactive_keys
        PASS [   0.071s] (  49/4427) fleet-admin::roles_pg add_perm_unknown_role_is_role_not_found
        PASS [   0.175s] (  50/4427) fleet-admin::migrate_pg cli_allows_role_and_key_writes_on_current_history
        PASS [   0.097s] (  51/4427) fleet-admin::roles_pg create_duplicate_is_role_exists
        PASS [   0.005s] (  52/4427) fleet-admin::bin/fleet-admin tests::cli_definition_is_valid
        PASS [   0.116s] (  53/4427) fleet-admin::roles_pg binary_warns_for_unknown_permission_and_persists
        PASS [   0.088s] (  54/4427) fleet-admin::roles_pg create_show_roundtrip
        PASS [   0.005s] (  55/4427) fleet-admin::bin/fleet-admin tests::set_rate_takes_exactly_one_of_rate_rpm_or_default
        PASS [   0.122s] (  56/4427) fleet-admin::roles_pg assign_unassign_roundtrip_through_role_commands
        PASS [   0.004s] (  57/4427) fleet-auth cache::tests::build_is_deterministic
        PASS [   0.005s] (  58/4427) fleet-auth cache::tests::different_plaintext_produces_different_key_even_with_same_prefix_and_hash
        PASS [   0.007s] (  59/4427) fleet-auth cache::tests::concurrent_inserts_do_not_panic
        PASS [   0.005s] (  60/4427) fleet-auth cache::tests::insert_then_contains_hits
        PASS [   0.006s] (  61/4427) fleet-auth cache::tests::different_stored_hash_invalidates
        PASS [   0.005s] (  62/4427) fleet-auth middleware::tests::extract_bearer_rejects_empty_and_non_bearer
        PASS [   0.083s] (  63/4427) fleet-admin::roles_pg delete_unheld_role_succeeds
        PASS [   0.004s] (  64/4427) fleet-auth middleware::tests::find_cookie_picks_named_pair
        PASS [   0.004s] (  65/4427) fleet-auth middleware::tests::find_cookie_handles_whitespace
        PASS [   0.007s] (  66/4427) fleet-auth middleware::tests::extract_bearer_case_insensitive
        PASS [   0.004s] (  67/4427) fleet-auth middleware::tests::html_escape_handles_specials
        PASS [   0.004s] (  68/4427) fleet-auth origin::tests::a_bad_entry_names_its_index_and_the_operators_text
        PASS [   0.005s] (  69/4427) fleet-auth middleware::tests::unauthorized_json_has_application_json
        PASS [   0.005s] (  70/4427) fleet-auth middleware::tests::no_grant_response_body_html_escaped_no_set_cookie
        PASS [   0.086s] (  71/4427) fleet-admin::roles_pg list_handles_empty_and_populated
        PASS [   0.006s] (  72/4427) fleet-auth origin::tests::a_valid_list_contains_exactly_what_was_configured
        PASS [   0.004s] (  73/4427) fleet-auth origin::tests::empty_list_names_the_configuration_knob
        PASS [   0.005s] (  74/4427) fleet-auth origin::tests::cross_scheme_cross_port_and_neighbouring_hosts_are_rejected
        PASS [   0.004s] (  75/4427) fleet-auth origin::tests::display_is_canonical_and_round_trips
        PASS [   0.005s] (  76/4427) fleet-auth origin::tests::configured_origins_match_in_every_equivalent_spelling
        PASS [   0.004s] (  77/4427) fleet-auth origin::tests::entries_that_normalize_identically_are_refused
        PASS [   0.005s] (  78/4427) fleet-auth origin::tests::from_str_is_the_same_door_as_parse
        PASS [   0.004s] (  79/4427) fleet-auth origin::tests::oversized_input_is_refused_before_parsing
        PASS [   0.005s] (  80/4427) fleet-auth origin::tests::ip_literals_normalize_within_a_family_and_never_across_one
        PASS [   0.004s] (  81/4427) fleet-auth origin::tests::port_rules
        PASS [   0.006s] (  82/4427) fleet-auth origin::tests::opaque_wildcard_and_smuggled_origins_are_refused
        PASS [   0.006s] (  83/4427) fleet-auth origin::tests::host_charset_rules
        PASS [   0.005s] (  84/4427) fleet-auth origin::tests::rejection_log_fields_never_echo_a_hostile_header
        PASS [   0.105s] (  85/4427) fleet-admin::roles_pg delete_refuses_in_use_role_without_force
        PASS [   0.004s] (  86/4427) fleet-auth origin::tests::rejection_reasons_are_a_closed_vocabulary
        PASS [   0.004s] (  87/4427) fleet-auth origin::tests::rejection_log_fields_report_the_normalized_origin_when_it_parsed
        PASS [   0.004s] (  88/4427) fleet-auth session::tests::a_bad_override_entry_names_the_variable_and_the_index
        PASS [   0.004s] (  89/4427) fleet-auth session::tests::a_duplicated_override_entry_is_refused
        PASS [   0.004s] (  90/4427) fleet-auth session::tests::clear_cookie_header_matches_session_attributes
        PASS [   0.004s] (  91/4427) fleet-auth session::tests::distinct_nonces_produce_distinct_ciphertexts
        PASS [   0.005s] (  92/4427) fleet-auth session::tests::encrypt_decrypt_round_trip
        PASS [   0.004s] (  93/4427) fleet-auth session::tests::expired_detected
        PASS [   0.004s] (  94/4427) fleet-auth session::tests::fleet_session_runtime_environment_names_are_frozen
        PASS [   0.004s] (  95/4427) fleet-auth session::tests::invalid_runtime_values_fail_closed
        PASS [   0.004s] (  96/4427) fleet-auth session::tests::garbage_cookie_rejected
        PASS [   0.005s] (  97/4427) fleet-auth session::tests::key_from_base64_round_trip
        PASS [   0.006s] (  98/4427) fleet-auth session::tests::key_from_base64_accepts_all_four_flavors
        PASS [   0.005s] (  99/4427) fleet-auth session::tests::key_from_file_rejects_wrong_length
        PASS [   0.004s] ( 100/4427) fleet-auth session::tests::key_from_file_round_trip
        PASS [   0.004s] ( 101/4427) fleet-auth session::tests::payload_serde_drops_no_fields
        PASS [   0.004s] ( 102/4427) fleet-auth session::tests::runtime_overrides_parse_the_valid_shapes
        PASS [   0.004s] ( 103/4427) fleet-auth session::tests::session_config_builder_emits_sso_friendly_defaults
        PASS [   0.004s] ( 104/4427) fleet-auth session::tests::session_config_new_validates_namespace
        PASS [   0.004s] ( 105/4427) fleet-auth session::tests::session_config_builder_requires_public_origins
        PASS [   0.004s] ( 106/4427) fleet-auth session::tests::session_config_rejects_backslash_protocol_relative_redirect
        PASS [   0.005s] ( 107/4427) fleet-auth session::tests::session_config_builder_rejects_empty_namespace
        PASS [   0.004s] ( 108/4427) fleet-auth session::tests::session_config_rejects_crlf_in_redirect
        PASS [   0.004s] ( 109/4427) fleet-auth session::tests::session_config_rejects_empty_cookie_name
        PASS [   0.007s] ( 110/4427) fleet-auth session::tests::session_config_no_domain_clears_domain_setter
        PASS [   0.004s] ( 111/4427) fleet-auth session::tests::session_config_rejects_relative_redirect
        PASS [   0.004s] ( 112/4427) fleet-auth session::tests::session_config_rejects_samesite_none_without_secure
        PASS [   0.004s] ( 113/4427) fleet-auth session::tests::session_config_rejects_protocol_relative_redirect
        PASS [   0.004s] ( 114/4427) fleet-auth session::tests::session_cookie_header_omits_domain_when_none
        PASS [   0.006s] ( 115/4427) fleet-auth session::tests::session_cookie_header_includes_domain_when_set
        PASS [   0.004s] ( 116/4427) fleet-auth session::tests::session_cookie_header_respects_strict_same_site
        PASS [   0.004s] ( 117/4427) fleet-auth session::tests::session_expiry_serde_is_bare_integer
        PASS [   0.005s] ( 118/4427) fleet-auth session::tests::session_expiry_after_duration_saturates
        PASS [   0.005s] ( 119/4427) fleet-auth session::tests::to_base64url_roundtrips_through_from_base64
        PASS [   0.006s] ( 120/4427) fleet-auth session::tests::tampered_cookie_fails_verification
        PASS [   0.006s] ( 121/4427) fleet-auth session::tests::the_public_origins_override_parses_a_comma_separated_list
        PASS [   0.004s] ( 122/4427) fleet-auth session::tests::truncated_cookie_rejected
        PASS [   0.005s] ( 123/4427) fleet-auth session::tests::wrong_key_fails_verification
        PASS [   0.004s] ( 124/4427) fleet-auth token::tests::extract_prefix_too_short
        PASS [   0.004s] ( 125/4427) fleet-auth token::tests::extract_prefix_valid
        PASS [   0.006s] ( 126/4427) fleet-auth token::tests::extract_prefix_missing_flt
        PASS [   0.005s] ( 127/4427) fleet-auth token::tests::generate_token_format
        PASS [   0.005s] ( 128/4427) fleet-auth token::tests::generated_token_debug_redacts_plaintext
        PASS [   0.005s] ( 129/4427) fleet-auth token::tests::generated_token_prefix_matches_body
        PASS [   0.004s] ( 130/4427) fleet-auth token::tests::verify_corrupted_hash_errors
        PASS [   0.004s] ( 131/4427) fleet-auth types::tests::created_key_debug_redacts_plaintext
        PASS [   0.004s] ( 132/4427) fleet-auth types::tests::from_roles_cross_app_role_grants_in_both_namespaces
        PASS [   0.004s] ( 133/4427) fleet-auth types::tests::from_roles_rate_rpm_is_max_across_roles
        PASS [   0.004s] ( 134/4427) fleet-auth types::tests::from_roles_unions_overlapping_permissions
        PASS [   0.005s] ( 135/4427) fleet-auth types::tests::permissions_for_unknown_app_is_empty
        PASS [   0.005s] ( 136/4427) fleet-auth types::tests::principal_kind_rejects_unknown
        PASS [   0.005s] ( 137/4427) fleet-auth types::tests::roles_display_sorted_with_empty_fallback
        PASS [   0.006s] ( 138/4427) fleet-auth types::tests::principal_kind_roundtrips
        PASS [   0.121s] ( 139/4427) fleet-admin::roles_pg schema_write_is_grantable_through_a_role
        PASS [   0.004s] ( 140/4427) fleet-auth validation::tests::accepts_permission_strings
        PASS [   0.027s] ( 141/4427) fleet-auth token::tests::dummy_hash_exists_and_verifies_false_for_random_input
        PASS [   0.006s] ( 142/4427) fleet-auth types::tests::verified_key_debug_reports_empty_aggregates
        PASS [   0.008s] ( 143/4427) fleet-auth types::tests::verified_key_debug_is_bounded_to_identity_and_aggregate_fields
        PASS [   0.005s] ( 144/4427) fleet-auth validation::tests::accepts_role_names_including_converted_legacy_shape
        PASS [   0.006s] ( 145/4427) fleet-auth validation::tests::accepts_well_formed_namespaces
        PASS [   0.003s] ( 146/4427) fleet-auth validation::tests::rejects_overlong_namespace
        PASS [   0.005s] ( 147/4427) fleet-auth validation::tests::rejects_bad_permission_strings
        PASS [   0.005s] ( 148/4427) fleet-auth validation::tests::rejects_bad_namespaces
        PASS [   0.005s] ( 149/4427) fleet-auth validation::tests::rejects_bad_role_names
        PASS [   0.034s] ( 150/4427) fleet-auth token::tests::hash_and_verify_roundtrip
        PASS [   0.033s] ( 151/4427) fleet-auth token::tests::verify_wrong_token_returns_false
        PASS [   0.059s] ( 152/4427) fleet-auth token::tests::ten_thousand_tokens_are_unique
        PASS [   0.128s] ( 153/4427) fleet-auth::handlers_pg login_rejects_empty_key
        PASS [   0.136s] ( 154/4427) fleet-auth::handlers_pg login_no_grant_returns_403_no_cookie
        PASS [   0.104s] ( 155/4427) fleet-auth::handlers_pg login_rejects_the_same_name_over_http
        PASS [   0.137s] ( 156/4427) fleet-auth::handlers_pg login_rejects_cross_origin_no_cookie
        PASS [   0.131s] ( 157/4427) fleet-auth::handlers_pg login_rejects_sibling_under_shared_domain
        PASS [   0.142s] ( 158/4427) fleet-auth::handlers_pg login_allows_the_configured_origin
        PASS [   0.142s] ( 159/4427) fleet-auth::handlers_pg login_allows_the_configured_origin_with_no_host_header
        PASS [   0.143s] ( 160/4427) fleet-auth::handlers_pg login_includes_domain_when_configured
        PASS [   0.121s] ( 161/4427) fleet-auth::handlers_pg logout_requires_no_session
        PASS [   0.125s] ( 162/4427) fleet-auth::handlers_pg logout_rejects_a_foreign_origin_whatever_the_host_and_forwarding_headers_say
        PASS [   0.124s] ( 163/4427) fleet-auth::handlers_pg logout_rejects_cross_origin_no_clear
        PASS [   0.130s] ( 164/4427) fleet-auth::handlers_pg login_rejects_wrong_key
        PASS [   0.128s] ( 165/4427) fleet-auth::handlers_pg logout_clears_cookie_with_matching_attrs
        PASS [   0.132s] ( 166/4427) fleet-auth::handlers_pg logout_allows_absent_origin
        PASS [   0.187s] ( 167/4427) fleet-auth::handlers_pg login_valid_key_sets_cookie_and_redirects
        PASS [   0.205s] ( 168/4427) fleet-auth::middleware_pg bearer_does_not_enforce_namespace
        PASS [   0.089s] ( 169/4427) fleet-auth::middleware_pg bearer_malformed_scheme_returns_401
        PASS [   0.089s] ( 170/4427) fleet-auth::middleware_pg bearer_missing_header_returns_401
        PASS [   0.116s] ( 171/4427) fleet-auth::middleware_pg session_expired_cookie_returns_401_keeps_cookie
        PASS [   0.123s] ( 172/4427) fleet-auth::middleware_pg bearer_invalid_token_returns_401
        PASS [   0.073s] ( 173/4427) fleet-auth::middleware_pg session_missing_cookie_returns_401
        PASS [   0.134s] ( 174/4427) fleet-auth::middleware_pg bearer_valid_token_sets_extension
        PASS [   0.144s] ( 175/4427) fleet-auth::middleware_pg session_grant_revoked_during_session_returns_403
        PASS [   0.084s] ( 176/4427) fleet-auth::middleware_pg session_state_rejects_invalid_config
        PASS [   0.119s] ( 177/4427) fleet-auth::middleware_pg session_no_grant_returns_403_html_keeps_cookie
        PASS [   0.095s] ( 178/4427) fleet-auth::middleware_pg session_tampered_cookie_returns_401
        PASS [   0.127s] ( 179/4427) fleet-auth::middleware_pg session_revoked_key_returns_401
        PASS [   0.113s] ( 180/4427) fleet-auth::middleware_pg session_valid_cookie_sets_extension
        PASS [   0.181s] ( 181/4427) fleet-auth::migration_pg cases::cancelled_lock_wait_does_not_recycle_a_locked_connection
        PASS [   0.185s] ( 182/4427) fleet-auth::migration_pg cases::admission_observes_state_created_while_waiting_for_the_lock
        PASS [   0.113s] ( 183/4427) fleet-auth::migration_pg cases::initial_schema_matches_final_old_catalog
        PASS [   0.084s] ( 184/4427) fleet-auth::migration_pg fresh_registry_grants_nothing
        PASS [   0.005s] ( 185/4427) fleet-auth::no_forwarded_trust documented_non_goals_are_not_detected
        PASS [   0.149s] ( 186/4427) fleet-auth::migration_pg cases::fresh_restart_preserves_history_and_forward_migrations_work
        PASS [   0.004s] ( 187/4427) fleet-auth::no_forwarded_trust the_scan_catches_every_shape_a_reintroduction_takes
        PASS [   0.004s] ( 188/4427) fleet-auth::no_forwarded_trust the_scan_reaches_a_nested_module
        PASS [   0.012s] ( 189/4427) fleet-auth::no_forwarded_trust no_source_file_reads_a_host_or_forwarding_header
        PASS [   0.005s] ( 190/4427) fleet-auth::origin_guard_truth_table a_foreign_origin_logs_its_normalized_text
        PASS [   0.005s] ( 191/4427) fleet-auth::origin_guard_truth_table a_hostile_origin_header_never_reaches_the_log
        PASS [   0.004s] ( 192/4427) fleet-auth::origin_guard_truth_table a_non_utf8_origin_is_rejected
        PASS [   0.005s] ( 193/4427) fleet-auth::origin_guard_truth_table an_absent_origin_is_allowed
        PASS [   0.004s] ( 194/4427) fleet-auth::origin_guard_truth_table an_allowed_origin_logs_nothing
        PASS [   0.005s] ( 195/4427) fleet-auth::origin_guard_truth_table every_rejection_reason_is_from_the_closed_vocabulary
        PASS [   0.004s] ( 196/4427) fleet-auth::origin_guard_truth_table forwarding_headers_and_host_change_no_verdict
        PASS [   0.004s] ( 197/4427) fleet-auth::origin_guard_truth_table the_guard_answers_the_truth_table
        PASS [   0.003s] ( 198/4427) fleet-auth::origin_guard_truth_table two_origin_headers_are_rejected_even_when_identical
        PASS [   0.004s] ( 199/4427) fleet-auth::origin_parity a_bad_entry_is_reported_at_its_own_index
        PASS [   0.004s] ( 200/4427) fleet-auth::origin_parity a_configured_entry_matches_every_equivalent_header_spelling
        PASS [   0.004s] ( 201/4427) fleet-auth::origin_parity a_rooted_host_is_one_spelling_through_both_doors
        PASS [   0.004s] ( 202/4427) fleet-auth::origin_parity both_doors_refuse_the_same_inputs_for_the_same_reason
        PASS [   0.004s] ( 203/4427) fleet-auth::origin_parity distinct_origins_stay_distinct_through_both_doors
        PASS [   0.004s] ( 204/4427) fleet-auth::origin_parity the_canonical_form_round_trips_through_the_parser
        PASS [   0.295s] ( 205/4427) fleet-auth::migration_pg cases::current_checksums_dirty_and_unknown_versions_stay_distinct
        PASS [   0.134s] ( 206/4427) fleet-auth::migration_pg runtime_validation_is_read_only_and_requires_current_history
        PASS [   0.243s] ( 207/4427) fleet-auth::migration_pg cases::old_histories_are_refused_without_changes_and_release_locks
        PASS [   0.244s] ( 208/4427) fleet-auth::migration_pg cases::untracked_objects_are_refused_without_creating_history
        PASS [   0.114s] ( 209/4427) fleet-auth::store_pg assign_rejects_duplicate_role
        PASS [   0.132s] ( 210/4427) fleet-auth::store_pg assign_and_unassign_role_roundtrip
        PASS [   0.195s] ( 211/4427) fleet-auth::store_pg add_and_remove_role_permissions_reflected_on_next_verify
        PASS [   0.102s] ( 212/4427) fleet-auth::store_pg assign_unknown_role_is_role_not_found
        PASS [   0.004s] ( 213/4427) fleet-auth::store_pg connect_malformed_url_errors
        PASS [   0.070s] ( 214/4427) fleet-auth::store_pg connect_and_ping_via_url
        PASS [   0.005s] ( 215/4427) fleet-auth::store_pg connect_unreachable_endpoint_errors
        PASS [   0.139s] ( 216/4427) fleet-auth::store_pg concurrent_distinct_role_assignments_both_persist
        PASS [   0.152s] ( 217/4427) fleet-auth::store_pg concurrent_duplicate_role_assignment_has_one_winner
        PASS [   0.162s] ( 218/4427) fleet-auth::store_pg cache_hit_skips_kdf_but_updates_last_used
        PASS [   0.064s] ( 219/4427) fleet-auth::store_pg create_key_with_unknown_role_is_role_not_found
        PASS [   0.151s] ( 220/4427) fleet-auth::store_pg concurrent_verifies_all_succeed
        PASS [   0.120s] ( 221/4427) fleet-auth::store_pg create_and_verify_roundtrip
        PASS [   0.073s] ( 222/4427) fleet-auth::store_pg create_role_duplicate_name_is_role_exists
        PASS [   0.059s] ( 223/4427) fleet-auth::store_pg create_role_rejects_bad_shapes
        PASS [   0.120s] ( 224/4427) fleet-auth::store_pg create_key_with_expiry_in_future
        PASS [   0.057s] ( 225/4427) fleet-auth::store_pg create_role_roundtrip_with_rate_rpm
        PASS [   0.111s] ( 226/4427) fleet-auth::store_pg cross_app_role_grants_in_both_namespaces
        PASS [   0.123s] ( 227/4427) fleet-auth::store_pg delete_role_refuses_while_assigned_unless_forced
        PASS [   0.425s] ( 228/4427) fleet-auth::migration_pg runtime_connect_rejects_old_and_invalid_histories_without_writes
        PASS [   0.077s] ( 229/4427) fleet-auth::store_pg delete_unassigned_role_succeeds_without_force
        PASS [   0.086s] ( 230/4427) fleet-auth::store_pg duplicate_role_in_batch_rejected
        PASS [   0.121s] ( 231/4427) fleet-auth::store_pg empty_roles_create_then_verify
        PASS [   0.125s] ( 232/4427) fleet-auth::store_pg double_revoke_errors_with_kindly_message
        PASS [   0.128s] ( 233/4427) fleet-auth::store_pg expired_active_key_still_accepts_role_mutations
        PASS [   0.060s] ( 234/4427) fleet-auth::store_pg is_known_permission_reads_the_registry
        PASS [   0.062s] ( 235/4427) fleet-auth::store_pg get_role_unknown_is_role_not_found
        PASS [   0.084s] ( 236/4427) fleet-auth::store_pg list_roles_ordered_with_bundles
        PASS [   0.121s] ( 237/4427) fleet-auth::store_pg list_keys_active_only_filters
        PASS [   0.067s] ( 238/4427) fleet-auth::store_pg live_key_by_id_unknown_is_none
        PASS [   0.092s] ( 239/4427) fleet-auth::store_pg live_key_by_id_active
        PASS [   0.089s] ( 240/4427) fleet-auth::store_pg live_key_by_id_revoked_is_none
        PASS [   0.055s] ( 241/4427) fleet-auth::store_pg malformed_token_rejected
        PASS [   0.096s] ( 242/4427) fleet-auth::store_pg live_key_by_id_reflects_role_changes
        PASS [   0.065s] ( 243/4427) fleet-auth::store_pg ping_succeeds
        PASS [   0.055s] ( 244/4427) fleet-auth::store_pg revoke_nonexistent_prefix_errors
        PASS [   0.086s] ( 245/4427) fleet-auth::store_pg multi_role_key_resolves_the_union
        PASS [   0.070s] ( 246/4427) fleet-auth::store_pg retype_key_succeeds
        PASS [   0.070s] ( 247/4427) fleet-auth::store_pg retype_revoked_key_errors
        PASS [   0.102s] ( 248/4427) fleet-auth::store_pg revoke_blocks_verify_even_with_cache_entry
        PASS [   0.047s] ( 249/4427) fleet-auth::store_pg set_role_rate_rpm_unknown_is_role_not_found
        PASS [   0.208s] ( 250/4427) fleet-auth::store_pg live_key_by_id_expired_is_none
        PASS [   0.306s] ( 251/4427) fleet-auth::store_pg expired_key_fails_verify
        PASS [   0.105s] ( 252/4427) fleet-auth::store_pg revoke_waiting_first_refuses_later_assignment
        PASS [   0.090s] ( 253/4427) fleet-auth::store_pg role_mutations_reject_out_of_band_inactive_key_without_state_or_success_event
        PASS [   0.004s] ( 254/4427) fleet-auth::store_pg validation_reexported_works
        PASS [   0.085s] ( 255/4427) fleet-auth::store_pg set_role_rate_rpm_updates_in_place_without_touching_assignments
        PASS [   0.095s] ( 256/4427) fleet-auth::store_pg role_mutations_reject_revoked_key_without_state_or_success_event
        PASS [   0.006s] ( 257/4427) fleet-dev cli::tests::cli_definition_is_valid
        PASS [   0.005s] ( 258/4427) fleet-dev cli::tests::coastwatch_release_spa_is_a_clap_usage_error
        PASS [   0.004s] ( 259/4427) fleet-dev cli::tests::global_overrides_work_before_subcommand
        PASS [   0.006s] ( 260/4427) fleet-dev cli::tests::global_overrides_work_after_subcommand
        PASS [   0.005s] ( 261/4427) fleet-dev command::tests::debug_redacts_environment_values
        PASS [   0.030s] ( 262/4427) fleet-dev command::tests::streamed_children_ignore_output_limits_and_return_the_real_status
        PASS [   0.089s] ( 263/4427) fleet-auth::store_pg unassign_role_not_held_errors
        PASS [   0.098s] ( 264/4427) fleet-auth::store_pg toctou_revoke_between_select_and_update_rejects
        PASS [   0.099s] ( 265/4427) fleet-auth::store_pg unassign_role_waits_for_key_row_lock
        PASS [   0.064s] ( 266/4427) fleet-auth::store_pg verify_nonexistent_prefix_runs_dummy_and_fails
        PASS [   0.014s] ( 267/4427) fleet-dev command::tests::system_runner_enforces_output_limits_while_the_child_is_running
        PASS [   0.014s] ( 268/4427) fleet-dev command::tests::system_runner_rejects_fast_finite_output_over_the_limit
        PASS [   0.030s] ( 269/4427) fleet-dev command::tests::streamed_children_still_honour_the_deadline
        PASS [   0.004s] ( 270/4427) fleet-dev config::tests::consumer_rejects_duplicate_destinations
        PASS [   0.004s] ( 271/4427) fleet-dev config::tests::credential_template_is_frozen
        PASS [   0.083s] ( 272/4427) fleet-auth::store_pg wrong_token_with_existing_prefix_fails
        PASS [   0.005s] ( 273/4427) fleet-dev config::tests::docker_override_can_rescue_a_cnpg_profile_without_cnpg_configuration
        PASS [   0.004s] ( 274/4427) fleet-dev config::tests::invocation_overrides_win_over_profile_values
        PASS [   0.005s] ( 275/4427) fleet-dev config::tests::login_process_name_is_reserved
        PASS [   0.016s] ( 276/4427) fleet-dev command::tests::system_runner_replaces_instead_of_extending_the_ambient_environment
        PASS [   0.005s] ( 277/4427) fleet-dev config::tests::machine_host_is_a_bare_hostname
        PASS [   0.037s] ( 278/4427) fleet-dev command::tests::system_runner_enforces_deadlines_and_reaps_the_child
        PASS [   0.004s] ( 279/4427) fleet-dev config::tests::manifest_cannot_shadow_the_controller_token_or_use_malformed_sources
        PASS [   0.005s] ( 280/4427) fleet-dev config::tests::manifest_paths_cannot_escape_checkout
        PASS [   0.004s] ( 281/4427) fleet-dev config::tests::portable_profile_defaults
        PASS [   0.004s] ( 282/4427) fleet-dev config::tests::profile_rejects_unknown_fields
        PASS [   0.006s] ( 283/4427) fleet-dev config::tests::manifest_requires_shared_session_key_and_parameterized_web_ui
        PASS [   0.005s] ( 284/4427) fleet-dev config::tests::preparation_cannot_reference_resolver_produced_values
        PASS [   0.106s] ( 285/4427) fleet-auth::store_pg unassignment_waiting_first_commits_before_later_revoke
        PASS [   0.004s] ( 286/4427) fleet-dev config::tests::safe_state_scopes
        PASS [   0.004s] ( 287/4427) fleet-dev controller::tests::preparation_and_migration_receive_only_declared_values
        PASS [   0.004s] ( 288/4427) fleet-dev controller::tests::selected_manifest_projection_is_deterministic
        PASS [   0.004s] ( 289/4427) fleet-dev credentials::tests::op_receives_token_but_no_ambient_secret
        PASS [   0.005s] ( 290/4427) fleet-dev credentials::tests::cnpg_template_expansion_and_url_encoding_are_exact
        PASS [   0.005s] ( 291/4427) fleet-dev credentials::tests::resolver_receives_only_declared_values
        PASS [   0.004s] ( 292/4427) fleet-dev credentials::tests::token_loader_requires_a_regular_owner_only_file_and_rejects_symlinks
        PASS [   0.005s] ( 293/4427) fleet-dev database::tests::a_second_binding_or_an_extra_published_port_is_rejected
        PASS [   0.004s] ( 294/4427) fleet-dev database::tests::docker_inspection_enforces_image_and_loopback_binding
        PASS [   0.004s] ( 295/4427) fleet-dev database::tests::docker_urls_follow_fixed_contract
        PASS [   0.004s] ( 296/4427) fleet-dev database::tests::onepassword_is_demand_driven
        PASS [   0.004s] ( 297/4427) fleet-dev database::tests::exposed_but_unpublished_sibling_ports_are_tolerated
        PASS [   0.003s] ( 298/4427) fleet-dev environment::tests::allowlist_excludes_tokens_and_agent_sockets
        PASS [   0.004s] ( 299/4427) fleet-dev environment::tests::allowlist_keeps_the_tool_configuration_the_children_need
        PASS [   0.005s] ( 300/4427) fleet-dev database::tests::owned_docker_is_stopped_when_validation_fails_without_fallback
        PASS [   0.004s] ( 301/4427) fleet-dev fleet::tests::fleet_migration_builds_without_the_dsn_then_runs_the_binary_with_it
        PASS [   0.004s] ( 302/4427) fleet-dev fleet::tests::permission_union_is_sorted_and_deduplicated
        PASS [   0.004s] ( 303/4427) fleet-dev plan::tests::plan_json_never_has_a_secret_value_field
        PASS [   0.004s] ( 304/4427) fleet-dev plan::tests::process_roles_are_classified_per_app
        PASS [   0.004s] ( 305/4427) fleet-dev plan::tests::trawl_coastwatch_and_all_process_plans_are_selection_scoped
        PASS [   0.004s] ( 306/4427) fleet-dev resolver::tests::rejects_duplicate_fields_and_oversized_output
        PASS [   0.004s] ( 307/4427) fleet-dev resolver::tests::rejects_extra_stdout
        PASS [   0.004s] ( 308/4427) fleet-dev resolver::tests::rejects_non_string_values
        PASS [   0.003s] ( 309/4427) fleet-dev resolver::tests::rejects_schema_mismatch_and_reserved_names
        PASS [   0.003s] ( 310/4427) fleet-dev runtime::tests::an_empty_developer_key_is_refused_rather_than_panicking
        PASS [   0.004s] ( 311/4427) fleet-dev resolver::tests::rejects_unknown_top_level_fields
        PASS [   0.004s] ( 312/4427) fleet-dev resolver::tests::valid_document_is_namespaced
        PASS [   0.004s] ( 313/4427) fleet-dev runtime::tests::login_process_contains_only_paths_not_plaintext_key
        PASS [   0.005s] ( 314/4427) fleet-dev runtime::tests::coastwatch_shaped_trunk_config_disables_the_serve_mode_nonce_csp
        PASS [   0.005s] ( 315/4427) fleet-dev runtime::tests::supervisor_status_is_propagated_and_runtime_cleans_up_on_drop
        PASS [   0.004s] ( 316/4427) fleet-dev selection::tests::stale_optional_coastwatch_path_does_not_break_trawl_only_selection
        PASS [   0.005s] ( 317/4427) fleet-dev selection::tests::explicit_coastwatch_root_precedes_a_stale_profile_path
        PASS [   0.004s] ( 318/4427) fleet-dev session_key::tests::accepts_only_canonical_base64url
        PASS [   0.003s] ( 319/4427) fleet-dev state::tests::global_lock_rejects_a_concurrent_stack_and_releases_on_drop
        PASS [   0.004s] ( 320/4427) fleet-dev session_key::tests::docker_key_is_generated_once_and_persisted_canonically
        PASS [   0.004s] ( 321/4427) fleet-dev state::tests::scoped_state_binds_identity_and_reuses_secrets
        PASS [   0.003s] ( 322/4427) fleet-dev state::tests::state_modes_are_private_and_symlinks_are_rejected
        PASS [   0.003s] ( 323/4427) fleet-dev state::tests::xdg_precedes_home
        PASS [   0.003s] ( 324/4427) fleet-dev tailscale::tests::a_colon_prefixed_tcp_occupant_still_blocks_setup
        PASS [   0.003s] ( 325/4427) fleet-dev tailscale::tests::malformed_status_fails_closed
        PASS [   0.004s] ( 326/4427) fleet-dev tailscale::tests::multi_app_setup_preflights_every_conflict_before_mutating
        PASS [   0.004s] ( 327/4427) fleet-dev tailscale::tests::multiple_web_handlers_on_one_port_fail_closed
        PASS [   0.004s] ( 328/4427) fleet-dev tailscale::tests::non_proxy_web_and_tcp_handlers_occupy_public_ports
        PASS [   0.004s] ( 329/4427) fleet-dev tailscale::tests::normalizes_hostname_and_ip
        PASS [   0.004s] ( 330/4427) fleet-dev tailscale::tests::parses_matching_and_unrelated_mappings
        PASS [   0.004s] ( 331/4427) fleet-dev tailscale::tests::same_public_port_on_an_old_hostname_is_a_conflict
        PASS [   0.129s] ( 332/4427) fleet-dev command::tests::an_interrupt_aborts_the_running_child_and_refuses_the_next_one
        PASS [   0.027s] ( 333/4427) fleet-dev runtime::tests::forced_cleanup_kills_a_supervisor_grandchild_tree
        PASS [   0.005s] ( 334/4427) fleet-dev tailscale::tests::setup_is_idempotent_and_conflicts_require_force
        PASS [   0.004s] ( 335/4427) fleet-dev tailscale::tests::tcp_keys_are_parsed_in_every_serve_form
        PASS [   0.004s] ( 336/4427) fleet-dev tailscale::tests::verify_reports_the_exact_missing_repair_without_mutating
        PASS [   0.004s] ( 337/4427) fleet-dev topology::tests::both_apps_keep_origin_and_proxy_on_the_same_tailscale_hostname
        PASS [   0.004s] ( 338/4427) fleet-dev topology::tests::cross_category_and_same_app_bind_collisions_are_rejected
        PASS [   0.005s] ( 339/4427) fleet-dev topology::tests::localhost_contract
        PASS [   0.004s] ( 340/4427) fleet-dev topology::tests::localhost_exposure_rejects_non_loopback_hosts
        PASS [   0.004s] ( 341/4427) fleet-dev topology::tests::tailscale_contract
        PASS [   0.008s] ( 342/4427) fleet-dev::contracts committed_trawl_manifest_pins_the_frozen_contract
        PASS [   0.009s] ( 343/4427) fleet-dev::contracts a_pinned_tailscale_profile_keeps_plan_offline
        PASS [   0.007s] ( 344/4427) fleet-dev::contracts docker_plan_is_secret_free_and_does_not_touch_commands_or_token_file
        PASS [   0.007s] ( 345/4427) fleet-dev::contracts rendered_runtime_is_private_isolated_and_ephemeral
        PASS [   0.007s] ( 346/4427) fleet-dev::contracts the_browser_origin_is_published_as_the_csrf_allowlist_in_both_modes
        PASS [   0.005s] ( 347/4427) fleet-dev::contracts trawl_plan_and_release_spa_are_deterministic
        PASS [   0.005s] ( 348/4427) fleet-dev::wrappers trawld_dev_has_valid_bash_syntax
        PASS [   0.008s] ( 349/4427) fleet-dev::wrappers legacy_wrapper_rejects_unknown_flags
        PASS [   0.009s] ( 350/4427) fleet-dev::wrappers cargo_binstub_preserves_argument_boundaries_and_root
        PASS [   0.116s] ( 351/4427) fleet-dev command::tests::system_runner_does_not_hang_when_a_descendant_retains_the_pipes
        PASS [   0.004s] ( 352/4427) fleet-ui atmosphere::palette::tests::every_stop_is_lowercase_six_digit_hex
        PASS [   0.009s] ( 353/4427) fleet-dev::wrappers trawld_dev_reports_a_missing_downloaded_library_without_running_binary
        PASS [   0.004s] ( 354/4427) fleet-ui atmosphere::palette::tests::knobs_stay_in_shader_range
        PASS [   0.014s] ( 355/4427) fleet-dev::wrappers legacy_wrapper_translates_flags_from_any_cwd
        PASS [   0.003s] ( 356/4427) fleet-ui atmosphere::palette::tests::palette_values_are_pinned
        PASS [   0.010s] ( 357/4427) fleet-dev::wrappers trawld_dev_resolves_relative_target_against_checkout_and_propagates_exit
        PASS [   0.004s] ( 358/4427) fleet-ui atmosphere::palette::tests::stop_counts_fit_the_mesh_gradient_uniform
        PASS [   0.004s] ( 359/4427) fleet-ui atmosphere::palette::tests::themes_have_distinct_palettes
        PASS [   0.010s] ( 360/4427) fleet-dev::wrappers trawld_dev_supports_absolute_target_and_preserves_loader_path_and_arguments
        PASS [   0.004s] ( 361/4427) fleet-ui atmosphere::palette::tests::theme_lookup_matches_the_arrays
        PASS [   0.003s] ( 362/4427) fleet-ui badge::tone::tests::badge_class_composition
        PASS [   0.004s] ( 363/4427) fleet-ui badge::tone::tests::css_class_mapping
        PASS [   0.003s] ( 364/4427) fleet-ui badge::tone::tests::default_tone_is_neutral
        PASS [   0.003s] ( 365/4427) fleet-ui button::variant::tests::btn_class_composition
        PASS [   0.004s] ( 366/4427) fleet-ui button::variant::tests::size_suffix_mapping
        PASS [   0.004s] ( 367/4427) fleet-ui button::variant::tests::css_class_mapping
        PASS [   0.004s] ( 368/4427) fleet-ui command_palette::tests::chord_modifier_and_editor_matrix
        PASS [   0.004s] ( 369/4427) fleet-ui command_palette::tests::chord_rejects_altered_consumed_repeated_and_composing_events
        PASS [   0.003s] ( 370/4427) fleet-ui command_palette::tests::commands_from_deduplicates_exact_paths_first_wins
        PASS [   0.004s] ( 371/4427) fleet-ui command_palette::tests::current_affix_requires_exact_pathname
        PASS [   0.004s] ( 372/4427) fleet-ui command_palette::tests::editable_input_table_excludes_non_text_disabled_and_read_only_controls
        PASS [   0.004s] ( 373/4427) fleet-ui command_palette::tests::empty_inventory_has_no_trigger_chord_or_selection
        PASS [   0.003s] ( 374/4427) fleet-ui command_palette::tests::filter_preserves_order_paths_and_original_option_ids
        PASS [   0.003s] ( 375/4427) fleet-ui command_palette::tests::filter_requires_every_token_across_label_or_path
        PASS [   0.004s] ( 376/4427) fleet-ui command_palette::tests::platform_table_drives_primary_hint_aria_and_macos_classification
        PASS [   0.004s] ( 377/4427) fleet-ui command_palette::tests::selection_resets_on_filter_changes_and_reopen
        PASS [   0.003s] ( 378/4427) fleet-ui copy_button::tests::copy_success_fires_a_copied_toast
        PASS [   0.004s] ( 379/4427) fleet-ui copy_button::tests::copy_failure_fires_an_error_toast_carrying_the_reason
        PASS [   0.004s] ( 380/4427) fleet-ui load_more::tests::empty_wins_over_everything
        PASS [   0.003s] ( 381/4427) fleet-ui load_more::tests::exhausted_cursor_is_the_end_state
        PASS [   0.004s] ( 382/4427) fleet-ui load_more::tests::live_cursor_renders_the_button_with_busy_disable
        PASS [   0.003s] ( 383/4427) fleet-ui loaded::state::tests::canonical_copy_strings
        PASS [   0.003s] ( 384/4427) fleet-ui loaded::state::tests::from_parts_prioritizes_error_then_loading_then_ready
        PASS [   0.004s] ( 385/4427) fleet-ui loaded::state::tests::from_resource_maps_the_three_states
        PASS [   0.004s] ( 386/4427) fleet-ui loaded::state::tests::from_resource_with_customizes_error_copy
        PASS [   0.003s] ( 387/4427) fleet-ui loaded::state::tests::from_resource_with_missing_classifies_the_four_states
        PASS [   0.004s] ( 388/4427) fleet-ui loaded::state::tests::missing_copy_strings
        PASS [   0.003s] ( 389/4427) fleet-ui login::validate::tests::empty_key_rejected
        PASS [   0.004s] ( 390/4427) fleet-ui login::validate::tests::external_shown_when_no_local_error
        PASS [   0.003s] ( 391/4427) fleet-ui login::validate::tests::none_when_neither_error_present
        PASS [   0.004s] ( 392/4427) fleet-ui login::validate::tests::local_error_wins_over_external
        PASS [   0.004s] ( 393/4427) fleet-ui login::validate::tests::valid_key_passes
        PASS [   0.003s] ( 394/4427) fleet-ui login::validate::tests::whitespace_only_key_rejected
        PASS [   0.003s] ( 395/4427) fleet-ui menu::tests::every_keyboard_cause_restores_the_trigger_and_an_outside_press_does_not
        PASS [   0.004s] ( 396/4427) fleet-ui modal::confirm_state::tests::cancel_closes_and_drops
        PASS [   0.003s] ( 397/4427) fleet-ui modal::confirm_state::tests::take_confirms_exactly_once
        PASS [   0.004s] ( 398/4427) fleet-ui modal::confirm_state::tests::starts_closed
        PASS [   0.004s] ( 399/4427) fleet-ui modal::confirm_state::tests::request_opens_and_exposes_the_payload
        PASS [   0.004s] ( 400/4427) fleet-ui overlay::tests::a_disconnected_opener_is_not_refocused
        PASS [   0.004s] ( 401/4427) fleet-ui overlay::tests::a_single_focusable_wraps_to_itself_both_directions
        PASS [   0.004s] ( 402/4427) fleet-ui overlay::tests::boxed_candidates_are_rendered
        PASS [   0.004s] ( 403/4427) fleet-ui overlay::tests::command_palette_has_layers_tracks_full_overlay_lifecycle
        PASS [   0.003s] ( 404/4427) fleet-ui overlay::tests::display_none_candidates_are_not_rendered
        PASS [   0.003s] ( 405/4427) fleet-ui overlay::tests::drawer_alone_owns_focus_but_does_not_trap
        PASS [   0.003s] ( 406/4427) fleet-ui overlay::tests::focus_pos_empty_wins_over_every_other_bit
        PASS [   0.004s] ( 407/4427) fleet-ui overlay::tests::focus_pos_escaped_focus_is_outside_before_edges
        PASS [   0.003s] ( 408/4427) fleet-ui overlay::tests::initial_focus_falls_back_to_the_panel_when_empty
        PASS [   0.004s] ( 409/4427) fleet-ui overlay::tests::focus_pos_maps_the_inside_edge_pairs
        PASS [   0.003s] ( 410/4427) fleet-ui overlay::tests::initial_focus_prefers_the_first_focusable
        PASS [   0.004s] ( 411/4427) fleet-ui overlay::tests::focusable_selector_excludes_negative_tabindex_on_every_arm
        PASS [   0.003s] ( 412/4427) fleet-ui overlay::tests::menu_under_modal_yields_escape_to_the_modal_only
        PASS [   0.004s] ( 413/4427) fleet-ui overlay::tests::modal_over_drawer_takes_ownership_and_hands_it_back
        PASS [   0.003s] ( 414/4427) fleet-ui overlay::tests::none_layer_above_trap_keeps_the_trap
        PASS [   0.004s] ( 415/4427) fleet-ui overlay::tests::none_policy_layers_never_own_focus
        PASS [   0.004s] ( 416/4427) fleet-ui overlay::tests::none_policy_never_restores
        PASS [   0.004s] ( 417/4427) fleet-ui overlay::tests::owner_with_a_connected_opener_restores
        PASS [   0.004s] ( 418/4427) fleet-ui overlay::tests::ownership_transitions_track_release_and_re_expose
        PASS [   0.004s] ( 419/4427) fleet-ui overlay::tests::release_is_idempotent_and_order_independent
        PASS [   0.003s] ( 420/4427) fleet-ui overlay::tests::tab_forward_at_last_wraps_to_first
        PASS [   0.004s] ( 421/4427) fleet-ui overlay::tests::shadowed_layer_does_not_restore
        PASS [   0.004s] ( 422/4427) fleet-ui overlay::tests::tab_backward_at_first_wraps_to_last
        PASS [   0.004s] ( 423/4427) fleet-ui overlay::tests::tab_in_an_empty_panel_parks_on_the_panel
        PASS [   0.004s] ( 424/4427) fleet-ui overlay::tests::tab_in_the_interior_passes_through
        PASS [   0.003s] ( 425/4427) fleet-ui overlay::tests::tab_recaptures_focus_that_escaped_the_panel
        PASS [   0.003s] ( 426/4427) fleet-ui overlay::tests::tab_toward_the_far_edge_passes_through
        PASS [   0.004s] ( 427/4427) fleet-ui overlay::tests::topmost_is_last_pushed
        PASS [   0.004s] ( 428/4427) fleet-ui overlay::tests::zero_box_but_rect_bearing_candidates_stay_tabbable
        PASS [   0.003s] ( 429/4427) fleet-ui page_window::tests::page_window_busy_disables_both_directions
        PASS [   0.004s] ( 430/4427) fleet-ui page_window::tests::page_window_checked_arithmetic_at_usize_limits
        PASS [   0.003s] ( 431/4427) fleet-ui page_window::tests::page_window_known_boundaries
        PASS [   0.004s] ( 432/4427) fleet-ui page_window::tests::page_window_probe_keeps_empty_page
        PASS [   0.003s] ( 433/4427) fleet-ui range_dialog::tests::range_input_ids_are_unique_between_instances_and_controls
        PASS [   0.004s] ( 434/4427) fleet-ui roving::tests::a_single_item_navigates_to_itself
        PASS [   0.004s] ( 435/4427) fleet-ui roving::tests::a_known_tab_id_selects_its_own_tab
        PASS [   0.003s] ( 436/4427) fleet-ui roving::tests::an_empty_or_out_of_range_widget_has_nowhere_to_go
        PASS [   0.004s] ( 437/4427) fleet-ui roving::tests::a_strip_with_no_tabs_selects_nothing
        PASS [   0.004s] ( 438/4427) fleet-ui roving::tests::an_id_matching_no_tab_selects_the_first_one
        PASS [   0.004s] ( 439/4427) fleet-ui roving::tests::first_and_last_reach_the_endpoints_from_anywhere
        PASS [   0.003s] ( 440/4427) fleet-ui roving::tests::horizontal_keys_map_to_their_navigations_and_nothing_else
        PASS [   0.004s] ( 441/4427) fleet-ui roving::tests::next_and_prev_wrap_at_both_ends
        PASS [   0.003s] ( 442/4427) fleet-ui roving::tests::the_two_key_maps_share_only_the_endpoints
        PASS [   0.003s] ( 443/4427) fleet-ui roving::tests::vertical_keys_map_to_their_navigations_and_nothing_else
        PASS [   0.003s] ( 444/4427) fleet-ui segmented::class::tests::full_adds_seg_full_across_scales
        PASS [   0.003s] ( 445/4427) fleet-ui segmented::class::tests::option_new_sets_id_and_label
        PASS [   0.004s] ( 446/4427) fleet-ui segmented::class::tests::base_class_for_default_scale
        PASS [   0.003s] ( 447/4427) fleet-ui segmented::class::tests::sm_and_xs_both_render_as_seg_sm
        PASS [   0.003s] ( 448/4427) fleet-ui sparkline::geometry::tests::all_zero_series_draws_a_flat_bottom_line
        PASS [   0.004s] ( 449/4427) fleet-ui sparkline::geometry::tests::all_equal_series_draws_a_flat_top_line
        PASS [   0.003s] ( 450/4427) fleet-ui sparkline::geometry::tests::degenerate_inputs_yield_none
        PASS [   0.003s] ( 451/4427) fleet-ui sparkline::geometry::tests::scaling_is_monotonic_and_x_spans_the_width
        PASS [   0.004s] ( 452/4427) fleet-ui sparkline::geometry::tests::fill_closes_the_polygon_along_the_baseline
        PASS [   0.004s] ( 453/4427) fleet-ui status_dot::tone::tests::css_suffix_mapping
        PASS [   0.004s] ( 454/4427) fleet-ui status_dot::tone::tests::default_tone_is_neutral
        PASS [   0.004s] ( 455/4427) fleet-ui status_dot::tone::tests::dot_class_composition
        PASS [   0.003s] ( 456/4427) fleet-ui theme::prefs::tests::parse_stored_empty_object_returns_defaults
        PASS [   0.004s] ( 457/4427) fleet-ui theme::prefs::tests::parse_error_carries_offending_input
        PASS [   0.003s] ( 458/4427) fleet-ui theme::prefs::tests::parse_stored_full_payload_round_trips
        PASS [   0.003s] ( 459/4427) fleet-ui theme::prefs::tests::parse_stored_malformed_json_returns_defaults_with_warning
        PASS [   0.004s] ( 460/4427) fleet-ui theme::prefs::tests::parse_stored_ignores_retired_density_field
        PASS [   0.004s] ( 461/4427) fleet-ui theme::prefs::tests::parse_stored_unknown_variant_preserves_other_fields
        PASS [   0.003s] ( 462/4427) fleet-ui theme::prefs::tests::parse_stored_unknown_variant_warns_and_keeps_default
        PASS [   0.003s] ( 463/4427) fleet-ui theme::prefs::tests::parse_stored_wrong_field_type_silently_keeps_default
        PASS [   0.004s] ( 464/4427) fleet-ui theme::prefs::tests::rowstyle_round_trips
        PASS [   0.003s] ( 465/4427) fleet-ui theme::prefs::tests::theme_round_trips
        PASS [   0.004s] ( 466/4427) fleet-ui time::tests::calendar_fallback_beyond_week
        PASS [   0.003s] ( 467/4427) fleet-ui time::tests::format_duration_contract
        PASS [   0.004s] ( 468/4427) fleet-ui time::tests::days_bucket
        PASS [   0.003s] ( 469/4427) fleet-ui time::tests::future_clock_skew_is_just_now
        PASS [   0.004s] ( 470/4427) fleet-ui time::tests::hours_bucket
        PASS [   0.003s] ( 471/4427) fleet-ui time::tests::just_now_under_minute
        PASS [   0.003s] ( 472/4427) fleet-ui time::tests::malformed_input_passthrough
        PASS [   0.003s] ( 473/4427) fleet-ui time::tests::minutes_bucket
        PASS [   0.004s] ( 474/4427) fleet-ui time::tests::parse_timestamp_duckdb_no_frac
        PASS [   0.003s] ( 475/4427) fleet-ui time::tests::parse_timestamp_duckdb_with_frac
        PASS [   0.003s] ( 476/4427) fleet-ui time::tests::parse_timestamp_rfc3339
        PASS [   0.004s] ( 477/4427) fleet-ui time::tests::parse_timestamp_garbage_returns_none
        PASS [   0.003s] ( 478/4427) fleet-ui time::tests::parse_timestamp_rfc3339_with_offset
        PASS [   0.003s] ( 479/4427) fleet-ui time::tests::time_until_future
        PASS [   0.003s] ( 480/4427) fleet-ui time::tests::time_until_past_is_overdue
        PASS [   0.004s] ( 481/4427) fleet-ui time::tests::time_until_exact_now_is_overdue
        PASS [   0.003s] ( 482/4427) fleet-ui toast::stack::tests::dismiss_removes_only_the_named_toast_and_ids_never_reuse
        PASS [   0.004s] ( 483/4427) fleet-ui toast::stack::tests::dismiss_unknown_id_is_a_noop
        PASS [   0.003s] ( 484/4427) fleet-ui toast::stack::tests::ids_are_monotonic_and_unique
        PASS [   0.003s] ( 485/4427) fleet-ui toast::stack::tests::success_then_error_are_both_live
        PASS [   0.003s] ( 486/4427) fleet-ui::atmosphere_palette_parity atmosphere_geometry_is_pinned
        PASS [   0.004s] ( 487/4427) fleet-ui::atmosphere_palette_parity atmosphere_css_floor_is_var_only
        PASS [   0.004s] ( 488/4427) fleet-ui::atmosphere_palette_parity dark_palette_carries_the_css_dark_accent
        PASS [   0.003s] ( 489/4427) fleet-ui::atmosphere_palette_parity light_palette_carries_the_css_light_accent
        PASS [   0.003s] ( 490/4427) fleet-ui::atmosphere_vendor_contract atmosphere_vendor_contract_dispose_removes_the_parent_style_marker
        PASS [   0.003s] ( 491/4427) fleet-ui::atmosphere_vendor_contract banner_version_matches_the_package_json_pin
        PASS [   0.005s] ( 492/4427) fleet-ui::atmosphere_palette_parity html_selector_declares_no_background
        PASS [   0.004s] ( 493/4427) fleet-ui::atmosphere_vendor_contract bundle_carries_the_apache_attribution_banner
        PASS [   0.004s] ( 494/4427) fleet-ui::atmosphere_vendor_contract bundle_exports_the_wrapper_api
        PASS [   0.003s] ( 495/4427) fleet-ui::atmosphere_vendor_contract bundle_is_a_self_contained_esm_module
        PASS [   0.003s] ( 496/4427) fleet-ui::atmosphere_vendor_contract palette_shader_is_a_catalog_key
        PASS [   0.003s] ( 497/4427) fleet-ui::atmosphere_vendor_contract interop_path_agrees_with_the_vendored_filename
        PASS [   0.003s] ( 498/4427) fleet-ui::atmosphere_vendor_contract the_snippet_binding_stays_behind_the_default_off_atmosphere_feature
        PASS [   0.004s] ( 499/4427) fleet-ui::component_class_contract actions_menu_emits_its_hooks_and_registers_with_the_overlay_stack
        PASS [   0.003s] ( 500/4427) fleet-ui::component_class_contract atmosphere_disposes_its_shader_mount_on_cleanup
        PASS [   0.003s] ( 501/4427) fleet-ui::component_class_contract atmosphere_emits_its_hook_and_is_hidden_from_the_accessibility_tree
        PASS [   0.004s] ( 502/4427) fleet-ui::component_class_contract badge_emits_the_bdg_class_and_not_the_rail_chip_class
        PASS [   0.005s] ( 503/4427) fleet-ui::component_class_contract command_palette_class_hooks_have_viewport_and_control_styles
        PASS [   0.005s] ( 504/4427) fleet-ui::component_class_contract command_palette_dialog_uses_trap_combobox_and_real_router_options
        PASS [   0.004s] ( 505/4427) fleet-ui::component_class_contract command_palette_shell_gates_chords_and_retains_anchors_through_dispatch
        PASS [   0.004s] ( 506/4427) fleet-ui::component_class_contract command_palette_trigger_is_a_live_native_button
        PASS [   0.003s] ( 507/4427) fleet-ui::component_class_contract copy_button_reports_through_the_shared_toast_bus
        PASS [   0.005s] ( 508/4427) fleet-ui::component_class_contract confirm_reason_emits_field_and_reason_input
        PASS [   0.004s] ( 509/4427) fleet-ui::component_class_contract drawer_and_tabs_meta_is_reactive
        PASS [   0.004s] ( 510/4427) fleet-ui::component_class_contract drawer_emits_the_sd_shell_hooks_its_css_styles
        PASS [   0.003s] ( 511/4427) fleet-ui::component_class_contract error_banner_emits_error_class_with_alert_role
        PASS [   0.003s] ( 512/4427) fleet-ui::component_class_contract icon_ships_the_slice_d_glyphs_and_the_crate_doc_is_honest
        PASS [   0.004s] ( 513/4427) fleet-ui::component_class_contract drawer_is_an_honest_non_modal_dialog
        PASS [   0.003s] ( 514/4427) fleet-ui::component_class_contract kbd_emits_both_chip_treatments
        PASS [   0.004s] ( 515/4427) fleet-ui::component_class_contract load_more_emits_its_hooks_and_the_canonical_busy_label
        PASS [   0.003s] ( 516/4427) fleet-ui::component_class_contract loaded_emits_the_tri_state_hint_hooks
        PASS [   0.004s] ( 517/4427) fleet-ui::component_class_contract markup_only_hides_prose_and_keeps_markup
        PASS [   0.003s] ( 518/4427) fleet-ui::component_class_contract modal_family_traps_focus_and_keeps_aria_modal
        PASS [   0.004s] ( 519/4427) fleet-ui::component_class_contract modal_shell_emits_the_hooks_its_css_styles
        PASS [   0.005s] ( 520/4427) fleet-ui::component_class_contract modal_close_toast_dismiss_and_bare_copy_are_native_buttons
        PASS [   0.004s] ( 521/4427) fleet-ui::component_class_contract pager_emits_the_results_footer_family
        PASS [   0.003s] ( 522/4427) fleet-ui::component_class_contract range_scrim_scan_counts_paired_tags_and_duplicate_dismissers
        PASS [   0.004s] ( 523/4427) fleet-ui::component_class_contract range_scrim_is_exactly_one_mousedown_dismisser
        PASS [   0.005s] ( 524/4427) fleet-ui::component_class_contract range_control_owns_its_markup_and_styles
        PASS [   0.003s] ( 525/4427) fleet-ui::component_class_contract search_input_emits_the_inp_wrap_hook
        PASS [   0.004s] ( 526/4427) fleet-ui::component_class_contract segmented_emits_one_strip_family_with_a_single_active_treatment
        PASS [   0.003s] ( 527/4427) fleet-ui::component_class_contract sparkline_emits_the_spark_class
        PASS [   0.004s] ( 528/4427) fleet-ui::component_class_contract status_dot_emits_the_status_dot_class
        PASS [   0.003s] ( 529/4427) fleet-ui::component_class_contract tabs_emits_both_strip_families_with_distinct_active_idioms
        PASS [   0.004s] ( 530/4427) fleet-ui::component_class_contract tabs_render_a_named_tablist
        PASS [   0.003s] ( 531/4427) fleet-ui::component_class_contract toggle_emits_the_switch_hooks
        PASS [   0.004s] ( 532/4427) fleet-ui::component_class_contract the_menu_contract_is_shared_and_walks_by_index
        PASS [   0.005s] ( 533/4427) fleet-ui::component_class_contract topbar_menu_is_native_and_registers_with_the_stack
        PASS [   0.004s] ( 534/4427) fleet-ui::css_chrome_parity btn_size_classes_shipped_with_crate
        PASS [   0.004s] ( 535/4427) fleet-ui::css_chrome_parity chrome_keyframes_present
        PASS [   0.005s] ( 536/4427) fleet-ui::component_class_contract when_renders_both_modes_off_the_shared_clock
        PASS [   0.004s] ( 537/4427) fleet-ui::css_chrome_parity dark_outline_hover_is_a_backdrop_independent_lift
        PASS [   0.004s] ( 538/4427) fleet-ui::css_chrome_parity control_fills_route_through_the_per_theme_token
        PASS [   0.004s] ( 539/4427) fleet-ui::css_chrome_parity drawer_shell_classes_shipped_with_crate
        PASS [   0.004s] ( 540/4427) fleet-ui::css_chrome_parity login_error_spacing_preserved
        PASS [   0.004s] ( 541/4427) fleet-ui::css_chrome_parity login_shell_declares_no_background
        PASS [   0.004s] ( 542/4427) fleet-ui::css_chrome_parity mira_blue_button_recipes_pinned
        PASS [   0.004s] ( 543/4427) fleet-ui::css_chrome_parity mira_blue_tokens_declared
        PASS [   0.004s] ( 544/4427) fleet-ui::css_chrome_parity modal_family_classes_shipped_with_crate
        PASS [   0.004s] ( 545/4427) fleet-ui::css_chrome_parity rail_items_suppress_anchor_underline
        PASS [   0.004s] ( 546/4427) fleet-ui::css_chrome_parity native_control_rules_carry_the_button_reset
        PASS [   0.005s] ( 547/4427) fleet-ui::css_chrome_parity mode_tabs_suppress_anchor_underline
        PASS [   0.005s] ( 548/4427) fleet-ui::css_chrome_parity moved_chrome_is_byte_identical_to_premigration
        PASS [   0.004s] ( 549/4427) fleet-ui::css_chrome_parity shell_grid_has_auto_footer_row
        PASS [   0.004s] ( 550/4427) fleet-ui::css_chrome_parity tab_strip_families_stay_distinct
        PASS [   0.004s] ( 551/4427) fleet-ui::css_chrome_parity the_tablist_is_a_flex_row_inside_each_strip
        PASS [   0.004s] ( 552/4427) fleet-ui::css_chrome_parity the_focus_ring_reaches_anchors
        PASS [   0.004s] ( 553/4427) fleet-ui::font_assets_contract both_trunk_distributions_copy_the_fleet_owned_font_directory
        PASS [   0.004s] ( 554/4427) fleet-ui::font_assets_contract runtime_surfaces_have_no_google_font_dependency_or_allowance
        PASS [   0.006s] ( 555/4427) fleet-ui::css_range_parity range_rules_match_the_documented_capture
        PASS [   0.004s] ( 556/4427) fleet-ui::toast_kind_native toast_kind_css_class_mapping
        PASS [   0.004s] ( 557/4427) fleet-ui::font_assets_contract stylesheet_declares_the_two_local_variable_faces
        PASS [   0.004s] ( 558/4427) fleet-ui::toast_kind_native toast_kind_is_native_and_copy
        PASS [   0.007s] ( 559/4427) fleet-ui::font_assets_contract committed_assets_carry_source_checksum_and_ofl_evidence
        PASS [   0.004s] ( 560/4427) trawl-admin::bin/trawl-admin tests::cli_parses
        PASS [   0.005s] ( 561/4427) trawl-admin::bin/trawl-admin tests::db_flag_is_gone
        PASS [   0.004s] ( 562/4427) trawl-api display::tests::downsample_empty_or_zero_target
        PASS [   0.004s] ( 563/4427) trawl-admin::bin/trawl-admin tests::keys_subcommand_is_gone
        PASS [   0.004s] ( 564/4427) trawl-api display::tests::downsample_noop_when_within_target
        PASS [   0.003s] ( 565/4427) trawl-api display::tests::downsample_preserves_peaks
        PASS [   0.004s] ( 566/4427) trawl-api display::tests::extract_series_caps_to_top_6
        PASS [   0.007s] ( 567/4427) trawl-admin::bin/trawl-admin tests::tls_generate_still_parses
        PASS [   0.004s] ( 568/4427) trawl-api display::tests::extract_series_multi_agg
        PASS [   0.004s] ( 569/4427) trawl-api display::tests::extract_series_group_by_still_works
        PASS [   0.004s] ( 570/4427) trawl-api display::tests::extract_series_multi_agg_capped
        PASS [   0.004s] ( 571/4427) trawl-api display::tests::extract_series_multi_agg_three_cols
        PASS [   0.004s] ( 572/4427) trawl-api display::tests::extract_series_multi_series
        PASS [   0.004s] ( 573/4427) trawl-api display::tests::extract_series_single_series
        PASS [   0.004s] ( 574/4427) trawl-api display::tests::is_timechart_result_detects_time_column
        PASS [   0.004s] ( 575/4427) trawl-api display::tests::value_to_string_renders_all_variants
        PASS [   0.004s] ( 576/4427) trawl-api tests::a_healthy_field_serialises_without_the_new_keys
        PASS [   0.003s] ( 577/4427) trawl-api tests::an_unacknowledged_field_carries_no_ack_key
        PASS [   0.003s] ( 578/4427) trawl-api tests::catalog_conflicts_response_roundtrip
        PASS [   0.004s] ( 579/4427) trawl-api tests::catalog_fields_response_roundtrip
        PASS [   0.004s] ( 580/4427) trawl-api tests::catalog_field_response_roundtrip
        PASS [   0.003s] ( 581/4427) trawl-api tests::dashboard_snapshot_roundtrip
        PASS [   0.004s] ( 582/4427) trawl-api tests::error_code_serializes_snake_case
        PASS [   0.004s] ( 583/4427) trawl-api tests::error_envelope_simple_omits_empty_details
        PASS [   0.004s] ( 584/4427) trawl-api tests::error_envelope_with_details_roundtrip
        PASS [   0.003s] ( 585/4427) trawl-api tests::export_format_roundtrip
        PASS [   0.004s] ( 586/4427) trawl-api tests::error_response_roundtrip
        PASS [   0.004s] ( 587/4427) trawl-api tests::export_format_display
        PASS [   0.004s] ( 588/4427) trawl-api tests::health_response_with_checks_roundtrip
        PASS [   0.004s] ( 589/4427) trawl-api tests::health_response_format
        PASS [   0.004s] ( 590/4427) trawl-api tests::health_response_without_checks_deserializes
        PASS [   0.004s] ( 591/4427) trawl-api tests::health_status_roundtrip
        PASS [   0.004s] ( 592/4427) trawl-api tests::health_status_variants_roundtrip
        PASS [   0.004s] ( 593/4427) trawl-api tests::history_entry_uses_query_status
        PASS [   0.004s] ( 594/4427) trawl-api tests::ingest_response_no_errors_omits_fields
        PASS [   0.004s] ( 595/4427) trawl-api tests::ingest_response_with_errors_roundtrip
        PASS [   0.004s] ( 596/4427) trawl-api tests::principal_kind_wire_format_is_lowercase
        PASS [   0.004s] ( 597/4427) trawl-api tests::query_request_defaults
        PASS [   0.004s] ( 598/4427) trawl-api tests::query_request_roundtrip
        PASS [   0.004s] ( 599/4427) trawl-api tests::query_status_serializes_lowercase
        PASS [   0.004s] ( 600/4427) trawl-api tests::query_status_roundtrip
        PASS [   0.004s] ( 601/4427) trawl-api tests::repin_ceilings_are_absent_unless_the_request_states_them
        PASS [   0.004s] ( 602/4427) trawl-api tests::service_schema_degraded_fields_defaults_and_omits
        PASS [   0.004s] ( 603/4427) trawl-api tests::repin_job_reports_requested_and_accepted_ceilings
        PASS [   0.004s] ( 604/4427) trawl-api tests::retained_counts_are_required_and_roundtrip
        PASS [   0.004s] ( 605/4427) trawl-api tests::service_schema_response_empty_omits_optional
        PASS [   0.004s] ( 606/4427) trawl-api tests::service_schema_response_roundtrip
        PASS [   0.004s] ( 607/4427) trawl-api tests::service_schema_wire_keys_are_pinned
        PASS [   0.004s] ( 608/4427) trawl-api tests::whoami_multi_role_roundtrip
        PASS [   0.004s] ( 609/4427) trawl-api tests::successful_ingest_omits_zero_rejections
        PASS [   0.004s] ( 610/4427) trawl-api tests::whoami_roundtrip
        PASS [   0.004s] ( 611/4427) trawl-api value::tests::field_display_rank_orders_envelope_custom_trailing
        PASS [   0.003s] ( 612/4427) trawl-api value::tests::reorder_columns_moves_well_known_first
        PASS [   0.004s] ( 613/4427) trawl-api value::tests::reorder_columns_empty_result
        PASS [   0.004s] ( 614/4427) trawl-api value::tests::reorder_columns_noop_when_already_ordered
        PASS [   0.003s] ( 615/4427) trawl-api value::tests::reorder_log_columns_demotes_trailing
        PASS [   0.004s] ( 616/4427) trawl-api value::tests::reorder_columns_skips_missing_fields
        PASS [   0.012s] ( 617/4427) trawl-cli arg_tests::ack_note_and_clear_are_mutually_exclusive
        PASS [   0.012s] ( 618/4427) trawl-cli arg_tests::the_command_tree_is_well_formed
        PASS [   0.012s] ( 619/4427) trawl-cli arg_tests::repin_ceiling_flags_parse
        PASS [   0.010s] ( 620/4427) trawl-cli cli::tests::csv_at_sign_prefixed
        PASS [   0.012s] ( 621/4427) trawl-cli cli::tests::a_declared_severity_column_displays_its_token_in_the_table_only
        PASS [   0.011s] ( 622/4427) trawl-cli cli::tests::csv_formula_string_prefixed
        PASS [   0.010s] ( 623/4427) trawl-cli cli::tests::csv_negative_number_not_prefixed
        PASS [   0.010s] ( 624/4427) trawl-cli cli::tests::csv_null_empty
        PASS [   0.011s] ( 625/4427) trawl-cli cli::tests::csv_negative_float_not_prefixed
        PASS [   0.011s] ( 626/4427) trawl-cli cli::tests::csv_pipe_prefixed
        PASS [   0.010s] ( 627/4427) trawl-cli cli::tests::csv_string_with_comma
        PASS [   0.010s] ( 628/4427) trawl-cli cli::tests::csv_string_with_quotes
        PASS [   0.008s] ( 629/4427) trawl-cli cli::tests::parquet_format_without_output_flag_errors
        PASS [   0.011s] ( 630/4427) trawl-cli cli::tests::csv_tab_prefixed
        PASS [   0.009s] ( 631/4427) trawl-cli cli::tests::the_daemon_note_reaches_the_terminal_and_never_the_deliverable
        PASS [   0.011s] ( 632/4427) trawl-cli cli::tests::the_degraded_footer_is_table_only
        PASS [   0.010s] ( 633/4427) trawl-cli cli::tests::the_embedded_lane_declares_sev_columns_without_a_catalog
        PASS [   0.010s] ( 634/4427) trawl-cli config::tests::apply_overrides_updates_config
        PASS [   0.011s] ( 635/4427) trawl-cli cli::tests::the_severity_column_displays_its_token_in_the_table_only
        PASS [   0.011s] ( 636/4427) trawl-cli config::tests::config_token_is_trimmed
        PASS [   0.011s] ( 637/4427) trawl-cli config::tests::config_token_used_when_no_direct_token
        PASS [   0.011s] ( 638/4427) trawl-cli config::tests::default_config_has_expected_values
        PASS [   0.011s] ( 639/4427) trawl-cli config::tests::direct_token_overrides_config_token
        PASS [   0.010s] ( 640/4427) trawl-cli config::tests::minimal_toml_deserializes_with_defaults
        PASS [   0.037s] ( 641/4427) trawl-cli cli::tests::embedded_data_glob_still_selects_local_parquet_files
        PASS [   0.037s] ( 642/4427) trawl-cli cli::tests::embedded_parquet_export_without_limit_roundtrips
        PASS [   0.010s] ( 643/4427) trawl-cli config::tests::no_token_returns_error
        PASS [   0.009s] ( 644/4427) trawl-cli config::tests::profile_insecure_override
        PASS [   0.011s] ( 645/4427) trawl-cli config::tests::partial_overrides_preserve_defaults
        PASS [   0.011s] ( 646/4427) trawl-cli config::tests::partial_profile_preserves_base
        PASS [   0.010s] ( 647/4427) trawl-cli config::tests::profile_overlays_server_config
        PASS [   0.010s] ( 648/4427) trawl-cli config::tests::profile_token_overrides_base_token
        PASS [   0.010s] ( 649/4427) trawl-cli config::tests::profiles_toml_round_trips
        PASS [   0.009s] ( 650/4427) trawl-cli config::tests::unknown_profile_with_no_profiles
        PASS [   0.009s] ( 651/4427) trawl-cli config::tests::toml_serialization_round_trips
        PASS [   0.011s] ( 652/4427) trawl-cli config::tests::unknown_profile_returns_error
        PASS [   0.010s] ( 653/4427) trawl-cli schema::ack_tests::a_hostile_note_is_sanitised_before_it_reaches_the_terminal
        PASS [   0.011s] ( 654/4427) trawl-cli schema::ack_tests::the_ack_renders_as_one_record_in_every_format
        PASS [   0.009s] ( 655/4427) trawl-cli schema::ack_tests::the_table_field_cell_sanitises_and_the_machine_cell_does_not
        PASS [   0.009s] ( 656/4427) trawl-cli schema::gc_tests::candidate_rows_carry_every_column
        PASS [   0.010s] ( 657/4427) trawl-cli schema::gc_tests::an_executed_run_reports_the_servers_deleted_count
        PASS [   0.010s] ( 658/4427) trawl-cli schema::gc_tests::csv_output_is_one_rectangle
        PASS [   0.010s] ( 659/4427) trawl-cli schema::gc_tests::human_secs_uses_whole_units_only
        PASS [   0.008s] ( 660/4427) trawl-cli schema::gc_tests::older_than_takes_the_last_window_grammar
        PASS [   0.011s] ( 661/4427) trawl-cli schema::gc_tests::json_output_is_one_record_per_candidate
        PASS [   0.010s] ( 662/4427) trawl-cli schema::gc_tests::table_output_carries_the_window_provenance_and_the_count
        PASS [   0.010s] ( 663/4427) trawl-cli schema::gc_tests::the_floor_line_says_whether_it_applied
        PASS [   0.010s] ( 664/4427) trawl-cli schema::repin_tests::a_cancel_receipt_renders_its_verdict_in_every_format
        PASS [   0.010s] ( 665/4427) trawl-cli schema::repin_tests::a_cancelled_job_row_names_the_asker
        PASS [   0.011s] ( 666/4427) trawl-cli schema::repin_tests::a_forced_refusal_is_labelled_by_its_ceilings_not_by_the_flag
        PASS [   0.009s] ( 667/4427) trawl-cli schema::repin_tests::a_refusal_names_the_remedy_the_operator_has_not_tried
        PASS [   0.011s] ( 668/4427) trawl-cli schema::repin_tests::a_forced_run_binds_stated_ceilings_and_previews_for_the_rest
        PASS [   0.012s] ( 669/4427) trawl-cli schema::repin_tests::a_successor_job_on_the_status_surface_is_not_an_answer
        PASS [   0.010s] ( 670/4427) trawl-cli schema::repin_tests::dialect_applies_to_a_severity_target_only
        PASS [   0.010s] ( 671/4427) trawl-cli schema::repin_tests::only_a_finished_repin_exits_zero
        PASS [   0.011s] ( 672/4427) trawl-cli schema::repin_tests::non_tty_execute_without_yes_refuses
        PASS [   0.010s] ( 673/4427) trawl-cli schema::repin_tests::the_case_file_and_the_row_report_the_accepted_ceilings
        PASS [   0.012s] ( 674/4427) trawl-cli schema::repin_tests::repin_job_renders_in_table_json_and_csv
        PASS [   0.010s] ( 675/4427) trawl-cli schema::repin_tests::the_header_verdict_follows_the_terminal_row
        PASS [   0.011s] ( 676/4427) trawl-cli schema::repin_tests::the_dry_run_transcript_shows_the_plan_the_evidence_and_the_verdict
        PASS [   0.010s] ( 677/4427) trawl-cli schema::repin_tests::the_repin_case_file_states_the_evidence_and_the_discontinuity
        PASS [   0.011s] ( 678/4427) trawl-cli schema::repin_tests::the_preview_restates_both_accepted_ceilings_or_neither
        PASS [   0.010s] ( 679/4427) trawl-cli schema::repin_tests::the_repin_row_carries_the_evidence_in_every_machine_format
        PASS [   0.011s] ( 680/4427) trawl-cli schema::tests::a_flag_shaped_field_name_gets_no_command
        PASS [   0.010s] ( 681/4427) trawl-cli schema::tests::a_name_that_cannot_be_printed_gets_no_command
        PASS [   0.009s] ( 682/4427) trawl-cli schema::tests::a_window_error_names_the_option_that_failed
        PASS [   0.010s] ( 683/4427) trawl-cli schema::tests::conflicts_converter_orders_columns
        PASS [   0.009s] ( 684/4427) trawl-cli schema::tests::field_detail_converters_split_services_and_conflicts
        PASS [   0.011s] ( 685/4427) trawl-cli schema::tests::fields_converter_maps_every_aggregate
        PASS [   0.010s] ( 686/4427) trawl-cli schema::tests::parse_last_understands_dsl_units
        PASS [   0.011s] ( 687/4427) trawl-cli schema::tests::fields_to_rows_carries_the_degraded_flag
        PASS [   0.010s] ( 688/4427) trawl-cli schema::tests::seeded_responses_render_populated_output
        PASS [   0.008s] ( 689/4427) trawl-cli schema::tests::shell_quoting_leaves_ordinary_names_bare
        PASS [   0.011s] ( 690/4427) trawl-cli schema::tests::the_case_file_renders_facts_samples_and_the_remedy
        PASS [   0.010s] ( 691/4427) trawl-cli schema::tests::the_remedy_line_quotes_a_hostile_field_name
        PASS [   0.010s] ( 692/4427) trawl-cli tui::autocomplete::tests::a_data_backtick_does_not_capture_the_rest_of_the_line
        PASS [   0.010s] ( 693/4427) trawl-cli tui::autocomplete::tests::byte_offset_at_line_end
        PASS [   0.011s] ( 694/4427) trawl-cli tui::autocomplete::tests::byte_offset_multiline
        PASS [   0.034s] ( 695/4427) trawl-cli schema::tests::describe_data_lists_local_parquet_columns
        PASS [   0.010s] ( 696/4427) trawl-cli tui::autocomplete::tests::byte_offset_single_line
        PASS [   0.010s] ( 697/4427) trawl-cli tui::autocomplete::tests::closed_string_not_inside
        PASS [   0.011s] ( 698/4427) trawl-cli tui::autocomplete::tests::complete_agg_function
        PASS [   0.010s] ( 699/4427) trawl-cli tui::autocomplete::tests::complete_agg_function_avg
        PASS [   0.010s] ( 700/4427) trawl-cli tui::autocomplete::tests::complete_exact_field_no_ghost_with_longer_variant
        PASS [   0.010s] ( 701/4427) trawl-cli tui::autocomplete::tests::complete_exact_match_no_ghost
        PASS [   0.010s] ( 702/4427) trawl-cli tui::autocomplete::tests::complete_field_hostname
        PASS [   0.011s] ( 703/4427) trawl-cli tui::autocomplete::tests::complete_field_after_by
        PASS [   0.011s] ( 704/4427) trawl-cli tui::autocomplete::tests::complete_field_needing_backticks_inserts_quoted
        PASS [   0.011s] ( 705/4427) trawl-cli tui::autocomplete::tests::complete_free_text_before_pipe
        PASS [   0.011s] ( 706/4427) trawl-cli tui::autocomplete::tests::complete_inside_string
        PASS [   0.010s] ( 707/4427) trawl-cli tui::autocomplete::tests::complete_mid_word_suppressed
        PASS [   0.009s] ( 708/4427) trawl-cli tui::autocomplete::tests::complete_now_zero_arg
        PASS [   0.010s] ( 709/4427) trawl-cli tui::autocomplete::tests::complete_no_match
        PASS [   0.009s] ( 710/4427) trawl-cli tui::autocomplete::tests::complete_pipe_stage
        PASS [   0.011s] ( 711/4427) trawl-cli tui::autocomplete::tests::complete_scalar_function_in_let
        PASS [   0.010s] ( 712/4427) trawl-cli tui::autocomplete::tests::complete_sort_field
        PASS [   0.009s] ( 713/4427) trawl-cli tui::autocomplete::tests::completing_an_open_quoted_name_replaces_its_opening_tick
        PASS [   0.011s] ( 714/4427) trawl-cli tui::autocomplete::tests::complete_where_stage
        PASS [   0.011s] ( 715/4427) trawl-cli tui::autocomplete::tests::completion_lengths_are_characters_not_utf8_bytes
        PASS [   0.011s] ( 716/4427) trawl-cli tui::autocomplete::tests::context_after_pipe
        PASS [   0.010s] ( 717/4427) trawl-cli tui::autocomplete::tests::context_after_pipe_with_space
        PASS [   0.010s] ( 718/4427) trawl-cli tui::autocomplete::tests::context_bare_search_text_is_none
        PASS [   0.010s] ( 719/4427) trawl-cli tui::autocomplete::tests::context_empty_prefix_is_none
        PASS [   0.011s] ( 720/4427) trawl-cli tui::autocomplete::tests::context_eventstats_agg
        PASS [   0.010s] ( 721/4427) trawl-cli tui::autocomplete::tests::context_function_arg_field
        PASS [   0.010s] ( 722/4427) trawl-cli tui::autocomplete::tests::context_inside_string_is_none
        PASS [   0.010s] ( 723/4427) trawl-cli tui::autocomplete::tests::context_let_function
        PASS [   0.010s] ( 724/4427) trawl-cli tui::autocomplete::tests::context_sort_field
        PASS [   0.010s] ( 725/4427) trawl-cli tui::autocomplete::tests::context_stats_by_field
        PASS [   0.009s] ( 726/4427) trawl-cli tui::autocomplete::tests::context_stats_function
        PASS [   0.010s] ( 727/4427) trawl-cli tui::autocomplete::tests::context_table_field
        PASS [   0.011s] ( 728/4427) trawl-cli tui::autocomplete::tests::context_timechart_agg
        PASS [   0.009s] ( 729/4427) trawl-cli tui::autocomplete::tests::context_where_field
        PASS [   0.009s] ( 730/4427) trawl-cli tui::autocomplete::tests::inside_double_quote
        PASS [   0.011s] ( 731/4427) trawl-cli tui::autocomplete::tests::inside_regex
        PASS [   0.010s] ( 732/4427) trawl-cli tui::autocomplete::tests::not_inside_string
        PASS [   0.010s] ( 733/4427) trawl-cli tui::autocomplete::tests::past_by_false
        PASS [   0.011s] ( 734/4427) trawl-cli tui::autocomplete::tests::past_by_true
        PASS [   0.011s] ( 735/4427) trawl-cli tui::autocomplete::tests::prefix_after_space
        PASS [   0.011s] ( 736/4427) trawl-cli tui::autocomplete::tests::prefix_empty_at_space
        PASS [   0.009s] ( 737/4427) trawl-cli tui::autocomplete::tests::prefix_match_exact_returns_none
        PASS [   0.011s] ( 738/4427) trawl-cli tui::autocomplete::tests::prefix_match_case_insensitive
        PASS [   0.010s] ( 739/4427) trawl-cli tui::autocomplete::tests::prefix_match_exact_suppresses_longer_variant
        PASS [   0.010s] ( 740/4427) trawl-cli tui::autocomplete::tests::prefix_match_finds_first
        PASS [   0.010s] ( 741/4427) trawl-cli tui::autocomplete::tests::prefix_simple_word
        PASS [   0.011s] ( 742/4427) trawl-cli tui::autocomplete::tests::prefix_underscore
        PASS [   0.010s] ( 743/4427) trawl-cli tui::autocomplete::tests::stage_none_before_pipe
        PASS [   0.011s] ( 744/4427) trawl-cli tui::autocomplete::tests::stage_sort_after_stats
        PASS [   0.011s] ( 745/4427) trawl-cli tui::autocomplete::tests::stage_stats
        PASS [   0.011s] ( 746/4427) trawl-cli tui::autocomplete::tests::unrepresentable_catalog_names_are_not_suggested
        PASS [   0.011s] ( 747/4427) trawl-cli tui::driver::tests::deserialize_capture
        PASS [   0.012s] ( 748/4427) trawl-cli tui::driver::tests::deserialize_execute_custom_timeout
        PASS [   0.010s] ( 749/4427) trawl-cli tui::driver::tests::deserialize_execute_default_timeout
        PASS [   0.011s] ( 750/4427) trawl-cli tui::driver::tests::deserialize_get_results
        PASS [   0.011s] ( 751/4427) trawl-cli tui::driver::tests::deserialize_get_results_no_tab
        PASS [   0.010s] ( 752/4427) trawl-cli tui::driver::tests::deserialize_key
        PASS [   0.010s] ( 753/4427) trawl-cli tui::driver::tests::deserialize_keys
        PASS [   0.010s] ( 754/4427) trawl-cli tui::driver::tests::deserialize_quit
        PASS [   0.011s] ( 755/4427) trawl-cli tui::driver::tests::deserialize_set_query
        PASS [   0.012s] ( 756/4427) trawl-cli tui::driver::tests::deserialize_status
        PASS [   0.010s] ( 757/4427) trawl-cli tui::driver::tests::deserialize_unknown_cmd_is_error
        PASS [   0.010s] ( 758/4427) trawl-cli tui::driver::tests::parse_alt_modifier
        PASS [   0.011s] ( 759/4427) trawl-cli tui::driver::tests::parse_arrow_keys
        PASS [   0.009s] ( 760/4427) trawl-cli tui::driver::tests::parse_backspace_delete
        PASS [   0.011s] ( 761/4427) trawl-cli tui::driver::tests::parse_backtab
        PASS [   0.011s] ( 762/4427) trawl-cli tui::driver::tests::parse_case_insensitive
        PASS [   0.011s] ( 763/4427) trawl-cli tui::driver::tests::parse_ctrl_enter
        PASS [   0.010s] ( 764/4427) trawl-cli tui::driver::tests::parse_ctrl_modifier
        PASS [   0.010s] ( 765/4427) trawl-cli tui::driver::tests::parse_enter
        PASS [   0.011s] ( 766/4427) trawl-cli tui::driver::tests::parse_empty_is_error
        PASS [   0.011s] ( 767/4427) trawl-cli tui::driver::tests::parse_escape
        PASS [   0.011s] ( 768/4427) trawl-cli tui::driver::tests::parse_f5
        PASS [   0.010s] ( 769/4427) trawl-cli tui::driver::tests::parse_function_keys
        PASS [   0.011s] ( 770/4427) trawl-cli tui::driver::tests::parse_home_end
        PASS [   0.010s] ( 771/4427) trawl-cli tui::driver::tests::parse_multiple_modifiers
        PASS [   0.010s] ( 772/4427) trawl-cli tui::driver::tests::parse_meta_alias
        PASS [   0.011s] ( 773/4427) trawl-cli tui::driver::tests::parse_option_alias
        PASS [   0.010s] ( 774/4427) trawl-cli tui::driver::tests::parse_page_keys
        PASS [   0.012s] ( 775/4427) trawl-cli tui::driver::tests::parse_shift_tab
        PASS [   0.011s] ( 776/4427) trawl-cli tui::driver::tests::parse_unknown_key_is_error
        PASS [   0.011s] ( 777/4427) trawl-cli tui::driver::tests::parse_space
        PASS [   0.013s] ( 778/4427) trawl-cli tui::driver::tests::parse_simple_char
        PASS [   0.011s] ( 779/4427) trawl-cli tui::driver::tests::parse_unknown_modifier_is_error
        PASS [   0.010s] ( 780/4427) trawl-cli tui::driver::tests::parse_uppercase_char
        PASS [   0.011s] ( 781/4427) trawl-cli tui::driver::tests::serialize_error_response
        PASS [   0.010s] ( 782/4427) trawl-cli tui::driver::tests::serialize_ok_with_data_skips_none
        PASS [   0.011s] ( 783/4427) trawl-cli tui::driver::tests::serialize_ok_response
        PASS [   0.012s] ( 784/4427) trawl-cli tui::handlers::panels::name_tests::saved_editor_reference_preserves_name_and_run
        PASS [   0.010s] ( 785/4427) trawl-cli tui::highlight::tests::a_hash_colours_as_a_comment_only_at_a_layout_boundary
        PASS [   0.010s] ( 786/4427) trawl-cli tui::highlight::tests::slashes_are_not_a_comment
        PASS [   0.011s] ( 787/4427) trawl-cli tui::live::tests::table_field_names_are_verbatim_and_distinct
        PASS [   0.012s] ( 788/4427) trawl-cli tui::live::tests::no_table_stage_or_unparseable_query_yields_no_order
        PASS [   0.011s] ( 789/4427) trawl-cli tui::live::tests::table_field_order_follows_the_user
        PASS [   0.010s] ( 790/4427) trawl-cli tui::palette::tests::action_items_always_present
        PASS [   0.010s] ( 791/4427) trawl-cli tui::palette::tests::admin_gets_dashboard_tab
        PASS [   0.012s] ( 792/4427) trawl-cli tui::palette::tests::detail_match_finds_saved_query_by_body
        PASS [   0.010s] ( 793/4427) trawl-cli tui::palette::tests::fuzzy_filter_no_match
        PASS [   0.009s] ( 794/4427) trawl-cli tui::palette::tests::ghost_text_completes_column_name
        PASS [   0.011s] ( 795/4427) trawl-cli tui::palette::tests::empty_filter_returns_all
        PASS [   0.011s] ( 796/4427) trawl-cli tui::palette::tests::fuzzy_filter_matches_label
        PASS [   0.010s] ( 797/4427) trawl-cli tui::palette::tests::ghost_text_completes_service_name
        PASS [   0.011s] ( 798/4427) trawl-cli tui::palette::tests::ghost_text_empty_input_returns_none
        PASS [   0.010s] ( 799/4427) trawl-cli tui::palette::tests::ghost_text_no_match_returns_none
        PASS [   0.011s] ( 800/4427) trawl-cli tui::palette::tests::ghost_text_exact_match_returns_none
        PASS [   0.010s] ( 801/4427) trawl-cli tui::palette::tests::history_dedup
        PASS [   0.010s] ( 802/4427) trawl-cli tui::palette::tests::service_drill_actions_are_valid_dsl_or_absent
        PASS [   0.010s] ( 803/4427) trawl-cli tui::palette::tests::service_drill_builds_column_items
        PASS [   0.011s] ( 804/4427) trawl-cli tui::palette::tests::service_drill_unknown_service_returns_empty
        PASS [   0.009s] ( 805/4427) trawl-cli tui::state::tests::common_fields_empty_services
        PASS [   0.009s] ( 806/4427) trawl-cli tui::state::tests::common_fields_well_known_always_included
        PASS [   0.011s] ( 807/4427) trawl-cli tui::palette::tests::services_appear_in_palette
        PASS [   0.011s] ( 808/4427) trawl-cli tui::state::tests::common_fields_threshold_promotes_frequent_fields
        PASS [   0.011s] ( 809/4427) trawl-cli tui::state::tests::common_fields_well_known_order_preserved
        PASS [   0.009s] ( 810/4427) trawl-cli tui::state::tests::editor_backspace_at_origin_is_noop
        PASS [   0.009s] ( 811/4427) trawl-cli tui::state::tests::editor_backspace_joins_lines
        PASS [   0.011s] ( 812/4427) trawl-cli tui::state::tests::editor_clear
        PASS [   0.012s] ( 813/4427) trawl-cli tui::state::tests::editor_backspace_multibyte
        PASS [   0.011s] ( 814/4427) trawl-cli tui::state::tests::editor_clear_pushes_undo
        PASS [   0.010s] ( 815/4427) trawl-cli tui::state::tests::editor_clear_selection
        PASS [   0.009s] ( 816/4427) trawl-cli tui::state::tests::editor_delete_at_end_is_noop
        PASS [   0.010s] ( 817/4427) trawl-cli tui::state::tests::editor_delete_at_multibyte
        PASS [   0.008s] ( 818/4427) trawl-cli tui::state::tests::editor_delete_joins_lines
        PASS [   0.009s] ( 819/4427) trawl-cli tui::state::tests::editor_delete_selection_multibyte
        PASS [   0.011s] ( 820/4427) trawl-cli tui::state::tests::editor_delete_selection_multiline
        PASS [   0.008s] ( 821/4427) trawl-cli tui::state::tests::editor_delete_selection_single_line
        PASS [   0.011s] ( 822/4427) trawl-cli tui::state::tests::editor_delete_to_line_end
        PASS [   0.010s] ( 823/4427) trawl-cli tui::state::tests::editor_delete_to_line_start
        PASS [   0.010s] ( 824/4427) trawl-cli tui::state::tests::editor_delete_word_after_at_end
        PASS [   0.011s] ( 825/4427) trawl-cli tui::state::tests::editor_delete_word_after
        PASS [   0.010s] ( 826/4427) trawl-cli tui::state::tests::editor_delete_word_before
        PASS [   0.011s] ( 827/4427) trawl-cli tui::state::tests::editor_delete_word_before_at_start
        PASS [   0.010s] ( 828/4427) trawl-cli tui::state::tests::editor_home_end
        PASS [   0.010s] ( 829/4427) trawl-cli tui::state::tests::editor_insert_after_multibyte
        PASS [   0.011s] ( 830/4427) trawl-cli tui::state::tests::editor_insert_char_replaces_selection
        PASS [   0.011s] ( 831/4427) trawl-cli tui::state::tests::editor_insert_chars
        PASS [   0.009s] ( 832/4427) trawl-cli tui::state::tests::editor_insert_multibyte_char
        PASS [   0.011s] ( 833/4427) trawl-cli tui::state::tests::editor_insert_newline_splits_line
        PASS [   0.009s] ( 834/4427) trawl-cli tui::state::tests::editor_insert_text_at_cursor
        PASS [   0.011s] ( 835/4427) trawl-cli tui::state::tests::editor_insert_text_multiline
        PASS [   0.009s] ( 836/4427) trawl-cli tui::state::tests::editor_kill_line_multibyte
        PASS [   0.010s] ( 837/4427) trawl-cli tui::state::tests::editor_insert_text_strips_cr
        PASS [   0.012s] ( 838/4427) trawl-cli tui::state::tests::editor_insert_text_single_line
        PASS [   0.009s] ( 839/4427) trawl-cli tui::state::tests::editor_move_down_clamps_col
        PASS [   0.013s] ( 840/4427) trawl-cli tui::state::tests::editor_move_across_multibyte
        PASS [   0.009s] ( 841/4427) trawl-cli tui::state::tests::editor_move_left_at_origin_is_noop
        PASS [   0.009s] ( 842/4427) trawl-cli tui::state::tests::editor_move_left_wraps_to_prev_line
        PASS [   0.012s] ( 843/4427) trawl-cli tui::state::tests::editor_move_right_at_end_is_noop
        PASS [   0.009s] ( 844/4427) trawl-cli tui::state::tests::editor_move_up_clamps_col
        PASS [   0.011s] ( 845/4427) trawl-cli tui::state::tests::editor_move_right_wraps_to_next_line
        PASS [   0.009s] ( 846/4427) trawl-cli tui::state::tests::editor_move_word_right
        PASS [   0.010s] ( 847/4427) trawl-cli tui::state::tests::editor_move_word_left
        PASS [   0.009s] ( 848/4427) trawl-cli tui::state::tests::editor_new_is_empty
        PASS [   0.011s] ( 849/4427) trawl-cli tui::state::tests::editor_newline_split_multibyte
        PASS [   0.011s] ( 850/4427) trawl-cli tui::state::tests::editor_redo_after_undo
        PASS [   0.011s] ( 851/4427) trawl-cli tui::state::tests::editor_redo_at_end_is_noop
        PASS [   0.009s] ( 852/4427) trawl-cli tui::state::tests::editor_select_multibyte
        PASS [   0.009s] ( 853/4427) trawl-cli tui::state::tests::editor_selected_text_multiline
        PASS [   0.010s] ( 854/4427) trawl-cli tui::state::tests::editor_selected_text_single_line
        PASS [   0.009s] ( 855/4427) trawl-cli tui::state::tests::editor_start_and_extend_selection
        PASS [   0.009s] ( 856/4427) trawl-cli tui::state::tests::editor_sticky_column_cleared_on_horizontal_move
        PASS [   0.010s] ( 857/4427) trawl-cli tui::state::tests::editor_selection_range_none_by_default
        PASS [   0.011s] ( 858/4427) trawl-cli tui::state::tests::editor_selection_range_reversed
        PASS [   0.011s] ( 859/4427) trawl-cli tui::state::tests::editor_sticky_column_preserved_across_short_line
        PASS [   0.009s] ( 860/4427) trawl-cli tui::state::tests::editor_text_multiline
        PASS [   0.009s] ( 861/4427) trawl-cli tui::state::tests::editor_word_boundary_left_skips_word
        PASS [   0.010s] ( 862/4427) trawl-cli tui::state::tests::editor_word_boundary_left_at_origin
        PASS [   0.011s] ( 863/4427) trawl-cli tui::state::tests::editor_undo_restores_state
        PASS [   0.012s] ( 864/4427) trawl-cli tui::state::tests::editor_undo_at_empty_is_noop
        PASS [   0.010s] ( 865/4427) trawl-cli tui::state::tests::editor_word_boundary_left_with_symbols
        PASS [   0.011s] ( 866/4427) trawl-cli tui::state::tests::editor_word_boundary_left_wraps_line
        PASS [   0.009s] ( 867/4427) trawl-cli tui::state::tests::editor_word_boundary_right_skips_word
        PASS [   0.009s] ( 868/4427) trawl-cli tui::state::tests::editor_word_boundary_right_wraps_line
        PASS [   0.010s] ( 869/4427) trawl-cli tui::state::tests::editor_word_boundary_right_at_end
        PASS [   0.010s] ( 870/4427) trawl-cli tui::state::tests::editor_wrap_ensure_cursor_visible_scrolls_visual
        PASS [   0.011s] ( 871/4427) trawl-cli tui::state::tests::editor_wrap_move_down_within_same_logical_line
        PASS [   0.010s] ( 872/4427) trawl-cli tui::state::tests::editor_wrap_move_up_within_same_logical_line
        PASS [   0.010s] ( 873/4427) trawl-cli tui::state::tests::live_buffer_column_union_extends_with_nulls
        PASS [   0.010s] ( 874/4427) trawl-cli tui::state::tests::live_buffer_empty
        PASS [   0.011s] ( 875/4427) trawl-cli tui::state::tests::live_buffer_caps_at_max_rows
        PASS [   0.010s] ( 876/4427) trawl-cli tui::state::tests::live_buffer_handles_mixed_value_types
        PASS [   0.010s] ( 877/4427) trawl-cli tui::state::tests::well_known_fields_match_api_leading_order
        PASS [   0.011s] ( 878/4427) trawl-cli tui::state::tests::live_buffer_push_single_event
        PASS [   0.009s] ( 879/4427) trawl-cli tui::state::tests::wrap_map_exact_width_no_break
        PASS [   0.010s] ( 880/4427) trawl-cli tui::state::tests::wrap_map_empty_lines
        PASS [   0.010s] ( 881/4427) trawl-cli tui::state::tests::wrap_map_logical_to_visual_first_line
        PASS [   0.010s] ( 882/4427) trawl-cli tui::state::tests::wrap_map_multi_logical_lines
        PASS [   0.010s] ( 883/4427) trawl-cli tui::state::tests::wrap_map_one_char_over_wraps
        PASS [   0.011s] ( 884/4427) trawl-cli tui::state::tests::wrap_map_multiple_wraps
        PASS [   0.010s] ( 885/4427) trawl-cli tui::state::tests::wrap_map_short_line_no_breaks
        PASS [   0.010s] ( 886/4427) trawl-cli tui::state::tests::wrap_map_visual_to_logical_round_trip
        PASS [   0.010s] ( 887/4427) trawl-cli tui::state::tests::wrap_map_visual_to_logical_second_line
        PASS [   0.010s] ( 888/4427) trawl-cli tui::state::tests::wrap_map_zero_width_no_panic
        PASS [   0.011s] ( 889/4427) trawl-cli tui::tests::editor_keys_reach_editor
        PASS [   0.011s] ( 890/4427) trawl-cli tui::tests::error_popup_blocks_global_keys
        PASS [   0.009s] ( 891/4427) trawl-cli tui::tests::error_popup_dismissed_by_enter
        PASS [   0.010s] ( 892/4427) trawl-cli tui::tests::error_popup_dismissed_by_esc
        PASS [   0.011s] ( 893/4427) trawl-cli tui::tests::focus_preserved_across_tab_switch
        PASS [   0.011s] ( 894/4427) trawl-cli tui::tests::key_alt_1_switches_to_query_tab
        PASS [   0.010s] ( 895/4427) trawl-cli tui::tests::key_alt_2_switches_to_history_tab
        PASS [   0.011s] ( 896/4427) trawl-cli tui::tests::key_alt_3_switches_to_schema_tab
        PASS [   0.010s] ( 897/4427) trawl-cli tui::tests::key_alt_4_switches_to_saved_tab
        PASS [   0.009s] ( 898/4427) trawl-cli tui::tests::key_alt_b_moves_word_left
        PASS [   0.011s] ( 899/4427) trawl-cli tui::tests::key_alt_f_moves_word_right
        PASS [   0.011s] ( 900/4427) trawl-cli tui::tests::key_ctrl_left_moves_word_left
        PASS [   0.010s] ( 901/4427) trawl-cli tui::tests::key_ctrl_q_sets_quit
        PASS [   0.009s] ( 902/4427) trawl-cli tui::tests::key_ctrl_right_moves_word_right
        PASS [   0.010s] ( 903/4427) trawl-cli tui::tests::key_ctrl_s_opens_save_popup
        PASS [   0.011s] ( 904/4427) trawl-cli tui::tests::key_ctrl_s_with_empty_editor_is_noop
        PASS [   0.011s] ( 905/4427) trawl-cli tui::tests::key_esc_on_panel_tab_switches_to_query
        PASS [   0.010s] ( 906/4427) trawl-cli tui::tests::key_f1_toggles_help_popup
        PASS [   0.011s] ( 907/4427) trawl-cli tui::tests::key_tab_switches_focus_editor_to_results
        PASS [   0.011s] ( 908/4427) trawl-cli tui::tests::key_tab_switches_focus_results_to_editor
        PASS [   0.011s] ( 909/4427) trawl-cli tui::tests::multiple_results_last_wins
        PASS [   0.010s] ( 910/4427) trawl-cli tui::tests::poll_mutation_cache_refreshed
        PASS [   0.010s] ( 911/4427) trawl-cli tui::tests::poll_mutation_cache_refreshed_selects_name
        PASS [   0.011s] ( 912/4427) trawl-cli tui::tests::poll_mutation_error_shows_popup
        PASS [   0.009s] ( 913/4427) trawl-cli tui::tests::poll_query_result_resets_scroll
        PASS [   0.011s] ( 914/4427) trawl-cli tui::tests::poll_mutation_saved_created
        PASS [   0.009s] ( 915/4427) trawl-cli tui::tests::poll_query_result_timechart_auto_switches_view
        PASS [   0.010s] ( 916/4427) trawl-cli tui::tests::poll_query_result_sets_error_status
        PASS [   0.011s] ( 917/4427) trawl-cli tui::tests::poll_query_result_updates_tab
        PASS [   0.011s] ( 918/4427) trawl-cli tui::tests::popup_backspace_removes
        PASS [   0.009s] ( 919/4427) trawl-cli tui::tests::popup_blocks_global_keys
        PASS [   0.009s] ( 920/4427) trawl-cli tui::tests::popup_esc_closes
        PASS [   0.010s] ( 921/4427) trawl-cli tui::tests::popup_typing_appends
        PASS [   0.011s] ( 922/4427) trawl-cli tui::tests::results_keys_select_rows
        PASS [   0.010s] ( 923/4427) trawl-cli tui::tests::schedule_popup_prefills_a_zero_lag_as_empty
        PASS [   0.011s] ( 924/4427) trawl-cli tui::tests::schedule_popup_esc_cancels
        PASS [   0.011s] ( 925/4427) trawl-cli tui::tests::schedule_popup_prefills_from_the_schedule_in_force
        PASS [   0.010s] ( 926/4427) trawl-cli tui::tests::schedule_popup_refuses_an_empty_interval
        PASS [   0.010s] ( 927/4427) trawl-cli tui::tests::schedule_popup_sends_a_lag_without_a_window
        PASS [   0.011s] ( 928/4427) trawl-cli tui::tests::schedule_popup_tab_cycles_the_three_rows
        PASS [   0.010s] ( 929/4427) trawl-cli tui::tests::schedule_popup_types_into_the_focused_row
        PASS [   0.011s] ( 930/4427) trawl-cli tui::tests::tab_on_panel_switches_to_query
        PASS [   0.009s] ( 931/4427) trawl-cli tui::theme::tests::all_builtins_have_six_chart_colors
        PASS [   0.013s] ( 932/4427) trawl-cli tui::tests::whoami_error_clears_dashboard_access
        PASS [   0.015s] ( 933/4427) trawl-cli tui::tests::whoami_permissions_drive_dashboard_tab_false_true_false
        PASS [   0.011s] ( 934/4427) trawl-cli tui::theme::tests::dark_theme_has_correct_name
        PASS [   0.010s] ( 935/4427) trawl-cli tui::theme::tests::parse_hex_colors
        PASS [   0.010s] ( 936/4427) trawl-cli tui::theme::tests::parse_indexed_colors
        PASS [   0.009s] ( 937/4427) trawl-cli tui::theme::tests::parse_named_colors
        PASS [   0.010s] ( 938/4427) trawl-cli tui::theme::tests::parse_invalid_color
        PASS [   0.010s] ( 939/4427) trawl-cli tui::theme::tests::resolve_builtin_names
        PASS [   0.011s] ( 940/4427) trawl-cli tui::theme::tests::resolve_dark_returns_dark
        PASS [   0.011s] ( 941/4427) trawl-cli tui::theme::tests::resolve_default_returns_dark
        PASS [   0.011s] ( 942/4427) trawl-cli tui::theme::tests::resolve_unknown_falls_back_to_dark
        PASS [   0.010s] ( 943/4427) trawl-cli tui::ui::history::tests::duration_ms_minutes
        PASS [   0.010s] ( 944/4427) trawl-cli tui::ui::history::tests::duration_ms_seconds
        PASS [   0.010s] ( 945/4427) trawl-cli tui::ui::history::tests::duration_ms_under_second
        PASS [   0.010s] ( 946/4427) trawl-cli tui::ui::history::tests::full_timestamp_malformed_fallback
        PASS [   0.011s] ( 947/4427) trawl-cli tui::ui::history::tests::full_timestamp_valid
        PASS [   0.011s] ( 948/4427) trawl-cli tui::ui::history::tests::full_timestamp_with_fractional
        PASS [   0.011s] ( 949/4427) trawl-cli tui::ui::panels::saved_name_tests::saved_name_column_boundaries_preserve_graphemes
        PASS [   0.011s] ( 950/4427) trawl-cli tui::ui::panels::saved_name_tests::saved_list_renders_long_unicode_names_in_narrow_columns
        PASS [   0.011s] ( 951/4427) trawl-cli tui::ui::panels::tests::instant_utc_passes_through_an_unparseable_value
        PASS [   0.010s] ( 952/4427) trawl-cli tui::ui::panels::tests::relative_time_hours
        PASS [   0.012s] ( 953/4427) trawl-cli tui::ui::panels::tests::relative_time_days
        PASS [   0.011s] ( 954/4427) trawl-cli tui::ui::panels::tests::relative_time_invalid_fallback
        PASS [   0.010s] ( 955/4427) trawl-cli tui::ui::panels::tests::relative_time_minutes
        PASS [   0.010s] ( 956/4427) trawl-cli tui::ui::panels::tests::relative_time_right_justified
        PASS [   0.011s] ( 957/4427) trawl-cli tui::ui::panels::tests::relative_time_seconds
        PASS [   0.010s] ( 958/4427) trawl-cli tui::ui::panels::tests::run_window_across_midnight_keeps_the_end_date
        PASS [   0.011s] ( 959/4427) trawl-cli tui::ui::panels::tests::relative_time_weeks
        PASS [   0.010s] ( 960/4427) trawl-cli tui::ui::panels::tests::run_window_passes_through_an_unparseable_bound
        PASS [   0.012s] ( 961/4427) trawl-cli tui::ui::panels::tests::run_window_normalizes_an_offset_to_utc
        PASS [   0.011s] ( 962/4427) trawl-cli tui::ui::panels::tests::run_window_same_day_drops_the_end_date
        PASS [   0.011s] ( 963/4427) trawl-cli tui::ui::panels::tests::schedule_badge_names_the_window_mode
        PASS [   0.011s] ( 964/4427) trawl-cli tui::ui::panels::tests::schedule_bounds_preserve_subminute_precision
        PASS [   0.011s] ( 965/4427) trawl-cli tui::ui::panels::tests::schedule_window_is_none_in_query_mode
        PASS [   0.011s] ( 966/4427) trawl-cli tui::ui::panels::tests::schedule_window_omits_a_zero_lag
        PASS [   0.011s] ( 967/4427) trawl-cli tui::ui::panels::tests::schedule_window_omits_an_absent_watermark
        PASS [   0.011s] ( 968/4427) trawl-cli tui::ui::panels::tests::schedule_window_tiled_with_lag_and_watermark
        PASS [   0.010s] ( 969/4427) trawl-cli tui::ui::results::severity_tests::a_severity_cell_shows_its_otel_token
        PASS [   0.021s] ( 970/4427) trawl-cli tui::ui::results::placeholder_tests::placeholder_renders_in_a_terminal_too_narrow_to_centre_in
        PASS [   0.041s] ( 971/4427) trawl-cli tui::ui::tests::render_empty_app
        PASS [   0.042s] ( 972/4427) trawl-cli tui::ui::tests::render_narrow_terminal_with_results
        PASS [   0.042s] ( 973/4427) trawl-cli tui::ui::tests::render_saved_runs_with_windows
        PASS [   0.043s] ( 974/4427) trawl-cli tui::ui::tests::render_saved_schedule_query_mode
        PASS [   0.039s] ( 975/4427) trawl-cli tui::ui::tests::render_saved_schedule_windowed_with_lag
        PASS [   0.017s] ( 976/4427) trawl-cli tui::ui::tests::render_schedule_popup_on_a_tiny_terminal
        PASS [   0.045s] ( 977/4427) trawl-cli tui::ui::tests::render_saved_schedule_windowed_without_lag
        PASS [   0.037s] ( 978/4427) trawl-cli tui::ui::tests::render_with_error_status
        PASS [   0.041s] ( 979/4427) trawl-cli tui::ui::tests::render_with_query_text
        PASS [   0.045s] ( 980/4427) trawl-cli tui::ui::tests::render_with_help_popup
        PASS [   0.045s] ( 981/4427) trawl-cli tui::ui::tests::render_with_results
        PASS [   0.015s] ( 982/4427) trawl-cli tui_log_tests::tui_log_chmod_failure_preserves_existing_contents
        PASS [   0.012s] ( 983/4427) trawl-cli tui_log_tests::tui_log_is_owner_only
        PASS [   0.045s] ( 984/4427) trawl-cli tui::ui::tests::render_with_save_popup
        PASS [   0.011s] ( 985/4427) trawl-cli tui_log_tests::tui_log_tightens_existing_looser_file
        PASS [   0.041s] ( 986/4427) trawl-cli tui::ui::tests::render_with_schedule_popup
        PASS [   0.004s] ( 987/4427) trawl-client client::tests::a_running_job_under_a_200_is_a_protocol_error
        PASS [   0.004s] ( 988/4427) trawl-client client::tests::a_cancelled_job_decodes_as_cancelled_not_as_a_report
        PASS [   0.005s] ( 989/4427) trawl-client client::tests::a_failed_job_under_a_200_never_decodes_as_a_report
        PASS [   0.005s] ( 990/4427) trawl-client client::tests::debug_redacts_token
        PASS [   0.006s] ( 991/4427) trawl-client client::tests::connection_error_identifies_api_origin_without_url_secrets
        PASS [   0.005s] ( 992/4427) trawl-client client::tests::endpoint_no_trailing_slash
        PASS [   0.005s] ( 993/4427) trawl-client client::tests::endpoint_strips_multiple_trailing_slashes
        PASS [   0.005s] ( 994/4427) trawl-client client::tests::endpoint_strips_trailing_slash
        PASS [   0.004s] ( 995/4427) trawl-client client::tests::gc_pins_conflict_decodes_to_a_server_error
        PASS [   0.004s] ( 996/4427) trawl-client client::tests::gc_pins_dry_run_response_deserializes
        PASS [   0.004s] ( 997/4427) trawl-client client::tests::gc_pins_executed_response_deserializes_without_a_floor
        PASS [   0.004s] ( 998/4427) trawl-client client::tests::gc_pins_request_omits_an_unset_window
        PASS [   0.004s] ( 999/4427) trawl-client client::tests::health_response_deserializes_degraded
        PASS [   0.005s] (1000/4427) trawl-client client::tests::health_response_deserializes_ok
        PASS [   0.004s] (1001/4427) trawl-client client::tests::health_response_deserializes_unavailable
        PASS [   0.005s] (1002/4427) trawl-client client::tests::invalid_url_error_does_not_expose_input
        PASS [   0.005s] (1003/4427) trawl-client client::tests::queries_response_deserializes
        PASS [   0.005s] (1004/4427) trawl-client client::tests::query_request_omits_none
        PASS [   0.004s] (1005/4427) trawl-client client::tests::repin_cancel_outcome_spells_snake_case
        PASS [   0.004s] (1006/4427) trawl-client client::tests::query_request_serializes
        PASS [   0.005s] (1007/4427) trawl-client client::tests::repin_cancel_refuses_a_status_the_body_contradicts
        PASS [   0.004s] (1008/4427) trawl-client client::tests::repin_cancel_status_codes_decode_to_their_variants
        PASS [   0.005s] (1009/4427) trawl-client client::tests::schema_response_deserializes
        PASS [   0.004s] (1010/4427) trawl-config fs::tests::creates_the_file_at_the_requested_mode
        PASS [   0.004s] (1011/4427) trawl-config fs::tests::honours_the_configured_open_flags
        PASS [   0.004s] (1012/4427) trawl-config fs::tests::refuses_to_follow_a_symlink_at_the_path
        PASS [   0.048s] (1013/4427) trawl-cli tui::ui::tests::render_with_severity_tokens
        PASS [   0.004s] (1014/4427) trawl-config fs::tests::tightens_a_pre_existing_looser_file
        PASS [   0.004s] (1015/4427) trawl-config tests::auth_database_url_optional_in_toml
        PASS [   0.004s] (1016/4427) trawl-config tests::auth_resolve_error_names_fleet_database_url
        PASS [   0.004s] (1017/4427) trawl-config tests::auth_database_url_parses_from_toml
        PASS [   0.004s] (1018/4427) trawl-config tests::auth_resolve_ignores_bare_database_url
        PASS [   0.004s] (1019/4427) trawl-config tests::byte_size_field_accepts_integer
        PASS [   0.004s] (1020/4427) trawl-config tests::byte_size_field_accepts_string
        PASS [   0.004s] (1021/4427) trawl-config tests::daemon_data_directory_is_preserved_and_drives_wal_location
        PASS [   0.004s] (1022/4427) trawl-config tests::cors_parses_origins
        PASS [   0.005s] (1023/4427) trawl-config tests::cors_defaults_to_empty
        PASS [   0.004s] (1024/4427) trawl-config tests::daemon_data_path_rejects_glob_metacharacters
        PASS [   0.004s] (1025/4427) trawl-config tests::daily_rollup_disabled_explicitly
        PASS [   0.003s] (1026/4427) trawl-config tests::derivation_source_entry_needs_a_field_key
        PASS [   0.004s] (1027/4427) trawl-config tests::derivation_source_empty_list_parses
        PASS [   0.004s] (1028/4427) trawl-config tests::derivation_source_rejects_a_non_string_entry
        PASS [   0.004s] (1029/4427) trawl-config tests::derivation_source_typo_in_a_typed_entry_is_an_error
        PASS [   0.004s] (1030/4427) trawl-config tests::derivation_sources_accept_both_spellings_in_one_list
        PASS [   0.003s] (1031/4427) trawl-config tests::derivation_sources_default_to_the_packaged_lists
        PASS [   0.004s] (1032/4427) trawl-config tests::dynamic_maps_and_typed_derivation_entries_remain_supported
        PASS [   0.004s] (1033/4427) trawl-config tests::env_name_charset_helper
        PASS [   0.004s] (1034/4427) trawl-config tests::http_addr_empty_env_counts_as_unset
        PASS [   0.003s] (1035/4427) trawl-config tests::http_addr_env_wins_over_config
        PASS [   0.003s] (1036/4427) trawl-config tests::http_addr_falls_back_to_config
        PASS [   0.004s] (1037/4427) trawl-config tests::ingest_byte_size_string
        PASS [   0.004s] (1038/4427) trawl-config tests::ingest_defaults_when_omitted
        PASS [   0.004s] (1039/4427) trawl-config tests::ingest_env_zero_config_defaults
        PASS [   0.004s] (1040/4427) trawl-config tests::ingest_envs_omitted_behaves_as_default_env
        PASS [   0.004s] (1041/4427) trawl-config tests::ingest_explicit_envs_parse_and_validate
        PASS [   0.004s] (1042/4427) trawl-config tests::internal_telemetry_requires_ingest_enabled
        PASS [   0.005s] (1043/4427) trawl-config tests::internal_telemetry_defaults_to_true
        PASS [   0.004s] (1044/4427) trawl-config tests::internal_telemetry_disabled_explicitly
        PASS [   0.005s] (1045/4427) trawl-config tests::internal_telemetry_warns_only_when_log_file_is_not_opened
        PASS [   0.004s] (1046/4427) trawl-config tests::interval_custom_values
        PASS [   0.004s] (1047/4427) trawl-config tests::max_age_days_for_prefers_the_entry_then_the_global
        PASS [   0.004s] (1048/4427) trawl-config tests::interval_defaults_when_omitted
        PASS [   0.004s] (1049/4427) trawl-config tests::invalid_values_and_syntax_do_not_echo_credentials
        PASS [   0.004s] (1050/4427) trawl-config tests::parse_byte_size_bare_bytes
        PASS [   0.004s] (1051/4427) trawl-config tests::no_warning_when_tls_cert_configured
        PASS [   0.004s] (1052/4427) trawl-config tests::parse_byte_size_case_insensitive
        PASS [   0.004s] (1053/4427) trawl-config tests::parse_byte_size_empty
        PASS [   0.004s] (1054/4427) trawl-config tests::parse_byte_size_gigabytes
        PASS [   0.003s] (1055/4427) trawl-config tests::parse_byte_size_kilobytes
        PASS [   0.004s] (1056/4427) trawl-config tests::parse_byte_size_invalid_suffix
        PASS [   0.004s] (1057/4427) trawl-config tests::parse_byte_size_megabytes
        PASS [   0.004s] (1058/4427) trawl-config tests::parse_byte_size_raw_number
        PASS [   0.003s] (1059/4427) trawl-config tests::parse_byte_size_with_whitespace
        PASS [   0.004s] (1060/4427) trawl-config tests::parse_full_config
        PASS [   0.004s] (1061/4427) trawl-config tests::parse_tls_config
        PASS [   0.004s] (1062/4427) trawl-config tests::parse_minimal_config
        PASS [   0.004s] (1063/4427) trawl-config tests::rate_limit_custom_values
        PASS [   0.004s] (1064/4427) trawl-config tests::rate_limit_defaults
        PASS [   0.004s] (1065/4427) trawl-config tests::resolve_database_url_env_wins
        PASS [   1.007s] (1066/4427) fleet-dev runtime::tests::forwarded_signal_is_observed_by_the_supervisor
        PASS [   0.004s] (1067/4427) trawl-config tests::resolve_database_url_falls_back_to_toml
        PASS [   0.004s] (1068/4427) trawl-config tests::retention_both_disabled
        PASS [   0.004s] (1069/4427) trawl-config tests::retention_byte_size_string
        PASS [   0.005s] (1070/4427) trawl-config tests::resolve_database_url_neither_is_an_error
        PASS [   0.004s] (1071/4427) trawl-config tests::retention_custom_values
        PASS [   0.004s] (1072/4427) trawl-config tests::retention_defaults_when_omitted
        PASS [   0.004s] (1073/4427) trawl-config tests::retention_env_keys_are_held_to_the_env_charset
        PASS [   0.004s] (1074/4427) trawl-config tests::retention_env_keys_reject_reserved_names
        PASS [   0.004s] (1075/4427) trawl-config tests::retention_env_overrides_parse_alongside_the_globals
        PASS [   0.005s] (1076/4427) trawl-config tests::retention_env_refuses_what_the_chart_passes_through_typed
        PASS [   0.004s] (1077/4427) trawl-config tests::retention_env_rejects_an_unknown_key
        PASS [   0.057s] (1078/4427) trawl-client client::tests::timeout_identifies_only_api_origin
        PASS [   0.004s] (1079/4427) trawl-config tests::retention_env_table_without_max_age_days_is_a_load_error
        PASS [   0.005s] (1080/4427) trawl-config tests::retention_rejects_a_misspelled_scalar
        PASS [   0.004s] (1081/4427) trawl-config tests::retention_rejects_a_misspelled_sub_table_name
        PASS [   0.004s] (1082/4427) trawl-config tests::scheduler_catchup_span_always_fits_a_timedelta
        PASS [   0.004s] (1083/4427) trawl-config tests::scheduler_max_catchup_intervals_defaults_to_a_day_of_hourly_runs
        PASS [   0.004s] (1084/4427) trawl-config tests::service_name_charset_helper
        PASS [   0.005s] (1085/4427) trawl-config tests::scheduler_max_catchup_intervals_outside_the_range_is_boot_fatal
        PASS [   0.004s] (1086/4427) trawl-config tests::storage_database_url_parses_from_toml
        PASS [   0.005s] (1087/4427) trawl-config tests::stats_interval_disabled
        PASS [   0.004s] (1088/4427) trawl-config tests::storage_resolve_env_wins
        PASS [   0.004s] (1089/4427) trawl-config tests::storage_resolve_falls_back_to_toml
        PASS [   0.004s] (1090/4427) trawl-config tests::storage_resolve_neither_is_a_descriptive_error
        PASS [   0.004s] (1091/4427) trawl-config tests::storage_resolve_never_falls_back_to_auth_url
        PASS [   0.004s] (1092/4427) trawl-config tests::storage_section_optional_in_toml
        PASS [   0.004s] (1093/4427) trawl-config tests::syslog_service_config_is_validated_at_load
        PASS [   0.004s] (1094/4427) trawl-config tests::telemetry_buffer_zero_is_boot_fatal_with_the_off_switch
        PASS [   0.004s] (1095/4427) trawl-config tests::unknown_settings_fail_with_paths_without_values
        PASS [   0.004s] (1096/4427) trawl-config tests::validation_accepts_fleet_database_url
        PASS [   0.004s] (1097/4427) trawl-config tests::validation_rejects_bad_default_env_charset
        PASS [   0.004s] (1098/4427) trawl-config tests::validation_rejects_default_env_not_in_envs
        PASS [   0.004s] (1099/4427) trawl-config tests::validation_rejects_empty_data_path
        PASS [   0.004s] (1100/4427) trawl-config tests::validation_rejects_env_charset_violations
        PASS [   0.004s] (1101/4427) trawl-config tests::validation_rejects_zero_concurrency
        PASS [   0.005s] (1102/4427) trawl-config tests::validation_rejects_partial_tls_config
        PASS [   0.005s] (1103/4427) trawl-config tests::validation_rejects_reserved_env_names
        PASS [   0.005s] (1104/4427) trawl-config tests::warning_when_no_tls_cert_configured
        PASS [   0.004s] (1105/4427) trawl-config tests::web_public_origins_parse_as_written
        PASS [   0.004s] (1106/4427) trawl-config tests::web_section_optional_preserves_backcompat
        PASS [   0.004s] (1107/4427) trawl-config tests::web_section_populated
        PASS [   0.004s] (1108/4427) trawl-config tests::web_shared_domain_absent_is_none
        PASS [   0.004s] (1109/4427) trawl-config tests::web_shared_domain_parses_from_toml
        PASS [   0.005s] (1110/4427) trawl-config::derivation_packaging_contract every_documented_typed_example_actually_loads
        PASS [   0.004s] (1111/4427) trawl-config::derivation_packaging_contract the_code_default_is_what_ingest_config_deserializes_to
        PASS [   0.004s] (1112/4427) trawl-config::derivation_packaging_contract standalone_starter_uses_defaults_without_development_credentials
        PASS [   0.005s] (1113/4427) trawl-core ast::tests::a_backticked_keyword_is_a_field_filter_not_a_window
        PASS [   0.005s] (1114/4427) trawl-core ast::tests::a_hoisted_clause_still_counts
        PASS [   0.005s] (1115/4427) trawl-core ast::tests::a_query_without_a_time_clause_carries_none
        PASS [   0.004s] (1116/4427) trawl-core compare::tests::bound_float_literal_above_2_53_binds_its_source_token
        PASS [   0.005s] (1117/4427) trawl-core ast::tests::grammar_keywords_and_time_clause_variants_agree
        PASS [   0.005s] (1118/4427) trawl-core ast::tests::each_keyword_reports_its_own_variant
        PASS [   0.004s] (1119/4427) trawl-core compare::tests::bound_null_literal_has_no_form
        PASS [   0.005s] (1120/4427) trawl-core compare::tests::bound_string_literal_with_numeric_content_binds_like_the_number
        PASS [   0.005s] (1121/4427) trawl-core compare::tests::bound_typed_pin_binds_the_ast_literal_unchanged
        PASS [   0.005s] (1122/4427) trawl-core compare::tests::canonical_double_text_mirrors_duckdb_rendering
        PASS [   0.005s] (1123/4427) trawl-core compare::tests::canonical_timestamp_text_declines_the_documented_residuals
        PASS [   0.007s] (1124/4427) trawl-core compare::tests::bound_varchar_rules_mirror_compare_form
        PASS [   0.005s] (1125/4427) trawl-core compare::tests::canonical_timestamp_text_mirrors_duckdb_rendering
        PASS [   0.006s] (1126/4427) trawl-core compare::tests::canonical_timestamp_text_is_none_without_a_reading
        PASS [   0.005s] (1127/4427) trawl-core compare::tests::conformed_bigint_is_the_whole_microsteps_of_the_decimal_reading
        PASS [   0.006s] (1128/4427) trawl-core compare::tests::conformed_bigint_preserves_value_not_spelling
        PASS [   0.005s] (1129/4427) trawl-core compare::tests::decimal_micros_mirrors_duckdb_decimal_domain
        PASS [   0.005s] (1130/4427) trawl-core compare::tests::numeric_detection_follows_the_coercion_ladder
        PASS [   0.008s] (1131/4427) trawl-core compare::tests::conformed_boolean_keeps_only_the_rendered_spellings
        PASS [   0.005s] (1132/4427) trawl-core compare::tests::severity_band_tokens_bind_bands_for_equality_and_numbers_for_ordering
        PASS [   0.006s] (1133/4427) trawl-core compare::tests::decimal_micros_separates_ids_a_double_would_equate
        PASS [   0.006s] (1134/4427) trawl-core compare::tests::severity_doors_agree
        PASS [   0.006s] (1135/4427) trawl-core compare::tests::severity_exact_names_and_integers_bind_exactly
        PASS [   0.005s] (1136/4427) trawl-core compare::tests::severity_ranges_merges_adjacent_points_into_maximal_runs
        PASS [   0.005s] (1137/4427) trawl-core compare::tests::severity_ranges_collapse_out_of_ladder_points_to_one_representative
        PASS [   0.005s] (1138/4427) trawl-core compare::tests::severity_points_refuses_mixed_and_empty_form_sets
        PASS [   0.006s] (1139/4427) trawl-core compare::tests::severity_points_expands_exactly_the_forms_own_membership
        PASS [   0.004s] (1140/4427) trawl-core compare::tests::try_cast_double_mirrors_duckdb_cast_domain
        PASS [   0.004s] (1141/4427) trawl-core compare::tests::typed_pins_bind_natively_and_carry_the_pin
        PASS [   0.005s] (1142/4427) trawl-core compare::tests::typed_pins_each_take_their_own_pattern_text
        PASS [   0.004s] (1143/4427) trawl-core compare::tests::varchar_eq_and_ordered_agree_on_what_is_numeric
        PASS [   0.005s] (1144/4427) trawl-core compare::tests::unpinned_is_native_for_every_op_and_literal
        PASS [   0.007s] (1145/4427) trawl-core compare::tests::severity_refuses_literals_outside_the_ladder_vocabulary
        PASS [   0.005s] (1146/4427) trawl-core compare::tests::varchar_eq_class_binds_text_for_every_literal
        PASS [   0.005s] (1147/4427) trawl-core compare::tests::varchar_ordered_non_numeric_literal_stays_lexical
        PASS [   0.005s] (1148/4427) trawl-core compare::tests::varchar_patterns_stay_native
        PASS [   0.006s] (1149/4427) trawl-core compare::tests::varchar_ordered_numeric_literal_carries_the_literal_text
        PASS [   0.007s] (1150/4427) trawl-core complexity::tests::a_disjoint_severity_set_renders_twelve_runs
        PASS [   0.012s] (1151/4427) trawl-core complexity::tests::a_deep_chain_is_refused_without_expanding
        PASS [   0.004s] (1152/4427) trawl-core complexity::tests::an_unknown_call_scores_structurally
        PASS [   0.017s] (1153/4427) trawl-core complexity::tests::a_quoted_target_renders_as_dsl_text
        PASS [   0.006s] (1154/4427) trawl-core complexity::tests::an_unknown_severity_token_is_not_a_complexity_refusal
        PASS [   0.005s] (1155/4427) trawl-core complexity::tests::an_unquotable_name_is_omitted_from_the_sentence
        PASS [   0.017s] (1156/4427) trawl-core complexity::tests::an_else_less_case_is_priced_for_the_else_the_parser_adds
        PASS [   0.005s] (1157/4427) trawl-core complexity::tests::eventstats_outputs_carry_their_window_wrapper
        PASS [   0.006s] (1158/4427) trawl-core complexity::tests::every_known_function_has_a_profile
        PASS [   0.036s] (1159/4427) trawl-core complexity::tests::a_constructible_boundary_case_refuses_one_reference_late
        PASS [   0.006s] (1160/4427) trawl-core complexity::tests::forward_and_self_references_score_as_leaves
        PASS [   0.005s] (1161/4427) trawl-core complexity::tests::hand_calculated_profiles
        PASS [   0.008s] (1162/4427) trawl-core complexity::tests::from_saved_counts_toward_the_stage_cap
        PASS [   0.004s] (1163/4427) trawl-core complexity::tests::saturated_weights_are_over_limit
        PASS [   0.039s] (1164/4427) trawl-core complexity::tests::alias_names_fold_ascii_case
        PASS [   0.043s] (1165/4427) trawl-core complexity::tests::aggregating_stages_carry_their_own_alias_sequence
        PASS [   0.008s] (1166/4427) trawl-core complexity::tests::severity_chain_is_refused
        PASS [   0.030s] (1167/4427) trawl-core complexity::tests::docs_and_fixtures_stay_below_caps
        PASS [   0.007s] (1168/4427) trawl-core complexity::tests::severity_pattern_chain_is_refused
        PASS [   0.008s] (1169/4427) trawl-core complexity::tests::stage_cap
        PASS [   0.008s] (1170/4427) trawl-core complexity::tests::stages_without_an_output_sequence_charge_nothing
        PASS [   0.004s] (1171/4427) trawl-core complexity::tests::the_severity_reading_profiles_match_their_documented_shapes
        PASS [   0.009s] (1172/4427) trawl-core complexity::tests::the_original_measure_scores_the_chain_at_408_and_would_admit_it
        PASS [   0.004s] (1173/4427) trawl-core complexity::tests::the_severity_run_ceiling_is_thirteen
        PASS [   0.004s] (1174/4427) trawl-core complexity::tests::the_token_text_kernel_is_priced_for_the_parser_rewrite
        PASS [   0.004s] (1175/4427) trawl-core conform::tests::dialect_ambiguity_sql_compares_both_readings
        PASS [   0.021s] (1176/4427) trawl-core complexity::tests::the_alias_table_resets_between_stages
        PASS [   0.009s] (1177/4427) trawl-core complexity::tests::the_stage_cap_wins_over_the_expansion_budget
        PASS [   0.005s] (1178/4427) trawl-core conform::tests::guarded_cast_is_the_otel_reading_of_every_pin
        PASS [   0.005s] (1179/4427) trawl-core conform::tests::guarded_rungs_compare_the_cast_against_the_text
        PASS [   0.006s] (1180/4427) trawl-core conform::tests::every_typed_rung_casts_only_the_text_form
        PASS [   0.005s] (1181/4427) trawl-core conform::tests::only_the_severity_rung_reads_a_dialect
        PASS [   0.005s] (1182/4427) trawl-core conform::tests::raw_extract_escapes_sql_quotes
        PASS [   0.004s] (1183/4427) trawl-core conform::tests::raw_json_pointer_escapes_rfc_6901
        PASS [   0.031s] (1184/4427) trawl-core complexity::tests::the_refusal_sentence_names_the_stage_the_budget_and_a_remedy
        PASS [   0.033s] (1185/4427) trawl-core complexity::tests::the_boundary_is_the_delta_not_the_weight
        PASS [   0.005s] (1186/4427) trawl-core conform::tests::resurrection_arms_take_their_own_dialects
        PASS [   0.005s] (1187/4427) trawl-core conform::tests::resurrection_expr_is_stored_reading_then_guarded_raw_arm
        PASS [   0.005s] (1188/4427) trawl-core conform::tests::severity_reading_sql_covers_both_name_tables_and_the_numeric_arm
        PASS [   0.005s] (1189/4427) trawl-core conform::tests::severity_reading_sql_shapes_differ_only_in_where_the_subject_lands
        PASS [   0.005s] (1190/4427) trawl-core conform::tests::severity_reading_sql_dialect_changes_only_the_numeric_arm
        PASS [   0.004s] (1191/4427) trawl-core conform::tests::severity_token_text_covers_the_whole_ladder
        PASS [   0.004s] (1192/4427) trawl-core conform::tests::timestamp_rung_parses_through_timestamptz
        PASS [   0.005s] (1193/4427) trawl-core conform::tests::severity_rung_is_the_reading_kernel
        PASS [   0.004s] (1194/4427) trawl-core conform::tests::untyped_text_unquotes_through_json
        PASS [   0.004s] (1195/4427) trawl-core conform::tests::varchar_conform_is_the_text_itself
        PASS [   0.005s] (1196/4427) trawl-core context::tests::accessors_agree_on_one_instant
        PASS [   0.005s] (1197/4427) trawl-core context::tests::at_truncates_nanoseconds_to_microseconds
        PASS [   0.005s] (1198/4427) trawl-core context::tests::capture_truncates_too
        PASS [   0.004s] (1199/4427) trawl-core context::tests::equality_is_by_instant
        PASS [   0.005s] (1200/4427) trawl-core context::tests::truncation_never_rounds_up
        PASS [   0.005s] (1201/4427) trawl-core emitter::fields::tests::coerce_empty_string
        PASS [   0.004s] (1202/4427) trawl-core emitter::fields::tests::coerce_float
        PASS [   0.005s] (1203/4427) trawl-core emitter::fields::tests::coerce_i64_overflow_becomes_float
        PASS [   0.005s] (1204/4427) trawl-core emitter::fields::tests::coerce_integer
        PASS [   0.005s] (1205/4427) trawl-core emitter::fields::tests::coerce_negative_float
        PASS [   0.005s] (1206/4427) trawl-core emitter::fields::tests::coerce_string_fallback
        PASS [   0.005s] (1207/4427) trawl-core emitter::fields::tests::coerce_negative_integer
        PASS [   0.005s] (1208/4427) trawl-core emitter::fields::tests::coerce_zero
        PASS [   0.005s] (1209/4427) trawl-core emitter::fields::tests::quote_field_escapes_embedded_quotes
        PASS [   0.005s] (1210/4427) trawl-core emitter::fields::tests::quote_field_is_verbatim
        PASS [   0.004s] (1211/4427) trawl-core emitter::functions::tests::aggregates_detected
        PASS [   0.005s] (1212/4427) trawl-core emitter::functions::tests::alias_avg_with_field
        PASS [   0.006s] (1213/4427) trawl-core emitter::fields::tests::quote_field_simple
        PASS [   0.006s] (1214/4427) trawl-core emitter::functions::tests::alias_count_no_arg
        PASS [   0.004s] (1215/4427) trawl-core emitter::functions::tests::alias_dc_with_field
        PASS [   0.078s] (1216/4427) trawl-core complexity::tests::independent_expressions_and_flat_lists_have_no_delta
        PASS [   0.004s] (1217/4427) trawl-core emitter::functions::tests::date_diff_accepts_allowlisted_units
        PASS [   0.005s] (1218/4427) trawl-core emitter::functions::tests::alias_quotes_a_backticked_name_verbatim
        PASS [   0.005s] (1219/4427) trawl-core emitter::functions::tests::date_diff_rejects_non_literal
        PASS [   0.004s] (1220/4427) trawl-core emitter::functions::tests::date_trunc_accepts_allowlisted_units
        PASS [   0.005s] (1221/4427) trawl-core emitter::functions::tests::date_part_accepts_allowlisted_units
        PASS [   0.005s] (1222/4427) trawl-core emitter::functions::tests::date_part_rejects_unknown_unit
        PASS [   0.004s] (1223/4427) trawl-core emitter::functions::tests::date_trunc_rejects_dow_not_in_allowlist
        PASS [   0.006s] (1224/4427) trawl-core emitter::functions::tests::emit_date_part_unknown_unit_errors
        PASS [   0.005s] (1225/4427) trawl-core emitter::functions::tests::emit_date_trunc_dow_errors
        PASS [   0.004s] (1226/4427) trawl-core emitter::functions::tests::emit_strftime_invalid_format_errors
        PASS [   0.004s] (1227/4427) trawl-core emitter::functions::tests::scalars_not_aggregate
        PASS [   0.005s] (1228/4427) trawl-core emitter::functions::tests::emit_strptime_invalid_format_errors
        PASS [   0.004s] (1229/4427) trawl-core emitter::functions::tests::sev_refuses_a_dialect_it_cannot_parse_rather_than_defaulting
        PASS [   0.004s] (1230/4427) trawl-core emitter::functions::tests::translate_avg_no_args_errors
        PASS [   0.005s] (1231/4427) trawl-core emitter::functions::tests::translate_abs
        PASS [   0.159s] (1232/4427) trawl-config::derivation_packaging_contract every_packaging_artifact_states_the_same_derivation_defaults
        PASS [   0.005s] (1233/4427) trawl-core emitter::functions::tests::translate_avg
        PASS [   0.004s] (1234/4427) trawl-core emitter::functions::tests::translate_avg_too_many_args_errors
        PASS [   0.004s] (1235/4427) trawl-core emitter::functions::tests::translate_ceil
        PASS [   0.005s] (1236/4427) trawl-core emitter::functions::tests::translate_ceiling_alias
        PASS [   0.004s] (1237/4427) trawl-core emitter::functions::tests::translate_coalesce
        PASS [   0.005s] (1238/4427) trawl-core emitter::functions::tests::translate_coalesce_no_args_errors
        PASS [   0.004s] (1239/4427) trawl-core emitter::functions::tests::translate_count_with_field
        PASS [   0.005s] (1240/4427) trawl-core emitter::functions::tests::translate_count_no_args
        PASS [   0.005s] (1241/4427) trawl-core emitter::functions::tests::translate_dc
        PASS [   0.004s] (1242/4427) trawl-core emitter::functions::tests::translate_distinct_count
        PASS [   0.006s] (1243/4427) trawl-core emitter::functions::tests::translate_first
        PASS [   0.004s] (1244/4427) trawl-core emitter::functions::tests::translate_isnotnull
        PASS [   0.005s] (1245/4427) trawl-core emitter::functions::tests::translate_floor
        PASS [   0.005s] (1246/4427) trawl-core emitter::functions::tests::translate_if
        PASS [   0.005s] (1247/4427) trawl-core emitter::functions::tests::translate_last
        PASS [   0.006s] (1248/4427) trawl-core emitter::functions::tests::translate_isnull
        PASS [   0.005s] (1249/4427) trawl-core emitter::functions::tests::translate_len_alias
        PASS [   0.005s] (1250/4427) trawl-core emitter::functions::tests::translate_length
        PASS [   0.005s] (1251/4427) trawl-core emitter::functions::tests::translate_lower
        PASS [   0.006s] (1252/4427) trawl-core emitter::functions::tests::translate_list_alias
        PASS [   0.006s] (1253/4427) trawl-core emitter::functions::tests::translate_max
        PASS [   0.005s] (1254/4427) trawl-core emitter::functions::tests::translate_now_binds_the_anchor_under_an_explicit_cast
        PASS [   0.006s] (1255/4427) trawl-core emitter::functions::tests::translate_min
        PASS [   0.007s] (1256/4427) trawl-core emitter::functions::tests::translate_median
        PASS [   0.005s] (1257/4427) trawl-core emitter::functions::tests::translate_p50
        PASS [   0.005s] (1258/4427) trawl-core emitter::functions::tests::translate_p90
        PASS [   0.005s] (1259/4427) trawl-core emitter::functions::tests::translate_p99_no_args_errors
        PASS [   0.006s] (1260/4427) trawl-core emitter::functions::tests::translate_p99
        PASS [   0.006s] (1261/4427) trawl-core emitter::functions::tests::translate_replace
        PASS [   0.005s] (1262/4427) trawl-core emitter::functions::tests::translate_round_one_arg
        PASS [   0.009s] (1263/4427) trawl-core emitter::functions::tests::translate_p95
        PASS [   0.006s] (1264/4427) trawl-core emitter::functions::tests::translate_round_two_args
        PASS [   0.005s] (1265/4427) trawl-core emitter::functions::tests::translate_stddev
        PASS [   0.005s] (1266/4427) trawl-core emitter::functions::tests::translate_strptime_uses_try_variant
        PASS [   0.006s] (1267/4427) trawl-core emitter::functions::tests::translate_strftime_dsl_order
        PASS [   0.005s] (1268/4427) trawl-core emitter::functions::tests::translate_substr_three_args
        PASS [   0.005s] (1269/4427) trawl-core emitter::functions::tests::translate_sum
        PASS [   0.006s] (1270/4427) trawl-core emitter::functions::tests::translate_substr_two_args
        PASS [   0.005s] (1271/4427) trawl-core emitter::functions::tests::translate_tonumber
        PASS [   0.005s] (1272/4427) trawl-core emitter::functions::tests::translate_tostring
        PASS [   0.005s] (1273/4427) trawl-core emitter::functions::tests::translate_trim
        PASS [   0.005s] (1274/4427) trawl-core emitter::functions::tests::translate_typeof
        PASS [   0.004s] (1275/4427) trawl-core emitter::functions::tests::translate_values
        PASS [   0.005s] (1276/4427) trawl-core emitter::functions::tests::translate_unknown_function
        PASS [   0.005s] (1277/4427) trawl-core emitter::functions::tests::translate_upper
        PASS [   0.004s] (1278/4427) trawl-core emitter::functions::tests::validate_format_literal_accepts_standard_codes
        PASS [   0.005s] (1279/4427) trawl-core emitter::functions::tests::validate_format_literal_rejects_invalid_code
        PASS [   0.005s] (1280/4427) trawl-core emitter::functions::tests::validate_format_literal_rejects_trailing_percent
        PASS [   0.005s] (1281/4427) trawl-core emitter::state::tests::cte_indentation_never_enters_a_multiline_string_literal
        PASS [   0.005s] (1282/4427) trawl-core emitter::state::tests::inlining_chains_the_parameter_index_across_fragments
        PASS [   0.005s] (1283/4427) trawl-core emitter::state::tests::inlining_treats_doubled_quotes_as_escapes
        PASS [   0.005s] (1284/4427) trawl-core emitter::state::tests::inlining_skips_placeholders_inside_quoted_regions
        PASS [   0.005s] (1285/4427) trawl-core emitter::tests::a_nan_parameter_keeps_the_raw_free_parameter_lists_identical
        PASS [   0.005s] (1286/4427) trawl-core emitter::tests::a_pivot_inlines_the_anchor_as_a_typed_literal
        PASS [   0.005s] (1287/4427) trawl-core emitter::tests::a_severity_set_pushes_no_parameters_and_preserves_positions
        PASS [   0.005s] (1288/4427) trawl-core emitter::tests::a_refused_pinned_comparison_keeps_its_type_and_its_sentence
        PASS [   0.005s] (1289/4427) trawl-core emitter::tests::a_whole_second_anchor_renders_six_digits
        PASS [   0.005s] (1290/4427) trawl-core emitter::tests::a_timechart_aggregate_parameter_flushes_the_predicate_first
        PASS [   0.005s] (1291/4427) trawl-core emitter::tests::a_year_outside_four_digits_renders_without_a_plus
        PASS [   0.005s] (1292/4427) trawl-core emitter::tests::accepts_valid_glob_source
        PASS [   0.006s] (1293/4427) trawl-core emitter::tests::an_aggregate_literal_argument_takes_the_same_guard
        PASS [   0.005s] (1294/4427) trawl-core emitter::tests::an_aggregate_that_pushes_a_parameter_flushes_the_predicate_first
        PASS [   0.005s] (1295/4427) trawl-core emitter::tests::an_aggregate_that_pushes_nothing_is_left_unnested
        PASS [   0.005s] (1296/4427) trawl-core emitter::tests::backticked_name_folds_to_the_same_pin
        PASS [   0.006s] (1297/4427) trawl-core emitter::tests::bare_search_covers_raw
        PASS [   0.005s] (1298/4427) trawl-core emitter::tests::cte_finalization_preserves_a_multiline_parameter
        PASS [   0.032s] (1299/4427) trawl-core emitter::tests::backticked_group_key_quotes_verbatim
        PASS [   0.032s] (1300/4427) trawl-core emitter::tests::backticked_table_fields_quote_verbatim
        PASS [   0.034s] (1301/4427) trawl-core emitter::tests::backticked_keyword_field_filter_beside_the_time_filter
        PASS [   0.034s] (1302/4427) trawl-core emitter::tests::empty_query
        PASS [   0.034s] (1303/4427) trawl-core emitter::tests::error_eventstats_dc
        PASS [   0.033s] (1304/4427) trawl-core emitter::tests::error_last_with_earliest
        PASS [   0.035s] (1305/4427) trawl-core emitter::tests::error_extract_no_named_groups
        PASS [   0.031s] (1306/4427) trawl-core emitter::tests::error_round_non_int_precision
        PASS [   0.032s] (1307/4427) trawl-core emitter::tests::error_severity_unknown_token_in_where
        PASS [   0.033s] (1308/4427) trawl-core emitter::tests::error_severity_unknown_token
        PASS [   0.032s] (1309/4427) trawl-core emitter::tests::error_unknown_function
        PASS [   0.031s] (1310/4427) trawl-core emitter::tests::expr_compound_and
        PASS [   0.033s] (1311/4427) trawl-core emitter::tests::expr_arithmetic
        PASS [   0.031s] (1312/4427) trawl-core emitter::tests::expr_compound_or
        PASS [   0.030s] (1313/4427) trawl-core emitter::tests::expr_ilike
        PASS [   0.031s] (1314/4427) trawl-core emitter::tests::expr_in_list
        PASS [   0.034s] (1315/4427) trawl-core emitter::tests::expr_like
        PASS [   0.028s] (1316/4427) trawl-core emitter::tests::expr_matches_string_literal
        PASS [   0.031s] (1317/4427) trawl-core emitter::tests::expr_negation
        PASS [   0.035s] (1318/4427) trawl-core emitter::tests::expr_matches_regex_literal
        PASS [   0.034s] (1319/4427) trawl-core emitter::tests::expr_not_equal
        PASS [   0.032s] (1320/4427) trawl-core emitter::tests::field_filter_with_float_coercion
        PASS [   0.030s] (1321/4427) trawl-core emitter::tests::field_filter_with_numeric_coercion
        PASS [   0.028s] (1322/4427) trawl-core emitter::tests::fn_case_no_default
        PASS [   0.028s] (1323/4427) trawl-core emitter::tests::fn_case_with_default
        PASS [   0.032s] (1324/4427) trawl-core emitter::tests::fn_concat
        PASS [   0.030s] (1325/4427) trawl-core emitter::tests::fn_date_diff
        PASS [   0.033s] (1326/4427) trawl-core emitter::tests::fn_contains
        PASS [   0.029s] (1327/4427) trawl-core emitter::tests::fn_date_part
        PASS [   0.028s] (1328/4427) trawl-core emitter::tests::fn_date_trunc
        PASS [   0.033s] (1329/4427) trawl-core emitter::tests::fn_endswith
        PASS [   0.033s] (1330/4427) trawl-core emitter::tests::fn_json_extract
        PASS [   0.005s] (1331/4427) trawl-core emitter::tests::hot_source_empty_pins_is_plain_union_with_timestamp_casts
        PASS [   0.030s] (1332/4427) trawl-core emitter::tests::fn_json_valid
        PASS [   0.005s] (1333/4427) trawl-core emitter::tests::hot_source_non_ascii_distinct_pins_each_get_an_entry
        PASS [   0.030s] (1334/4427) trawl-core emitter::tests::fn_startswith
        PASS [   0.005s] (1335/4427) trawl-core emitter::tests::hot_source_pinned_timestamp_columns_not_duplicated
        PASS [   0.033s] (1336/4427) trawl-core emitter::tests::fn_split
        PASS [   0.005s] (1337/4427) trawl-core emitter::tests::hot_source_pins_cast_hot_branch_only
        PASS [   0.005s] (1338/4427) trawl-core emitter::tests::hot_source_rejects_invalid_path
        PASS [   0.005s] (1339/4427) trawl-core emitter::tests::kv_split_stamps_rust_stage_pins_at_the_boundary
        PASS [   0.005s] (1340/4427) trawl-core emitter::tests::let_wildcard_folds_ascii_only
        PASS [   0.008s] (1341/4427) trawl-core emitter::tests::level_is_an_ordinary_field_in_every_position
        PASS [   0.005s] (1342/4427) trawl-core emitter::tests::list_source_rejects_invalid_path
        PASS [   0.004s] (1343/4427) trawl-core emitter::tests::list_source_rejects_malformed_list
        PASS [   0.036s] (1344/4427) trawl-core emitter::tests::fn_strftime_dsl_order
        PASS [   0.035s] (1345/4427) trawl-core emitter::tests::hot_source_emits_union_all
        PASS [   0.030s] (1346/4427) trawl-core emitter::tests::hot_source_with_comparison_pins
        PASS [   0.032s] (1347/4427) trawl-core emitter::tests::list_source_emits_read_parquet_list
        PASS [   0.030s] (1348/4427) trawl-core emitter::tests::multi_extract_then_where
        PASS [   0.032s] (1349/4427) trawl-core emitter::tests::multi_double_stats
        PASS [   0.032s] (1350/4427) trawl-core emitter::tests::multi_full_pipeline
        PASS [   0.033s] (1351/4427) trawl-core emitter::tests::multi_let_chained
        PASS [   0.033s] (1352/4427) trawl-core emitter::tests::multi_let_then_where
        PASS [   0.033s] (1353/4427) trawl-core emitter::tests::multi_search_then_dedup
        PASS [   0.010s] (1354/4427) trawl-core emitter::tests::out_of_ladder_severity_points_render_one_representative
        PASS [   0.031s] (1355/4427) trawl-core emitter::tests::multi_stats_then_drop
        PASS [   0.005s] (1356/4427) trawl-core emitter::tests::parameter_identity_reads_bits_not_ieee_equality
        PASS [   0.033s] (1357/4427) trawl-core emitter::tests::multi_stats_then_sort_then_limit
        PASS [   0.033s] (1358/4427) trawl-core emitter::tests::multi_stats_then_table
        PASS [   0.035s] (1359/4427) trawl-core emitter::tests::multi_stats_then_where
        PASS [   0.006s] (1360/4427) trawl-core emitter::tests::pinned_lookup_is_case_folded
        PASS [   0.035s] (1361/4427) trawl-core emitter::tests::multi_table_then_stats
        PASS [   0.029s] (1362/4427) trawl-core emitter::tests::pinned_bigint_glob_casts_to_varchar
        PASS [   0.032s] (1363/4427) trawl-core emitter::tests::pinned_let_comparison_adopts_the_rule_table
        PASS [   0.034s] (1364/4427) trawl-core emitter::tests::pinned_severity_eq_band_token
        PASS [   0.036s] (1365/4427) trawl-core emitter::tests::pinned_severity_eq_exact_otel_name
        PASS [   0.031s] (1366/4427) trawl-core emitter::tests::pinned_severity_glob_matches_the_canonical_token_text
        PASS [   0.045s] (1367/4427) trawl-core emitter::tests::pinned_pipeline_emission_is_byte_identical_outside_the_changed_cells
        PASS [   0.030s] (1368/4427) trawl-core emitter::tests::pinned_severity_gte_token_is_the_exact_number
        PASS [   0.034s] (1369/4427) trawl-core emitter::tests::pinned_severity_in_list_binds_the_subject_once
        PASS [   0.031s] (1370/4427) trawl-core emitter::tests::pinned_severity_ne_band_widens_with_null_in_the_search_stage
        PASS [   0.028s] (1371/4427) trawl-core emitter::tests::pinned_severity_negated_list_composes_scalar_widening
        PASS [   0.082s] (1372/4427) trawl-core emitter::tests::pinned_emission_is_byte_identical_outside_the_changed_cells
        PASS [   0.028s] (1373/4427) trawl-core emitter::tests::pinned_severity_where_eq_band
        PASS [   0.032s] (1374/4427) trawl-core emitter::tests::pinned_severity_regex_matches_the_canonical_token_text
        PASS [   0.030s] (1375/4427) trawl-core emitter::tests::pinned_severity_where_gte_token
        PASS [   0.032s] (1376/4427) trawl-core emitter::tests::pinned_severity_where_ne_band_stays_strict
        PASS [   0.028s] (1377/4427) trawl-core emitter::tests::pinned_varchar_eq_numeric_binds_text_and_reading
        PASS [   0.032s] (1378/4427) trawl-core emitter::tests::pinned_timestamp_regex_renders_rfc3339_text
        PASS [   0.029s] (1379/4427) trawl-core emitter::tests::pinned_varchar_in_list_mixes_text_and_numeric_elements
        PASS [   0.032s] (1380/4427) trawl-core emitter::tests::pinned_varchar_in_list_expands_to_or_of_equalities
        PASS [   0.032s] (1381/4427) trawl-core emitter::tests::pinned_varchar_in_list_without_numbers_keeps_in_shape
        PASS [   0.005s] (1382/4427) trawl-core emitter::tests::pinned_where_after_computed_let_is_literal_driven
        PASS [   0.031s] (1383/4427) trawl-core emitter::tests::pinned_varchar_ne_numeric_binds_text_and_reading_keeping_null_policy
        PASS [   0.005s] (1384/4427) trawl-core emitter::tests::pinned_where_excluded_shapes_emit_byte_identical_sql
        PASS [   0.029s] (1385/4427) trawl-core emitter::tests::pinned_varchar_negated_list_composes_scalar_equalities
        PASS [   0.028s] (1386/4427) trawl-core emitter::tests::pinned_varchar_ordered_lexical_unchanged
        PASS [   0.006s] (1387/4427) trawl-core emitter::tests::pinned_where_quoted_numeric_literal_binds_content
        PASS [   0.032s] (1388/4427) trawl-core emitter::tests::pinned_varchar_ordered_numeric_compares_in_decimal_space
        PASS [   0.027s] (1389/4427) trawl-core emitter::tests::pinned_where_after_rename_is_pin_aware_under_new_name
        PASS [   0.005s] (1390/4427) trawl-core emitter::tests::pinned_where_typed_pin_comparison_is_byte_identical
        PASS [   0.030s] (1391/4427) trawl-core emitter::tests::pinned_where_after_stats_group_key_stays_pin_aware
        PASS [   0.033s] (1392/4427) trawl-core emitter::tests::pinned_where_in_list_expands_numeric_elements
        PASS [   0.032s] (1393/4427) trawl-core emitter::tests::pinned_where_like_timestamp_pin_renders_rfc3339_text
        PASS [   0.034s] (1394/4427) trawl-core emitter::tests::pinned_where_matches_typed_pin_targets_canonical_text
        PASS [   0.032s] (1395/4427) trawl-core emitter::tests::pinned_where_varchar_eq_numeric_binds_text_and_reading
        PASS [   0.035s] (1396/4427) trawl-core emitter::tests::pinned_where_reversed_operands_bind_the_field_rule
        PASS [   0.031s] (1397/4427) trawl-core emitter::tests::pinned_where_varchar_ordered_numeric_compares_in_decimal_space
        PASS [   0.034s] (1398/4427) trawl-core emitter::tests::pinned_where_varchar_ne_keeps_strict_null_policy
        PASS [   0.032s] (1399/4427) trawl-core emitter::tests::pipe_dedup_multiple_fields
        PASS [   0.037s] (1400/4427) trawl-core emitter::tests::pipe_dedup_bare
        PASS [   0.027s] (1401/4427) trawl-core emitter::tests::pipe_dedup_single_field
        PASS [   0.030s] (1402/4427) trawl-core emitter::tests::pipe_drop_single
        PASS [   0.034s] (1403/4427) trawl-core emitter::tests::pipe_drop_multiple
        PASS [   0.033s] (1404/4427) trawl-core emitter::tests::pipe_eventstats_basic
        PASS [   0.031s] (1405/4427) trawl-core emitter::tests::pipe_eventstats_multi_agg
        PASS [   0.030s] (1406/4427) trawl-core emitter::tests::pipe_eventstats_then_where
        PASS [   0.034s] (1407/4427) trawl-core emitter::tests::pipe_eventstats_no_by
        PASS [   0.035s] (1408/4427) trawl-core emitter::tests::pipe_extract_default_field
        PASS [   0.033s] (1409/4427) trawl-core emitter::tests::pipe_extract_kv_basic
        PASS [   0.032s] (1410/4427) trawl-core emitter::tests::pipe_extract_kv_with_downstream
        PASS [   0.029s] (1411/4427) trawl-core emitter::tests::pipe_extract_kv_with_sep
        PASS [   0.031s] (1412/4427) trawl-core emitter::tests::pipe_extract_kv_with_search_prefix
        PASS [   0.027s] (1413/4427) trawl-core emitter::tests::pipe_let_function_call
        PASS [   0.032s] (1414/4427) trawl-core emitter::tests::pipe_let_arithmetic
        PASS [   0.036s] (1415/4427) trawl-core emitter::tests::pipe_extract_named_group
        PASS [   0.034s] (1416/4427) trawl-core emitter::tests::pipe_let_multi_assignment
        PASS [   0.031s] (1417/4427) trawl-core emitter::tests::pipe_let_round_no_precision
        PASS [   0.032s] (1418/4427) trawl-core emitter::tests::pipe_let_round_with_precision
        PASS [   0.035s] (1419/4427) trawl-core emitter::tests::pipe_let_override_existing
        PASS [   0.031s] (1420/4427) trawl-core emitter::tests::pipe_pivot_basic
        PASS [   0.033s] (1421/4427) trawl-core emitter::tests::pipe_limit
        PASS [   0.036s] (1422/4427) trawl-core emitter::tests::pipe_pivot_no_by
        PASS [   0.028s] (1423/4427) trawl-core emitter::tests::pipe_pivot_then_where
        PASS [   0.029s] (1424/4427) trawl-core emitter::tests::pipe_rare_basic
        PASS [   0.033s] (1425/4427) trawl-core emitter::tests::pipe_pivot_with_search
        PASS [   0.032s] (1426/4427) trawl-core emitter::tests::pipe_rare_with_by
        PASS [   0.032s] (1427/4427) trawl-core emitter::tests::pipe_rename_single
        PASS [   0.032s] (1428/4427) trawl-core emitter::tests::pipe_rename_multiple
        PASS [   0.032s] (1429/4427) trawl-core emitter::tests::pipe_sample_count
        PASS [   0.031s] (1430/4427) trawl-core emitter::tests::pipe_sample_percent
        PASS [   0.030s] (1431/4427) trawl-core emitter::tests::pipe_sort_desc
        PASS [   0.032s] (1432/4427) trawl-core emitter::tests::pipe_sort_asc
        PASS [   0.034s] (1433/4427) trawl-core emitter::tests::pipe_sort_timestamp
        PASS [   0.027s] (1434/4427) trawl-core emitter::tests::pipe_stats_multiple_aggs
        PASS [   0.030s] (1435/4427) trawl-core emitter::tests::pipe_stats_avg
        PASS [   0.029s] (1436/4427) trawl-core emitter::tests::pipe_stats_no_group
        PASS [   0.030s] (1437/4427) trawl-core emitter::tests::pipe_stats_with_alias
        PASS [   0.026s] (1438/4427) trawl-core emitter::tests::pipe_stats_with_group
        PASS [   0.029s] (1439/4427) trawl-core emitter::tests::pipe_table
        PASS [   0.030s] (1440/4427) trawl-core emitter::tests::pipe_tail
        PASS [   0.029s] (1441/4427) trawl-core emitter::tests::pipe_tail_after_sort
        PASS [   0.032s] (1442/4427) trawl-core emitter::tests::pipe_timechart_auto_bucket_1h
        PASS [   0.032s] (1443/4427) trawl-core emitter::tests::pipe_timechart_auto_bucket_7d
        PASS [   0.030s] (1444/4427) trawl-core emitter::tests::pipe_timechart_by_then_where
        PASS [   0.029s] (1445/4427) trawl-core emitter::tests::pipe_timechart_explicit_span
        PASS [   0.030s] (1446/4427) trawl-core emitter::tests::pipe_timechart_multiple_aggs
        PASS [   0.004s] (1447/4427) trawl-core emitter::tests::pivot_cte_finalization_preserves_a_multiline_literal
        PASS [   0.006s] (1448/4427) trawl-core emitter::tests::pivot_inlining_never_splices_into_a_quoted_region
        PASS [   0.006s] (1449/4427) trawl-core emitter::tests::queries_without_text_search_have_no_raw_free_variant
        PASS [   0.032s] (1450/4427) trawl-core emitter::tests::pipe_timechart_with_by
        PASS [   0.030s] (1451/4427) trawl-core emitter::tests::pipe_top_basic
        PASS [   0.004s] (1452/4427) trawl-core emitter::tests::rejects_dotdot_source
        PASS [   0.005s] (1453/4427) trawl-core emitter::tests::rejects_source_with_single_quote
        PASS [   0.005s] (1454/4427) trawl-core emitter::tests::rejects_tilde_source
        PASS [   0.005s] (1455/4427) trawl-core emitter::tests::rejects_source_with_semicolon
        PASS [   0.030s] (1456/4427) trawl-core emitter::tests::pipe_top_with_by
        PASS [   0.007s] (1457/4427) trawl-core emitter::tests::reserved_names_cannot_be_minted_by_the_pipeline
        PASS [   0.031s] (1458/4427) trawl-core emitter::tests::pipe_top_with_search
        PASS [   0.035s] (1459/4427) trawl-core emitter::tests::pipe_where
        PASS [   0.029s] (1460/4427) trawl-core emitter::tests::search_comparison_gt
        PASS [   0.029s] (1461/4427) trawl-core emitter::tests::search_bare_text
        PASS [   0.030s] (1462/4427) trawl-core emitter::tests::search_comparison_lt
        PASS [   0.032s] (1463/4427) trawl-core emitter::tests::search_comparison_gte
        PASS [   0.028s] (1464/4427) trawl-core emitter::tests::search_earliest_latest
        PASS [   0.032s] (1465/4427) trawl-core emitter::tests::search_comparison_ne
        PASS [   0.031s] (1466/4427) trawl-core emitter::tests::search_earliest_only
        PASS [   0.030s] (1467/4427) trawl-core emitter::tests::search_in_list
        PASS [   0.032s] (1468/4427) trawl-core emitter::tests::search_glob
        PASS [   0.026s] (1469/4427) trawl-core emitter::tests::search_multiple_filters
        PASS [   0.030s] (1470/4427) trawl-core emitter::tests::search_kitchen_sink
        PASS [   0.032s] (1471/4427) trawl-core emitter::tests::search_level_is_a_plain_field_filter
        PASS [   0.033s] (1472/4427) trawl-core emitter::tests::search_negated_list
        PASS [   0.032s] (1473/4427) trawl-core emitter::tests::search_negated_text
        PASS [   0.028s] (1474/4427) trawl-core emitter::tests::search_or_multi_token_groups
        PASS [   0.031s] (1475/4427) trawl-core emitter::tests::search_not_field
        PASS [   0.030s] (1476/4427) trawl-core emitter::tests::search_not_paren_group
        PASS [   0.033s] (1477/4427) trawl-core emitter::tests::search_or_two_services
        PASS [   0.033s] (1478/4427) trawl-core emitter::tests::search_or_with_stats
        PASS [   0.033s] (1479/4427) trawl-core emitter::tests::search_or_with_time_filter
        PASS [   0.031s] (1480/4427) trawl-core emitter::tests::search_paren_group
        PASS [   0.005s] (1481/4427) trawl-core emitter::tests::sev_dialect_argument_selects_the_expression_and_binds_nothing
        PASS [   0.030s] (1482/4427) trawl-core emitter::tests::search_quoted_phrase
        PASS [   0.029s] (1483/4427) trawl-core emitter::tests::search_single_field_filter
        PASS [   0.033s] (1484/4427) trawl-core emitter::tests::search_regex
        PASS [   0.029s] (1485/4427) trawl-core emitter::tests::search_time_filter
        PASS [   0.005s] (1486/4427) trawl-core emitter::tests::sev_emits_the_reading_kernel_over_the_arguments_text
        PASS [   0.005s] (1487/4427) trawl-core emitter::tests::sev_is_not_an_aggregate
        PASS [   0.005s] (1488/4427) trawl-core emitter::tests::sev_over_a_literal_types_its_parameter
        PASS [   0.029s] (1489/4427) trawl-core emitter::tests::search_time_filter_days
        PASS [   0.004s] (1490/4427) trawl-core emitter::tests::sev_refuses_an_unknown_dialect
        PASS [   0.005s] (1491/4427) trawl-core emitter::tests::sev_reports_arity_before_vocabulary
        PASS [   0.006s] (1492/4427) trawl-core emitter::tests::sev_refuses_a_non_literal_dialect
        PASS [   0.007s] (1493/4427) trawl-core emitter::tests::severity_predicates_render_the_subject_once_per_range
        PASS [   0.006s] (1494/4427) trawl-core emitter::tests::severity_subjects_never_push_parameters
        PASS [   0.005s] (1495/4427) trawl-core emitter::tests::text_search_carries_a_raw_free_variant
        PASS [   0.005s] (1496/4427) trawl-core emitter::tests::the_inlined_and_displayed_anchor_agree
        PASS [   0.004s] (1497/4427) trawl-core emitter::tests::time_filter_uses_time_column
        PASS [   0.005s] (1498/4427) trawl-core emitter::tests::time_alias_spellings_name_their_own_columns
        PASS [   0.030s] (1499/4427) trawl-core emitter::tests::search_wildcard_no_filter
        PASS [   0.004s] (1500/4427) trawl-core emitter::validate::tests::aggregation_alias_cannot_mint_a_reserved_name
        PASS [   0.005s] (1501/4427) trawl-core emitter::tests::two_now_calls_bind_one_instant
        PASS [   0.004s] (1502/4427) trawl-core emitter::validate::tests::ordinary_aggregation_alias_is_accepted
        PASS [   0.004s] (1503/4427) trawl-core eval::tests::abs_and_neg_null_on_i64_min_overflow
        PASS [   0.005s] (1504/4427) trawl-core eval::tests::add_int_float
        PASS [   0.004s] (1505/4427) trawl-core eval::tests::all_scalar_known_functions_return_some
        PASS [   0.004s] (1506/4427) trawl-core eval::tests::add_ints
        PASS [   0.005s] (1507/4427) trawl-core eval::tests::an_infinity_compares_as_duckdb_orders_it
        PASS [   0.004s] (1508/4427) trawl-core eval::tests::and_false_null
        PASS [   0.004s] (1509/4427) trawl-core eval::tests::and_null_true
        PASS [   0.004s] (1510/4427) trawl-core eval::tests::and_true_true
        PASS [   0.005s] (1511/4427) trawl-core eval::tests::and_true_false
        PASS [   0.004s] (1512/4427) trawl-core eval::tests::arithmetic_null_propagation
        PASS [   0.004s] (1513/4427) trawl-core eval::tests::arithmetic_with_field
        PASS [   0.004s] (1514/4427) trawl-core eval::tests::as_finite_is_none_for_a_text_with_no_reading
        PASS [   0.005s] (1515/4427) trawl-core eval::tests::as_finite_reads_the_literal_timestamp_syntax
        PASS [   0.004s] (1516/4427) trawl-core eval::tests::as_instant_reads_an_infinity_that_as_finite_refuses
        PASS [   0.004s] (1517/4427) trawl-core eval::tests::cmp_null_propagation
        PASS [   0.005s] (1518/4427) trawl-core eval::tests::cmp_strings
        PASS [   0.005s] (1519/4427) trawl-core eval::tests::complex_let_expression
        PASS [   0.004s] (1520/4427) trawl-core eval::tests::current_strptime_reads_only_a_six_digit_fraction
        PASS [   0.004s] (1521/4427) trawl-core eval::tests::complex_where_condition
        PASS [   0.005s] (1522/4427) trawl-core eval::tests::div_by_zero_float
        PASS [   0.005s] (1523/4427) trawl-core eval::tests::div_by_zero_int
        PASS [   0.004s] (1524/4427) trawl-core eval::tests::div_floats
        PASS [   0.005s] (1525/4427) trawl-core eval::tests::duckdb_double_text_matches_cast_to_varchar
        PASS [   0.005s] (1526/4427) trawl-core eval::tests::div_ints
        PASS [   0.004s] (1527/4427) trawl-core eval::tests::eq_int_float_cross
        PASS [   0.004s] (1528/4427) trawl-core eval::tests::eval_value_to_json_roundtrip
        PASS [   0.005s] (1529/4427) trawl-core eval::tests::eq_ints
        PASS [   0.031s] (1530/4427) trawl-core emitter::tests::where_level_is_a_plain_comparison
        PASS [   0.032s] (1531/4427) trawl-core emitter::tests::timestamp_mapping
        PASS [   0.004s] (1532/4427) trawl-core eval::tests::field_ref_present
        PASS [   0.004s] (1533/4427) trawl-core eval::tests::field_ref_numeric
        PASS [   0.005s] (1534/4427) trawl-core eval::tests::field_ref_missing
        PASS [   0.004s] (1535/4427) trawl-core eval::tests::field_ref_time_alias
        PASS [   0.004s] (1536/4427) trawl-core eval::tests::field_ref_timestamp_is_not_an_alias_for_time
        PASS [   0.004s] (1537/4427) trawl-core eval::tests::fn_abs_float
        PASS [   0.004s] (1538/4427) trawl-core eval::tests::fn_abs_positive
        PASS [   0.004s] (1539/4427) trawl-core eval::tests::fn_ceil_keeps_negative_zero
        PASS [   0.005s] (1540/4427) trawl-core eval::tests::fn_ceil
        PASS [   0.005s] (1541/4427) trawl-core eval::tests::fn_case_stops_at_the_first_true_arm_and_nulls_on_an_unreadable_one
        PASS [   0.004s] (1542/4427) trawl-core eval::tests::fn_ceiling_alias
        PASS [   0.005s] (1543/4427) trawl-core eval::tests::fn_ceil_widens_an_integer_argument
        PASS [   0.004s] (1544/4427) trawl-core eval::tests::fn_coalesce_all_null
        PASS [   0.004s] (1545/4427) trawl-core eval::tests::fn_concat_all_null_is_empty_string
        PASS [   0.004s] (1546/4427) trawl-core eval::tests::fn_concat_float_renders_duckdb_way
        PASS [   0.005s] (1547/4427) trawl-core eval::tests::fn_coalesce_first_non_null
        PASS [   0.004s] (1548/4427) trawl-core eval::tests::fn_concat_mixed_types
        PASS [   0.004s] (1549/4427) trawl-core eval::tests::fn_concat_trailing_null
        PASS [   0.005s] (1550/4427) trawl-core eval::tests::fn_concat_skips_null
        PASS [   0.005s] (1551/4427) trawl-core eval::tests::fn_date_diff_day
        PASS [   0.004s] (1552/4427) trawl-core eval::tests::fn_date_diff_hour_boundary_crossing
        PASS [   0.004s] (1553/4427) trawl-core eval::tests::fn_date_diff_month
        PASS [   0.005s] (1554/4427) trawl-core eval::tests::fn_date_diff_negative
        PASS [   0.005s] (1555/4427) trawl-core eval::tests::fn_date_part_day
        PASS [   0.005s] (1556/4427) trawl-core eval::tests::fn_date_part_dow_sunday
        PASS [   0.004s] (1557/4427) trawl-core eval::tests::fn_date_part_hour
        PASS [   0.007s] (1558/4427) trawl-core eval::tests::fn_date_diff_week_boundary
        PASS [   0.005s] (1559/4427) trawl-core eval::tests::fn_date_part_month
        PASS [   0.004s] (1560/4427) trawl-core eval::tests::fn_date_part_quarter
        PASS [   0.004s] (1561/4427) trawl-core eval::tests::fn_date_part_unknown_unit
        PASS [   0.004s] (1562/4427) trawl-core eval::tests::fn_date_part_year
        PASS [   0.005s] (1563/4427) trawl-core eval::tests::fn_date_trunc_day
        PASS [   0.004s] (1564/4427) trawl-core eval::tests::fn_date_trunc_hour
        PASS [   0.004s] (1565/4427) trawl-core eval::tests::fn_date_trunc_month
        PASS [   0.004s] (1566/4427) trawl-core eval::tests::fn_date_trunc_week_to_monday
        PASS [   0.004s] (1567/4427) trawl-core eval::tests::fn_date_trunc_year
        PASS [   0.005s] (1568/4427) trawl-core eval::tests::fn_floor
        PASS [   0.005s] (1569/4427) trawl-core eval::tests::fn_floor_widens_an_integer_argument
        PASS [   0.005s] (1570/4427) trawl-core eval::tests::fn_if_false
        PASS [   0.004s] (1571/4427) trawl-core eval::tests::fn_if_true
        PASS [   0.005s] (1572/4427) trawl-core eval::tests::fn_if_reads_its_condition_as_duckdb_casts_it
        PASS [   0.004s] (1573/4427) trawl-core eval::tests::fn_isnotnull
        PASS [   0.004s] (1574/4427) trawl-core eval::tests::fn_isnull_not_null
        PASS [   0.004s] (1575/4427) trawl-core eval::tests::fn_isnull_null
        PASS [   0.005s] (1576/4427) trawl-core eval::tests::fn_json_extract_returns_json_text
        PASS [   0.004s] (1577/4427) trawl-core eval::tests::fn_len_alias
        PASS [   0.004s] (1578/4427) trawl-core eval::tests::fn_length
        PASS [   0.004s] (1579/4427) trawl-core eval::tests::fn_lower
        PASS [   0.005s] (1580/4427) trawl-core eval::tests::fn_length_counts_chars_not_bytes
        PASS [   0.004s] (1581/4427) trawl-core eval::tests::fn_ltrim
        PASS [   0.004s] (1582/4427) trawl-core eval::tests::fn_now_returns_the_contexts_instant
        PASS [   0.004s] (1583/4427) trawl-core eval::tests::fn_replace
        PASS [   0.004s] (1584/4427) trawl-core eval::tests::fn_round_explicit_zero_precision_stays_double
        PASS [   0.004s] (1585/4427) trawl-core eval::tests::fn_round_with_precision
        PASS [   0.005s] (1586/4427) trawl-core eval::tests::fn_round_int_passthrough
        PASS [   0.005s] (1587/4427) trawl-core eval::tests::fn_round_no_precision
        PASS [   0.004s] (1588/4427) trawl-core eval::tests::fn_rtrim
        PASS [   0.005s] (1589/4427) trawl-core eval::tests::fn_sev_dialect_inverts_numerics_only
        PASS [   0.004s] (1590/4427) trawl-core eval::tests::fn_sev_over_event_columns
        PASS [   0.005s] (1591/4427) trawl-core eval::tests::fn_sev_reads_the_ladder
        PASS [   0.004s] (1592/4427) trawl-core eval::tests::fn_strftime_basic
        PASS [   0.005s] (1593/4427) trawl-core eval::tests::fn_strftime_full
        PASS [   0.005s] (1594/4427) trawl-core eval::tests::fn_strftime_invalid_specifier_returns_null_not_panic
        PASS [   0.005s] (1595/4427) trawl-core eval::tests::fn_strftime_percent_f_is_microseconds
        PASS [   0.004s] (1596/4427) trawl-core eval::tests::fn_strftime_trailing_percent_returns_null_not_panic
        PASS [   0.004s] (1597/4427) trawl-core eval::tests::fn_strptime_failure_returns_null
        PASS [   0.004s] (1598/4427) trawl-core eval::tests::fn_strptime_success
        PASS [   0.004s] (1599/4427) trawl-core eval::tests::fn_strptime_partial_formats_fill_like_duckdb
        PASS [   0.005s] (1600/4427) trawl-core eval::tests::fn_substr_null
        PASS [   0.004s] (1601/4427) trawl-core eval::tests::fn_substr_two_args
        PASS [   0.005s] (1602/4427) trawl-core eval::tests::fn_substr_three_args
        PASS [   0.005s] (1603/4427) trawl-core eval::tests::fn_tonumber_from_bool
        PASS [   0.005s] (1604/4427) trawl-core eval::tests::fn_tonumber_from_float
        PASS [   0.005s] (1605/4427) trawl-core eval::tests::fn_tonumber_from_int
        PASS [   0.005s] (1606/4427) trawl-core eval::tests::fn_tonumber_from_str
        PASS [   0.005s] (1607/4427) trawl-core eval::tests::fn_tonumber_honors_inner_digit_separators
        PASS [   0.004s] (1608/4427) trawl-core eval::tests::fn_tonumber_non_numeric_str
        PASS [   0.005s] (1609/4427) trawl-core eval::tests::fn_tonumber_rejects_misplaced_digit_separators
        PASS [   0.004s] (1610/4427) trawl-core eval::tests::fn_tostring_float_renders_duckdb_way
        PASS [   0.004s] (1611/4427) trawl-core eval::tests::fn_tostring_int
        PASS [   0.004s] (1612/4427) trawl-core eval::tests::fn_tostring_null
        PASS [   0.005s] (1613/4427) trawl-core eval::tests::fn_tostring_timestamp
        PASS [   0.004s] (1614/4427) trawl-core eval::tests::fn_trim
        PASS [   0.005s] (1615/4427) trawl-core eval::tests::fn_typeof_int
        PASS [   0.005s] (1616/4427) trawl-core eval::tests::fn_typeof_now_is_timestamp
        PASS [   0.004s] (1617/4427) trawl-core eval::tests::fn_typeof_string
        PASS [   0.005s] (1618/4427) trawl-core eval::tests::fn_typeof_null
        PASS [   0.004s] (1619/4427) trawl-core eval::tests::gt_false
        PASS [   0.005s] (1620/4427) trawl-core eval::tests::fn_upper
        PASS [   0.005s] (1621/4427) trawl-core eval::tests::gt_ints
        PASS [   0.005s] (1622/4427) trawl-core eval::tests::if_with_field_condition
        PASS [   0.005s] (1623/4427) trawl-core eval::tests::gte_equal
        PASS [   0.005s] (1624/4427) trawl-core eval::tests::if_with_null_field
        PASS [   0.004s] (1625/4427) trawl-core eval::tests::in_list_found
        PASS [   0.005s] (1626/4427) trawl-core eval::tests::in_list_not_found
        PASS [   0.004s] (1627/4427) trawl-core eval::tests::in_list_null_target
        PASS [   0.007s] (1628/4427) trawl-core eval::tests::ilike_case_insensitive
        PASS [   0.004s] (1629/4427) trawl-core eval::tests::int_arithmetic_overflow_is_null
        PASS [   0.004s] (1630/4427) trawl-core eval::tests::json_to_eval_value
        PASS [   0.004s] (1631/4427) trawl-core eval::tests::like_null_propagation
        PASS [   0.006s] (1632/4427) trawl-core eval::tests::like_case_sensitive
        PASS [   0.004s] (1633/4427) trawl-core eval::tests::literal_float
        PASS [   0.005s] (1634/4427) trawl-core eval::tests::literal_bool
        PASS [   0.007s] (1635/4427) trawl-core eval::tests::like_no_match
        PASS [   0.005s] (1636/4427) trawl-core eval::tests::like_underscore_wildcard
        PASS [   0.006s] (1637/4427) trawl-core eval::tests::like_percent_wildcard
        PASS [   0.004s] (1638/4427) trawl-core eval::tests::literal_int
        PASS [   0.004s] (1639/4427) trawl-core eval::tests::literal_null
        PASS [   0.005s] (1640/4427) trawl-core eval::tests::literal_string
        PASS [   0.004s] (1641/4427) trawl-core eval::tests::lt_ints
        PASS [   0.004s] (1642/4427) trawl-core eval::tests::lte_equal
        PASS [   0.004s] (1643/4427) trawl-core eval::tests::modulo_by_zero
        PASS [   0.006s] (1644/4427) trawl-core eval::tests::matches_no_match
        PASS [   0.004s] (1645/4427) trawl-core eval::tests::modulo_by_zero_float
        PASS [   0.004s] (1646/4427) trawl-core eval::tests::modulo_ints
        PASS [   0.004s] (1647/4427) trawl-core eval::tests::mul_ints
        PASS [   0.007s] (1648/4427) trawl-core eval::tests::matches_regex
        PASS [   0.004s] (1649/4427) trawl-core eval::tests::nan_compares_as_duckdb_orders_it
        PASS [   0.004s] (1650/4427) trawl-core eval::tests::ne_ints
        PASS [   0.005s] (1651/4427) trawl-core eval::tests::neg_float
        PASS [   0.005s] (1652/4427) trawl-core eval::tests::neg_int
        PASS [   0.004s] (1653/4427) trawl-core eval::tests::nested_function_call
        PASS [   0.004s] (1654/4427) trawl-core eval::tests::not_true
        PASS [   0.005s] (1655/4427) trawl-core eval::tests::not_false
        PASS [   0.005s] (1656/4427) trawl-core eval::tests::not_null
        PASS [   0.004s] (1657/4427) trawl-core eval::tests::or_false_false
        PASS [   0.004s] (1658/4427) trawl-core eval::tests::or_null_false
        PASS [   0.004s] (1659/4427) trawl-core eval::tests::or_true_null
        PASS [   0.006s] (1660/4427) trawl-core eval::tests::pinned::in_list_routes_each_element_through_eq
        PASS [   0.005s] (1661/4427) trawl-core eval::tests::pinned::ne_over_absent_field_is_unknown
        PASS [   0.006s] (1662/4427) trawl-core eval::tests::pinned::matches_over_varchar_pin_reads_the_stored_text
        PASS [   0.007s] (1663/4427) trawl-core eval::tests::pinned::matches_over_typed_pin_targets_canonical_text
        PASS [   0.005s] (1664/4427) trawl-core eval::tests::pinned::quoted_numeric_literal_binds_content
        PASS [   0.006s] (1665/4427) trawl-core eval::tests::pinned::pinned_lookup_binds_the_rows_key_case_insensitively
        PASS [   0.005s] (1666/4427) trawl-core eval::tests::pinned::reversed_operands_bind_the_field_rule
        PASS [   0.005s] (1667/4427) trawl-core eval::tests::pinned::unpinned_lookup_binds_the_rows_key_case_insensitively
        PASS [   0.005s] (1668/4427) trawl-core eval::tests::pinned::unpinned_field_falls_through_to_literal_driven_eval
        PASS [   0.006s] (1669/4427) trawl-core eval::tests::pinned::typed_pin_unreadable_value_is_unknown_even_for_ne
        PASS [   0.006s] (1670/4427) trawl-core eval::tests::pinned::varchar_eq_numeric_matches_text_or_reading
        PASS [   0.005s] (1671/4427) trawl-core eval::tests::sub_ints
        PASS [   0.005s] (1672/4427) trawl-core eval::tests::substr_duckdb_window_semantics
        PASS [   0.006s] (1673/4427) trawl-core eval::tests::pinned::varchar_ordered_numeric_compares_in_decimal_space
        PASS [   0.005s] (1674/4427) trawl-core eval::tests::substr_extreme_bounds_do_not_panic
        PASS [   0.005s] (1675/4427) trawl-core eval::tests::the_date_scalars_mirror_duckdb_over_an_infinity
        PASS [   0.005s] (1676/4427) trawl-core eval::tests::the_format_translation_touches_only_a_bare_percent_f
        PASS [   0.004s] (1677/4427) trawl-core eval::tests::the_json_spelling_pass_only_touches_an_exponent_sign
        PASS [   0.005s] (1678/4427) trawl-core eval::tests::timestamp_eq_str_same_instant
        PASS [   0.005s] (1679/4427) trawl-core eval::tests::timestamp_is_truthy
        PASS [   0.005s] (1680/4427) trawl-core eval::tests::timestamp_gt_str_past_is_true
        PASS [   0.004s] (1681/4427) trawl-core eval::tests::timestamp_lt_str_future_is_true
        PASS [   0.005s] (1682/4427) trawl-core eval::tests::timestamp_to_duckdb_text_trims_trailing_zeros
        PASS [   0.005s] (1683/4427) trawl-core eval::tests::timestamp_to_duckdb_text_no_frac
        PASS [   0.004s] (1684/4427) trawl-core eval::tests::timestamp_to_duckdb_text_with_micros
        PASS [   0.005s] (1685/4427) trawl-core eval::tests::timestamp_to_json_is_duckdb_text
        PASS [   0.005s] (1686/4427) trawl-core eval::tests::two_now_calls_in_one_expression_are_one_instant
        PASS [   0.005s] (1687/4427) trawl-core eval::tests::truthiness
        PASS [   0.005s] (1688/4427) trawl-core eval::tests::where_timestamp_gt_now_for_future_event
        PASS [   0.005s] (1689/4427) trawl-core eval::tests::where_timestamp_gt_now_for_past_event
        PASS [   0.005s] (1690/4427) trawl-core field_refs::tests::a_computed_target_shadowing_a_field_is_over_collected
        PASS [   0.005s] (1691/4427) trawl-core field_refs::tests::an_unparseable_query_contributes_nothing
        PASS [   0.006s] (1692/4427) trawl-core field_refs::tests::names_fold_and_never_alias
        PASS [   0.006s] (1693/4427) trawl-core field_refs::tests::text_search_and_time_bounds_bind_nothing
        PASS [   0.006s] (1694/4427) trawl-core filter::tests::absent_field_matches_ne_like_explicit_null
        PASS [   0.005s] (1695/4427) trawl-core filter::tests::empty_search_matches_all
        PASS [   0.006s] (1696/4427) trawl-core filter::tests::absolute_bounds_are_half_open_at_the_microsecond
        PASS [   0.005s] (1697/4427) trawl-core filter::tests::field_eq_numeric
        PASS [   0.010s] (1698/4427) trawl-core field_refs::tests::every_binding_position_is_collected
        PASS [   0.007s] (1699/4427) trawl-core filter::tests::field_eq_string
        PASS [   0.005s] (1700/4427) trawl-core filter::tests::field_gt
        PASS [   0.005s] (1701/4427) trawl-core filter::tests::field_gte
        PASS [   0.005s] (1702/4427) trawl-core filter::tests::field_in_list
        PASS [   0.008s] (1703/4427) trawl-core filter::tests::field_glob_question_mark
        PASS [   0.011s] (1704/4427) trawl-core filter::tests::field_glob
        PASS [   0.009s] (1705/4427) trawl-core filter::tests::field_glob_with_character_class
        PASS [   0.004s] (1706/4427) trawl-core filter::tests::field_lte
        PASS [   0.006s] (1707/4427) trawl-core filter::tests::field_lt
        PASS [   0.006s] (1708/4427) trawl-core filter::tests::field_ne
        PASS [   0.004s] (1709/4427) trawl-core filter::tests::glob_conversion_character_class
        PASS [   0.004s] (1710/4427) trawl-core filter::tests::glob_conversion_escapes_dots
        PASS [   0.004s] (1711/4427) trawl-core filter::tests::glob_conversion_negated_class
        PASS [   0.004s] (1712/4427) trawl-core filter::tests::glob_conversion_question
        PASS [   0.008s] (1713/4427) trawl-core filter::tests::field_regex
        PASS [   0.005s] (1714/4427) trawl-core filter::tests::glob_conversion_star
        PASS [   0.005s] (1715/4427) trawl-core filter::tests::matches_at_uses_the_contexts_instant
        PASS [   0.004s] (1716/4427) trawl-core filter::tests::null_field_no_match
        PASS [   0.005s] (1717/4427) trawl-core filter::tests::missing_field_no_match
        PASS [   0.005s] (1718/4427) trawl-core filter::tests::or_groups
        PASS [   0.005s] (1719/4427) trawl-core filter::tests::parse_epoch_f64_fractional
        PASS [   0.011s] (1720/4427) trawl-core filter::tests::level_is_an_ordinary_field
        PASS [   0.005s] (1721/4427) trawl-core filter::tests::parse_epoch_i64_millis
        PASS [   0.008s] (1722/4427) trawl-core filter::tests::or_groups_with_and
        PASS [   0.005s] (1723/4427) trawl-core filter::tests::parse_timestamp_epoch_millis_string
        PASS [   0.005s] (1724/4427) trawl-core filter::tests::parse_timestamp_epoch_seconds_string
        PASS [   0.007s] (1725/4427) trawl-core filter::tests::parse_epoch_i64_seconds
        PASS [   0.006s] (1726/4427) trawl-core filter::tests::parse_timestamp_iso_with_offset
        PASS [   0.004s] (1727/4427) trawl-core filter::tests::parse_timestamp_naive_fractional
        PASS [   0.004s] (1728/4427) trawl-core filter::tests::parse_timestamp_naive_t_separator
        PASS [   0.005s] (1729/4427) trawl-core filter::tests::parse_timestamp_rejects_malformed
        PASS [   0.005s] (1730/4427) trawl-core filter::tests::parse_timestamp_rfc3339
        PASS [   0.004s] (1731/4427) trawl-core filter::tests::parse_timestamp_space_fractional
        PASS [   0.004s] (1732/4427) trawl-core filter::tests::parse_timestamp_space_separator
        PASS [   0.005s] (1733/4427) trawl-core filter::tests::parse_timestamp_rfc3339_fractional
        PASS [   0.005s] (1734/4427) trawl-core filter::tests::pinned_lookup_is_case_folded
        PASS [   0.005s] (1735/4427) trawl-core filter::tests::pinned_varchar_in_list_compares_as_text
        PASS [   0.005s] (1736/4427) trawl-core filter::tests::pinned_varchar_ne_numeric_includes_json_null
        PASS [   0.006s] (1737/4427) trawl-core filter::tests::pinned_varchar_eq_numeric_compares_as_text_or_reading
        PASS [   0.009s] (1738/4427) trawl-core filter::tests::pinned_bigint_glob_and_regex_match_text_form
        PASS [   0.005s] (1739/4427) trawl-core filter::tests::pinned_varchar_ordered_lexical_stays_lexical
        PASS [   0.007s] (1740/4427) trawl-core filter::tests::pinned_varchar_ne_numeric_keeps_unreadable_values
        PASS [   0.005s] (1741/4427) trawl-core filter::tests::quoted_search_case_insensitive
        PASS [   0.006s] (1742/4427) trawl-core filter::tests::quoted_search
        PASS [   0.006s] (1743/4427) trawl-core filter::tests::pinned_varchar_ordered_numeric_matches_numeric_text
        PASS [   0.006s] (1744/4427) trawl-core filter::tests::severity_pin_carries_the_band_vocabulary
        PASS [   0.006s] (1745/4427) trawl-core filter::tests::text_search_case_insensitive
        PASS [   0.016s] (1746/4427) trawl-core filter::tests::pinned_not_over_unknown_is_never_a_match
        PASS [   0.007s] (1747/4427) trawl-core filter::tests::text_search_covers_the_whole_event_through_raw
        PASS [   0.006s] (1748/4427) trawl-core filter::tests::text_search_missing_message
        PASS [   0.005s] (1749/4427) trawl-core filter::tests::text_search_negated
        PASS [   0.006s] (1750/4427) trawl-core filter::tests::text_search_positive
        PASS [   0.005s] (1751/4427) trawl-core filter::tests::time_filter_epoch_seconds_event
        PASS [   0.005s] (1752/4427) trawl-core filter::tests::time_filter_boundary_matches
        PASS [   0.005s] (1753/4427) trawl-core filter::tests::time_filter_just_past_boundary_excluded
        PASS [   0.005s] (1754/4427) trawl-core filter::tests::time_filter_no_timestamp_excluded
        PASS [   0.005s] (1755/4427) trawl-core filter::tests::time_filter_old_event_excluded
        PASS [   0.005s] (1756/4427) trawl-core filter::tests::time_filter_recent_event_matches
        PASS [   0.005s] (1757/4427) trawl-core filter::tests::unpinned_not_over_null_column_is_not_a_match
        PASS [   0.005s] (1758/4427) trawl-core filter::tests::wildcard_matches_everything
        PASS [   0.004s] (1759/4427) trawl-core format::tests::an_inexpressible_name_does_not_panic_the_formatter
        PASS [   0.007s] (1760/4427) trawl-core format::saved_name_tests::names_round_trip
        PASS [   0.006s] (1761/4427) trawl-core format::tests::backslashes_survive_filter_and_expression_round_trips
        PASS [   0.024s] (1762/4427) trawl-core format::tests::a_formatted_filter_value_reparses_to_the_same_ast
        PASS [   0.031s] (1763/4427) trawl-core format::tests::bare_star
        PASS [   0.028s] (1764/4427) trawl-core format::tests::eventstats
        PASS [   0.033s] (1765/4427) trawl-core format::tests::dedup_with_fields
        PASS [   0.034s] (1766/4427) trawl-core format::tests::dedup_bare
        PASS [   0.031s] (1767/4427) trawl-core format::tests::earliest_latest
        PASS [   0.034s] (1768/4427) trawl-core format::tests::drop_fields
        PASS [   0.030s] (1769/4427) trawl-core format::tests::expr_function_call
        PASS [   0.029s] (1770/4427) trawl-core format::tests::expr_in_list
        PASS [   0.028s] (1771/4427) trawl-core format::tests::expr_minimal_parens
        PASS [   0.030s] (1772/4427) trawl-core format::tests::expr_needed_parens
        PASS [   0.030s] (1773/4427) trawl-core format::tests::expr_unary_not
        PASS [   0.032s] (1774/4427) trawl-core format::tests::expr_unary_neg
        PASS [   0.032s] (1775/4427) trawl-core format::tests::extract_kv
        PASS [   0.034s] (1776/4427) trawl-core format::tests::extract_kv_from_field
        PASS [   0.029s] (1777/4427) trawl-core format::tests::extract_regex
        PASS [   0.031s] (1778/4427) trawl-core format::tests::extract_kv_with_sep
        PASS [   0.028s] (1779/4427) trawl-core format::tests::field_filter_with_list
        PASS [   0.027s] (1780/4427) trawl-core format::tests::from_saved
        PASS [   0.031s] (1781/4427) trawl-core format::tests::field_filter_with_glob
        PASS [   0.006s] (1782/4427) trawl-core format::tests::idempotent
        PASS [   0.034s] (1783/4427) trawl-core format::tests::field_filter_with_regex
        PASS [   0.011s] (1784/4427) trawl-core format::tests::hostile_names_round_trip_through_the_formatter
        PASS [   0.029s] (1785/4427) trawl-core format::tests::from_saved_with_run
        PASS [   0.032s] (1786/4427) trawl-core format::tests::full_pipeline
        PASS [   0.030s] (1787/4427) trawl-core format::tests::let_and_eval_preserve_keyword
        PASS [   0.027s] (1788/4427) trawl-core format::tests::multiple_let_assignments
        PASS [   0.033s] (1789/4427) trawl-core format::tests::limit_and_head_preserve_keyword
        PASS [   0.029s] (1790/4427) trawl-core format::tests::multiple_field_filters
        PASS [   0.029s] (1791/4427) trawl-core format::tests::negated_text_search
        PASS [   0.031s] (1792/4427) trawl-core format::tests::not_token
        PASS [   0.030s] (1793/4427) trawl-core format::tests::or_groups_inline
        PASS [   0.029s] (1794/4427) trawl-core format::tests::or_groups_with_time_filter
        PASS [   0.029s] (1795/4427) trawl-core format::tests::pipe_only_no_search
        PASS [   0.005s] (1796/4427) trawl-core format::tests::reformat_invalid_returns_none
        PASS [   0.031s] (1797/4427) trawl-core format::tests::pivot
        PASS [   0.005s] (1798/4427) trawl-core format::tests::reformat_valid
        PASS [   0.033s] (1799/4427) trawl-core format::tests::quoted_phrase
        PASS [   0.031s] (1800/4427) trawl-core format::tests::quoted_value_with_space
        PASS [   0.029s] (1801/4427) trawl-core format::tests::rare_basic
        PASS [   0.030s] (1802/4427) trawl-core format::tests::rename
        PASS [   0.028s] (1803/4427) trawl-core format::tests::rex_preserves_keyword
        PASS [   0.027s] (1804/4427) trawl-core format::tests::sort_multi_field
        PASS [   0.032s] (1805/4427) trawl-core format::tests::sample_count
        PASS [   0.032s] (1806/4427) trawl-core format::tests::single_field_filter
        PASS [   0.035s] (1807/4427) trawl-core format::tests::sample_percent
        PASS [   0.031s] (1808/4427) trawl-core format::tests::stats_with_alias
        PASS [   0.030s] (1809/4427) trawl-core format::tests::table_and_fields_preserve_keyword
        PASS [   0.031s] (1810/4427) trawl-core format::tests::tail_stage
        PASS [   0.029s] (1811/4427) trawl-core format::tests::text_search
        PASS [   0.031s] (1812/4427) trawl-core format::tests::the_grammar_keywords_print_quoted
        PASS [   0.029s] (1813/4427) trawl-core format::tests::time_filter_only
        PASS [   0.007s] (1814/4427) trawl-core format::tests::values_refused_by_the_bare_grammar_round_trip_quoted
        PASS [   0.006s] (1815/4427) trawl-core format::tests::values_that_round_trip_bare_are_not_quoted
        PASS [   0.034s] (1816/4427) trawl-core format::tests::time_filter_at_end
        PASS [   0.005s] (1817/4427) trawl-core fuzz_input::tests::a_leading_nul_leaves_an_empty_query
        PASS [   0.005s] (1818/4427) trawl-core fuzz_input::tests::a_query_binding_no_fields_yields_an_empty_catalog
        PASS [   0.005s] (1819/4427) trawl-core fuzz_input::tests::a_short_selector_is_reused_cyclically
        PASS [   0.004s] (1820/4427) trawl-core fuzz_input::tests::an_empty_input_decodes_to_two_empty_halves
        PASS [   0.005s] (1821/4427) trawl-core fuzz_input::tests::a_trailing_nul_leaves_an_empty_selector
        PASS [   0.005s] (1822/4427) trawl-core fuzz_input::tests::an_empty_selector_leaves_every_field_unpinned
        PASS [   0.005s] (1823/4427) trawl-core fuzz_input::tests::decoding_and_deriving_compose_into_one_case
        PASS [   0.005s] (1824/4427) trawl-core fuzz_input::tests::every_canonical_type_is_reachable_from_some_byte
        PASS [   0.005s] (1825/4427) trawl-core fuzz_input::tests::fields_take_selector_bytes_in_sorted_folded_order
        PASS [   0.005s] (1826/4427) trawl-core fuzz_input::tests::later_nuls_are_ordinary_selector_bytes
        PASS [   0.005s] (1827/4427) trawl-core fuzz_input::tests::no_admission_policy_is_applied
        PASS [   0.033s] (1828/4427) trawl-core format::tests::timechart
        PASS [   0.004s] (1829/4427) trawl-core fuzz_input::tests::the_first_nul_separates_the_halves
        PASS [   0.005s] (1830/4427) trawl-core parser::comment::tests::a_command_hint_offers_only_the_comment_spelling
        PASS [   0.004s] (1831/4427) trawl-core parser::comment::tests::a_negated_term_hint_offers_the_not_spelling
        PASS [   0.005s] (1832/4427) trawl-core parser::comment::tests::a_foreign_message_with_a_separator_is_not_split
        PASS [   0.004s] (1833/4427) trawl-core parser::comment::tests::a_payload_splits_back_into_its_halves
        PASS [   0.005s] (1834/4427) trawl-core parser::comment::tests::a_value_hint_quotes_the_slice_the_production_held
        PASS [   0.032s] (1835/4427) trawl-core format::tests::top_with_by
        PASS [   0.004s] (1836/4427) trawl-core parser::comment::tests::carriage_return_is_comment_content
        PASS [   0.004s] (1837/4427) trawl-core parser::comment::tests::only_ascii_whitespace_opens_a_comment
        PASS [   0.005s] (1838/4427) trawl-core parser::comment::tests::only_a_quotable_token_earns_the_quoting_half
        PASS [   0.004s] (1839/4427) trawl-core parser::comment::tests::opener_in_command_word_is_narrow
        PASS [   0.004s] (1840/4427) trawl-core parser::comment::tests::the_generic_net_names_the_escapes_without_spelling_one
        PASS [   0.004s] (1841/4427) trawl-core parser::comment::tests::token_span_recovers_the_offending_token
        PASS [   0.005s] (1842/4427) trawl-core parser::comment::tests::ws_does_not_open_a_comment_without_whitespace
        PASS [   0.005s] (1843/4427) trawl-core parser::comment::tests::ws_consumes_whitespace_and_comments
        PASS [   0.033s] (1844/4427) trawl-core format::tests::where_complex_expr
        PASS [   0.005s] (1845/4427) trawl-core parser::expr::tests::backticked_field_reference_keeps_its_name
        PASS [   0.004s] (1846/4427) trawl-core parser::expr::tests::test_arithmetic
        PASS [   0.006s] (1847/4427) trawl-core parser::expr::tests::backticked_name_is_never_a_function_call
        PASS [   0.004s] (1848/4427) trawl-core parser::expr::tests::test_division_still_works
        PASS [   0.005s] (1849/4427) trawl-core parser::expr::tests::test_binary_comparison
        PASS [   0.005s] (1850/4427) trawl-core parser::expr::tests::test_dotted_field_ref
        PASS [   0.005s] (1851/4427) trawl-core parser::expr::tests::test_double_minus
        PASS [   0.004s] (1852/4427) trawl-core parser::expr::tests::test_function_call_no_args
        PASS [   0.005s] (1853/4427) trawl-core parser::expr::tests::test_field_ref
        PASS [   0.004s] (1854/4427) trawl-core parser::expr::tests::test_in_list_complex_exprs
        PASS [   0.005s] (1855/4427) trawl-core parser::expr::tests::test_function_call_with_arg
        PASS [   0.005s] (1856/4427) trawl-core parser::expr::tests::test_in_list_field_refs
        PASS [   0.004s] (1857/4427) trawl-core parser::expr::tests::test_in_list_span
        PASS [   0.005s] (1858/4427) trawl-core parser::expr::tests::test_in_list_literals
        PASS [   0.005s] (1859/4427) trawl-core parser::expr::tests::test_keyword_not_in_ident
        PASS [   0.005s] (1860/4427) trawl-core parser::expr::tests::test_literal_bool
        PASS [   0.005s] (1861/4427) trawl-core parser::expr::tests::test_literal_float
        PASS [   0.005s] (1862/4427) trawl-core parser::expr::tests::test_literal_int
        PASS [   0.004s] (1863/4427) trawl-core parser::expr::tests::test_literal_string
        PASS [   0.004s] (1864/4427) trawl-core parser::expr::tests::test_logical_and_or
        PASS [   0.006s] (1865/4427) trawl-core parser::expr::tests::test_matches_regex_literal
        PASS [   0.005s] (1866/4427) trawl-core parser::expr::tests::test_matches_string_literal
        PASS [   0.005s] (1867/4427) trawl-core parser::expr::tests::test_negation
        PASS [   0.005s] (1868/4427) trawl-core parser::expr::tests::test_nested_function_call
        PASS [   0.004s] (1869/4427) trawl-core parser::expr::tests::test_parenthesized
        PASS [   0.005s] (1870/4427) trawl-core parser::expr::tests::test_not
        PASS [   0.004s] (1871/4427) trawl-core parser::pipe::tests::aggregate_function_names_take_no_backticks
        PASS [   0.005s] (1872/4427) trawl-core parser::pipe::tests::backticks_do_not_unseal_the_reserved_namespace
        PASS [   0.006s] (1873/4427) trawl-core parser::pipe::tests::backticks_are_accepted_in_every_field_position
        PASS [   0.005s] (1874/4427) trawl-core parser::pipe::tests::projection_assignment_targets_must_be_folded_distinct
        PASS [   0.005s] (1875/4427) trawl-core parser::pipe::tests::saved_query_names_take_no_backticks
        PASS [   0.005s] (1876/4427) trawl-core parser::pipe::tests::test_dedup_bare
        PASS [   0.004s] (1877/4427) trawl-core parser::pipe::tests::test_dedup_multiple_fields
        PASS [   0.004s] (1878/4427) trawl-core parser::pipe::tests::test_dedup_single_field
        PASS [   0.005s] (1879/4427) trawl-core parser::pipe::tests::test_drop_single
        PASS [   0.005s] (1880/4427) trawl-core parser::pipe::tests::test_extract_kv
        PASS [   0.004s] (1881/4427) trawl-core parser::pipe::tests::test_extract_kv_from_field
        PASS [   0.005s] (1882/4427) trawl-core parser::pipe::tests::test_drop_multiple
        PASS [   0.004s] (1883/4427) trawl-core parser::pipe::tests::test_extract_kv_with_sep
        PASS [   0.004s] (1884/4427) trawl-core parser::pipe::tests::test_extract_kv_with_sep_and_from
        PASS [   0.004s] (1885/4427) trawl-core parser::pipe::tests::test_extract_regex
        PASS [   0.004s] (1886/4427) trawl-core parser::pipe::tests::test_from_saved_bare_name
        PASS [   0.004s] (1887/4427) trawl-core parser::pipe::tests::test_fields
        PASS [   0.005s] (1888/4427) trawl-core parser::pipe::tests::test_from_saved_quoted_name
        PASS [   0.004s] (1889/4427) trawl-core parser::pipe::tests::test_from_saved_run_all
        PASS [   0.004s] (1890/4427) trawl-core parser::pipe::tests::test_from_saved_run_latest
        PASS [   0.004s] (1891/4427) trawl-core parser::pipe::tests::test_from_saved_run_specific
        PASS [   0.004s] (1892/4427) trawl-core parser::pipe::tests::test_from_saved_with_pipeline
        PASS [   0.004s] (1893/4427) trawl-core parser::pipe::tests::test_head
        PASS [   0.004s] (1894/4427) trawl-core parser::pipe::tests::test_let_arithmetic
        PASS [   0.005s] (1895/4427) trawl-core parser::pipe::tests::test_let_function_call
        PASS [   0.004s] (1896/4427) trawl-core parser::pipe::tests::test_let_multi_assignment
        PASS [   0.005s] (1897/4427) trawl-core parser::pipe::tests::test_multi_stage_pipeline
        PASS [   0.005s] (1898/4427) trawl-core parser::pipe::tests::test_limit
        PASS [   0.005s] (1899/4427) trawl-core parser::pipe::tests::test_pivot_basic
        PASS [   0.005s] (1900/4427) trawl-core parser::pipe::tests::test_pivot_with_by
        PASS [   0.005s] (1901/4427) trawl-core parser::pipe::tests::test_rare_basic
        PASS [   0.005s] (1902/4427) trawl-core parser::pipe::tests::test_rare_with_by
        PASS [   0.004s] (1903/4427) trawl-core parser::pipe::tests::test_rename_multiple
        PASS [   0.005s] (1904/4427) trawl-core parser::pipe::tests::test_rename_single
        PASS [   0.004s] (1905/4427) trawl-core parser::pipe::tests::test_rex_kv
        PASS [   0.005s] (1906/4427) trawl-core parser::pipe::tests::test_rex_regex
        PASS [   0.004s] (1907/4427) trawl-core parser::pipe::tests::test_sort_desc
        PASS [   0.005s] (1908/4427) trawl-core parser::pipe::tests::test_splunk_eval_alias
        PASS [   0.005s] (1909/4427) trawl-core parser::pipe::tests::test_stats_avg_with_alias
        PASS [   0.005s] (1910/4427) trawl-core parser::pipe::tests::test_stats_count_by_host
        PASS [   0.005s] (1911/4427) trawl-core parser::pipe::tests::test_table
        PASS [   0.004s] (1912/4427) trawl-core parser::pipe::tests::test_timechart_multiple_aggs
        PASS [   0.005s] (1913/4427) trawl-core parser::pipe::tests::test_tail
        PASS [   0.006s] (1914/4427) trawl-core parser::pipe::tests::test_timechart_with_by
        PASS [   0.005s] (1915/4427) trawl-core parser::pipe::tests::test_timechart_with_span
        PASS [   0.005s] (1916/4427) trawl-core parser::pipe::tests::test_top_basic
        PASS [   0.005s] (1917/4427) trawl-core parser::pipe::tests::test_top_with_by
        PASS [   0.005s] (1918/4427) trawl-core parser::pipe::tests::test_where_stage
        PASS [   0.005s] (1919/4427) trawl-core parser::primitives::tests::backtick_name_dot_is_literal
        PASS [   0.004s] (1920/4427) trawl-core parser::primitives::tests::backtick_name_doubled_backtick_escapes
        PASS [   0.004s] (1921/4427) trawl-core parser::primitives::tests::backtick_name_lexes_any_content
        PASS [   0.005s] (1922/4427) trawl-core parser::primitives::tests::backtick_name_empty_and_control_chars_rejected
        PASS [   0.004s] (1923/4427) trawl-core parser::primitives::tests::plain_name_takes_no_backticks
        PASS [   0.005s] (1924/4427) trawl-core parser::primitives::tests::test_bare_value
        PASS [   0.004s] (1925/4427) trawl-core parser::primitives::tests::test_duration
        PASS [   0.004s] (1926/4427) trawl-core parser::primitives::tests::test_duration_large_but_safe
        PASS [   0.004s] (1927/4427) trawl-core parser::primitives::tests::test_duration_overflow_rejected
        PASS [   0.007s] (1928/4427) trawl-core parser::primitives::tests::test_bool_literal
        PASS [   0.005s] (1929/4427) trawl-core parser::primitives::tests::test_duration_zero_rejected
        PASS [   0.004s] (1930/4427) trawl-core parser::primitives::tests::test_filter_op
        PASS [   0.005s] (1931/4427) trawl-core parser::primitives::tests::test_float
        PASS [   0.004s] (1932/4427) trawl-core parser::primitives::tests::test_float_keeps_source_token
        PASS [   0.005s] (1933/4427) trawl-core parser::primitives::tests::test_ident
        PASS [   0.005s] (1934/4427) trawl-core parser::primitives::tests::test_int
        PASS [   0.004s] (1935/4427) trawl-core parser::primitives::tests::test_keyword_boundary
        PASS [   0.006s] (1936/4427) trawl-core parser::primitives::tests::test_int_overflow
        PASS [   0.004s] (1937/4427) trawl-core parser::primitives::tests::test_quoted_string
        PASS [   0.006s] (1938/4427) trawl-core parser::primitives::tests::test_null_literal
        PASS [   0.004s] (1939/4427) trawl-core parser::primitives::tests::test_regex_pattern_invalid
        PASS [   0.006s] (1940/4427) trawl-core parser::primitives::tests::test_regex_pattern_at_length_limit
        PASS [   0.004s] (1941/4427) trawl-core parser::primitives::tests::test_regex_pattern_length_limit_exceeded
        PASS [   0.007s] (1942/4427) trawl-core parser::primitives::tests::test_regex_pattern
        PASS [   0.005s] (1943/4427) trawl-core parser::primitives::tests::test_system_field
        PASS [   0.005s] (1944/4427) trawl-core parser::primitives::tests::test_uint
        PASS [   0.004s] (1945/4427) trawl-core parser::scan::tests::a_backslash_escapes_only_inside_a_delimited_span
        PASS [   0.004s] (1946/4427) trawl-core parser::primitives::tests::test_uint_overflow
        PASS [   0.004s] (1947/4427) trawl-core parser::scan::tests::a_comment_hides_its_content
        PASS [   0.005s] (1948/4427) trawl-core parser::scan::tests::a_regex_body_is_skipped
        PASS [   0.004s] (1949/4427) trawl-core parser::scan::tests::an_apostrophe_is_not_a_delimiter
        PASS [   0.004s] (1950/4427) trawl-core parser::scan::tests::an_unterminated_span_runs_to_end_of_input
        PASS [   0.004s] (1951/4427) trawl-core parser::scan::tests::ends_inside_comment_reports_the_open_comment
        PASS [   0.004s] (1952/4427) trawl-core parser::scan::tests::only_ascii_whitespace_opens_a_comment
        PASS [   0.005s] (1953/4427) trawl-core parser::scan::tests::quotes_and_backticks_shield_their_contents
        PASS [   0.005s] (1954/4427) trawl-core parser::scan::tests::slashes_in_a_value_do_not_hide_a_later_clause
        PASS [   0.004s] (1955/4427) trawl-core parser::search::tests::a_double_quoted_value_still_carries_a_backtick
        PASS [   0.004s] (1956/4427) trawl-core parser::search::tests::backticked_earliest_and_latest_are_field_filters
        PASS [   0.005s] (1957/4427) trawl-core parser::search::tests::backticked_keyword_is_a_field_filter_beside_the_time_filter
        PASS [   0.004s] (1958/4427) trawl-core parser::search::tests::not_negates_a_backticked_field_filter
        PASS [   0.006s] (1959/4427) trawl-core parser::search::tests::no_unquoted_position_absorbs_a_backtick
        PASS [   0.004s] (1960/4427) trawl-core parser::search::tests::test_field_filter_glob
        PASS [   0.005s] (1961/4427) trawl-core parser::search::tests::ordered_field_filter_lists_name_the_supported_operators
        PASS [   0.005s] (1962/4427) trawl-core parser::search::tests::test_empty_query_groups
        PASS [   0.004s] (1963/4427) trawl-core parser::search::tests::test_field_filter_list
        PASS [   0.004s] (1964/4427) trawl-core parser::search::tests::test_field_filter_ne
        PASS [   0.004s] (1965/4427) trawl-core parser::search::tests::test_field_filter_quoted_value
        PASS [   0.004s] (1966/4427) trawl-core parser::search::tests::test_field_filter_quoted_value_with_spaces
        PASS [   0.004s] (1967/4427) trawl-core parser::search::tests::test_field_filter_simple
        PASS [   0.004s] (1968/4427) trawl-core parser::search::tests::test_field_filter_with_op
        PASS [   0.005s] (1969/4427) trawl-core parser::search::tests::test_last_time_filter_wins
        PASS [   0.007s] (1970/4427) trawl-core parser::search::tests::test_field_filter_regex
        PASS [   0.004s] (1971/4427) trawl-core parser::search::tests::test_multiple_tokens
        PASS [   0.004s] (1972/4427) trawl-core parser::search::tests::test_negated_text_search
        PASS [   0.004s] (1973/4427) trawl-core parser::search::tests::test_not_at_end_is_text_search
        PASS [   0.005s] (1974/4427) trawl-core parser::search::tests::test_negated_with_field_filter
        PASS [   0.004s] (1975/4427) trawl-core parser::search::tests::test_only_time_filter_produces_empty_groups
        PASS [   0.005s] (1976/4427) trawl-core parser::search::tests::test_not_negates_field_filter
        PASS [   0.005s] (1977/4427) trawl-core parser::search::tests::test_not_parenthesized_group
        PASS [   0.004s] (1978/4427) trawl-core parser::search::tests::test_or_implicit_and_binds_tighter
        PASS [   0.004s] (1979/4427) trawl-core parser::search::tests::test_or_two_groups
        PASS [   0.005s] (1980/4427) trawl-core parser::search::tests::test_or_lowercase
        PASS [   0.004s] (1981/4427) trawl-core parser::search::tests::test_quoted_search
        PASS [   0.004s] (1982/4427) trawl-core parser::search::tests::test_time_filter
        PASS [   0.004s] (1983/4427) trawl-core parser::search::tests::test_parenthesized_group
        PASS [   0.005s] (1984/4427) trawl-core parser::search::tests::test_time_filter_hoisted_from_or_groups
        PASS [   0.004s] (1985/4427) trawl-core parser::suggest::tests::a_bare_lexable_name_renders_bare
        PASS [   0.004s] (1986/4427) trawl-core parser::suggest::tests::an_embedded_backtick_is_doubled
        PASS [   0.004s] (1987/4427) trawl-core parser::suggest::tests::an_inexpressible_catalog_name_is_declined
        PASS [   0.005s] (1988/4427) trawl-core parser::suggest::tests::a_name_the_bare_production_cannot_spell_is_backticked
        PASS [   0.004s] (1989/4427) trawl-core parser::suggest::tests::levenshtein_identical
        PASS [   0.005s] (1990/4427) trawl-core parser::suggest::tests::levenshtein_empty
        PASS [   0.137s] (1991/4427) trawl-core fuzz_input::tests::the_parse_corpus_decodes_within_the_encoding_contract
        PASS [   0.007s] (1992/4427) trawl-core parser::suggest::tests::known_pipe_stages_all_parse
        PASS [   0.004s] (1993/4427) trawl-core parser::suggest::tests::levenshtein_one_edit
        PASS [   0.005s] (1994/4427) trawl-core parser::suggest::tests::levenshtein_two_edits
        PASS [   0.013s] (1995/4427) trawl-core parser::suggest::tests::expression_keywords_round_trip_in_expression_positions
        PASS [   0.005s] (1996/4427) trawl-core parser::suggest::tests::suggest_case_insensitive
        PASS [   0.018s] (1997/4427) trawl-core parser::suggest::tests::known_functions_all_validate
        PASS [   0.006s] (1998/4427) trawl-core parser::suggest::tests::suggest_function_no_match
        PASS [   0.005s] (1999/4427) trawl-core parser::suggest::tests::suggest_function_typo
        PASS [   0.005s] (2000/4427) trawl-core parser::suggest::tests::suggest_pipe_stage_exact
        PASS [   0.011s] (2001/4427) trawl-core parser::suggest::tests::quoting_agrees_with_the_real_grammar
        PASS [   0.005s] (2002/4427) trawl-core parser::suggest::tests::the_or_separator_round_trips_in_the_search_stage
        PASS [   0.005s] (2003/4427) trawl-core parser::suggest::tests::suggest_pipe_stage_typo
        PASS [   0.006s] (2004/4427) trawl-core parser::suggest::tests::suggest_pipe_stage_no_match
        PASS [   0.005s] (2005/4427) trawl-core parser::suggest::tests::the_three_grammar_keywords_are_always_quoted
        PASS [   0.006s] (2006/4427) trawl-core parser::tests::a_backtick_after_an_operator_opens_a_name
        PASS [   0.006s] (2007/4427) trawl-core parser::tests::a_negated_backtick_is_a_parse_error
        PASS [   0.006s] (2008/4427) trawl-core parser::tests::a_value_never_absorbs_a_backtick_shielded_comment
        PASS [   0.005s] (2009/4427) trawl-core parser::tests::backticked_names_carry_comment_openers_verbatim
        PASS [   0.039s] (2010/4427) trawl-core parser::suggest::tests::a_bare_rendering_means_that_name_in_every_position
        PASS [   0.006s] (2011/4427) trawl-core parser::tests::leading_backtick_that_is_not_a_name_is_a_parse_error
        PASS [   0.008s] (2012/4427) trawl-core parser::tests::expression_nesting_past_the_bound_is_a_loud_parse_error
        PASS [   0.005s] (2013/4427) trawl-core parser::tests::stray_backtick_does_not_shield_later_comments
        PASS [   0.016s] (2014/4427) trawl-core parser::tests::a_backtick_run_parses_without_blowing_up
        PASS [   0.006s] (2015/4427) trawl-core parser::tests::test_comment_at_end_of_input
        PASS [   0.005s] (2016/4427) trawl-core parser::tests::test_comment_inside_string_preserved
        PASS [   0.005s] (2017/4427) trawl-core parser::tests::test_comment_error_spans_match_original
        PASS [   0.007s] (2018/4427) trawl-core parser::tests::test_complex_query
        PASS [   0.005s] (2019/4427) trawl-core parser::tests::test_double_slash_in_a_value_is_data
        PASS [   0.005s] (2020/4427) trawl-core parser::tests::test_double_slash_inside_string_preserved
        PASS [   0.005s] (2021/4427) trawl-core parser::tests::test_double_slash_is_no_longer_a_comment
        PASS [   0.005s] (2022/4427) trawl-core parser::tests::test_empty_query
        PASS [   0.022s] (2023/4427) trawl-core parser::tests::abandoned_nesting_does_not_spend_the_depth_budget
        PASS [   0.005s] (2024/4427) trawl-core parser::tests::test_error_display_with_hint
        PASS [   0.006s] (2025/4427) trawl-core parser::tests::test_error_display
        PASS [   0.005s] (2026/4427) trawl-core parser::tests::test_error_integer_overflow_no_panic
        PASS [   0.005s] (2027/4427) trawl-core parser::tests::test_error_message_has_span
        PASS [   0.005s] (2028/4427) trawl-core parser::tests::test_error_invalid_pipe_stage
        PASS [   0.006s] (2029/4427) trawl-core parser::tests::test_error_missing_stats_agg
        PASS [   0.004s] (2030/4427) trawl-core parser::tests::test_error_unclosed_paren
        PASS [   0.005s] (2031/4427) trawl-core parser::tests::test_error_unclosed_quote
        PASS [   0.004s] (2032/4427) trawl-core parser::tests::test_error_unknown_command_with_suggestion
        PASS [   0.005s] (2033/4427) trawl-core parser::tests::test_error_unknown_command_no_suggestion
        PASS [   0.005s] (2034/4427) trawl-core parser::tests::test_error_unmatched_paren
        PASS [   0.005s] (2035/4427) trawl-core parser::tests::test_error_unterminated_string
        PASS [   0.005s] (2036/4427) trawl-core parser::tests::test_error_whre_suggests_where
        PASS [   0.005s] (2037/4427) trawl-core parser::tests::test_full_pipeline
        PASS [   0.004s] (2038/4427) trawl-core parser::tests::test_hash_comment_at_start_of_input
        PASS [   0.005s] (2039/4427) trawl-core parser::tests::test_multi_token_search
        PASS [   0.005s] (2040/4427) trawl-core parser::tests::test_multiline_comments
        PASS [   0.005s] (2041/4427) trawl-core parser::tests::test_negated_text_search
        PASS [   0.004s] (2042/4427) trawl-core parser::tests::test_only_comments
        PASS [   0.005s] (2043/4427) trawl-core parser::tests::test_only_comments_multiline
        PASS [   0.005s] (2044/4427) trawl-core parser::tests::test_parse_error
        PASS [   0.005s] (2045/4427) trawl-core parser::tests::test_query_length_limit_exceeded
        PASS [   0.005s] (2046/4427) trawl-core parser::tests::test_quoted_search
        PASS [   0.005s] (2047/4427) trawl-core parser::tests::test_search_with_stats
        PASS [   0.005s] (2048/4427) trawl-core parser::tests::test_simple_field_filter
        PASS [   0.005s] (2049/4427) trawl-core parser::tests::test_stats_avg_table
        PASS [   0.005s] (2050/4427) trawl-core pin_scope::tests::drop_removes_named_pins
        PASS [   0.007s] (2051/4427) trawl-core pin_scope::tests::a_declared_pin_survives_as_a_group_by_key
        PASS [   0.066s] (2052/4427) trawl-core parser::suggest::tests::quote_dsl_field_round_trips_in_every_position
        PASS [   0.005s] (2053/4427) trawl-core pin_scope::tests::eventstats_alias_kills_the_alias
        PASS [   0.005s] (2054/4427) trawl-core pin_scope::tests::eventstats_keeps_inputs_and_kills_aggregate_outputs
        PASS [   0.005s] (2055/4427) trawl-core pin_scope::tests::extract_kv_passes_the_scope_through
        PASS [   0.004s] (2056/4427) trawl-core pin_scope::tests::from_saved_clears_the_scope
        PASS [   0.005s] (2057/4427) trawl-core pin_scope::tests::fields_alias_restricts_like_table
        PASS [   0.006s] (2058/4427) trawl-core pin_scope::tests::extract_regex_kills_capture_group_names
        PASS [   0.005s] (2059/4427) trawl-core pin_scope::tests::let_adopts_a_declared_function_result_pin
        PASS [   0.020s] (2060/4427) trawl-core parser::tests::test_query_at_length_limit_not_rejected_for_length
        PASS [   0.005s] (2061/4427) trawl-core pin_scope::tests::let_alias_copies_the_named_columns_pin
        PASS [   0.006s] (2062/4427) trawl-core pin_scope::tests::let_function_wrapped_kills_the_target_pin
        PASS [   0.006s] (2063/4427) trawl-core pin_scope::tests::let_bare_alias_copies_the_pin
        PASS [   0.006s] (2064/4427) trawl-core pin_scope::tests::let_computed_expression_kills_the_target_pin
        PASS [   0.004s] (2065/4427) trawl-core pin_scope::tests::let_overwrite_and_alias_resolve_in_parallel
        PASS [   0.005s] (2066/4427) trawl-core pin_scope::tests::let_sibling_reference_resolves_against_the_pre_stage_scope
        PASS [   0.004s] (2067/4427) trawl-core pin_scope::tests::pivot_keeps_by_keys_only
        PASS [   0.005s] (2068/4427) trawl-core pin_scope::tests::rename_folds_case_like_the_catalog
        PASS [   0.005s] (2069/4427) trawl-core pin_scope::tests::rename_chain_resolves_against_the_pre_stage_scope
        PASS [   0.005s] (2070/4427) trawl-core pin_scope::tests::rename_of_unpinned_source_scrubs_the_target_pin
        PASS [   0.005s] (2071/4427) trawl-core pin_scope::tests::rename_onto_pinned_target_takes_the_source_pin
        PASS [   0.006s] (2072/4427) trawl-core pin_scope::tests::rename_onto_one_target_is_refused_before_any_scope_walk
        PASS [   0.005s] (2073/4427) trawl-core pin_scope::tests::rename_remaps_the_pin_to_the_new_name
        PASS [   0.004s] (2074/4427) trawl-core pin_scope::tests::rename_then_where_carries_the_pin_under_the_new_name
        PASS [   0.006s] (2075/4427) trawl-core pin_scope::tests::rename_swap_exchanges_the_pins
        PASS [   0.005s] (2076/4427) trawl-core pin_scope::tests::stats_alias_matching_a_pinned_name_is_killed
        PASS [   0.006s] (2077/4427) trawl-core pin_scope::tests::selection_and_ordering_stages_pass_the_scope_through
        PASS [   0.006s] (2078/4427) trawl-core pin_scope::tests::severity_output_columns_names_declared_columns_only
        PASS [   0.005s] (2079/4427) trawl-core pin_scope::tests::stats_keeps_group_by_keys_and_kills_everything_else
        PASS [   0.007s] (2080/4427) trawl-core pin_scope::tests::subject_pin_admits_a_pinned_field_and_a_declaring_call
        PASS [   0.005s] (2081/4427) trawl-core pin_scope::tests::timechart_kills_the_time_bucket_and_keeps_by_keys
        PASS [   0.005s] (2082/4427) trawl-core pin_scope::tests::top_and_rare_keep_field_and_by_keys
        PASS [   0.005s] (2083/4427) trawl-core pin_scope::tests::top_over_a_pinned_field_named_count_still_kills_count
        PASS [   0.006s] (2084/4427) trawl-core pin_scope::tests::table_restricts_the_scope
        PASS [   0.006s] (2085/4427) trawl-core pin_scope::tests::unpinned_scope_stays_empty_and_cheap
        PASS [   0.004s] (2086/4427) trawl-core projection::tests::a_bucket_collision_says_the_bucket_is_fixed
        PASS [   0.005s] (2087/4427) trawl-core projection::tests::a_collision_with_an_aggregate_demands_as
        PASS [   0.005s] (2088/4427) trawl-core projection::tests::a_literal_argument_has_no_field_to_name
        PASS [   0.006s] (2089/4427) trawl-core projection::tests::a_frequency_collision_offers_the_stats_rewrite
        PASS [   0.005s] (2090/4427) trawl-core projection::tests::a_refusal_never_echoes_control_characters
        PASS [   0.006s] (2091/4427) trawl-core projection::tests::a_refusal_renders_names_as_dsl_text
        PASS [   0.005s] (2092/4427) trawl-core projection::tests::default_is_func_or_func_arg
        PASS [   0.005s] (2093/4427) trawl-core projection::tests::default_walks_to_the_innermost_field
        PASS [   0.005s] (2094/4427) trawl-core projection::tests::duplicate_group_keys_are_told_to_name_it_once
        PASS [   0.006s] (2095/4427) trawl-core projection::tests::every_lane_projects_the_same_column_name
        PASS [   0.006s] (2096/4427) trawl-core projection::tests::explicit_alias_wins
        PASS [   0.006s] (2097/4427) trawl-core projection::tests::only_non_null_literal_count_uses_the_row_counter
        PASS [   0.005s] (2098/4427) trawl-core projection::tests::pivot_checks_by_keys_only
        PASS [   0.005s] (2099/4427) trawl-core projection::tests::the_collision_check_folds_names
        PASS [   0.004s] (2100/4427) trawl-core row::tests::a_timestamp_reads_as_its_own_text_not_as_json
        PASS [   0.005s] (2101/4427) trawl-core row::tests::an_unsigned_number_keeps_its_digits
        PASS [   0.005s] (2102/4427) trawl-core row::tests::both_doors_order_by_key_whatever_the_input_order
        PASS [   0.004s] (2103/4427) trawl-core row::tests::cell_key_tags_the_kind_json_quoting_used_to_carry
        PASS [   0.019s] (2104/4427) trawl-core projection::tests::duplicate_capture_names_are_refused_in_both_lanes
        PASS [   0.004s] (2105/4427) trawl-core row::tests::cell_text_renders_each_variant
        PASS [   0.004s] (2106/4427) trawl-core row::tests::count_value_reads_a_counter_as_the_json_round_trip_did
        PASS [   0.004s] (2107/4427) trawl-core row::tests::json_round_trips_through_both_doors
        PASS [   0.004s] (2108/4427) trawl-core row::tests::the_wire_door_is_the_one_place_a_special_becomes_null
        PASS [   0.004s] (2109/4427) trawl-core sanitize::tests::every_named_group_is_replaced
        PASS [   0.004s] (2110/4427) trawl-core sanitize::tests::ordinary_text_is_untouched
        PASS [   0.004s] (2111/4427) trawl-core saved_name::tests::readable_names
        PASS [   0.004s] (2112/4427) trawl-core schema::tests::canonical_type_all_is_ordered_and_duplicate_free
        PASS [   0.004s] (2113/4427) trawl-core schema::tests::canonical_type_catalog_spellings_round_trip
        PASS [   0.004s] (2114/4427) trawl-core schema::tests::catalog_key_only_folds_ascii
        PASS [   0.004s] (2115/4427) trawl-core schema::tests::cloning_shares_the_map_and_insert_copies_on_write
        PASS [   0.004s] (2116/4427) trawl-core schema::tests::envelope_types_cover_the_declared_ten
        PASS [   0.004s] (2117/4427) trawl-core schema::tests::field_types_is_ordered_and_deduplicated
        PASS [   0.004s] (2118/4427) trawl-core schema::tests::every_envelope_field_is_contract_typed
        PASS [   0.005s] (2119/4427) trawl-core schema::tests::inference_can_never_pin_severity
        PASS [   0.004s] (2120/4427) trawl-core schema::tests::ladder_order_is_fixed
        PASS [   0.004s] (2121/4427) trawl-core schema::tests::lattice_normalizes_every_duckdb_inference
        PASS [   0.004s] (2122/4427) trawl-core schema::tests::leading_and_trailing_disjoint
        PASS [   0.004s] (2123/4427) trawl-core schema::tests::pin_for_looks_up_through_the_catalog_key
        PASS [   0.005s] (2124/4427) trawl-core schema::tests::remove_and_restrict_edit_copy_on_write_with_noop_fast_paths
        PASS [   0.005s] (2125/4427) trawl-core schema::tests::severity_is_physically_bigint_and_unreachable_by_physical_parse
        PASS [   0.004s] (2126/4427) trawl-core schema::tests::timestamp_columns_cover_time_and_ingested
        PASS [   0.005s] (2127/4427) trawl-core schema::tests::the_underscore_prefix_is_sealed_as_a_predicate
        PASS [   0.005s] (2128/4427) trawl-core schema::tests::storable_field_names_are_bounded_in_bytes
        PASS [   0.004s] (2129/4427) trawl-core severity::tests::band_bounds
        PASS [   0.004s] (2130/4427) trawl-core severity::tests::band_names
        PASS [   0.004s] (2131/4427) trawl-core severity::tests::dialect_tokens_round_trip
        PASS [   0.005s] (2132/4427) trawl-core severity::tests::exact_names_spell_the_band_base_and_suffix
        PASS [   0.005s] (2133/4427) trawl-core severity::tests::dialect_ambiguity_is_exactly_the_syslog_overlap
        PASS [   0.004s] (2134/4427) trawl-core severity::tests::reading_number_per_dialect
        PASS [   0.004s] (2135/4427) trawl-core severity::tests::otel_names_are_injective_over_the_ladder
        PASS [   0.004s] (2136/4427) trawl-core severity::tests::reading_over_json_shapes
        PASS [   0.005s] (2137/4427) trawl-core severity::tests::reading_text_matrix
        PASS [   0.005s] (2138/4427) trawl-core severity::tests::reading_text_trims_the_unicode_whitespace_set
        PASS [   0.004s] (2139/4427) trawl-core severity::tests::renders_as_severity_folds_ascii_case
        PASS [   0.005s] (2140/4427) trawl-core severity::tests::syslog_inversion
        PASS [   0.004s] (2141/4427) trawl-core severity::tests::token_entries_expose_the_table
        PASS [   0.004s] (2142/4427) trawl-core severity::tests::token_text_reads_a_wire_severity_cell
        PASS [   0.005s] (2143/4427) trawl-core severity::tests::token_table_exact_numbers
        PASS [   0.004s] (2144/4427) trawl-core severity::tests::tokens_case_fold
        PASS [   0.004s] (2145/4427) trawl-core severity::tests::valid_number_range
        PASS [   0.004s] (2146/4427) trawl-core severity::tests::unknown_tokens_rejected
        PASS [   0.004s] (2147/4427) trawl-core stream::tests::accepts_empty_pipeline
        PASS [   0.004s] (2148/4427) trawl-core stream::tests::dedup_bare_deduplicates_full_event
        PASS [   0.004s] (2149/4427) trawl-core stream::tests::drop_ignores_missing_fields
        PASS [   0.005s] (2150/4427) trawl-core stream::tests::dedup_by_field
        PASS [   0.004s] (2151/4427) trawl-core stream::tests::dedup_by_multiple_fields
        PASS [   0.004s] (2152/4427) trawl-core stream::tests::drop_removes_specified_fields
        PASS [   0.004s] (2153/4427) trawl-core stream::tests::extract_invalid_regex_errors
        PASS [   0.004s] (2154/4427) trawl-core stream::tests::extract_kv_custom_separator
        PASS [   0.005s] (2155/4427) trawl-core stream::tests::extract_kv_basic
        PASS [   0.004s] (2156/4427) trawl-core stream::tests::extract_kv_quoted_values
        PASS [   0.004s] (2157/4427) trawl-core stream::tests::extract_kv_type_coercion
        PASS [   0.004s] (2158/4427) trawl-core stream::tests::extract_kv_write_owns_its_folded_name
        PASS [   0.005s] (2159/4427) trawl-core stream::tests::extract_regex_empty_capture_is_null
        PASS [   0.007s] (2160/4427) trawl-core stream::tests::extract_reads_a_computed_timestamp_as_its_cast_text
        PASS [   0.006s] (2161/4427) trawl-core stream::tests::extract_regex_default_field
        PASS [   0.007s] (2162/4427) trawl-core stream::tests::extract_regex_captures_named_groups
        PASS [   0.071s] (2163/4427) trawl-core projection::tests::a_very_wide_stage_is_checked_in_linear_time
        PASS [   0.005s] (2164/4427) trawl-core stream::tests::extract_regex_no_match_writes_null
        PASS [   0.004s] (2165/4427) trawl-core stream::tests::kv_cannot_mint_reserved_names
        PASS [   0.005s] (2166/4427) trawl-core stream::tests::extract_still_skips_a_numeric_or_boolean_source
        PASS [   0.004s] (2167/4427) trawl-core stream::tests::kv_empty_input
        PASS [   0.004s] (2168/4427) trawl-core stream::tests::kv_simple_pairs
        PASS [   0.005s] (2169/4427) trawl-core stream::tests::kv_custom_separator
        PASS [   0.005s] (2170/4427) trawl-core stream::tests::kv_quoted_value
        PASS [   0.004s] (2171/4427) trawl-core stream::tests::kv_with_prefix_text
        PASS [   0.004s] (2172/4427) trawl-core stream::tests::let_adds_computed_field
        PASS [   0.004s] (2173/4427) trawl-core stream::tests::let_overwrite_does_not_feed_its_siblings
        PASS [   0.004s] (2174/4427) trawl-core stream::tests::let_sibling_binds_the_alias_when_the_row_has_no_such_column
        PASS [   0.004s] (2175/4427) trawl-core stream::tests::let_siblings_read_the_pre_stage_event
        PASS [   0.004s] (2176/4427) trawl-core stream::tests::let_target_shadows_a_case_variant_column
        PASS [   0.004s] (2177/4427) trawl-core stream::tests::let_with_function
        PASS [   0.004s] (2178/4427) trawl-core stream::tests::limit_exhaustion_is_sticky
        PASS [   0.005s] (2179/4427) trawl-core stream::tests::limit_allows_n_events
        PASS [   0.004s] (2180/4427) trawl-core stream::tests::limit_zero_is_done_immediately
        PASS [   0.004s] (2181/4427) trawl-core stream::tests::pipeline_table_then_rename
        PASS [   0.004s] (2182/4427) trawl-core stream::tests::pipeline_where_then_limit
        PASS [   0.004s] (2183/4427) trawl-core stream::tests::rare_counts_least_frequent
        PASS [   0.009s] (2184/4427) trawl-core stream::tests::level_is_an_ordinary_field_in_every_position
        PASS [   0.006s] (2185/4427) trawl-core stream::tests::rejects_an_unknown_or_computed_sev_dialect
        PASS [   0.004s] (2186/4427) trawl-core stream::tests::rejects_pivot
        PASS [   0.007s] (2187/4427) trawl-core stream::tests::rejects_a_wrong_arity_call_with_the_emitters_own_sentence
        PASS [   0.004s] (2188/4427) trawl-core stream::tests::rejects_sort
        PASS [   0.006s] (2189/4427) trawl-core stream::tests::rejects_unknown_severity_values_under_a_severity_pin
        PASS [   0.010s] (2190/4427) trawl-core stream::tests::rejects_minting_reserved_names
        PASS [   0.004s] (2191/4427) trawl-core stream::tests::rename_from_absent_source_scrubs_the_target
        PASS [   0.005s] (2192/4427) trawl-core stream::tests::rename_collision_on_one_target_takes_the_last_source
        PASS [   0.005s] (2193/4427) trawl-core stream::tests::rename_chain_reads_the_pre_stage_event
        PASS [   0.004s] (2194/4427) trawl-core stream::tests::rename_missing_field_is_noop
        PASS [   0.004s] (2195/4427) trawl-core stream::tests::rename_multiple
        PASS [   0.004s] (2196/4427) trawl-core stream::tests::rename_swap_exchanges_values
        PASS [   0.005s] (2197/4427) trawl-core stream::tests::rename_renames_field
        PASS [   0.004s] (2198/4427) trawl-core stream::tests::stats_count_by_field
        PASS [   0.005s] (2199/4427) trawl-core stream::tests::stats_count_field_ignores_nulls
        PASS [   0.004s] (2200/4427) trawl-core stream::tests::stats_count_no_group
        PASS [   0.004s] (2201/4427) trawl-core stream::tests::stats_custom_alias
        PASS [   0.004s] (2202/4427) trawl-core stream::tests::stats_first_last
        PASS [   0.005s] (2203/4427) trawl-core stream::tests::stats_dc_and_values
        PASS [   0.004s] (2204/4427) trawl-core stream::tests::stats_empty_snapshot_returns_empty
        PASS [   0.004s] (2205/4427) trawl-core stream::tests::stats_median_even_count
        PASS [   0.005s] (2206/4427) trawl-core stream::tests::stats_median
        PASS [   0.004s] (2207/4427) trawl-core stream::tests::stats_stage_produces_aggregate_plan
        PASS [   0.004s] (2208/4427) trawl-core stream::tests::stats_sum_avg_min_max
        PASS [   0.004s] (2209/4427) trawl-core stream::tests::stats_stddev
        PASS [   0.005s] (2210/4427) trawl-core stream::tests::stats_with_pre_and_post_stages
        PASS [   0.004s] (2211/4427) trawl-core stream::tests::stream_date_diff_rejects_non_literal_unit
        PASS [   0.003s] (2212/4427) trawl-core stream::tests::stream_date_part_rejects_unknown_unit
        PASS [   0.004s] (2213/4427) trawl-core stream::tests::stream_date_part_accepts_allowlisted_units
        PASS [   0.004s] (2214/4427) trawl-core stream::tests::stream_date_trunc_accepts_allowlisted_units
        PASS [   0.004s] (2215/4427) trawl-core stream::tests::stream_date_trunc_rejects_dow
        PASS [   0.005s] (2216/4427) trawl-core stream::tests::stream_strftime_accepts_standard_format
        PASS [   0.004s] (2217/4427) trawl-core stream::tests::stream_strptime_rejects_invalid_format
        PASS [   0.004s] (2218/4427) trawl-core stream::tests::stream_strftime_rejects_invalid_format
        PASS [   0.004s] (2219/4427) trawl-core stream::tests::stream_where_date_part_rejects_unknown_unit
        PASS [   0.004s] (2220/4427) trawl-core stream::tests::stream_where_strftime_rejects_invalid_format
        PASS [   0.003s] (2221/4427) trawl-core stream::tests::table_retains_specified_fields
        PASS [   0.003s] (2222/4427) trawl-core stream::tests::table_stores_fields_in_user_order
        PASS [   0.005s] (2223/4427) trawl-core stream::tests::table_maps_field_names
        PASS [   0.004s] (2224/4427) trawl-core stream::tests::top_counts_most_frequent
        PASS [   0.004s] (2225/4427) trawl-core stream::tests::the_time_bucket_reads_the_wire_string
        PASS [   0.004s] (2226/4427) trawl-core stream::tests::where_filters_non_matching
        PASS [   0.004s] (2227/4427) trawl-core stream::tests::where_null_is_filtered
        PASS [   0.004s] (2228/4427) trawl-core stream::tests::where_level_reads_the_senders_own_column
        PASS [   0.004s] (2229/4427) trawl-core stream::tests::where_passes_matching
        PASS [   0.003s] (2230/4427) trawl-core::comment_rulings a_delimiter_does_not_open_a_comment
        PASS [   0.005s] (2231/4427) trawl-core::comment_rulings a_comment_opens_only_after_ascii_whitespace
        PASS [   0.005s] (2232/4427) trawl-core::comment_rulings a_hint_drops_advice_the_grammar_cannot_read
        PASS [   0.004s] (2233/4427) trawl-core::comment_rulings a_negated_term_is_pointed_at_the_not_spelling
        PASS [   0.004s] (2234/4427) trawl-core::comment_rulings a_span_after_a_comment_indexes_the_original_input
        PASS [   0.004s] (2235/4427) trawl-core::comment_rulings a_term_hint_admits_a_comma
        PASS [   0.004s] (2236/4427) trawl-core::comment_rulings a_term_opening_with_slashes_names_the_real_opener
        PASS [   0.005s] (2237/4427) trawl-core::comment_rulings a_value_hint_admits_that_quoting_a_glob_drops_the_pattern
        PASS [   0.004s] (2238/4427) trawl-core::comment_rulings a_whitespace_preceded_hash_opens_a_comment
        PASS [   0.005s] (2239/4427) trawl-core::comment_rulings an_in_list_is_hinted_one_element_at_a_time
        PASS [   0.004s] (2240/4427) trawl-core::comment_rulings an_opener_in_a_stage_name_is_not_an_unknown_command
        PASS [   0.005s] (2241/4427) trawl-core::comment_rulings an_opener_inside_an_unquoted_token_is_a_loud_error
        PASS [   0.005s] (2242/4427) trawl-core::comment_rulings quoted_contexts_carry_the_opener_verbatim
        PASS [   0.005s] (2243/4427) trawl-core::comment_rulings slashes_in_a_value_are_data
        PASS [   0.004s] (2244/4427) trawl-core::comment_rulings the_value_hint_names_the_whole_value
        PASS [   0.006s] (2245/4427) trawl-core::comment_rulings the_cap_keeps_the_terminal_error
        PASS [   0.183s] (2246/4427) trawl-core parser::tests::the_pathological_corpus_parses_within_a_tokio_workers_stack
        PASS [   0.004s] (2247/4427) trawl-core::complexity_emission_bounds every_conform_helper_matches_its_profile
        PASS [   0.008s] (2248/4427) trawl-core::complexity_emission_bounds a_sev_subject_inside_a_severity_set_is_copied_per_run
        PASS [   0.006s] (2249/4427) trawl-core::complexity_emission_bounds every_comparison_form_matches_its_emission
        PASS [   0.008s] (2250/4427) trawl-core::complexity_emission_bounds arity_dependent_shapes_match_their_emission
        PASS [   0.004s] (2251/4427) trawl-core::complexity_emission_bounds every_in_list_shape_matches_its_emission
        PASS [   0.007s] (2252/4427) trawl-core::complexity_emission_bounds every_pattern_target_matches_its_emission
        PASS [   0.006s] (2253/4427) trawl-core::complexity_emission_bounds every_severity_range_class_matches_its_emission
        PASS [   0.006s] (2254/4427) trawl-core::complexity_emission_bounds structural_renderings_match_their_emission
        PASS [   0.004s] (2255/4427) trawl-core::complexity_emission_bounds the_node_oracle_agrees_with_hand_counting
        PASS [   0.004s] (2256/4427) trawl-core::complexity_emission_bounds the_node_oracle_refuses_syntax_it_has_not_been_taught
        PASS [   0.005s] (2257/4427) trawl-core::complexity_emission_bounds the_eventstats_window_wrapper_is_covered
        PASS [   0.005s] (2258/4427) trawl-core::complexity_parity admission_does_not_make_a_stage_streamable
        PASS [   0.019s] (2259/4427) trawl-core::complexity_emission_bounds every_known_function_has_an_emission_fixture
        PASS [   0.045s] (2260/4427) trawl-core::comment_rulings a_pathological_query_reports_a_bounded_number_of_diagnostics
        PASS [   0.028s] (2261/4427) trawl-core::complexity_parity the_same_pipelines_are_admitted_one_reference_short
        PASS [   0.051s] (2262/4427) trawl-core::filter_parity bare_search_raw_parity
        PASS [   0.114s] (2263/4427) trawl-core::complexity_parity the_verdict_never_depends_on_the_catalog
        PASS [   0.115s] (2264/4427) trawl-core::filter_parity mixed_case_field_reference_parity
        PASS [   0.235s] (2265/4427) trawl-core::complexity_parity both_doors_refuse_with_one_sentence
        PASS [   0.142s] (2266/4427) trawl-core::filter_parity pinned_bigint_pattern_parity
        PASS [   0.280s] (2267/4427) trawl-core::filter_parity pinned_double_special_value_parity
        PASS [   0.046s] (2268/4427) trawl-core::filter_parity pinned_hot_cold_union_parity
        PASS [   0.491s] (2269/4427) trawl-core::filter_parity pinned_double_pattern_parity
        PASS [   0.050s] (2270/4427) trawl-core::filter_parity pinned_let_matrix_with_expected_values
        PASS [   0.783s] (2271/4427) trawl-core::eval_no_panic eval_returns_for_every_composed_expression
        PASS [   0.089s] (2272/4427) trawl-core::filter_parity pinned_severity_matrix_parity
        PASS [   1.046s] (2273/4427) trawl-core::eval_no_panic eval_returns_for_every_parsed_dsl_expression
        PASS [   0.157s] (2274/4427) trawl-core::filter_parity pinned_varchar_eq_over_conformed_number_spellings
        PASS [   1.278s] (2275/4427) trawl-core::build_provenance linked_worktree_metadata_tracks_only_product_changes
        PASS [   1.320s] (2276/4427) trawl-core::build_provenance normal_repository_metadata_tracks_only_product_changes
        PASS [   0.135s] (2277/4427) trawl-core::filter_parity pinned_varchar_eq_survives_read_json_widening
        PASS [   0.583s] (2278/4427) trawl-core::filter_parity pinned_timestamp_pattern_parity
        PASS [   0.037s] (2279/4427) trawl-core::filter_parity pinned_where_expected_answers
        PASS [   0.706s] (2280/4427) trawl-core::filter_parity pinned_hot_only_pattern_parity
        PASS [   0.544s] (2281/4427) trawl-core::filter_parity pinned_typed_comparison_parity
        PASS [   0.030s] (2282/4427) trawl-core::filter_parity pinned_where_timestamp_offset_instant
        PASS [   0.071s] (2283/4427) trawl-core::filter_parity search_stage_ne_over_a_list_is_compositional_in_both_lanes
        PASS [   0.241s] (2284/4427) trawl-core::filter_parity pinned_varchar_numeric_comparison_is_exact_above_2_pow_53
        PASS [   0.029s] (2285/4427) trawl-core::filter_parity time_filter_parity_on_time_column
        PASS [   0.272s] (2286/4427) trawl-core::filter_parity sparse_text_containment_is_total_in_both_lanes
        PASS [   0.005s] (2287/4427) trawl-core::live_sampling a_bucketless_event_buckets_at_its_own_contexts_instant
        PASS [   0.006s] (2288/4427) trawl-core::live_sampling a_dropped_group_does_not_move_the_survivors_instant
        PASS [   0.005s] (2289/4427) trawl-core::live_sampling a_limit_reports_done_rather_than_emitting
        PASS [   0.005s] (2290/4427) trawl-core::live_sampling a_post_stage_limit_caps_a_snapshots_rows
        PASS [   0.006s] (2291/4427) trawl-core::live_sampling a_post_stage_limit_is_re_armed_for_each_snapshot
        PASS [   0.004s] (2292/4427) trawl-core::live_sampling a_pre_stage_limit_caps_what_reaches_the_accumulators
        PASS [   0.004s] (2293/4427) trawl-core::live_sampling a_snapshot_stamps_one_instant_on_every_group_row
        PASS [   0.005s] (2294/4427) trawl-core::live_sampling a_timechart_snapshot_stamps_one_instant_too
        PASS [   0.006s] (2295/4427) trawl-core::live_sampling one_event_freezes_now_across_siblings_and_a_later_stage
        PASS [   0.394s] (2296/4427) trawl-core::filter_parity pinned_where_varchar_matrix_parity
        PASS [   0.006s] (2297/4427) trawl-core::live_sampling pre_stage_rows_sample_per_event
        PASS [   0.004s] (2298/4427) trawl-core::live_sampling the_filter_and_the_stages_cannot_read_different_clocks
        PASS [   0.004s] (2299/4427) trawl-core::now_anchor_contract the_clock_has_exactly_one_door
        PASS [   0.024s] (2300/4427) trawl-core::now_anchor_contract the_scan_counts_calls_not_mentions
        PASS [   0.081s] (2301/4427) trawl-core::now_anchor_contract no_evaluation_path_in_trawl_core_reads_the_clock
        PASS [   0.037s] (2302/4427) trawl-core::pin_stage_parity compare_form_coverage_in_both_pipeline_lanes
        PASS [   0.038s] (2303/4427) trawl-core::pin_stage_parity float_literal_above_2_53_binds_its_source_token_in_both_lanes
        PASS [   0.034s] (2304/4427) trawl-core::pin_stage_parity let_sibling_references_bind_column_then_alias_in_both_lanes
        PASS [   0.050s] (2305/4427) trawl-core::pin_stage_parity mixed_case_aliases_resolve_in_both_lanes
        PASS [   0.039s] (2306/4427) trawl-core::pin_stage_parity negative_literals_bind_pin_aware_in_both_lanes
        PASS [   0.879s] (2307/4427) trawl-core::filter_parity pinned_varchar_matrix_parity
        PASS [   0.038s] (2308/4427) trawl-core::pin_stage_parity pattern_form_coverage_in_both_pipeline_lanes
        PASS [   5.007s] (2309/4427) fleet-dev database::tests::cnpg_connection_failure_never_invokes_docker
        PASS [   0.051s] (2310/4427) trawl-core::pin_stage_parity sev_let_target_adopts_the_declared_pin_in_both_lanes
        PASS [   0.337s] (2311/4427) trawl-core::pin_stage_parity case_variant_projections_agree_across_lanes
        PASS [   0.011s] (2312/4427) trawl-core::pin_stage_parity sev_subject_refuses_an_unknown_token_in_both_lanes
        PASS [   0.044s] (2313/4427) trawl-core::pin_stage_parity sev_subject_carries_its_dialect_in_both_lanes
        PASS [   0.084s] (2314/4427) trawl-core::pin_stage_parity sev_out_of_ladder_points_agree_in_both_lanes
        PASS [   0.006s] (2315/4427) trawl-core::projection_collision_parity clean_projections_stay_clean_in_both_lanes
        PASS [   0.008s] (2316/4427) trawl-core::projection_collision_parity both_lanes_refuse_a_collision_with_the_identical_sentence
        PASS [   0.005s] (2317/4427) trawl-core::projection_collision_parity eventstats_without_an_alias_is_refused_in_both_lanes
        PASS [   0.005s] (2318/4427) trawl-core::projection_collision_parity the_shared_check_precedes_the_stream_lanes_own_refusals
        PASS [   0.816s] (2319/4427) trawl-core::filter_parity severity_band_parity_exhaustive
        PASS [   0.021s] (2320/4427) trawl-core::scalar_parity accepted_bare_percent_y_strptime_residual_is_pinned
        PASS [   0.031s] (2321/4427) trawl-core::scalar_parity a_malformed_offset_has_no_timestamp_reading
        PASS [   0.033s] (2322/4427) trawl-core::scalar_parity a_failed_timestamp_coercion_is_null_in_both_operand_orders
        PASS [   0.724s] (2323/4427) trawl-core::filter_parity where_severity_band_parity_exhaustive
        PASS [   0.027s] (2324/4427) trawl-core::scalar_parity accepted_locale_percent_c_residual_is_pinned
        PASS [   0.026s] (2325/4427) trawl-core::scalar_parity accepted_percent_z_strptime_wall_clock_residual_is_pinned
        PASS [   0.099s] (2326/4427) trawl-core::pin_stage_parity sev_subject_sets_and_reversed_operands_agree_in_both_lanes
        PASS [   0.031s] (2327/4427) trawl-core::scalar_parity batch_errors_imply_streaming_null
        PASS [   0.025s] (2328/4427) trawl-core::scalar_parity current_typeof_null_and_list_spellings_are_pinned
        PASS [   0.009s] (2329/4427) trawl-core::scalar_parity generated_parse_rejection_panics
        PASS [   0.034s] (2330/4427) trawl-core::scalar_parity division_by_zero_matches_duckdbs_ieee_answer
        PASS [   0.022s] (2331/4427) trawl-core::scalar_parity duckdb_conditionals_and_coalesce_short_circuit
        PASS [   0.008s] (2332/4427) trawl-core::scalar_parity infrastructure_failure_panics
        PASS [   0.052s] (2333/4427) trawl-core::scalar_parity ceil_floor_and_round_return_duckdbs_argument_driven_shapes
        PASS [   0.027s] (2334/4427) trawl-core::scalar_parity integer_overflow_nulls_where_duckdb_errors
        PASS [   0.032s] (2335/4427) trawl-core::scalar_parity integer_division_is_true_division_like_duckdb
        PASS [   0.115s] (2336/4427) trawl-core::scalar_parity an_if_or_case_condition_takes_duckdbs_boolean_domain
        PASS [   0.026s] (2337/4427) trawl-core::scalar_parity now_is_one_instant_per_unit_of_output
        PASS [   0.051s] (2338/4427) trawl-core::scalar_parity json_extract_returns_json_text_in_both_lanes
        PASS [   0.227s] (2339/4427) trawl-core::pin_stage_parity sev_subject_binds_through_the_severity_rules_in_both_lanes
        PASS [   0.039s] (2340/4427) trawl-core::scalar_parity now_reads_the_statements_anchor_in_both_lanes
        PASS [   0.033s] (2341/4427) trawl-core::scalar_parity percent_f_is_microseconds_in_both_lanes
        PASS [   0.030s] (2342/4427) trawl-core::scalar_parity random_generator_surface_is_complete
        PASS [   0.027s] (2343/4427) trawl-core::scalar_parity sev_over_the_now_anchor_is_null_never_a_binder_error
        PASS [   0.026s] (2344/4427) trawl-core::scalar_parity strftime_over_strptime_binds_params_in_order
        PASS [   0.010s] (2345/4427) trawl-core::scalar_parity timestamp_comparison_is_microsecond_exact
        PASS [   0.033s] (2346/4427) trawl-core::scalar_parity strptime_partial_formats_match_duckdb
        PASS [   0.032s] (2347/4427) trawl-core::scalar_parity the_epoch_reading_agrees_at_every_magnitude
        PASS [   0.039s] (2348/4427) trawl-core::scalar_parity the_hostile_timestamp_corpus_agrees_in_both_lanes
        PASS [   0.030s] (2349/4427) trawl-core::scalar_parity tonumber_reads_a_boolean_the_way_try_cast_double_does
        PASS [   0.029s] (2350/4427) trawl-core::scalar_parity typeof_spells_a_value_the_way_the_bound_literal_arrives
        PASS [   0.023s] (2351/4427) trawl-core::stage_parity a_computed_nan_survives_the_stage_boundary
        PASS [   0.025s] (2352/4427) trawl-core::stage_parity a_malformed_offset_drops_the_row_where_batch_refuses_the_query
        PASS [   0.037s] (2353/4427) trawl-core::stage_parity a_computed_timestamp_agrees_across_the_lanes
        PASS [   0.031s] (2354/4427) trawl-core::stage_parity a_nan_group_key_is_one_group
        PASS [   0.034s] (2355/4427) trawl-core::stage_parity a_signed_nan_string_crosses_a_stage_byte_for_byte
        PASS [   0.010s] (2356/4427) trawl-core::stage_parity an_sse_frame_keeps_its_pre_change_bytes
        PASS [   0.027s] (2357/4427) trawl-core::stage_parity a_timestamp_group_key_is_the_instants_own_text
        PASS [   0.029s] (2358/4427) trawl-core::stage_parity an_infinity_compares_in_a_later_stage
        PASS [   0.207s] (2359/4427) trawl-core::scalar_parity generated_scalar_families_are_complete_and_match
        PASS [   0.031s] (2360/4427) trawl-core::stage_parity an_unsigned_number_keeps_its_identity_across_stages
        PASS [   0.031s] (2361/4427) trawl-core::stage_parity extract_reads_a_computed_timestamp_where_batch_refuses_the_query
        PASS [   0.027s] (2362/4427) trawl-core::stage_parity finite_floats_render_the_same_in_both_lanes
        PASS [   0.026s] (2363/4427) trawl-core::stage_parity negative_zero_groups_with_positive_zero
        PASS [   0.026s] (2364/4427) trawl-core::stage_parity the_aggregates_read_an_infinity
        PASS [   0.004s] (2365/4427) trawl-crashdump caps::tests::a_negative_signal_number_is_refused_without_a_syscall
        PASS [   0.006s] (2366/4427) trawl-crashdump caps::tests::a_child_that_armed_the_signal_dies_with_its_parent
        PASS [   0.004s] (2367/4427) trawl-crashdump caps::tests::an_ordinary_process_is_dumpable
        PASS [   0.003s] (2368/4427) trawl-crashdump caps::tests::arming_the_parent_death_signal_succeeds
        PASS [   0.004s] (2369/4427) trawl-crashdump caps::tests::capget_agrees_with_proc_status
        PASS [   0.004s] (2370/4427) trawl-crashdump caps::tests::peer_cred_of_something_that_is_not_a_socket_is_an_error
        PASS [   0.004s] (2371/4427) trawl-crashdump caps::tests::peer_cred_reports_this_process_when_it_holds_the_name
        PASS [   0.026s] (2372/4427) trawl-core::stage_parity two_nan_rows_dedup_to_one
        PASS [   0.004s] (2373/4427) trawl-crashdump caps::tests::raising_succeeds_exactly_when_the_bit_is_permitted
        PASS [   0.003s] (2374/4427) trawl-crashdump caps::tests::set_ptracer_accepts_a_pid
        PASS [   0.003s] (2375/4427) trawl-crashdump caps::tests::sealing_clears_the_bit_and_forbids_regaining_it
        PASS [   0.003s] (2376/4427) trawl-crashdump imp::tests::a_new_descriptor_that_is_not_a_socket_is_refused
        PASS [   0.004s] (2377/4427) trawl-crashdump imp::tests::an_unchanged_snapshot_names_no_new_descriptor
        PASS [   0.003s] (2378/4427) trawl-crashdump imp::tests::connect_names_the_descriptor_the_client_opened
        PASS [   0.004s] (2379/4427) trawl-crashdump imp::tests::the_spawning_parent_pid_round_trips_through_the_environment
        PASS [   0.003s] (2380/4427) trawl-crashdump imp::tests::two_new_descriptors_are_refused
        PASS [   0.045s] (2381/4427) trawl-core::stage_parity the_two_nan_signs_are_one_identity
        PASS [   0.004s] (2382/4427) trawl-crashdump mdmp::tests::a_bad_magic_is_an_error
        PASS [   0.026s] (2383/4427) trawl-crashdump caps::tests::peer_cred_reports_the_other_process_that_bound_the_name
        PASS [   0.003s] (2384/4427) trawl-crashdump mdmp::tests::a_directory_pointing_past_the_end_is_an_error
        PASS [   0.025s] (2385/4427) trawl-crashdump caps::tests::peer_cred_separates_the_held_connection_from_a_later_binder
        PASS [   0.005s] (2386/4427) trawl-crashdump mdmp::tests::a_short_file_is_an_error_not_a_zero
        PASS [   0.004s] (2387/4427) trawl-crashdump mdmp::tests::a_stream_count_over_the_cap_is_an_error
        PASS [   0.004s] (2388/4427) trawl-crashdump mdmp::tests::an_absent_stream_reports_minus_one
        PASS [   0.004s] (2389/4427) trawl-crashdump mdmp::tests::counts_a_populated_dump
        PASS [   0.004s] (2390/4427) trawl-crashdump mdmp::tests::counts_the_denied_signature
        PASS [   0.004s] (2391/4427) trawl-crashdump mdmp::tests::unrelated_streams_are_skipped
        PASS [   0.004s] (2392/4427) trawl-crashdump probe::tests::a_duplicate_required_field_is_unreadable
        PASS [   0.004s] (2393/4427) trawl-crashdump probe::tests::a_field_name_must_match_whole
        PASS [   0.004s] (2394/4427) trawl-crashdump probe::tests::a_mask_wider_than_u64_is_unreadable
        PASS [   0.004s] (2395/4427) trawl-crashdump probe::tests::a_missing_required_field_is_unreadable
        PASS [   0.004s] (2396/4427) trawl-crashdump probe::tests::a_prefixed_or_signed_mask_is_unreadable
        PASS [   0.004s] (2397/4427) trawl-crashdump probe::tests::field_order_does_not_matter
        PASS [   0.004s] (2398/4427) trawl-crashdump probe::tests::ids_are_exactly_four_decimals
        PASS [   0.004s] (2399/4427) trawl-crashdump probe::tests::no_new_privs_is_exactly_zero_or_one
        PASS [   0.004s] (2400/4427) trawl-crashdump probe::tests::parses_a_real_shaped_status
        PASS [   0.004s] (2401/4427) trawl-crashdump probe::tests::reads_our_own_status_from_procfs
        PASS [   0.004s] (2402/4427) trawl-crashdump probe::tests::reads_the_yama_scope_or_defaults_to_zero
        PASS [   0.004s] (2403/4427) trawl-crashdump probe::tests::uppercase_hex_parses
        PASS [   0.003s] (2404/4427) trawl-crashdump readiness::tests::classify_fallback_is_indeterminate_when_dumpable_or_credentials_are_unknown
        PASS [   0.004s] (2405/4427) trawl-crashdump readiness::tests::classify_scope0_capable_monitor_is_ready
        PASS [   0.004s] (2406/4427) trawl-crashdump readiness::tests::classify_scope0_fallback_denied_on_credentials_or_dumpable
        PASS [   0.004s] (2407/4427) trawl-crashdump readiness::tests::classify_scope0_fallback_ignores_the_ptracer_call
        PASS [   0.004s] (2408/4427) trawl-crashdump readiness::tests::classify_scope1_capable_monitor_is_ready
        PASS [   0.004s] (2409/4427) trawl-crashdump readiness::tests::classify_scope1_fallback_denied_on_mismatched_credentials
        PASS [   0.004s] (2410/4427) trawl-crashdump readiness::tests::classify_scope1_fallback_denied_when_not_dumpable
        PASS [   0.003s] (2411/4427) trawl-crashdump readiness::tests::classify_scope1_fallback_is_ready_when_ptracer_creds_and_dumpable_hold
        PASS [   0.003s] (2412/4427) trawl-crashdump readiness::tests::classify_scope1_fallback_needs_the_ptracer_call
        PASS [   0.004s] (2413/4427) trawl-crashdump readiness::tests::classify_scope2_without_the_capability_is_denied
        PASS [   0.005s] (2414/4427) trawl-crashdump readiness::tests::classify_scope2_capable_monitor_is_ready
        PASS [   0.004s] (2415/4427) trawl-crashdump readiness::tests::classify_scope3_denies_even_a_capable_monitor
        PASS [   0.004s] (2416/4427) trawl-crashdump readiness::tests::classify_scope3_denies_before_the_monitor_is_consulted
        PASS [   0.004s] (2417/4427) trawl-crashdump readiness::tests::classify_scope_outside_the_table_is_indeterminate
        PASS [   0.003s] (2418/4427) trawl-crashdump readiness::tests::classify_unreadable_scope_is_indeterminate
        PASS [   0.004s] (2419/4427) trawl-crashdump readiness::tests::classify_unreadable_monitor_is_indeterminate_at_every_live_scope
        PASS [   0.004s] (2420/4427) trawl-crashdump readiness::tests::credentials_match_accepts_the_ordinary_pod
        PASS [   0.004s] (2421/4427) trawl-crashdump readiness::tests::credentials_match_rejects_a_monitor_missing_an_unrelated_permitted_bit
        PASS [   0.004s] (2422/4427) trawl-crashdump readiness::tests::credentials_match_rejects_a_uid_or_gid_mismatch
        PASS [   0.004s] (2423/4427) trawl-crashdump readiness::tests::missing_capability_is_silent_when_the_capability_would_not_help
        PASS [   0.003s] (2424/4427) trawl-crashdump readiness::tests::status_words_are_pinned_and_delegated
        PASS [   0.004s] (2425/4427) trawl-crashdump readiness::tests::missing_capability_names_the_bit_the_verdict_turned_on
        PASS [   0.004s] (2426/4427) trawl-crashdump::class_names readiness_class_names_are_pinned
        PASS [   0.005s] (2427/4427) trawl-crashdump::class_names ci_script_names_only_real_readiness_classes
        PASS [   0.004s] (2428/4427) trawl-dashboard tests::format_bytes_units
        PASS [   0.005s] (2429/4427) trawl-crashdump::config_check_seal config_check_seals_only_the_child_process
        PASS [   0.004s] (2430/4427) trawl-dashboard tests::format_duration_display
        PASS [   0.004s] (2431/4427) trawl-dashboard tests::format_number_thousands
        PASS [   0.038s] (2432/4427) trawl-dashboard tests::render_dashboard_empty
        PASS [   0.042s] (2433/4427) trawl-dashboard tests::render_dashboard_retained_narrow
        PASS [   0.044s] (2434/4427) trawl-dashboard tests::render_dashboard_narrow
        PASS [   0.048s] (2435/4427) trawl-dashboard tests::render_dashboard_full
        PASS [   0.004s] (2436/4427) trawl-dashboard tests::truncate_query_ascii
        PASS [   0.004s] (2437/4427) trawl-dashboard tests::truncate_query_collapses_whitespace
        PASS [   0.052s] (2438/4427) trawl-dashboard tests::render_dashboard_no_footer
        PASS [   0.004s] (2439/4427) trawl-dashboard tests::truncate_query_multibyte
        PASS [   0.004s] (2440/4427) trawl-dashboard tests::truncate_query_zero_width
        PASS [   0.010s] (2441/4427) trawl-engine cancel::tests::an_absent_latch_is_never_cancelled
        PASS [   0.011s] (2442/4427) trawl-engine cancel::tests::a_shared_flag_reaches_every_clone
        PASS [   0.010s] (2443/4427) trawl-engine executor::tests::cold_action_matrix_is_exhaustive
        PASS [   0.046s] (2444/4427) trawl-dashboard tests::render_dashboard_retained_nonzero
        PASS [   0.052s] (2445/4427) trawl-dashboard tests::render_dashboard_retained_zero
        PASS [   0.041s] (2446/4427) trawl-engine executor::tests::cold_presence_reads_resolved_list_evidence
        PASS [   0.050s] (2447/4427) trawl-engine executor::tests::describe_schema_keeps_union_able_struct_drift
        PASS [   0.011s] (2448/4427) trawl-engine executor::tests::export_row_limit_sentinel_is_target_independent
        PASS [   0.045s] (2449/4427) trawl-engine executor::tests::describe_schema_reconciles_union_able_scalar_drift
        PASS [   0.032s] (2450/4427) trawl-engine executor::tests::empty_window_without_a_hot_buffer_is_an_empty_success
        PASS [   0.080s] (2451/4427) trawl-engine executor::tests::conflicting_kind_mixes_all_carry_the_conversion_class
        PASS [   0.058s] (2452/4427) trawl-engine executor::tests::duckdb_error_classes_parsed_from_live_errors
        PASS [   0.035s] (2453/4427) trawl-engine executor::tests::export_with_hot_falls_back_to_hot_only_for_empty_list_source
        PASS [   0.027s] (2454/4427) trawl-engine executor::tests::export_without_hot_stays_loud_for_an_empty_window
        PASS [   0.052s] (2455/4427) trawl-engine executor::tests::export_with_hot_keeps_cold_rows_on_partial_list_miss
        PASS [   0.010s] (2456/4427) trawl-engine executor::tests::glob_list_items_splits_list_sources
        PASS [   0.051s] (2457/4427) trawl-engine executor::tests::export_without_hot_keeps_cold_rows_on_partial_list_miss
        PASS [   0.014s] (2458/4427) trawl-engine executor::tests::has_glob_meta_splits_the_matcher
        PASS [   0.036s] (2459/4427) trawl-engine executor::tests::genuine_data_conversion_error_carries_the_conversion_class
        PASS [   0.045s] (2460/4427) trawl-engine executor::tests::fs_matcher_agrees_with_duckdb_glob_on_literals
        PASS [   0.023s] (2461/4427) trawl-engine executor::tests::literal_path_is_file_retains_on_a_non_notfound_error
        PASS [   0.054s] (2462/4427) trawl-engine executor::tests::irreconcilable_drift_describes_raw_and_errors_loudly_at_read
        PASS [   0.041s] (2463/4427) trawl-engine executor::tests::no_files_outcome_with_cold_data_errors_instead_of_empty_success
        PASS [   0.057s] (2464/4427) trawl-engine executor::tests::is_conversion_error_matches_real_strings
        PASS [   0.046s] (2465/4427) trawl-engine executor::tests::missing_column_with_cold_files_returns_empty_not_error
        PASS [   0.009s] (2466/4427) trawl-engine executor::tests::resolve_list_source_fails_closed_on_an_unparseable_list
        PASS [   0.011s] (2467/4427) trawl-engine executor::tests::resolve_list_source_keeps_the_original_when_nothing_is_narrowed
        PASS [   0.011s] (2468/4427) trawl-engine executor::tests::resolve_list_source_narrows_to_matching_elements
        PASS [   0.047s] (2469/4427) trawl-engine executor::tests::partial_list_source_miss_keeps_cold_rows
        PASS [   0.011s] (2470/4427) trawl-engine executor::tests::resolve_list_source_preserves_order_and_duplicates
        PASS [   0.009s] (2471/4427) trawl-engine executor::tests::the_happy_path_never_pays_the_presence_check
        PASS [   0.041s] (2472/4427) trawl-engine executor::tests::partial_list_source_miss_keeps_cold_rows_without_a_hot_buffer
        PASS [   0.013s] (2473/4427) trawl-engine executor::tests::subquery_source_is_never_a_list
        PASS [   0.038s] (2474/4427) trawl-engine executor::tests::plain_glob_resolves_lazily_and_is_globbed_on_demand
        PASS [   0.012s] (2475/4427) trawl-engine executor::tests::the_raw_free_retry_inherits_the_anchor
        PASS [   0.029s] (2476/4427) trawl-engine executor::tests::run_query_with_hot_returns_hot_on_cold_start
        PASS [   0.021s] (2477/4427) trawl-engine parquet_stats::tests::a_dotted_scalar_name_is_returned_whole
        PASS [   0.027s] (2478/4427) trawl-engine executor::tests::unexpected_cold_failure_returns_error_not_hot_only
        PASS [   0.029s] (2479/4427) trawl-engine executor::tests::trigger_variants_produce_conversion_class_errors
        PASS [   0.011s] (2480/4427) trawl-engine parquet_stats::tests::corrupt_file_is_err_not_panic
        PASS [   0.027s] (2481/4427) trawl-engine parquet_stats::tests::a_nested_schema_is_refused_not_flattened
        PASS [   0.011s] (2482/4427) trawl-engine parquet_stats::tests::long_byte_array_sample_is_truncated
        PASS [   0.010s] (2483/4427) trawl-engine parquet_stats::tests::missing_file_is_open_error
        PASS [   0.028s] (2484/4427) trawl-engine parquet_stats::tests::column_names_come_from_the_schema_not_the_rows
        PASS [   0.022s] (2485/4427) trawl-engine parquet_stats::tests::merges_minmax_across_files_in_typed_space
        PASS [   0.011s] (2486/4427) trawl-engine post_process::tests::a_timestamp_cell_leaves_the_bridge_as_text
        PASS [   0.011s] (2487/4427) trawl-engine post_process::tests::empty_result_passthrough
        PASS [   0.022s] (2488/4427) trawl-engine parquet_stats::tests::reads_counts_and_typed_minmax_from_duckdb_parquet
        PASS [   0.011s] (2489/4427) trawl-engine post_process::tests::kv_custom_separator
        PASS [   0.025s] (2490/4427) trawl-engine parquet_stats::tests::truncated_and_garbage_footers_are_err_not_panic
        PASS [   0.010s] (2491/4427) trawl-engine post_process::tests::kv_extraction_on_result
        PASS [   0.009s] (2492/4427) trawl-engine post_process::tests::kv_tail_let_sibling_binds_the_alias
        PASS [   0.010s] (2493/4427) trawl-engine post_process::tests::kv_with_sort
        PASS [   0.010s] (2494/4427) trawl-engine post_process::tests::kv_with_stats
        PASS [   0.010s] (2495/4427) trawl-engine post_process::tests::kv_with_where_filter
        PASS [   0.009s] (2496/4427) trawl-engine post_process::tests::the_bridge_round_trips_every_cell_shape
        PASS [   0.010s] (2497/4427) trawl-engine post_process::tests::type_coercion
        PASS [   0.009s] (2498/4427) trawl-engine timezone::tests::invalid_format_errors
        PASS [   0.010s] (2499/4427) trawl-engine timezone::tests::local_resolves_to_system_offset
        PASS [   0.009s] (2500/4427) trawl-engine timezone::tests::out_of_range_errors
        PASS [   0.010s] (2501/4427) trawl-engine timezone::tests::negative_offset_parses
        PASS [   0.010s] (2502/4427) trawl-engine timezone::tests::positive_offset_parses
        PASS [   0.009s] (2503/4427) trawl-engine timezone::tests::reformat_crosses_midnight
        PASS [   0.009s] (2504/4427) trawl-engine timezone::tests::reformat_invalid_input_passthrough
        PASS [   0.009s] (2505/4427) trawl-engine timezone::tests::reformat_positive_offset
        PASS [   0.010s] (2506/4427) trawl-engine timezone::tests::reformat_negative_offset
        PASS [   0.009s] (2507/4427) trawl-engine timezone::tests::reformat_preserves_subseconds
        PASS [   0.010s] (2508/4427) trawl-engine timezone::tests::reformat_trims_trailing_zeros
        PASS [   0.009s] (2509/4427) trawl-engine timezone::tests::reformat_utc_no_change
        PASS [   0.009s] (2510/4427) trawl-engine timezone::tests::utc_resolves_to_zero
        PASS [   0.009s] (2511/4427) trawl-engine timezone::tests::whitespace_trimmed
        PASS [   0.023s] (2512/4427) trawl-engine::complexity_admission the_batch_lane_refuses_over_budget_dsl_without_binding
        PASS [   0.024s] (2513/4427) trawl-engine::complexity_admission the_bind_counter_counts_an_admitted_query
        PASS [   0.030s] (2514/4427) trawl-engine::complexity_admission the_bind_counter_counts_admitted_exports
        PASS [   0.030s] (2515/4427) trawl-engine::complexity_admission the_export_lanes_refuse_over_budget_dsl_without_binding
        PASS [   0.031s] (2516/4427) trawl-engine::complexity_admission the_hot_lanes_refuse_over_budget_dsl_without_binding
        PASS [   0.023s] (2517/4427) trawl-engine::duckdb_probe a_boolean_casts_to_double_as_one_and_zero
        PASS [   0.022s] (2518/4427) trawl-engine::duckdb_probe a_bound_anchor_is_a_timestamp_not_a_timestamptz
        PASS [   2.956s] (2519/4427) trawl-core::filter_parity filter_matches_sql_parity
        PASS [   0.021s] (2520/4427) trawl-engine::duckdb_probe a_bound_anchor_renders_as_the_canonical_timestamp_text
        PASS [   0.020s] (2521/4427) trawl-engine::duckdb_probe a_case_reads_its_arms_in_order_and_stops_at_the_first_true
        PASS [   0.023s] (2522/4427) trawl-engine::duckdb_probe a_bound_literal_casts_as_text_and_nulls_instead_of_throwing
        PASS [   0.019s] (2523/4427) trawl-engine::duckdb_probe a_same_list_alias_reference_copies_its_expression
        PASS [   0.030s] (2524/4427) trawl-engine::duckdb_probe a_cloned_connection_starts_from_the_process_default_not_the_parent
        PASS [   0.029s] (2525/4427) trawl-engine::duckdb_probe a_rendered_nan_keeps_its_sign
        PASS [   0.031s] (2526/4427) trawl-engine::duckdb_probe a_scalar_stats_or_timechart_output_shares_the_select_list_it_substitutes_into
        PASS [   0.032s] (2527/4427) trawl-engine::duckdb_probe a_stored_double_column_compares_in_that_same_total_order
        PASS [   0.024s] (2528/4427) trawl-engine::duckdb_probe a_timestamp_casts_to_the_text_duckdb_prints
        PASS [   0.021s] (2529/4427) trawl-engine::duckdb_probe an_else_less_case_still_binds_an_else_node
        PASS [   0.025s] (2530/4427) trawl-engine::duckdb_probe a_typed_columns_literal_takes_the_columns_own_cast
        PASS [   0.020s] (2531/4427) trawl-engine::duckdb_probe an_infinity_timestamp_cell_is_an_i64_sentinel
        PASS [   0.018s] (2532/4427) trawl-engine::duckdb_probe bigint_round_trip_is_exact_in_decimal_space_beyond_2_pow_53
        PASS [   0.021s] (2533/4427) trawl-engine::duckdb_probe backticked_names_describe_as_the_names_the_dsl_spells
        PASS [   0.039s] (2534/4427) trawl-engine::duckdb_probe an_if_condition_is_a_boolean_cast_not_truthiness
        PASS [   0.019s] (2535/4427) trawl-engine::duckdb_probe cast_text_patterns_match_bigint_text_form
        PASS [   0.021s] (2536/4427) trawl-engine::duckdb_probe case_collided_json_keys_are_renamed_and_replace_binds_the_first
        PASS [   0.051s] (2537/4427) trawl-engine::duckdb_probe bigint_pattern_text_is_the_cast_reading_on_both_engines
        PASS [   0.041s] (2538/4427) trawl-engine::duckdb_probe boolean_pattern_text_is_the_cast_reading_on_both_engines
        PASS [   0.032s] (2539/4427) trawl-engine::duckdb_probe ceil_floor_and_round_split_their_return_type_on_the_argument_type
        PASS [   0.023s] (2540/4427) trawl-engine::duckdb_probe current_json_number_spelling_follows_serdes_f64
        PASS [   0.115s] (2541/4427) trawl-engine::duckdb_probe a_severity_chain_multiplies_its_subject_twelve_times_per_link
        PASS [   0.030s] (2542/4427) trawl-engine::duckdb_probe declared_copy_counts_cover_the_parsed_tree
        PASS [   0.026s] (2543/4427) trawl-engine::duckdb_probe division_by_zero_is_an_ieee_special_and_integer_modulo_by_zero_is_null
        PASS [   0.026s] (2544/4427) trawl-engine::duckdb_probe double_comparison_orders_nan_greatest_and_ties_the_two_zeros
        PASS [   0.024s] (2545/4427) trawl-engine::duckdb_probe double_pattern_text_is_duckdb_rendering_on_both_engines
        PASS [   0.061s] (2546/4427) trawl-engine::duckdb_probe decimal_comparison_space_domain_matches_the_live_mirror
        PASS [   0.020s] (2547/4427) trawl-engine::duckdb_probe duckdb_rewrites_a_simple_case_into_one_equality_per_arm
        PASS [   0.020s] (2548/4427) trawl-engine::duckdb_probe eventstats_case_variant_alias_overwrites_the_incoming_column
        PASS [   0.026s] (2549/4427) trawl-engine::duckdb_probe eventstats_alias_overwrites_the_incoming_column
        PASS [   0.020s] (2550/4427) trawl-engine::duckdb_probe integer_arithmetic_overflow_is_an_error_never_a_wrap
        PASS [   0.023s] (2551/4427) trawl-engine::duckdb_probe eventstats_refuses_a_substituted_alias_inside_its_window
        PASS [   0.021s] (2552/4427) trawl-engine::duckdb_probe integer_division_is_true_division_through_double
        PASS [   0.024s] (2553/4427) trawl-engine::duckdb_probe json_extract_returns_the_values_json_text
        PASS [   0.035s] (2554/4427) trawl-engine::duckdb_probe hot_and_compaction_conform_agree_across_inference_classes
        PASS [   0.021s] (2555/4427) trawl-engine::duckdb_probe left_truncates_by_character_not_by_byte
        PASS [   0.028s] (2556/4427) trawl-engine::duckdb_probe misfit_sample_capture_is_distinct_null_free_and_capped
        PASS [   0.024s] (2557/4427) trawl-engine::duckdb_probe pattern_targets_take_like_and_ilike
        PASS [   0.027s] (2558/4427) trawl-engine::duckdb_probe percent_f_is_six_digit_microseconds
        PASS [   0.026s] (2559/4427) trawl-engine::duckdb_probe percent_f_parses_a_variable_length_fraction
        PASS [   0.046s] (2560/4427) trawl-engine::duckdb_probe mixed_ladder_pair_unions_promote_rather_than_error
        PASS [   0.026s] (2561/4427) trawl-engine::duckdb_probe pin_blind_int_comparison_on_varchar_column_errors
        PASS [   0.021s] (2562/4427) trawl-engine::duckdb_probe pin_blind_patterns_on_bigint_column_refuse_to_bind
        PASS [   0.020s] (2563/4427) trawl-engine::duckdb_probe pin_blind_select_list_comparison_on_varchar_column_errors
        PASS [   0.025s] (2564/4427) trawl-engine::duckdb_probe pinned_comparison_shapes_as_select_list_values
        PASS [   0.023s] (2565/4427) trawl-engine::duckdb_probe pinned_rules_hold_over_read_json_columns
        PASS [   0.025s] (2566/4427) trawl-engine::duckdb_probe pivot_cte_finalization_preserves_multiline_literal_matching
        PASS [   0.028s] (2567/4427) trawl-engine::duckdb_probe raw_extraction_is_exact_key_lookup_and_survives_hostile_keys
        PASS [   0.031s] (2568/4427) trawl-engine::duckdb_probe raw_guard_is_vector_safe_over_mixed_validity
        PASS [   0.024s] (2569/4427) trawl-engine::duckdb_probe recursive_glob_descends_into_dot_directories
        PASS [   0.021s] (2570/4427) trawl-engine::duckdb_probe replace_list_identifier_folding_is_ascii_only
        PASS [   0.028s] (2571/4427) trawl-engine::duckdb_probe resurrection_recovers_shelved_values_per_ladder_target
        PASS [   0.023s] (2572/4427) trawl-engine::duckdb_probe round_takes_a_precision_only_as_an_inlined_integer
        PASS [   0.048s] (2573/4427) trawl-engine::duckdb_probe severity_conform_yields_the_physical_bigint
        PASS [   0.037s] (2574/4427) trawl-engine::duckdb_probe severity_token_text_matches_the_rust_mirror_over_the_ladder
        PASS [   0.114s] (2575/4427) trawl-engine::duckdb_probe severity_conform_rung_bounds_the_ladder_on_both_engines
        PASS [   0.033s] (2576/4427) trawl-engine::duckdb_probe the_absolute_time_window_is_half_open_at_the_microsecond
        PASS [   1.041s] (2577/4427) trawl-core::scalar_parity scalar_eval_matches_sql_parity
        PASS [   0.024s] (2578/4427) trawl-engine::duckdb_probe the_anchor_literal_parses_at_every_year_chrono_can_render
        PASS [   0.018s] (2579/4427) trawl-engine::duckdb_probe the_bind_time_probes_run_against_the_pinned_engine_line
        PASS [   0.020s] (2580/4427) trawl-engine::duckdb_probe the_columns_exclusion_fold_mirrors_catalog_key
        PASS [   0.021s] (2581/4427) trawl-engine::duckdb_probe the_decimal_comparison_space_separates_ids_a_double_equates
        PASS [   0.020s] (2582/4427) trawl-engine::duckdb_probe the_epoch_reading_is_the_micro_count_divided_once
        PASS [   0.034s] (2583/4427) trawl-engine::duckdb_probe the_date_scalars_answer_for_an_infinity
        PASS [   0.020s] (2584/4427) trawl-engine::duckdb_probe the_inlined_anchor_literal_matches_the_bound_form
        PASS [   0.026s] (2585/4427) trawl-engine::duckdb_probe the_severity_kernels_parse_to_their_pinned_copy_counts
        PASS [   0.026s] (2586/4427) trawl-engine::duckdb_probe the_split_let_remedy_admits_a_depth_twenty_four_chain
        PASS [   0.033s] (2587/4427) trawl-engine::duckdb_probe the_timestamp_mirror_residuals_are_one_directional
        PASS [   0.074s] (2588/4427) trawl-engine::duckdb_probe the_literal_timestamp_cast_differs_from_the_conform_only_in_the_zone
        PASS [   0.021s] (2589/4427) trawl-engine::duckdb_probe the_varchar_pin_stores_the_text_form_so_both_lanes_must_share_one
        PASS [   0.019s] (2590/4427) trawl-engine::duckdb_probe time_conform_never_nulls_the_partition_key
        PASS [   0.018s] (2591/4427) trawl-engine::duckdb_probe timestamp_cast_text_form_is_space_separated
        PASS [   0.031s] (2592/4427) trawl-engine::duckdb_probe timestamp_conform_applies_the_offset_under_the_pinned_session
        PASS [   0.016s] (2593/4427) trawl-engine::duckdb_probe try_cast_bigint_rounds_where_the_comparison_space_preserves
        PASS [   0.032s] (2594/4427) trawl-engine::duckdb_probe try_cast_double_domain_matches_the_live_mirror
        PASS [   0.027s] (2595/4427) trawl-engine::duckdb_probe typed_casts_round_so_the_conform_guard_must_round_trip
        PASS [   0.098s] (2596/4427) trawl-engine::duckdb_probe timestamp_pattern_text_is_rfc3339_micros_on_both_engines
        PASS [   0.018s] (2597/4427) trawl-engine::duckdb_probe typeof_spells_a_bound_dsl_literal_by_its_bound_type
        PASS [   0.020s] (2598/4427) trawl-engine::duckdb_probe unconformed_hot_column_throws_the_union_and_varchar_conform_saves_it
        PASS [   0.385s] (2599/4427) trawl-engine::duckdb_probe severity_reading_sql_generates_its_arms_and_types_as_bigint
        PASS [   0.018s] (2600/4427) trawl-engine::duckdb_probe untyped_varchar_conform_expression_is_unquoted_across_inference_classes
        PASS [   0.018s] (2601/4427) trawl-engine::duckdb_probe varchar_negated_list_executes_as_pin_aware_not_in_with_null_widening
        PASS [   0.209s] (2602/4427) trawl-engine::duckdb_probe the_trim_set_is_the_same_on_both_engines
        PASS [   0.018s] (2603/4427) trawl-engine::duckdb_probe varchar_text_equality_matches_exact_string_only
        PASS [   0.020s] (2604/4427) trawl-engine::duckdb_probe varchar_ordered_rung_compares_in_the_decimal_space
        PASS [   0.021s] (2605/4427) trawl-engine::integration a_limit_before_rare_applies_before_the_aggregation
        PASS [   0.019s] (2606/4427) trawl-engine::integration a_limit_before_stats_answers_the_same_beside_a_bound_sibling
        PASS [   0.030s] (2607/4427) trawl-engine::integration a_bare_text_search_keeps_aggregate_params_aligned_in_both_raw_variants
        PASS [   0.018s] (2608/4427) trawl-engine::integration a_limit_before_stats_applies_before_the_aggregation
        PASS [   0.020s] (2609/4427) trawl-engine::integration a_pending_sort_orders_the_aggregations_input
        PASS [   0.020s] (2610/4427) trawl-engine::integration a_pending_sort_orders_the_frequency_stages_input
        PASS [   0.021s] (2611/4427) trawl-engine::integration a_limit_before_top_applies_before_the_aggregation
        PASS [   0.024s] (2612/4427) trawl-engine::integration a_limit_before_timechart_applies_before_the_aggregation
        PASS [   0.022s] (2613/4427) trawl-engine::integration a_second_pivot_cannot_see_a_column_the_first_consumed
        PASS [   0.018s] (2614/4427) trawl-engine::integration a_time_window_bound_cannot_swap_with_an_aggregate_now
        PASS [   0.024s] (2615/4427) trawl-engine::integration a_terminal_pivot_is_unchanged
        PASS [   0.028s] (2616/4427) trawl-engine::integration a_second_pivot_reads_the_first_pivots_output
        PASS [   0.022s] (2617/4427) trawl-engine::integration a_timechart_aggregate_now_binds_after_the_search_predicate
        PASS [   0.019s] (2618/4427) trawl-engine::integration an_aggregate_literal_argument_binds_after_the_search_predicate
        PASS [   0.024s] (2619/4427) trawl-engine::integration an_aggregate_literal_after_a_pivot_binds_after_the_predicate
        PASS [   0.027s] (2620/4427) trawl-engine::integration a_timechart_aggregate_after_a_pivot_binds_after_the_predicate
        PASS [   0.019s] (2621/4427) trawl-engine::integration an_aggregate_now_binds_after_the_search_predicate
        PASS [   0.022s] (2622/4427) trawl-engine::integration an_aggregate_now_after_a_pivot_binds_after_the_predicate
        PASS [   0.020s] (2623/4427) trawl-engine::integration bare_word_matches_content_only_in_raw
        PASS [   0.027s] (2624/4427) trawl-engine::integration bare_word_search_reaches_the_whole_event_through_raw
        PASS [   0.017s] (2625/4427) trawl-engine::integration describe_schema_missing_source
        PASS [   0.021s] (2626/4427) trawl-engine::integration dedup_single_field
        PASS [   0.022s] (2627/4427) trawl-engine::integration dedup_multiple_fields
        PASS [   0.018s] (2628/4427) trawl-engine::integration describe_schema_returns_columns
        PASS [   0.018s] (2629/4427) trawl-engine::integration drop_columns
        PASS [   0.018s] (2630/4427) trawl-engine::integration empty_result
        PASS [   0.027s] (2631/4427) trawl-engine::integration export_hot_only_fallback_conforms_hot_columns_to_the_pin
        PASS [   0.025s] (2632/4427) trawl-engine::integration export_parquet_foreign_nonconformant_corpus_errors_loudly
        PASS [   0.026s] (2633/4427) trawl-engine::integration export_parquet_foreign_nonconformant_corpus_errors_loudly_for_a_pruned_list_source
        PASS [   0.588s] (2634/4427) trawl-engine::duckdb_probe severity_conform_rung_reads_the_asserted_dialect
        PASS [   0.017s] (2635/4427) trawl-engine::integration export_parquet_rejects_rust_stages
        PASS [   0.037s] (2636/4427) trawl-engine::integration export_parquet_hot_pin_conflict_nulls_hot_value
        PASS [   0.022s] (2637/4427) trawl-engine::integration export_parquet_row_limit_above_i64_max_is_unbounded
        PASS [   0.038s] (2638/4427) trawl-engine::integration export_parquet_hot_pin_conflict_nulls_hot_value_for_a_pruned_list_source
        PASS [   0.022s] (2639/4427) trawl-engine::integration export_parquet_row_limit_binds
        PASS [   0.023s] (2640/4427) trawl-engine::integration export_parquet_with_stats_roundtrips
        PASS [   0.022s] (2641/4427) trawl-engine::integration export_parquet_writes_valid_file
        PASS [   0.017s] (2642/4427) trawl-engine::integration extract_kv_basic_pipeline
        PASS [   0.024s] (2643/4427) trawl-engine::integration extract_ip_from_message
        PASS [   0.026s] (2644/4427) trawl-engine::integration extract_kv_tail_after_rename_carries_the_remapped_pin
        PASS [   0.024s] (2645/4427) trawl-engine::integration extract_kv_tail_alias_copy_keeps_the_display_zone
        PASS [   0.024s] (2646/4427) trawl-engine::integration extract_kv_tail_computed_value_stays_as_rendered
        PASS [   0.025s] (2647/4427) trawl-engine::integration extract_kv_tail_rename_keeps_the_display_zone
        PASS [   0.027s] (2648/4427) trawl-engine::integration extract_kv_tail_still_renders_timestamps_in_the_display_zone
        PASS [   0.027s] (2649/4427) trawl-engine::integration extract_kv_tail_where_is_pin_aware
        PASS [   0.030s] (2650/4427) trawl-engine::integration extract_kv_tail_timestamp_compare_ignores_the_display_offset
        PASS [   0.024s] (2651/4427) trawl-engine::integration extract_kv_tail_without_pins_stays_literal_driven
        PASS [   0.018s] (2652/4427) trawl-engine::integration extract_kv_with_search_prefix
        PASS [   0.018s] (2653/4427) trawl-engine::integration extract_kv_with_stats
        PASS [   0.017s] (2654/4427) trawl-engine::integration extract_kv_with_where
        PASS [   0.018s] (2655/4427) trawl-engine::integration field_filter_service
        PASS [   0.018s] (2656/4427) trawl-engine::integration field_filter_severity_number
        PASS [   0.025s] (2657/4427) trawl-engine::integration foreign_nonconformant_corpus_errors_loudly
        PASS [   0.025s] (2658/4427) trawl-engine::integration foreign_nonconformant_corpus_errors_loudly_for_a_pruned_list_source
        PASS [   0.021s] (2659/4427) trawl-engine::integration full_pipeline
        PASS [   0.021s] (2660/4427) trawl-engine::integration hot_only_fallback_conforms_hot_columns_to_the_pin
        PASS [   0.029s] (2661/4427) trawl-engine::integration hot_cold_malformed_timestamp_keeps_cold_data
        PASS [   0.028s] (2662/4427) trawl-engine::integration hot_pin_conflict_nulls_hot_value_for_a_pruned_list_source
        PASS [   0.028s] (2663/4427) trawl-engine::integration hot_pin_conflict_nulls_hot_value_keeps_both_rows
        PASS [   0.022s] (2664/4427) trawl-engine::integration in_list_filter
        PASS [   0.018s] (2665/4427) trawl-engine::integration invalid_dsl_returns_parse_error
        PASS [   0.021s] (2666/4427) trawl-engine::integration json_field_filter
        PASS [   0.020s] (2667/4427) trawl-engine::integration json_stats_pipeline
        PASS [   0.022s] (2668/4427) trawl-engine::integration json_wildcard_returns_all_rows
        PASS [   0.020s] (2669/4427) trawl-engine::integration let_computed_column
        PASS [   0.749s] (2670/4427) trawl-engine::duckdb_probe severity_reading_sql_matches_the_rust_kernel_in_both_dialects
        PASS [   0.024s] (2671/4427) trawl-engine::integration missing_source_returns_empty_result
        PASS [   0.023s] (2672/4427) trawl-engine::integration negated_text_search
        PASS [   0.025s] (2673/4427) trawl-engine::integration pinned_comparison_applies_on_cold_only_run_query
        PASS [   0.025s] (2674/4427) trawl-engine::integration pinned_comparison_survives_hot_only_fallback
        PASS [   0.042s] (2675/4427) trawl-engine::integration pinned_comparison_survives_export_retry
        PASS [   0.023s] (2676/4427) trawl-engine::integration pivot_on_service
        PASS [   0.032s] (2677/4427) trawl-engine::integration pinned_comparison_survives_pruned_list_source
        PASS [   0.019s] (2678/4427) trawl-engine::integration quoted_search
        PASS [   0.031s] (2679/4427) trawl-engine::integration pivot_over_sev_keeps_the_digits_guard_intact
        PASS [   0.020s] (2680/4427) trawl-engine::integration rare_by_service
        PASS [   0.020s] (2681/4427) trawl-engine::integration severity_error_band_matches_three_rows
        PASS [   0.018s] (2682/4427) trawl-engine::integration severity_gte_warn_returns_only_warn_and_above
        PASS [   0.032s] (2683/4427) trawl-engine::integration sev_in_an_aggregation_position_keeps_its_dialect
        PASS [   0.021s] (2684/4427) trawl-engine::integration sort_and_limit
        PASS [   0.023s] (2685/4427) trawl-engine::integration stats_count_by_service
        PASS [   0.023s] (2686/4427) trawl-engine::integration stats_group_by_repairs_separates_clean_from_repaired
        PASS [   0.020s] (2687/4427) trawl-engine::integration stats_with_where_cte
        PASS [   0.020s] (2688/4427) trawl-engine::integration status_comparison_gte
        PASS [   0.019s] (2689/4427) trawl-engine::integration table_projection
        PASS [   0.021s] (2690/4427) trawl-engine::integration text_search_ilike
        PASS [   0.031s] (2691/4427) trawl-engine::integration text_containment_is_total_for_sparse_rows
        PASS [   0.025s] (2692/4427) trawl-engine::integration text_search_without_a_raw_column_keeps_unknown_field_errors
        PASS [   0.032s] (2693/4427) trawl-engine::integration text_containment_treats_non_text_columns_as_non_matches
        PASS [   0.035s] (2694/4427) trawl-engine::integration text_search_without_a_raw_column_searches_message
        PASS [   0.024s] (2695/4427) trawl-engine::integration time_filter_large_window
        PASS [   0.025s] (2696/4427) trawl-engine::integration timechart_bucket_values_group_by_full_expression
        PASS [   0.010s] (2697/4427) trawl-engine::integration well_known_fields_match_core_schema
        PASS [   0.021s] (2698/4427) trawl-engine::integration top_by_service
        PASS [   0.026s] (2699/4427) trawl-engine::integration timechart_minute_buckets
        PASS [   0.021s] (2700/4427) trawl-engine::integration wildcard_returns_all_rows
        PASS [   0.022s] (2701/4427) trawl-engine::parse_emit_prepare control_prepare_rejects_a_missing_column
        PASS [   0.020s] (2702/4427) trawl-engine::parse_emit_prepare control_prepare_rejects_a_missing_source_file
        PASS [   0.021s] (2703/4427) trawl-engine::parse_emit_prepare control_prepare_rejects_a_type_invalid_expression
        PASS [   0.048s] (2704/4427) trawl-engine::list_source_gate a_file_that_vanishes_between_resolution_and_the_read_is_never_an_empty_answer
        PASS [   0.239s] (2705/4427) trawl-engine::integration hot_sparse_repair_column_survives_inside_the_sample_window
        PASS [   0.020s] (2706/4427) trawl-engine::rust_tail_specials a_post_stage_limit_caps_the_kv_tails_one_snapshot
        PASS [   0.020s] (2707/4427) trawl-engine::rust_tail_specials a_pre_stage_limit_caps_what_the_kv_tail_aggregates
        PASS [   0.029s] (2708/4427) trawl-engine::rust_tail_specials a_double_pinned_infinity_compares_in_the_tail
        PASS [   0.078s] (2709/4427) trawl-engine::list_source_gate partial_list_miss_keeps_the_cold_rows_on_every_lane
        PASS [   0.045s] (2710/4427) trawl-engine::parse_emit_prepare every_committed_seed_emits_sql_duckdb_can_prepare
        PASS [   0.086s] (2711/4427) trawl-engine::list_source_gate an_all_missing_list_is_an_empty_window_not_a_failure
        PASS [   0.022s] (2712/4427) trawl-engine::rust_tail_specials a_timestamp_column_still_shifts_after_the_tail
        PASS [   0.022s] (2713/4427) trawl-engine::rust_tail_specials a_tail_computed_infinity_survives_a_shifted_run
        PASS [   0.021s] (2714/4427) trawl-engine::rust_tail_specials the_cold_start_fallback_keeps_the_statements_anchor
        PASS [   0.012s] (2715/4427) trawl-engine::severity_set_bench emitted_shapes_match_the_hand_built_ones
        PASS [   0.013s] (2716/4427) trawl-server admission::tests::a_pipeline_over_the_stage_cap_is_refused
        PASS [   0.021s] (2717/4427) trawl-engine::rust_tail_specials the_kv_tail_receives_the_specials_the_sql_prefix_computed
        PASS [   0.010s] (2718/4427) trawl-server admission::tests::an_ordinary_query_is_admitted
        PASS [   0.023s] (2719/4427) trawl-engine::rust_tail_specials the_tail_computes_over_the_specials_it_received
        PASS [   0.030s] (2720/4427) trawl-engine::rust_tail_specials the_kv_tail_and_the_sql_prefix_read_one_now
        PASS [   0.012s] (2721/4427) trawl-server admission::tests::an_over_budget_pipeline_carries_the_shared_sentence
        PASS [   0.011s] (2722/4427) trawl-server admission::tests::unparseable_text_is_a_parse_error
        PASS [   0.011s] (2723/4427) trawl-server bus::tests::closed_bus
        PASS [   0.008s] (2724/4427) trawl-server bus::tests::lagged_subscriber
        PASS [   0.008s] (2725/4427) trawl-server bus::tests::publish_and_receive
        PASS [   0.010s] (2726/4427) trawl-server bus::tests::multiple_subscribers
        PASS [   0.008s] (2727/4427) trawl-server bus::tests::publish_with_no_subscribers
        PASS [   0.009s] (2728/4427) trawl-server catalog::analyzer::tests::an_ack_suppresses_evidence_up_to_its_high_water
        PASS [   0.010s] (2729/4427) trawl-server catalog::analyzer::tests::equal_clocks_differing_counts_are_decided_by_the_count
        PASS [   0.008s] (2730/4427) trawl-server catalog::analyzer::tests::the_degraded_gate_is_span_and_volume
        PASS [   0.011s] (2731/4427) trawl-server catalog::analyzer::tests::single_service_evidence_qualifies
        PASS [   0.010s] (2732/4427) trawl-server catalog::analyzer::tests::suggested_target_is_the_uniform_rung_else_varchar
        PASS [   0.009s] (2733/4427) trawl-server catalog::analyzer::tests::the_verdict_is_capped_distinct_facts
        PASS [   0.009s] (2734/4427) trawl-server catalog::conform::tests::a_fully_pinned_file_needs_no_counts_at_all
        PASS [   0.008s] (2735/4427) trawl-server catalog::conform::tests::case_variant_columns_are_one_observation
        PASS [   0.009s] (2736/4427) trawl-server catalog::conform::tests::all_null_column_does_not_vote
        PASS [   0.009s] (2737/4427) trawl-server catalog::conform::tests::existing_pins_are_left_alone
        PASS [   0.010s] (2738/4427) trawl-server catalog::conform::tests::layout_path_declines_everything_trawl_did_not_write
        PASS [   0.010s] (2739/4427) trawl-server catalog::conform::tests::layout_path_reads_the_hour_and_the_daily_rollup
        PASS [   0.010s] (2740/4427) trawl-server catalog::conform::tests::observations_span_the_corpus_and_cover_only_pinned_fields
        PASS [   0.010s] (2741/4427) trawl-server catalog::conform::tests::only_unpinned_columns_are_counted
        PASS [   0.010s] (2742/4427) trawl-server catalog::conform::tests::vote_weight_is_rows_carrying_the_field_not_file_rows
        PASS [   0.010s] (2743/4427) trawl-server catalog::gc::tests::a_failed_purge_reconciles_the_cache_before_it_returns
        PASS [   0.009s] (2744/4427) trawl-server catalog::gc::tests::a_never_observed_pin_is_a_candidate
        PASS [   0.009s] (2745/4427) trawl-server catalog::gc::tests::an_unknown_commit_over_evicts_and_never_reads_the_store
        PASS [   0.009s] (2746/4427) trawl-server catalog::gc::tests::dead_window_truth_table
        PASS [   0.010s] (2747/4427) trawl-server catalog::gc::tests::an_unsubtractable_window_clamps_to_the_epoch
        PASS [   0.010s] (2748/4427) trawl-server catalog::gc::tests::every_envelope_seed_survives_gc
        PASS [   0.010s] (2749/4427) trawl-server catalog::gc::tests::every_gated_store_read_rides_the_timeout_and_the_purge_does_not
        PASS [   0.010s] (2750/4427) trawl-server catalog::gc::tests::observation_exactly_at_the_cutoff_is_alive
        PASS [   0.008s] (2751/4427) trawl-server catalog::gc::tests::the_generation_follows_the_store_not_the_map
        PASS [   0.010s] (2752/4427) trawl-server catalog::tests::a_purge_the_cache_never_held_still_bumps_the_generation
        PASS [   0.010s] (2753/4427) trawl-server catalog::tests::all_returns_the_full_unfiltered_snapshot
        PASS [   0.010s] (2754/4427) trawl-server catalog::tests::evict_many_removes_the_set_without_stamping_it
        PASS [   0.008s] (2755/4427) trawl-server catalog::tests::intersect_is_exact_name_lookup
        PASS [   0.010s] (2756/4427) trawl-server catalog::tests::intersect_keeps_pins_for_observed_keys_only
        PASS [   0.010s] (2757/4427) trawl-server catalog::tests::merge_adds_deltas_without_dropping_existing_pins
        PASS [   0.010s] (2758/4427) trawl-server catalog::tests::merge_last_write_wins_for_one_spelling
        PASS [   0.046s] (2759/4427) trawl-server catalog::conform::tests::non_null_counts_span_chunk_boundary_without_crossing_columns
        PASS [   0.010s] (2760/4427) trawl-server catalog::tests::only_a_repin_bumps_the_generation
        PASS [   0.010s] (2761/4427) trawl-server catalog::tests::repin_overwrites_exactly_one_key
        PASS [   0.010s] (2762/4427) trawl-server deadline::tests::an_expired_deadline_grants_no_further_wait
        PASS [   0.008s] (2763/4427) trawl-server deadline::tests::an_unrepresentable_budget_is_clamped
        PASS [   0.009s] (2764/4427) trawl-server deadline::tests::the_budget_is_spent_once_across_phases
        PASS [   0.011s] (2765/4427) trawl-server deadline::tests::run_expires_on_a_wait_past_the_budget
        PASS [   0.010s] (2766/4427) trawl-server deadline::tests::run_returns_the_output_inside_the_budget
        PASS [   0.010s] (2767/4427) trawl-server env_dirs::tests::keeps_valid_envs_sorted_and_skips_the_rest
        PASS [   0.008s] (2768/4427) trawl-server env_dirs::tests::missing_root_is_empty
        PASS [   0.009s] (2769/4427) trawl-server env_dirs::tests::try_list_separates_cold_start_from_unreadable_root
        PASS [   0.009s] (2770/4427) trawl-server epoch::tests::dangling_symlinks_are_errors_not_absence
        PASS [   0.010s] (2771/4427) trawl-server epoch::tests::current_environment_wal_is_preserved
        PASS [   0.010s] (2772/4427) trawl-server epoch::tests::explicit_noncurrent_epochs_refuse_in_every_mode_without_mutation
        PASS [   0.009s] (2773/4427) trawl-server epoch::tests::fresh_and_empty_roots_initialize_and_restart
        PASS [   0.010s] (2774/4427) trawl-server epoch::tests::flat_wal_refuses_before_fresh_empty_or_current_root_mutation
        PASS [   0.008s] (2775/4427) trawl-server epoch::tests::invalid_path_types_fail_before_initialization
        PASS [   0.009s] (2776/4427) trawl-server epoch::tests::query_only_generic_archives_and_unused_wal_are_untouched
        PASS [   0.011s] (2777/4427) trawl-server epoch::tests::markerless_nonempty_ingest_roots_refuse_without_mutation
        PASS [   0.009s] (2778/4427) trawl-server epoch::tests::suffix_siblings_and_report_results_are_never_adopted_or_deleted
        PASS [   0.011s] (2779/4427) trawl-server epoch::tests::query_only_owned_roots_still_require_their_epoch_marker
        PASS [   0.008s] (2780/4427) trawl-server error::tests::authentication_failures_use_the_current_opaque_wire_code
        PASS [   0.010s] (2781/4427) trawl-server error::tests::a_window_policy_refusal_is_a_400_naming_both_sides
        PASS [   0.008s] (2782/4427) trawl-server error::tests::error_class_never_carries_user_content
        PASS [   0.010s] (2783/4427) trawl-server error::tests::conflict_maps_to_409_with_its_message
        PASS [   0.010s] (2784/4427) trawl-server error::tests::internal_maps_to_500
        PASS [   0.010s] (2785/4427) trawl-server error::tests::purge_commit_unknown_is_a_store_class_503_with_its_message
        PASS [   0.009s] (2786/4427) trawl-server error::tests::safe_message_preserves_parse_errors
        PASS [   0.010s] (2787/4427) trawl-server error::tests::safe_message_keeps_the_capacity_refusal_and_generalizes_the_rest
        PASS [   0.008s] (2788/4427) trawl-server error::tests::safe_message_redacts_internal_errors
        PASS [   0.009s] (2789/4427) trawl-server error::tests::safe_message_redacts_database_errors
        PASS [   0.008s] (2790/4427) trawl-server error::tests::store_error_http_table
        PASS [   0.008s] (2791/4427) trawl-server error::tests::safe_message_redacts_store_backend_errors
        PASS [   0.010s] (2792/4427) trawl-server error::tests::service_unavailable_maps_to_503
        PASS [   0.010s] (2793/4427) trawl-server error::tests::store_unavailable_body_is_redacted
        PASS [   0.008s] (2794/4427) trawl-server error::tests::window_plan_and_materialize_failures_are_redacted_500s
        PASS [   0.090s] (2795/4427) trawl-server from_saved::pg_tests::resolve_all_not_found_without_successful_runs
        PASS [   0.090s] (2796/4427) trawl-server from_saved::pg_tests::resolve_carries_the_saved_querys_own_dsl
        PASS [   0.096s] (2797/4427) trawl-server from_saved::pg_tests::readable_name_resolves_recorded_path_after_rename
        PASS [   0.096s] (2798/4427) trawl-server from_saved::pg_tests::resolve_all_skips_zero_row_members
        PASS [   0.092s] (2799/4427) trawl-server from_saved::pg_tests::resolve_latest_answers_a_zero_row_success_not_an_older_run
        PASS [   0.101s] (2800/4427) trawl-server from_saved::pg_tests::resolve_all_builds_union_duckdb_executes
        PASS [   0.086s] (2801/4427) trawl-server from_saved::pg_tests::resolve_latest_not_found_without_successful_runs
        PASS [   0.082s] (2802/4427) trawl-server from_saved::pg_tests::resolve_latest_picks_newest_successful_run
        PASS [   0.087s] (2803/4427) trawl-server from_saved::pg_tests::resolve_latest_over_a_blob_backed_nonempty_run_errors
        PASS [   0.091s] (2804/4427) trawl-server from_saved::pg_tests::resolve_latest_errors_on_a_success_with_neither_file_nor_blob
        PASS [   0.080s] (2805/4427) trawl-server from_saved::pg_tests::resolve_specific_errors_on_a_success_with_neither_file_nor_blob
        PASS [   0.086s] (2806/4427) trawl-server from_saved::pg_tests::resolve_specific_answers_a_zero_row_run
        PASS [   1.492s] (2807/4427) trawl-engine::duckdb_probe dialect_ambiguity_pairs_across_both_engines
        PASS [   0.080s] (2808/4427) trawl-server from_saved::pg_tests::resolve_specific_not_found_for_missing_run
        PASS [   0.080s] (2809/4427) trawl-server from_saved::pg_tests::resolve_specific_refuses_a_run_that_did_not_succeed
        PASS [   0.080s] (2810/4427) trawl-server from_saved::pg_tests::resolve_specific_refuses_a_blob_backed_nonempty_run
        PASS [   0.076s] (2811/4427) trawl-server from_saved::pg_tests::resolve_strips_stage_and_prepends_wildcard
        PASS [   0.080s] (2812/4427) trawl-server from_saved::pg_tests::resolve_specific_not_found_for_other_users_run
        PASS [   0.080s] (2813/4427) trawl-server from_saved::pg_tests::resolve_specific_returns_source_for_run
        PASS [   0.056s] (2814/4427) trawl-server from_saved::pg_tests::resolve_unknown_saved_query_is_not_found
        PASS [   0.009s] (2815/4427) trawl-server handlers::tests::a_filtered_retained_entry_omits_the_fields_it_hides
        PASS [   0.010s] (2816/4427) trawl-server from_saved::tests::parquet_source_basic
        PASS [   0.010s] (2817/4427) trawl-server from_saved::tests::empty_typed_source_projects_quoted_names
        PASS [   0.010s] (2818/4427) trawl-server from_saved::tests::parquet_source_strips_trailing_slash
        PASS [   0.011s] (2819/4427) trawl-server from_saved::tests::parquet_source_escapes_single_quotes
        PASS [   0.008s] (2820/4427) trawl-server handlers::tests::cancel_authority_is_the_key_id_and_admin_reaches_system_work
        PASS [   0.008s] (2821/4427) trawl-server handlers::tests::csv_generation_sanitizes_string_values
        PASS [   0.008s] (2822/4427) trawl-server handlers::tests::health_all_noncritical_down_is_degraded
        PASS [   0.008s] (2823/4427) trawl-server handlers::tests::health_all_ok
        PASS [   0.008s] (2824/4427) trawl-server handlers::tests::health_auth_down_is_degraded
        PASS [   0.009s] (2825/4427) trawl-server handlers::tests::health_all_down_is_unavailable
        PASS [   0.008s] (2826/4427) trawl-server handlers::tests::health_data_path_down_is_degraded
        PASS [   0.008s] (2827/4427) trawl-server handlers::tests::health_duckdb_and_noncritical_down_is_unavailable
        PASS [   0.008s] (2828/4427) trawl-server handlers::tests::health_storage_down_is_degraded
        PASS [   0.008s] (2829/4427) trawl-server handlers::tests::health_duckdb_down_is_unavailable
        PASS [   0.008s] (2830/4427) trawl-server handlers::tests::ndjson_generation_produces_valid_output
        PASS [   0.008s] (2831/4427) trawl-server handlers::tests::retained_interactive_work_keeps_its_existing_display_visibility
        PASS [   0.008s] (2832/4427) trawl-server handlers::tests::sanitize_csv_formula_passes_safe_strings
        PASS [   0.034s] (2833/4427) trawl-server from_saved::tests::empty_typed_source_executes_downstream_shapes
        PASS [   0.009s] (2834/4427) trawl-server handlers::tests::sanitize_csv_formula_prefixes_dangerous_chars
        PASS [   0.008s] (2835/4427) trawl-server handlers::tests::schema_window_is_the_retention_horizon
        PASS [   0.008s] (2836/4427) trawl-server handlers::tests::since_from_secs_saturates_instead_of_panicking
        PASS [   0.008s] (2837/4427) trawl-server handlers::tests::value_to_string_does_not_sanitize_numbers
        PASS [   0.008s] (2838/4427) trawl-server handlers::tests::system_retained_work_shows_no_text_below_server_manage
        PASS [   0.008s] (2839/4427) trawl-server handlers::tests::value_to_string_sanitizes_strings
        PASS [   0.009s] (2840/4427) trawl-server hot_buffer::tests::drain_after_snapshot_leaves_snapshot_valid
        PASS [   0.009s] (2841/4427) trawl-server hot_buffer::tests::drain_nonexistent_is_noop
        PASS [   0.008s] (2842/4427) trawl-server hot_buffer::tests::empty_buffer_returns_none
        PASS [   0.009s] (2843/4427) trawl-server hot_buffer::tests::drain_removes_batches
        PASS [   0.009s] (2844/4427) trawl-server hot_buffer::tests::eviction_by_bytes_limit
        PASS [   0.010s] (2845/4427) trawl-server hot_buffer::tests::drain_updates_byte_count
        PASS [   0.008s] (2846/4427) trawl-server hot_buffer::tests::eviction_removes_oldest_by_insertion_order
        PASS [   0.008s] (2847/4427) trawl-server hot_buffer::tests::snapshot_field_types_is_pins_intersect_observed_keys
        PASS [   0.008s] (2848/4427) trawl-server hot_buffer::tests::snapshot_reflects_new_pins_at_same_generation
        PASS [   0.009s] (2849/4427) trawl-server hot_buffer::tests::snapshot_includes_all_batches
        PASS [   0.011s] (2850/4427) trawl-server hot_buffer::tests::insert_and_snapshot
        PASS [   0.010s] (2851/4427) trawl-server hot_buffer::tests::snapshot_hoists_schema_pioneers_to_the_front
        PASS [   0.009s] (2852/4427) trawl-server ingest::compaction::tests::a_hung_conflicts_write_counts_against_conflicts
        PASS [   0.009s] (2853/4427) trawl-server ingest::compaction::tests::a_hung_observations_write_counts_against_observations
        PASS [   0.017s] (2854/4427) trawl-server ingest::compaction::tests::a_rename_alongside_the_guard_is_not_guard_only
        PASS [   0.043s] (2855/4427) trawl-server ingest::compaction::tests::a_guard_only_plan_over_an_in_range_source_nulls_nothing
        PASS [   0.009s] (2856/4427) trawl-server ingest::compaction::tests::bookkeeping_budget_bounds_a_hung_write
        PASS [   0.008s] (2857/4427) trawl-server ingest::compaction::tests::both_sampling_aggregates_share_the_subject_and_the_decode
        PASS [   0.048s] (2858/4427) trawl-server ingest::compaction::tests::all_null_unpinned_column_defers_then_later_batch_pins
        PASS [   0.008s] (2859/4427) trawl-server ingest::compaction::tests::budget_leaves_room_for_every_fast_failing_attempt
        PASS [   0.058s] (2860/4427) trawl-server ingest::compaction::tests::cleanup_removes_day_level_stale_tmp
        PASS [   0.058s] (2861/4427) trawl-server ingest::compaction::tests::cleanup_removes_stale_tmp_files
        PASS [   0.009s] (2862/4427) trawl-server ingest::compaction::tests::collect_hour_dirs_finds_valid_hours
        PASS [   0.008s] (2863/4427) trawl-server ingest::compaction::tests::collect_service_files_groups_correctly
        PASS [   0.008s] (2864/4427) trawl-server ingest::compaction::tests::compact_all_nul_is_data_loss_not_error
        PASS [   0.020s] (2865/4427) trawl-server ingest::compaction::tests::compact_creates_canonical_file
        PASS [   0.033s] (2866/4427) trawl-server ingest::compaction::tests::compact_chunked_merges_incrementally
        PASS [   0.162s] (2867/4427) trawl-server ingest::compaction::tests::a_severity_source_keeps_its_stored_arm_dialect_free
        PASS [   0.179s] (2868/4427) trawl-server ingest::compaction::tests::a_failed_sample_capture_still_records_the_conflict
        PASS [   0.029s] (2869/4427) trawl-server ingest::compaction::tests::compact_excludes_wal_provenance_column
        PASS [   0.028s] (2870/4427) trawl-server ingest::compaction::tests::compact_filename_fallback_is_per_file
        PASS [   0.030s] (2871/4427) trawl-server ingest::compaction::tests::compact_handles_duplicate_key_across_nesting_levels
        PASS [   0.031s] (2872/4427) trawl-server ingest::compaction::tests::compact_handles_heterogeneous_schemas
        PASS [   0.020s] (2873/4427) trawl-server ingest::compaction::tests::compact_keeps_quarantine_count_when_a_later_step_fails
        PASS [   0.031s] (2874/4427) trawl-server ingest::compaction::tests::compact_handles_nested_json
        PASS [   0.028s] (2875/4427) trawl-server ingest::compaction::tests::compact_isolates_malformed_textual_ndjson_keeps_good
        PASS [   0.031s] (2876/4427) trawl-server ingest::compaction::tests::compact_keeps_user_field_named_filename
        PASS [   0.248s] (2877/4427) trawl-server ingest::compaction::tests::a_batch_with_no_conflicts_runs_no_sample_query
        PASS [   0.236s] (2878/4427) trawl-server ingest::compaction::tests::a_running_rollup_pass_is_gated_by_the_cutover_and_stands_down
        PASS [   0.030s] (2879/4427) trawl-server ingest::compaction::tests::compact_nonconforming_filename_falls_back_to_now
        PASS [   0.024s] (2880/4427) trawl-server ingest::compaction::tests::compact_once_counts_quarantine_as_error
        PASS [   0.010s] (2881/4427) trawl-server ingest::compaction::tests::compact_once_errors_on_unreadable_wal_root
        PASS [   0.044s] (2882/4427) trawl-server ingest::compaction::tests::compact_merges_with_existing_file
        PASS [   0.047s] (2883/4427) trawl-server ingest::compaction::tests::compact_merges_despite_type_conflict
        PASS [   0.011s] (2884/4427) trawl-server ingest::compaction::tests::compact_once_is_clean_when_wal_root_is_missing
        PASS [   0.035s] (2885/4427) trawl-server ingest::compaction::tests::compact_once_drains_bad_timestamp_without_errors
        PASS [   0.028s] (2886/4427) trawl-server ingest::compaction::tests::compact_once_isolates_unreadable_env_wal_dir
        PASS [   0.051s] (2887/4427) trawl-server ingest::compaction::tests::compact_once_drains_wal_carrying_reserved_provenance_key
        PASS [   0.031s] (2888/4427) trawl-server ingest::compaction::tests::compact_quarantines_nul_ndjson_keeps_good
        PASS [   0.031s] (2889/4427) trawl-server ingest::compaction::tests::compact_repairs_malformed_timestamp_from_filename
        PASS [   0.032s] (2890/4427) trawl-server ingest::compaction::tests::compaction_coerces_complex_fields_to_varchar
        PASS [   0.046s] (2891/4427) trawl-server ingest::compaction::tests::compact_sorts_rows_by_timestamp
        PASS [   0.087s] (2892/4427) trawl-server ingest::compaction::tests::compact_once_partitions_by_env_and_verbatim_service
        PASS [   0.087s] (2893/4427) trawl-server ingest::compaction::tests::compact_preserves_repair_column_past_the_sample_window
        PASS [   0.032s] (2894/4427) trawl-server ingest::compaction::tests::conflict_samples_are_control_sanitised_then_byte_capped
        PASS [   0.024s] (2895/4427) trawl-server ingest::compaction::tests::conflict_samples_are_distinct_after_sanitisation
        PASS [   0.010s] (2896/4427) trawl-server ingest::compaction::tests::conform_plan_folds_mixed_case_columns_onto_their_pins
        PASS [   0.022s] (2897/4427) trawl-server ingest::compaction::tests::conflict_samples_are_the_distinct_nulled_values_capped_at_five
        PASS [   0.091s] (2898/4427) trawl-server ingest::compaction::tests::compact_repairs_all_trigger_variants
        PASS [   0.010s] (2899/4427) trawl-server ingest::compaction::tests::corrupt_tmp_preserves_old_daily_and_hourlies
        PASS [   0.010s] (2900/4427) trawl-server ingest::compaction::tests::decoding_samples_caps_sanitises_then_dedups
        PASS [   0.008s] (2901/4427) trawl-server ingest::compaction::tests::extract_service_simple
        PASS [   0.010s] (2902/4427) trawl-server ingest::compaction::tests::extract_service_with_underscores
        PASS [   0.028s] (2903/4427) trawl-server ingest::compaction::tests::conform_to_bigint_pin_nulls_rounded_values_and_records_them
        PASS [   0.392s] (2904/4427) trawl-server hot_buffer::tests::sparse_key_survives_a_snapshot_larger_than_the_detection_prefix
        PASS [   0.029s] (2905/4427) trawl-server ingest::compaction::tests::conform_to_bigint_pin_nulls_beyond_2_pow_53_fractionals
        PASS [   0.009s] (2906/4427) trawl-server ingest::compaction::tests::failed_rollup_recovery_keeps_readers_closed
        PASS [   0.008s] (2907/4427) trawl-server ingest::compaction::tests::group_by_service_groups_correctly
        PASS [   0.009s] (2908/4427) trawl-server ingest::compaction::tests::fast_retry_exhaustion_counts_no_timeout
        PASS [   0.011s] (2909/4427) trawl-server ingest::compaction::tests::is_valid_ndjson_detects_corruption
        PASS [   0.008s] (2910/4427) trawl-server ingest::compaction::tests::looks_like_date_invalid
        PASS [   0.008s] (2911/4427) trawl-server ingest::compaction::tests::looks_like_date_valid
        PASS [   0.018s] (2912/4427) trawl-server ingest::compaction::tests::is_valid_parquet_detects_corruption
        PASS [   0.008s] (2913/4427) trawl-server ingest::compaction::tests::merged_suffix_is_not_picked_up_by_collect_service_files
        PASS [   0.047s] (2914/4427) trawl-server ingest::compaction::tests::duplicate_name_collision_drains_at_depth_1_keeping_all_columns
        PASS [   0.021s] (2915/4427) trawl-server ingest::compaction::tests::lossless_conform_is_not_recorded_as_a_conflict
        PASS [   0.045s] (2916/4427) trawl-server ingest::compaction::tests::failed_invalid_tmp_quarantine_cannot_retire_unpublished_rows_on_retry
        PASS [   0.047s] (2917/4427) trawl-server ingest::compaction::tests::failed_marker_stage_preserves_complete_list_and_stage_is_ignored
        PASS [   0.029s] (2918/4427) trawl-server ingest::compaction::tests::merge_into_foreign_nonconformant_parquet_errors_and_retains_wal
        PASS [   0.036s] (2919/4427) trawl-server ingest::compaction::tests::pin_ladder_boolean_majority_pins_boolean
        PASS [   0.051s] (2920/4427) trawl-server ingest::compaction::tests::nested_object_keeps_batchmates_columns_and_stays_reachable
        PASS [   0.044s] (2921/4427) trawl-server ingest::compaction::tests::pin_ladder_even_split_pins_varchar_unquoted
        PASS [   0.043s] (2922/4427) trawl-server ingest::compaction::tests::pin_ladder_fractional_majority_pins_double_not_bigint
        PASS [   0.040s] (2923/4427) trawl-server ingest::compaction::tests::pin_ladder_huge_outlier_among_integers_pins_bigint
        PASS [   0.010s] (2924/4427) trawl-server ingest::compaction::tests::quarantine_file_signals_rename_failure
        PASS [   0.009s] (2925/4427) trawl-server ingest::compaction::tests::quarantine_file_signals_reservation_failure
        PASS [   0.079s] (2926/4427) trawl-server ingest::compaction::tests::pin_ladder_beyond_2_pow_53_integral_doubles_pin_bigint
        PASS [   0.030s] (2927/4427) trawl-server ingest::compaction::tests::pin_ladder_u64_range_batch_pins_double
        PASS [   0.041s] (2928/4427) trawl-server ingest::compaction::tests::pin_ladder_one_outlier_among_integers_pins_bigint
        PASS [   0.011s] (2929/4427) trawl-server ingest::compaction::tests::recovery_keeps_marker_when_hourly_retire_fails
        PASS [   0.098s] (2930/4427) trawl-server ingest::compaction::tests::pending_rollup_recovers_before_fresh_wal_even_when_rollup_disabled
        PASS [   0.020s] (2931/4427) trawl-server ingest::compaction::tests::recovery_discards_truncated_tmp
        PASS [   0.008s] (2932/4427) trawl-server ingest::compaction::tests::repeated_quarantine_keeps_every_artifact
        PASS [   0.030s] (2933/4427) trawl-server ingest::compaction::tests::recovery_completes_after_partial_hourly_cleanup
        PASS [   0.060s] (2934/4427) trawl-server ingest::compaction::tests::publication_blocks_reader_until_hot_batch_is_drained
        PASS [   0.008s] (2935/4427) trawl-server ingest::compaction::tests::repin_policy_without_raw_column_falls_back_to_plain_conform
        PASS [   0.019s] (2936/4427) trawl-server ingest::compaction::tests::repin_policy_fires_even_when_the_dtype_already_matches_the_pin
        PASS [   0.021s] (2937/4427) trawl-server ingest::compaction::tests::repin_policy_routes_the_target_through_resurrection
        PASS [   0.008s] (2938/4427) trawl-server ingest::compaction::tests::retire_merged_hourly_deletes_when_possible
        PASS [   0.008s] (2939/4427) trawl-server ingest::compaction::tests::retire_merged_hourly_is_idempotent_on_missing_file
        PASS [   0.040s] (2940/4427) trawl-server ingest::compaction::tests::recovery_promotes_tmp_over_old_daily_before_retiring_hourlies
        PASS [   0.010s] (2941/4427) trawl-server ingest::compaction::tests::retire_merged_hourly_renames_aside_when_delete_fails
        PASS [   0.040s] (2942/4427) trawl-server ingest::compaction::tests::rollup_day_blocking_merges_hourly_files
        PASS [   0.042s] (2943/4427) trawl-server ingest::compaction::tests::rollup_day_blocking_sorts_by_timestamp
        PASS [   0.040s] (2944/4427) trawl-server ingest::compaction::tests::rollup_does_not_duplicate_rows_when_hourly_survives
        PASS [   0.050s] (2945/4427) trawl-server ingest::compaction::tests::rollup_day_blocking_merges_with_existing_daily
        PASS [   0.018s] (2946/4427) trawl-server ingest::compaction::tests::rollup_keeps_quarantine_count_when_merge_errors
        PASS [   0.029s] (2947/4427) trawl-server ingest::compaction::tests::rollup_is_suppressed_while_a_repin_pause_is_held
        PASS [   0.025s] (2948/4427) trawl-server ingest::compaction::tests::rollup_marker_written_and_cleaned
        PASS [   0.033s] (2949/4427) trawl-server ingest::compaction::tests::rollup_of_nonconformant_hourlies_errors_loudly_and_retains_inputs
        PASS [   0.133s] (2950/4427) trawl-server ingest::compaction::tests::recovery_keeps_runtime_responsive_and_guards_after_cancellation
        PASS [   0.019s] (2951/4427) trawl-server ingest::compaction::tests::rollup_recovery_after_rename_crash
        PASS [   0.009s] (2952/4427) trawl-server ingest::compaction::tests::rollup_recovery_stale_marker
        PASS [   0.039s] (2953/4427) trawl-server ingest::compaction::tests::rollup_quarantines_truncated_hourly_file
        PASS [   0.027s] (2954/4427) trawl-server ingest::compaction::tests::rollup_recovery_after_tmp_crash
        PASS [   0.019s] (2955/4427) trawl-server ingest::compaction::tests::rollup_skips_when_all_inputs_corrupt
        PASS [   0.009s] (2956/4427) trawl-server ingest::compaction::tests::the_conform_pass_through_excludes_the_severity_range_guard
        PASS [   0.034s] (2957/4427) trawl-server ingest::compaction::tests::rollup_runs_without_wal_files
        PASS [   0.077s] (2958/4427) trawl-server ingest::compaction::tests::rollup_publication_blocks_readers_until_hourly_retirement
        PASS [   0.012s] (2959/4427) trawl-server ingest::envelope::tests::a_bare_level_that_is_not_a_severity_survives_untouched
        PASS [   0.012s] (2960/4427) trawl-server ingest::envelope::tests::a_forged_severity_strips_to_the_bare_name_and_is_then_derived
        PASS [   0.010s] (2961/4427) trawl-server ingest::envelope::tests::a_non_string_raw_strips_like_any_other_reserved_name
        PASS [   0.050s] (2962/4427) trawl-server ingest::compaction::tests::write_report_counts_only_this_batch_and_written_fields
        PASS [   0.011s] (2963/4427) trawl-server ingest::envelope::tests::a_numeric_severity_is_stored_verbatim_and_derived_as_otel
        PASS [   0.011s] (2964/4427) trawl-server ingest::envelope::tests::a_payload_null_in_an_asserted_slot_is_absence_not_a_collision
        PASS [   0.011s] (2965/4427) trawl-server ingest::envelope::tests::a_prefixed_name_loses_to_the_bare_one_it_would_shadow
        PASS [   0.009s] (2966/4427) trawl-server ingest::envelope::tests::a_profile_assertion_beats_a_colliding_payload_key
        PASS [   0.011s] (2967/4427) trawl-server ingest::envelope::tests::a_profile_never_defaults_its_env
        PASS [   0.016s] (2968/4427) trawl-server ingest::envelope::tests::a_profile_faces_every_universal_gate
        PASS [   0.009s] (2969/4427) trawl-server ingest::envelope::tests::a_profile_with_no_honest_host_keeps_the_event_and_omits_it
        PASS [   0.008s] (2970/4427) trawl-server ingest::envelope::tests::a_stripped_identity_name_is_sender_asserted_not_overwritten
        PASS [   0.008s] (2971/4427) trawl-server ingest::envelope::tests::a_syslog_over_http_forwarder_inverts_through_the_configured_dialect
        PASS [   0.008s] (2972/4427) trawl-server ingest::envelope::tests::absent_severity_sources_are_silent
        PASS [   0.010s] (2973/4427) trawl-server ingest::envelope::tests::all_lowercase_event_records_no_fold_repair
        PASS [   0.008s] (2974/4427) trawl-server ingest::envelope::tests::an_all_underscore_name_is_dropped_not_stored
        PASS [   0.010s] (2975/4427) trawl-server ingest::envelope::tests::an_empty_configured_severity_list_derives_nothing_but_keeps_the_fixed_source
        PASS [   0.008s] (2976/4427) trawl-server ingest::envelope::tests::an_identical_payload_value_is_not_a_collision
        PASS [   0.008s] (2977/4427) trawl-server ingest::envelope::tests::an_incoming_producer_key_cannot_forge_the_column
        PASS [   0.011s] (2978/4427) trawl-server ingest::envelope::tests::an_invalid_asserted_service_rejects_through_the_doors_own_validator
        PASS [   0.009s] (2979/4427) trawl-server ingest::envelope::tests::array_values_are_stringified_to_json_text
        PASS [   0.011s] (2980/4427) trawl-server ingest::envelope::tests::an_unparseable_time_proposal_does_not_fall_through_to_a_lower_source
        PASS [   0.011s] (2981/4427) trawl-server ingest::envelope::tests::client_ingested_and_repairs_strip_to_bare_names
        PASS [   0.011s] (2982/4427) trawl-server ingest::envelope::tests::case_variant_ingested_folds_then_takes_the_reserved_prefix_strip
        PASS [   0.011s] (2983/4427) trawl-server ingest::envelope::tests::client_raw_under_a_case_variant_is_honoured_verbatim
        PASS [   0.011s] (2984/4427) trawl-server ingest::envelope::tests::client_string_raw_survives_verbatim
        PASS [   0.014s] (2985/4427) trawl-server ingest::envelope::tests::every_door_stamps_its_own_producer
        PASS [   0.017s] (2986/4427) trawl-server ingest::envelope::tests::exact_envelope_keys_cannot_be_shadowed_by_case_variants
        PASS [   0.016s] (2987/4427) trawl-server ingest::envelope::tests::field_name_at_the_cap_is_kept
        PASS [   0.018s] (2988/4427) trawl-server ingest::envelope::tests::field_name_bound_counts_bytes_not_chars
        PASS [   0.081s] (2989/4427) trawl-server ingest::envelope::tests::deeply_nested_env_object_reject_message_is_bounded
        PASS [   0.017s] (2990/4427) trawl-server ingest::envelope::tests::folded_severity_inputs_join_the_derivation_chain
        PASS [   0.015s] (2991/4427) trawl-server ingest::envelope::tests::folding_is_ascii_only_and_lowercase_names_are_untouched
        PASS [   0.016s] (2992/4427) trawl-server ingest::envelope::tests::fully_specified_event_is_clean
        PASS [   0.012s] (2993/4427) trawl-server ingest::envelope::tests::in_event_collision_keeps_the_exact_spelling_deterministically
        PASS [   0.011s] (2994/4427) trawl-server ingest::envelope::tests::invalid_env_shape_rejects
        PASS [   0.009s] (2995/4427) trawl-server ingest::envelope::tests::lone_case_variant_envelope_keys_fold_and_are_consumed_canonically
        PASS [   0.010s] (2996/4427) trawl-server ingest::envelope::tests::missing_env_repairs_from_default
        PASS [   0.009s] (2997/4427) trawl-server ingest::envelope::tests::missing_host_behind_trusted_relay_rejects
        PASS [   0.446s] (2998/4427) trawl-server ingest::compaction::tests::repin_counts_over_a_severity_target_separate_loss_from_ambiguity
        PASS [   0.010s] (2999/4427) trawl-server ingest::envelope::tests::missing_host_repairs_from_peer
        PASS [   0.009s] (3000/4427) trawl-server ingest::envelope::tests::missing_service_rejects
        PASS [   0.314s] (3001/4427) trawl-server ingest::compaction::tests::tally_conflicts_spans_chunk_boundary_without_crossing_columns
        PASS [   0.011s] (3002/4427) trawl-server ingest::envelope::tests::missing_time_repairs_from_ingest
        PASS [   0.012s] (3003/4427) trawl-server ingest::envelope::tests::multiple_repairs_join_comma_separated
        PASS [   0.012s] (3004/4427) trawl-server ingest::envelope::tests::non_string_raw_is_still_stripped_before_stringification
        PASS [   0.011s] (3005/4427) trawl-server ingest::envelope::tests::non_string_raw_replaced_with_the_server_serialization
        PASS [   0.010s] (3006/4427) trawl-server ingest::envelope::tests::null_env_defaults_like_absent
        PASS [   0.011s] (3007/4427) trawl-server ingest::envelope::tests::object_values_are_stringified_to_json_text
        PASS [   0.011s] (3008/4427) trawl-server ingest::envelope::tests::overlong_field_name_is_dropped_not_fatal
        PASS [   0.011s] (3009/4427) trawl-server ingest::envelope::tests::present_host_behind_trusted_relay_accepted
        PASS [   0.013s] (3010/4427) trawl-server ingest::envelope::tests::oversized_raw_truncated_on_char_boundary
        PASS [   0.009s] (3011/4427) trawl-server ingest::envelope::tests::producer_contributed_codes_lead_the_repairs_list
        PASS [   0.009s] (3012/4427) trawl-server ingest::envelope::tests::raw_contains_stripped_client_meta
        PASS [   0.011s] (3013/4427) trawl-server ingest::envelope::tests::raw_captured_before_host_fill
        PASS [   0.011s] (3014/4427) trawl-server ingest::envelope::tests::raw_preserves_the_original_nesting
        PASS [   0.009s] (3015/4427) trawl-server ingest::envelope::tests::reserved_prefixes_strip_to_the_bare_remainder
        PASS [   0.010s] (3016/4427) trawl-server ingest::envelope::tests::service_dot_names_reject
        PASS [   0.011s] (3017/4427) trawl-server ingest::envelope::tests::service_dotted_names_accepted_verbatim
        PASS [   0.011s] (3018/4427) trawl-server ingest::envelope::tests::service_null_rejects_with_type_reason
        PASS [   0.011s] (3019/4427) trawl-server ingest::envelope::tests::service_number_rejects_with_type_reason
        PASS [   0.011s] (3020/4427) trawl-server ingest::envelope::tests::service_object_rejects_with_type_reason
        PASS [   0.011s] (3021/4427) trawl-server ingest::envelope::tests::service_space_now_rejects
        PASS [   0.010s] (3022/4427) trawl-server ingest::envelope::tests::service_supplied_under_a_case_variant_validates
        PASS [   0.011s] (3023/4427) trawl-server ingest::envelope::tests::service_traversal_rejects
        PASS [   0.010s] (3024/4427) trawl-server ingest::envelope::tests::severity_numeric_dialect_matrix
        PASS [   0.011s] (3025/4427) trawl-server ingest::envelope::tests::severity_source_precedence_is_first_mappable
        PASS [   0.010s] (3026/4427) trawl-server ingest::envelope::tests::severity_token_spellings_normalize
        PASS [   0.011s] (3027/4427) trawl-server ingest::envelope::tests::stringification_is_canonicalization_not_a_repair
        PASS [   0.010s] (3028/4427) trawl-server ingest::envelope::tests::stringification_leaves_scalars_untouched
        PASS [   0.011s] (3029/4427) trawl-server ingest::envelope::tests::the_syslog_profile_derives_severity_from_its_own_artifact
        PASS [   0.108s] (3030/4427) trawl-server ingest::envelope::tests::multi_megabyte_env_string_reject_message_is_bounded
        PASS [   0.010s] (3031/4427) trawl-server ingest::envelope::tests::the_syslog_profile_reads_its_frame_timestamp_first
        PASS [   0.009s] (3032/4427) trawl-server ingest::envelope::tests::the_two_proposable_slots_are_not_stripped
        PASS [   0.010s] (3033/4427) trawl-server ingest::envelope::tests::time_alias_sources_are_stored_verbatim
        PASS [   0.011s] (3034/4427) trawl-server ingest::envelope::tests::time_malformed_substituted_and_flagged
        PASS [   0.009s] (3035/4427) trawl-server ingest::envelope::tests::time_out_of_range_kept_but_flagged
        PASS [   0.011s] (3036/4427) trawl-server ingest::envelope::tests::time_sources_are_read_in_precedence_order_and_kept
        PASS [   0.010s] (3037/4427) trawl-server ingest::envelope::tests::time_valid_values_canonicalized
        PASS [   0.010s] (3038/4427) trawl-server ingest::envelope::tests::trawld_never_lets_a_payload_field_claim_the_raw_lifeline
        PASS [   0.009s] (3039/4427) trawl-server ingest::envelope::tests::unlisted_env_rejects
        PASS [   0.009s] (3040/4427) trawl-server ingest::envelope::tests::variant_only_collision_takes_the_lexicographically_first_key
        PASS [   0.011s] (3041/4427) trawl-server ingest::handler::tests::client_values_not_overwritten
        PASS [   0.010s] (3042/4427) trawl-server ingest::handler::tests::envelope_appears_in_wal_ndjson
        PASS [   0.010s] (3043/4427) trawl-server ingest::handler::tests::envelope_stamped_when_missing_json_array
        PASS [   0.009s] (3044/4427) trawl-server ingest::handler::tests::envelope_stamped_when_missing_ndjson
        PASS [   0.011s] (3045/4427) trawl-server ingest::handler::tests::parse_accepts_valid_service_names
        PASS [   0.010s] (3046/4427) trawl-server ingest::handler::tests::parse_all_events_bad
        PASS [   0.009s] (3047/4427) trawl-server ingest::handler::tests::parse_first_event_bad_scans_forward
        PASS [   0.010s] (3048/4427) trawl-server ingest::handler::tests::parse_empty_json_array_rejected
        PASS [   0.010s] (3049/4427) trawl-server ingest::handler::tests::parse_hostless_event_from_trusted_relay_rejected
        PASS [   0.010s] (3050/4427) trawl-server ingest::handler::tests::parse_insertion_order_preserved
        PASS [   0.010s] (3051/4427) trawl-server ingest::handler::tests::parse_invalid_json
        PASS [   0.010s] (3052/4427) trawl-server ingest::handler::tests::parse_json_array_derives_severity
        PASS [   0.010s] (3053/4427) trawl-server ingest::handler::tests::parse_json_array_format
        PASS [   0.010s] (3054/4427) trawl-server ingest::handler::tests::parse_json_array_rejects_bad_service
        PASS [   0.009s] (3055/4427) trawl-server ingest::handler::tests::parse_missing_env_defaults_with_repair
        PASS [   0.011s] (3056/4427) trawl-server ingest::handler::tests::parse_json_array_rejects_deeply_nested_event
        PASS [   0.011s] (3057/4427) trawl-server ingest::handler::tests::parse_missing_service
        PASS [   0.009s] (3058/4427) trawl-server ingest::handler::tests::parse_mixed_services_accepted
        PASS [   0.010s] (3059/4427) trawl-server ingest::handler::tests::parse_ndjson_empty_lines_skipped
        PASS [   0.011s] (3060/4427) trawl-server ingest::handler::tests::parse_ndjson_format
        PASS [   0.011s] (3061/4427) trawl-server ingest::handler::tests::parse_ndjson_mixed_validity
        PASS [   0.011s] (3062/4427) trawl-server ingest::handler::tests::parse_ndjson_per_service_wal_bytes
        PASS [   0.009s] (3063/4427) trawl-server ingest::handler::tests::parse_ndjson_rejects_deeply_nested_event
        PASS [   0.008s] (3064/4427) trawl-server ingest::handler::tests::parse_ndjson_retains_maps
        PASS [   0.008s] (3065/4427) trawl-server ingest::handler::tests::parse_non_string_service_typed_reason
        PASS [   0.008s] (3066/4427) trawl-server ingest::handler::tests::parse_partial_ndjson_bad_middle
        PASS [   0.010s] (3067/4427) trawl-server ingest::handler::tests::parse_partial_array_non_object
        PASS [   0.008s] (3068/4427) trawl-server ingest::handler::tests::parse_rejects_empty_service_name
        PASS [   0.008s] (3069/4427) trawl-server ingest::handler::tests::parse_rejects_long_service_name
        PASS [   0.008s] (3070/4427) trawl-server ingest::handler::tests::parse_rejects_slash_in_service
        PASS [   0.008s] (3071/4427) trawl-server ingest::handler::tests::parse_rejects_space_in_service
        PASS [   0.009s] (3072/4427) trawl-server ingest::handler::tests::parse_rejects_path_traversal_service
        PASS [   0.008s] (3073/4427) trawl-server ingest::handler::tests::parse_same_service_in_two_envs_separate_batches
        PASS [   0.008s] (3074/4427) trawl-server ingest::handler::tests::parse_unlisted_env_rejected_per_event
        PASS [   0.008s] (3075/4427) trawl-server ingest::handler::tests::parse_three_services_ndjson
        PASS [   0.011s] (3076/4427) trawl-server ingest::handler::tests::parse_three_services_json_array
        PASS [   0.010s] (3077/4427) trawl-server ingest::handler::tests::reject_counts_accuracy
        PASS [   0.008s] (3078/4427) trawl-server ingest::handler::tests::reserved_wal_file_key_stripped_from_events
        PASS [   0.008s] (3079/4427) trawl-server ingest::handler::tests::repairs_counted_per_code_and_service
        PASS [   0.011s] (3080/4427) trawl-server ingest::handler::tests::substituted_time_appears_in_wal_ndjson
        PASS [   0.009s] (3081/4427) trawl-server ingest::handler::tests::unmappable_severity_sources_are_counted_per_service
        PASS [   0.008s] (3082/4427) trawl-server ingest::producer::tests::an_empty_severity_list_derives_nothing
        PASS [   0.010s] (3083/4427) trawl-server ingest::producer::tests::a_configured_source_cannot_displace_or_duplicate_a_fixed_one
        PASS [   0.009s] (3084/4427) trawl-server ingest::producer::tests::an_over_long_name_is_echoed_bounded
        PASS [   0.008s] (3085/4427) trawl-server ingest::producer::tests::both_spellings_resolve_and_an_absent_dialect_is_otel
        PASS [   0.008s] (3086/4427) trawl-server ingest::producer::tests::defaults_match_resolving_the_default_config
        PASS [   0.008s] (3087/4427) trawl-server ingest::producer::tests::every_boot_fatal_rule_rejects_and_names_the_entry
        PASS [   0.008s] (3088/4427) trawl-server ingest::producer::tests::full_lists_at_the_bound_resolve
        PASS [   0.008s] (3089/4427) trawl-server ingest::producer::tests::producer_kind_spellings_are_unique_and_round_trip
        PASS [   0.008s] (3090/4427) trawl-server ingest::producer::tests::http_and_trawld_have_no_fixed_sources
        PASS [   0.008s] (3091/4427) trawl-server ingest::producer::tests::producer_reports_its_own_kind
        PASS [   0.010s] (3092/4427) trawl-server ingest::producer::tests::syslog_fixed_sources_lead_and_carry_their_dialect
        PASS [   0.011s] (3093/4427) trawl-server ingest::producer::tests::the_reject_matrix_renders_at_zero_before_anything_rejects
        PASS [   0.011s] (3094/4427) trawl-server ingest::producer::tests::the_time_proposal_slot_is_the_one_reserved_name_admitted
        PASS [   0.011s] (3095/4427) trawl-server ingest::wal::tests::filename_carries_service_verbatim
        PASS [   0.011s] (3096/4427) trawl-server ingest::wal::tests::no_tmp_file_left_on_success
        PASS [   0.011s] (3097/4427) trawl-server ingest::wal::tests::two_envs_same_service_are_separate_files
        PASS [   0.014s] (3098/4427) trawl-server ingest::wal::tests::write_creates_ndjson_file_under_env_dir
        PASS [   0.015s] (3099/4427) trawl-server metrics::tests::bounded_label_admits_up_to_the_cap_then_collapses
        PASS [   0.011s] (3100/4427) trawl-server metrics::tests::collect_gauges_no_hot_buffer_no_panic
        PASS [   0.010s] (3101/4427) trawl-server metrics::tests::overflow_label_cannot_collide_with_a_service_name
        PASS [   0.014s] (3102/4427) trawl-server metrics::tests::describe_metrics_does_not_panic
        PASS [   0.782s] (3103/4427) trawl-server ingest::compaction::tests::pin_ladder_spans_chunk_boundary_without_crossing_verdicts
        PASS [   0.013s] (3104/4427) trawl-server metrics::tests::wal_walk_counts_files_inside_env_directories
        PASS [   0.014s] (3105/4427) trawl-server ping::tests::caches_err_within_ttl
        PASS [   0.011s] (3106/4427) trawl-server ping::tests::caches_ok_within_ttl
        PASS [   0.010s] (3107/4427) trawl-server ping::tests::refreshes_after_ttl_expiry
        PASS [   0.019s] (3108/4427) trawl-server ping::tests::maps_timeout_to_err
        PASS [   0.014s] (3109/4427) trawl-server policy::tests::a_marked_handler_auth_failure_keeps_the_current_wire_code
        PASS [   0.012s] (3110/4427) trawl-server policy::tests::auth_failures_counter_records_every_rejection_reason
        PASS [   0.058s] (3111/4427) trawl-server monitor::ui::tests::render_dashboard
        PASS [   0.013s] (3112/4427) trawl-server policy::tests::authz_foreign_app_only_key_has_nothing
        PASS [   0.052s] (3113/4427) trawl-server monitor::ui::tests::render_dashboard_empty
        PASS [   0.059s] (3114/4427) trawl-server monitor::ui::tests::render_dashboard_narrow
        PASS [   0.013s] (3115/4427) trawl-server policy::tests::authz_resolves_permissions_from_roles
        PASS [   0.011s] (3116/4427) trawl-server policy::tests::authz_unrecognized_only_key_is_fail_closed
        PASS [   0.011s] (3117/4427) trawl-server policy::tests::grantless_403_event_is_logged_but_never_persisted
        PASS [   0.012s] (3118/4427) trawl-server policy::tests::authz_unrecognized_strings_dropped_fail_closed
        PASS [   0.011s] (3119/4427) trawl-server policy::tests::normalizer_ignores_non_auth_statuses
        PASS [   0.012s] (3120/4427) trawl-server policy::tests::normalizer_leaves_marked_responses_alone
        PASS [   0.011s] (3121/4427) trawl-server policy::tests::normalizer_rewrites_unmarked_401_to_trawl_envelope
        PASS [   0.011s] (3122/4427) trawl-server policy::tests::normalizer_rewrites_unmarked_403_to_trawl_envelope
        PASS [   0.012s] (3123/4427) trawl-server policy::tests::normalizer_rewrites_unmarked_500_to_trawl_envelope
        PASS [   0.011s] (3124/4427) trawl-server policy::tests::normalizer_rewrites_unmarked_503_without_backend_detail
        PASS [   0.011s] (3125/4427) trawl-server policy::tests::parse_rejects_unknown_and_dead_strings
        PASS [   0.011s] (3126/4427) trawl-server policy::tests::parse_roundtrips_every_permission
        PASS [   0.011s] (3127/4427) trawl-server policy::tests::policy_403s_roleless_key
        PASS [   0.012s] (3128/4427) trawl-server policy::tests::policy_403s_grantless_key_with_trawl_envelope
        PASS [   0.010s] (3129/4427) trawl-server policy::tests::policy_403s_unrecognized_permissions_only_key
        PASS [   0.015s] (3130/4427) trawl-server policy::tests::policy_500s_when_key_missing
        PASS [   0.011s] (3131/4427) trawl-server policy::tests::trawl_permissions_canonical_order_regardless_of_role_order
        PASS [   0.011s] (3132/4427) trawl-server policy::tests::wire_kind_maps_both_variants
        PASS [   0.016s] (3133/4427) trawl-server policy::tests::policy_passes_granted_key_and_marks_response
        PASS [   0.030s] (3134/4427) trawl-server pool::tests::a_dropped_caller_retains_and_then_reclaims
        PASS [   0.026s] (3135/4427) trawl-server pool::tests::a_panicking_worker_leaks_no_permit_or_executor
        PASS [   0.024s] (3136/4427) trawl-server pool::tests::a_retained_permit_is_visible_and_reclaimed
        PASS [   0.027s] (3137/4427) trawl-server pool::tests::a_latched_cancellation_stops_the_query_at_the_bind_boundary
        PASS [   0.031s] (3138/4427) trawl-server pool::tests::a_failed_run_stamps_no_severity_columns
        PASS [   0.025s] (3139/4427) trawl-server pool::tests::cancel_all_clears_interrupts
        PASS [   0.029s] (3140/4427) trawl-server pool::tests::a_sample_that_overruns_is_a_timeout_and_stays_retained
        PASS [   0.024s] (3141/4427) trawl-server pool::tests::cancellation_before_the_handle_exists_refuses_the_start
        PASS [   0.032s] (3142/4427) trawl-server pool::tests::a_timed_out_query_stays_cancellable
        PASS [   0.032s] (3143/4427) trawl-server pool::tests::a_timeout_racing_completion_leaves_no_orphan
        PASS [   0.040s] (3144/4427) trawl-server pool::tests::cancellation_cannot_interrupt_a_reused_executor
        PASS [   0.037s] (3145/4427) trawl-server pool::tests::every_lane_registers_its_kind_and_owner
        PASS [   0.046s] (3146/4427) trawl-server pool::tests::counts_return_to_baseline
        PASS [   0.033s] (3147/4427) trawl-server pool::tests::exclusive_names_retained_permits_when_blocked
        PASS [   0.030s] (3148/4427) trawl-server pool::tests::execute_stamps_severity_columns_from_the_runs_own_snapshot
        PASS [   0.051s] (3149/4427) trawl-server pool::tests::exclusive_times_out_bounded_while_a_query_runs
        PASS [   0.022s] (3150/4427) trawl-server pool::tests::fallback_glob_derived_from_base_dir
        PASS [   0.029s] (3151/4427) trawl-server pool::tests::fallback_glob_strips_trailing_slash
        PASS [   0.129s] (3152/4427) trawl-server pool::tests::exclusive_blocks_field_value_sampling
        PASS [   0.034s] (3153/4427) trawl-server pool::tests::pool_executor_reclaimed_after_timeout
        PASS [   0.883s] (3154/4427) trawl-server ingest::compaction::tests::the_bounded_sampler_survives_a_high_cardinality_misfit_column
        PASS [   0.143s] (3155/4427) trawl-server pool::tests::exclusive_drains_queries_and_blocks_new_ones
        PASS [   0.059s] (3156/4427) trawl-server pool::tests::ping_and_sampling_bound_their_wait
        PASS [   0.070s] (3157/4427) trawl-server pool::tests::field_value_sampling_publication_timeout_releases_permit
        PASS [   0.035s] (3158/4427) trawl-server pool::tests::pool_rejects_invalid_dsl
        PASS [   0.029s] (3159/4427) trawl-server pool::tests::pool_timeout_returns_error
        PASS [   0.012s] (3160/4427) trawl-server pool::tests::severity_columns_come_from_the_snapshot_it_is_given
        PASS [   0.039s] (3161/4427) trawl-server pool::tests::publication_wait_counts_against_the_deadline
        PASS [   0.018s] (3162/4427) trawl-server pool::tests::severity_columns_shortcut_agrees_with_the_walk
        PASS [   0.052s] (3163/4427) trawl-server pool::tests::pool_reuses_executors
        PASS [   0.058s] (3164/4427) trawl-server pool::tests::pool_respects_concurrency_limit
        PASS [   0.046s] (3165/4427) trawl-server pool::tests::queue_wait_counts_against_the_deadline
        PASS [   0.020s] (3166/4427) trawl-server publication::tests::bootstrap_finds_markers_under_literal_root
        PASS [   0.013s] (3167/4427) trawl-server publication::tests::scan_failure_stays_closed
        PASS [   0.021s] (3168/4427) trawl-server publication::tests::pending_marker_refuses_reads_until_removed
        PASS [   0.028s] (3169/4427) trawl-server pool::tests::startup_wait_counts_against_the_deadline
        PASS [   0.038s] (3170/4427) trawl-server pool::tests::start_and_expiry_race_yields_exactly_one_classification
        PASS [   0.026s] (3171/4427) trawl-server publication::tests::dangling_entries_do_not_poison_the_marker_scan
        PASS [   0.009s] (3172/4427) trawl-server publication::tests::unresolvable_existing_env_keeps_marker_state_unknown
        PASS [   0.008s] (3173/4427) trawl-server query_log::tests::chmod_failure_is_fatal_only_when_group_or_other_can_reach_the_file
        PASS [   0.009s] (3174/4427) trawl-server query_log::tests::failed_reopen_undoes_the_rename_and_keeps_the_active_path
        PASS [   0.008s] (3175/4427) trawl-server query_log::tests::failed_rollover_backs_off_instead_of_retrying_every_entry
        PASS [   0.008s] (3176/4427) trawl-server query_log::tests::open_creates_owner_only_file
        PASS [   0.008s] (3177/4427) trawl-server query_log::tests::open_tightens_existing_looser_file
        PASS [   0.008s] (3178/4427) trawl-server query_log::tests::rollover_at_cap_leaves_current_and_one_previous_file
        PASS [   0.008s] (3179/4427) trawl-server query_log::tests::rollover_replaces_previous_rotated_file
        PASS [   0.009s] (3180/4427) trawl-server query_log::tests::rollover_refuses_a_replacement_regular_file
        PASS [   0.008s] (3181/4427) trawl-server query_log::tests::unrestorable_rollover_closes_the_log_instead_of_growing_it
        PASS [   0.008s] (3182/4427) trawl-server query_log::tests::zero_cap_disables_rollover
        PASS [   0.008s] (3183/4427) trawl-server rate_limit::tests::different_key_ids_have_independent_limits
        PASS [   0.008s] (3184/4427) trawl-server rate_limit::tests::ingest_ceiling_is_separate_from_the_interactive_one
        PASS [   0.008s] (3185/4427) trawl-server rate_limit::tests::ingest_ceiling_needs_the_ingest_permission
        PASS [   0.008s] (3186/4427) trawl-server rate_limit::tests::override_applies_per_class_with_separate_budgets
        PASS [   0.009s] (3187/4427) trawl-server rate_limit::tests::rate_limit_rejects_after_burst
        PASS [   0.032s] (3188/4427) trawl-server publication::tests::writer_excludes_readers
        PASS [   0.009s] (3189/4427) trawl-server rate_limit::tests::role_override_applies_even_when_default_disabled
        PASS [   0.009s] (3190/4427) trawl-server rate_limit::tests::role_override_replaces_the_class_default_in_both_directions
        PASS [   0.010s] (3191/4427) trawl-server rate_limit::tests::same_effective_rpm_shares_map_not_buckets
        PASS [   0.009s] (3192/4427) trawl-server rate_limit::tests::zero_rpm_disables_limiter
        PASS [   0.008s] (3193/4427) trawl-server repin::cancel::tests::a_failed_publication_leaves_the_job_cancellable
        PASS [   0.008s] (3194/4427) trawl-server repin::cancel::tests::a_latched_job_refuses_every_later_request
        PASS [   0.010s] (3195/4427) trawl-server repin::cancel::tests::a_pending_request_beats_a_terminal_candidate
        PASS [   0.008s] (3196/4427) trawl-server repin::cancel::tests::a_pending_request_stops_the_latch
        PASS [   0.008s] (3197/4427) trawl-server repin::cancel::tests::a_repeat_request_carries_the_first_actor_for_persistence
        PASS [   0.009s] (3198/4427) trawl-server repin::cancel::tests::a_second_request_preserves_the_first_actor
        PASS [   0.008s] (3199/4427) trawl-server repin::cancel::tests::a_settled_job_has_nothing_left_to_cancel
        PASS [   0.010s] (3200/4427) trawl-server repin::cancel::tests::a_stale_disarm_does_not_clear_a_live_entry
        PASS [   0.008s] (3201/4427) trawl-server repin::cancel::tests::a_string_error_converts_to_a_failed_stop
        PASS [   0.010s] (3202/4427) trawl-server repin::cancel::tests::a_stale_settle_does_not_latch_a_live_entry
        PASS [   0.009s] (3203/4427) trawl-server repin::cancel::tests::commit_needs_the_job_to_own_the_registry
        PASS [   0.009s] (3204/4427) trawl-server repin::cancel::tests::settling_never_downgrades_the_point_of_no_return
        PASS [   0.009s] (3205/4427) trawl-server repin::cancel::tests::the_wire_table_is_pairwise_distinct_and_states_the_contract
        PASS [   0.008s] (3206/4427) trawl-server repin::ceiling::tests::ambiguity_binds_for_severity_under_every_reading_but_syslog
        PASS [   0.008s] (3207/4427) trawl-server repin::ceiling::tests::an_explicit_ceiling_wins_including_zero_and_below_scan
        PASS [   0.017s] (3208/4427) trawl-server repin::cancel::tests::cancel_and_commit_race_to_one_answer_from_two_threads
        PASS [   0.008s] (3209/4427) trawl-server repin::ceiling::tests::recorded_force_terms_distinguish_unplanned_and_bounded_plans
        PASS [   0.008s] (3210/4427) trawl-server repin::ceiling::tests::recorded_force_terms_reject_every_inconsistent_shape
        PASS [   0.008s] (3211/4427) trawl-server repin::ceiling::tests::the_ceiling_boundary_passes_at_accepted_and_refuses_one_above
        PASS [   0.008s] (3212/4427) trawl-server repin::ceiling::tests::the_default_ceiling_is_ten_percent_over_a_floor_of_ten
        PASS [   0.008s] (3213/4427) trawl-server repin::cutover::tests::a_leftover_aside_is_parked_beside_not_refused
        PASS [   0.008s] (3214/4427) trawl-server repin::cutover::tests::a_surviving_shadow_refuses_the_next_build_instead_of_layering
        PASS [   0.008s] (3215/4427) trawl-server repin::cutover::tests::an_undeletable_marker_cannot_fail_the_finished_job
        PASS [   0.008s] (3216/4427) trawl-server repin::cutover::tests::the_plain_slot_is_used_and_a_half_swap_resumes
        PASS [   0.008s] (3217/4427) trawl-server repin::cutover::tests::the_pre_swap_sweep_takes_the_aside_even_when_the_shadow_survives
        PASS [   0.008s] (3218/4427) trawl-server repin::engine::tests::a_ceiling_needs_force_and_must_fit_the_column
        PASS [   0.008s] (3219/4427) trawl-server repin::engine::tests::a_forced_job_is_held_to_the_ceilings_it_accepted
        PASS [   0.010s] (3220/4427) trawl-server repin::engine::tests::a_panicked_decision_records_a_pending_cancel_before_the_terminal_write
        PASS [   0.008s] (3221/4427) trawl-server repin::engine::tests::a_pass_stop_keeps_cancellation_and_failure_distinct
        PASS [   0.010s] (3222/4427) trawl-server repin::engine::tests::a_panicked_decision_settles_before_it_touches_the_store
        PASS [   0.008s] (3223/4427) trawl-server repin::engine::tests::decide_fetches_the_response_row_before_spawning_the_background_half
        PASS [   0.008s] (3224/4427) trawl-server repin::engine::tests::contract_typed_fields_are_not_repin_subjects
        PASS [   0.010s] (3225/4427) trawl-server repin::engine::tests::repin_admission_wait_has_a_deadline
        PASS [   0.008s] (3226/4427) trawl-server repin::engine::tests::repin_targets_are_the_catalog_vocabulary_severity_included
        PASS [   0.008s] (3227/4427) trawl-server repin::engine::tests::the_cancelled_row_names_the_actor_the_stage_and_the_untouched_corpus
        PASS [   0.008s] (3228/4427) trawl-server repin::engine::tests::the_dialect_is_resolved_for_severity_targets_only
        PASS [   0.008s] (3229/4427) trawl-server repin::engine::tests::the_force_gate_refuses_loss_always_and_ambiguity_under_otel_only
        PASS [   1.047s] (3230/4427) trawl-server ingest::compaction::tests::the_sampled_column_cap_drops_samples_not_conflicts
        PASS [   0.008s] (3231/4427) trawl-server repin::gate::tests::rollup_pause_is_raii
        PASS [   0.008s] (3232/4427) trawl-server repin::marker::tests::a_data_root_inside_its_volume_passes_the_staging_check
        PASS [   0.029s] (3233/4427) trawl-server repin::engine::tests::repin_admission_waits_for_successful_rollup_before_pausing
        PASS [   0.031s] (3234/4427) trawl-server repin::engine::tests::repin_admission_observes_rollup_failure_before_pausing
        PASS [   0.008s] (3235/4427) trawl-server repin::marker::tests::a_data_root_on_its_own_mount_is_refused
        PASS [   0.008s] (3236/4427) trawl-server repin::marker::tests::a_foreign_file_under_an_env_directory_is_refused
        PASS [   0.008s] (3237/4427) trawl-server repin::marker::tests::a_foreign_filesystem_outside_the_env_dirs_is_not_this_checks_business
        PASS [   0.008s] (3238/4427) trawl-server repin::marker::tests::a_mount_point_nested_under_the_data_root_is_refused
        PASS [   0.008s] (3239/4427) trawl-server repin::marker::tests::a_relative_single_component_data_root_checks_against_the_cwd
        PASS [   0.008s] (3240/4427) trawl-server repin::marker::tests::corrupt_marker_errors_rather_than_reading_as_absent
        PASS [   0.008s] (3241/4427) trawl-server repin::marker::tests::marker_round_trips_through_every_phase
        PASS [   0.007s] (3242/4427) trawl-server repin::marker::tests::staging_roots_are_siblings_of_the_data_root
        PASS [   0.007s] (3243/4427) trawl-server repin::plan::tests::no_scanned_file_skips_the_post_file_cancel_check
        PASS [   0.008s] (3244/4427) trawl-server repin::recover::tests::a_surviving_staging_root_reports_an_unfinished_sweep
        PASS [   0.008s] (3245/4427) trawl-server repin::recover::tests::an_abandoned_build_reclaims_a_leftover_aside
        PASS [   0.008s] (3246/4427) trawl-server repin::recover::tests::building_crash_abandons_the_shadow_and_leaves_the_corpus
        PASS [   0.008s] (3247/4427) trawl-server repin::recover::tests::cleanup_crash_sweeps_and_reports
        PASS [   0.008s] (3248/4427) trawl-server repin::recover::tests::cutover_crash_windows_all_resume_to_the_new_generation
        PASS [   0.008s] (3249/4427) trawl-server repin::recover::tests::marker_less_boot_sweeps_a_stray_shadow_only
        PASS [   0.008s] (3250/4427) trawl-server repin::recover::tests::query_only_node_serves_building_and_refuses_cutover
        PASS [   0.008s] (3251/4427) trawl-server repin::rewrite::tests::snapshot_refuses_symlinked_entries
        PASS [   0.008s] (3252/4427) trawl-server repin::rewrite::tests::snapshot_skips_staging_files_and_keeps_evidence
        PASS [   0.007s] (3253/4427) trawl-server repin::rewrite::tests::staging_path_cannot_collide_with_compactions
        PASS [   0.008s] (3254/4427) trawl-server report_window::tests::a_backticked_keyword_is_a_field_and_keeps_its_window
        PASS [   0.007s] (3255/4427) trawl-server report_window::tests::a_fixed_window_ignores_the_watermark_and_skips_missed_fires
        PASS [   0.007s] (3256/4427) trawl-server report_window::tests::a_long_gap_coalesces_into_one_clamped_and_flagged_run
        PASS [   0.007s] (3257/4427) trawl-server report_window::tests::a_nanosecond_clock_reading_yields_microsecond_bounds
        PASS [   0.007s] (3258/4427) trawl-server report_window::tests::a_schedule_is_due_at_its_cursor_and_not_before
        PASS [   0.059s] (3259/4427) trawl-server repin::gate::tests::rollup_unit_guard_is_the_claim_and_the_gate
        PASS [   0.008s] (3260/4427) trawl-server report_window::tests::a_time_clause_hoisted_out_of_an_or_group_is_still_refused
        PASS [   0.008s] (3261/4427) trawl-server report_window::tests::a_window_and_a_from_saved_source_refuse_each_other_by_name
        PASS [   0.008s] (3262/4427) trawl-server report_window::tests::a_window_and_a_time_clause_refuse_each_other_by_name
        PASS [   0.007s] (3263/4427) trawl-server report_window::tests::a_withheld_success_heals_on_the_next_run
        PASS [   0.008s] (3264/4427) trawl-server report_window::tests::an_already_covered_window_advances_the_cursor_instead_of_running
        PASS [   0.007s] (3265/4427) trawl-server report_window::tests::config_duration_mirror_matches_the_grammar_cap
        PASS [   0.007s] (3266/4427) trawl-server report_window::tests::consecutive_since_last_windows_tile_without_overlap
        PASS [   0.007s] (3267/4427) trawl-server report_window::tests::kind_secs_and_display_round_trip
        PASS [   0.008s] (3268/4427) trawl-server report_window::tests::materializing_refuses_a_from_saved_query_anywhere_in_the_pipeline
        PASS [   0.010s] (3269/4427) trawl-server report_window::tests::materializing_prefixes_the_saved_text_verbatim
        PASS [   0.008s] (3270/4427) trawl-server report_window::tests::materializing_refuses_a_query_that_owns_its_own_window
        PASS [   0.008s] (3271/4427) trawl-server report_window::tests::materializing_refuses_an_unparseable_saved_query
        PASS [   0.008s] (3272/4427) trawl-server report_window::tests::no_window_accepts_any_text_while_a_window_needs_a_parseable_query
        PASS [   0.008s] (3273/4427) trawl-server report_window::tests::out_of_range_arithmetic_and_zero_config_are_errors_not_panics
        PASS [   0.007s] (3274/4427) trawl-server report_window::tests::parse_rejects_short_and_malformed
        PASS [   0.007s] (3275/4427) trawl-server report_window::tests::parse_since_last_and_fixed
        PASS [   0.007s] (3276/4427) trawl-server report_window::tests::query_mode_plans_a_run_with_no_window
        PASS [   0.109s] (3277/4427) trawl-server repin::engine::tests::repin_admission_can_cancel_while_waiting_for_publication
        PASS [   0.008s] (3278/4427) trawl-server report_window::tests::spliced_bounds_reparse_to_the_planned_instants
        PASS [   0.007s] (3279/4427) trawl-server report_window::tests::the_first_since_last_run_covers_one_interval_back
        PASS [   0.007s] (3280/4427) trawl-server report_window::tests::the_widest_configurable_catchup_span_still_plans
        PASS [   0.008s] (3281/4427) trawl-server report_window::tests::truncation_drops_sub_microseconds_only
        PASS [   0.007s] (3282/4427) trawl-server report_window::tests::window_kind_spellings_round_trip
        PASS [   0.008s] (3283/4427) trawl-server report_window::tests::window_bound_is_rfc3339_utc_micros
        PASS [   0.008s] (3284/4427) trawl-server retention::tests::a_repin_admitted_mid_age_sweep_stops_before_the_next_age_deletion
        PASS [   0.008s] (3285/4427) trawl-server retention::tests::a_repin_admitted_mid_tick_stops_the_sweep_at_the_next_deletion
        PASS [   0.008s] (3286/4427) trawl-server retention::tests::age_based_deletes_old_dirs
        PASS [   0.009s] (3287/4427) trawl-server retention::tests::age_based_preserves_when_disabled
        PASS [   0.008s] (3288/4427) trawl-server retention::tests::age_cutoff_and_rank_read_one_effective_age
        PASS [   0.110s] (3289/4427) trawl-server repin::gate::tests::cutover_excludes_compaction_batches
        PASS [   0.008s] (3290/4427) trawl-server retention::tests::age_based_removes_one_envs_date_without_touching_others
        PASS [   0.008s] (3291/4427) trawl-server retention::tests::both_disabled_deletes_nothing
        PASS [   0.008s] (3292/4427) trawl-server retention::tests::both_sweeps_suppressed_while_a_repin_is_in_flight
        PASS [   0.007s] (3293/4427) trawl-server retention::tests::candidate_age_is_calendar_days_clamped_at_zero
        PASS [   0.007s] (3294/4427) trawl-server retention::tests::cmp_priority_orders_by_exact_expiry_ratio
        PASS [   0.008s] (3295/4427) trawl-server retention::tests::disk_pressure_breaks_equal_ranks_oldest_first
        PASS [   0.008s] (3296/4427) trawl-server retention::tests::dir_size_recursive
        PASS [   0.008s] (3297/4427) trawl-server retention::tests::disk_pressure_ranks_by_ratio_and_reaches_keep_forever_last
        PASS [   0.008s] (3298/4427) trawl-server retention::tests::empty_data_dir_is_noop
        PASS [   0.008s] (3299/4427) trawl-server retention::tests::enumerate_excludes_today
        PASS [   0.008s] (3300/4427) trawl-server retention::tests::enumerate_excludes_wal_and_non_dates
        PASS [   0.008s] (3301/4427) trawl-server retention::tests::enumerate_merges_candidates_across_envs
        PASS [   0.008s] (3302/4427) trawl-server retention::tests::enumerate_sorts_by_date_then_path
        PASS [   0.008s] (3303/4427) trawl-server retention::tests::global_zero_with_a_finite_override_still_ages_that_env_out
        PASS [   0.008s] (3304/4427) trawl-server retention::tests::huge_max_age_does_not_panic
        PASS [   0.008s] (3305/4427) trawl-server retention::tests::looks_like_date_invalid
        PASS [   0.007s] (3306/4427) trawl-server retention::tests::looks_like_date_valid
        PASS [   0.008s] (3307/4427) trawl-server retention::tests::maximum_enabled_age_is_the_longest_age_any_env_keeps
        PASS [   0.007s] (3308/4427) trawl-server retention::tests::maximum_enabled_age_saturates_instead_of_wrapping
        PASS [   0.008s] (3309/4427) trawl-server retention::tests::partial_failure_continues
        PASS [   0.008s] (3310/4427) trawl-server retention::tests::per_env_age_cutoffs_apply_per_env
        PASS [   0.008s] (3311/4427) trawl-server retention::tests::per_env_zero_under_a_finite_global_keeps_that_env
        PASS [   0.008s] (3312/4427) trawl-server retention::tests::suppression_raises_and_clears_the_alertable_gauge
        PASS [   0.008s] (3313/4427) trawl-server retention::tests::sweeps_resume_after_the_repin_ends
        PASS [   0.008s] (3314/4427) trawl-server retention::tests::today_never_deleted_by_disk_pressure
        PASS [   0.008s] (3315/4427) trawl-server retention::tests::unrelated_siblings_do_not_suppress_pressure_or_become_candidates
        PASS [   0.008s] (3316/4427) trawl-server scheduler::tests::remove_result_file_removes_existing_and_returns_true
        PASS [   0.009s] (3317/4427) trawl-server scheduler::tests::remove_result_file_returns_false_when_missing
        PASS [   0.018s] (3318/4427) trawl-server schema_refresh::tests::catalog_pin_wins_over_footer_type_while_stats_stay_footer_true
        PASS [   0.018s] (3319/4427) trawl-server schema_refresh::tests::columns_follow_field_display_rank
        PASS [   0.018s] (3320/4427) trawl-server schema_refresh::tests::corrupt_file_is_skipped_not_fatal
        PASS [   0.018s] (3321/4427) trawl-server schema_refresh::tests::recovered_file_is_picked_up_next_pass
        PASS [   0.064s] (3322/4427) trawl-server scheduler::pg_tests::finish_run_or_recover_keeps_file_on_committed_success
        PASS [   0.066s] (3323/4427) trawl-server scheduler::pg_tests::finish_run_or_recover_unlinks_orphan_after_cascade_delete
        PASS [   0.065s] (3324/4427) trawl-server scheduler::pg_tests::recover_ambiguous_finish_preserves_committed_success
        PASS [   0.064s] (3325/4427) trawl-server scheduler::pg_tests::recover_ambiguous_finish_unlinks_when_run_still_running
        PASS [   0.019s] (3326/4427) trawl-server schema_refresh::tests::severity_pin_reports_the_catalog_spelling_not_the_physical_one
        PASS [   0.008s] (3327/4427) trawl-server source::tests::bad_dsl_matches_nothing
        PASS [   0.008s] (3328/4427) trawl-server source::tests::day_level_files_ignores_subdirs
        PASS [   0.025s] (3329/4427) trawl-server schema_refresh::tests::refresh_reads_footer_stats_and_exact_daily_counts
        PASS [   0.008s] (3330/4427) trawl-server source::tests::day_level_files_service_specific
        PASS [   0.017s] (3331/4427) trawl-server schema_refresh::tests::unpinned_column_reports_unpinned_with_stats
        PASS [   0.008s] (3332/4427) trawl-server source::tests::dotted_and_underscored_services_prune_distinctly
        PASS [   0.009s] (3333/4427) trawl-server source::tests::day_level_files_wildcard
        PASS [   0.010s] (3334/4427) trawl-server source::tests::env_and_service_pruning_matrix
        PASS [   0.009s] (3335/4427) trawl-server source::tests::falls_back_to_hourly_when_no_day_file
        PASS [   0.107s] (3336/4427) trawl-server retention::tests::generative_full_sweep_drains_in_reference_order
        PASS [   0.008s] (3337/4427) trawl-server source::tests::hour_dirs_detects_hour_subdirs
        PASS [   0.024s] (3338/4427) trawl-server source::tests::cold_start_source_never_reaches_scheduled_report_runs
        PASS [   0.008s] (3339/4427) trawl-server source::tests::invalid_env_value_matches_nothing
        PASS [   0.009s] (3340/4427) trawl-server source::tests::invalid_service_value_cannot_inject_paths
        PASS [   0.008s] (3341/4427) trawl-server source::tests::no_time_filter_over_empty_root_matches_nothing
        PASS [   0.008s] (3342/4427) trawl-server source::tests::sanitizes_dotted_service
        PASS [   0.008s] (3343/4427) trawl-server source::tests::prefers_day_level_for_historical_service
        PASS [   0.008s] (3344/4427) trawl-server source::tests::service_and_time_filter_compose
        PASS [   0.008s] (3345/4427) trawl-server source::tests::service_glob_keeps_wildcard
        PASS [   0.010s] (3346/4427) trawl-server source::tests::service_filter_narrows_glob
        PASS [   0.017s] (3347/4427) trawl-server source::tests::no_matching_date_dir_never_reaches_scheduled_report_runs
        PASS [   0.008s] (3348/4427) trawl-server source::tests::strips_trailing_slash
        PASS [   0.009s] (3349/4427) trawl-server source::tests::today_day_level_files_included
        PASS [   0.008s] (3350/4427) trawl-server source::tests::today_mixed_day_and_hourly
        PASS [   0.008s] (3351/4427) trawl-server source::tests::verbatim_service_with_time_filter
        PASS [   0.008s] (3352/4427) trawl-server source::tests::wildcard_detects_day_level
        PASS [   0.008s] (3353/4427) trawl-server source::tests::with_time_filter_returns_list
        PASS [   0.010s] (3354/4427) trawl-server source::tests::wildcard_mixed_state
        PASS [   0.008s] (3355/4427) trawl-server state::tests::an_unseen_service_has_no_degraded_fields
        PASS [   0.008s] (3356/4427) trawl-server state::tests::cached_columns_serve_only_inside_the_ttl_and_generation
        PASS [   0.008s] (3357/4427) trawl-server state::tests::by_service_never_names_a_field_outside_the_set
        PASS [   0.009s] (3358/4427) trawl-server state::tests::services_of_is_sorted_and_deduplicated
        PASS [   0.007s] (3359/4427) trawl-server store::catalog::tests::service_cursor_rejects_garbage
        PASS [   0.008s] (3360/4427) trawl-server store::catalog::tests::service_cursor_roundtrips_exactly
        PASS [   0.008s] (3361/4427) trawl-server store::catalog::tests::the_purge_bounds_its_pre_commit_phase_and_only_that
        PASS [   0.008s] (3362/4427) trawl-server store::catalog::tests::the_purge_sets_its_bounds_before_it_takes_the_lock
        PASS [   0.009s] (3363/4427) trawl-server store::catalog::tests::the_purge_detaches_its_commit_instead_of_cancelling_it
        PASS [   0.008s] (3364/4427) trawl-server store::repin::tests::parse_round_trips_every_stored_spelling
        PASS [   0.008s] (3365/4427) trawl-server store::repin::tests::status_vocabulary_matches_the_migration_check
        PASS [   0.008s] (3366/4427) trawl-server store::schedule::tests::format_interval_roundtrip
        PASS [   0.008s] (3367/4427) trawl-server store::schedule::tests::initial_schema_spells_the_same_duration_cap
        PASS [   0.007s] (3368/4427) trawl-server store::schedule::tests::latest_run_cols_carries_every_run_column
        PASS [   0.008s] (3369/4427) trawl-server store::schedule::tests::parse_duration_secs_caps_at_ten_years
        PASS [   0.008s] (3370/4427) trawl-server store::schedule::tests::parse_duration_secs_has_no_floor
        PASS [   0.008s] (3371/4427) trawl-server store::schedule::tests::parse_duration_secs_rejects_overflow
        PASS [   0.009s] (3372/4427) trawl-server store::schedule::tests::parse_interval_rejects_invalid
        PASS [   0.007s] (3373/4427) trawl-server store::schedule::tests::parse_interval_rejects_multibyte_without_panicking
        PASS [   0.008s] (3374/4427) trawl-server store::schedule::tests::parse_interval_rejects_too_short
        PASS [   0.007s] (3375/4427) trawl-server store::schedule::tests::parse_interval_valid
        PASS [   0.008s] (3376/4427) trawl-server store::schedule::tests::run_cols_prefixes_every_column
        PASS [   0.007s] (3377/4427) trawl-server store::schedule::tests::schedule_cols_as_aliases_every_column
        PASS [   0.008s] (3378/4427) trawl-server store::schedule::tests::schedule_cols_prefixes_every_column
        PASS [   0.008s] (3379/4427) trawl-server store::status::tests::as_str_roundtrips_through_from_str
        PASS [   0.007s] (3380/4427) trawl-server store::status::tests::from_str_rejects_unknown
        PASS [   0.008s] (3381/4427) trawl-server syslog::convert::tests::a_frame_faces_the_sealed_prefix_strip
        PASS [   0.019s] (3382/4427) trawl-server syslog::batch::tests::batcher_keys_on_env_and_service_together
        PASS [   0.052s] (3383/4427) trawl-server store::catalog::pg_tests::record_conflicts_in_commits_nothing_of_its_own
        PASS [   0.019s] (3384/4427) trawl-server syslog::batch::tests::batcher_multi_service_grouping
        PASS [   0.008s] (3385/4427) trawl-server syslog::convert::tests::a_hostname_less_frame_behind_a_trusted_relay_keeps_the_event
        PASS [   0.019s] (3386/4427) trawl-server syslog::batch::tests::batcher_shutdown_flushes_remaining
        PASS [   0.008s] (3387/4427) trawl-server syslog::convert::tests::an_over_long_sd_key_is_dropped_by_the_doors_name_gate
        PASS [   0.008s] (3388/4427) trawl-server syslog::convert::tests::convert_falls_back_to_default_service
        PASS [   0.008s] (3389/4427) trawl-server syslog::convert::tests::convert_host_falls_back_to_source_ip
        PASS [   0.009s] (3390/4427) trawl-server syslog::convert::tests::an_oversized_frame_is_truncated_by_the_doors_raw_cap
        PASS [   0.008s] (3391/4427) trawl-server syslog::convert::tests::convert_rfc3164_unifi
        PASS [   0.008s] (3392/4427) trawl-server syslog::convert::tests::convert_uses_appname_when_no_ip_mapping
        PASS [   0.008s] (3393/4427) trawl-server syslog::convert::tests::derive_service_output_is_always_a_valid_service_name
        PASS [   0.008s] (3394/4427) trawl-server syslog::convert::tests::converted_event_carries_the_envelope
        PASS [   0.008s] (3395/4427) trawl-server syslog::convert::tests::sd_key_collision_after_folding_is_the_doors_global_rule
        PASS [   0.008s] (3396/4427) trawl-server syslog::convert::tests::sd_keys_are_folded_by_the_door
        PASS [   0.007s] (3397/4427) trawl-server syslog::convert::tests::service_derivation_priority_and_its_one_repair
        PASS [   0.008s] (3398/4427) trawl-server syslog::convert::tests::the_frame_timestamp_is_an_artifact_the_profile_reads_first
        PASS [   0.008s] (3399/4427) trawl-server syslog::convert::tests::syslog_numerics_invert_onto_the_otel_ladder
        PASS [   0.007s] (3400/4427) trawl-server syslog::parse::tests::facility_mapping
        PASS [   0.007s] (3401/4427) trawl-server syslog::parse::tests::parse_minimal_bsd
        PASS [   0.008s] (3402/4427) trawl-server syslog::parse::tests::parse_rfc3164_unifi_style
        PASS [   0.007s] (3403/4427) trawl-server syslog::parse::tests::parse_rfc5424
        PASS [   0.007s] (3404/4427) trawl-server syslog::parse::tests::rfc3164_leap_day_skips_invalid_candidate_years
        PASS [   0.008s] (3405/4427) trawl-server syslog::parse::tests::rfc3164_parser_uses_supplied_arrival
        PASS [   0.007s] (3406/4427) trawl-server syslog::parse::tests::rfc3164_year_is_nearest_to_arrival
        PASS [   0.008s] (3407/4427) trawl-server syslog::tcp::tests::digit_prefixed_line_delimited_fallback
        PASS [   0.008s] (3408/4427) trawl-server syslog::tcp::tests::handle_connection_max_events_limit
        PASS [   0.008s] (3409/4427) trawl-server syslog::tcp::tests::read_line_eof_returns_none
        PASS [   0.008s] (3410/4427) trawl-server syslog::tcp::tests::read_line_normal_message
        PASS [   0.008s] (3411/4427) trawl-server syslog::tcp::tests::read_line_oversized_message_returns_empty_and_drains
        PASS [   0.008s] (3412/4427) trawl-server syslog::tcp::tests::read_octet_counted_message
        PASS [   0.008s] (3413/4427) trawl-server syslog::tests::cidr_contains_ipv4
        PASS [   0.008s] (3414/4427) trawl-server syslog::tcp::tests::read_octet_counted_oversized_returns_error
        PASS [   0.007s] (3415/4427) trawl-server syslog::tests::cidr_contains_ipv4_host
        PASS [   0.007s] (3416/4427) trawl-server syslog::tests::cidr_contains_ipv6
        PASS [   0.007s] (3417/4427) trawl-server syslog::tests::is_allowed_checks_list
        PASS [   0.008s] (3418/4427) trawl-server syslog::tests::ipv4_mapped_peer_canonicalizes_to_v4
        PASS [   0.007s] (3419/4427) trawl-server syslog::tests::is_allowed_empty_allows_all
        PASS [   0.008s] (3420/4427) trawl-server syslog::tests::parse_cidr_bare_ipv4
        PASS [   0.008s] (3421/4427) trawl-server syslog::tests::parse_cidr_bare_ipv6
        PASS [   0.008s] (3422/4427) trawl-server syslog::tests::parse_cidr_invalid
        PASS [   0.008s] (3423/4427) trawl-server syslog::tests::source_service_map_keys_fold_with_the_peer
        PASS [   0.008s] (3424/4427) trawl-server telemetry::tests::a_raw_named_tracing_field_cannot_shadow_the_lifeline
        PASS [   0.008s] (3425/4427) trawl-server telemetry::tests::an_empty_severity_chain_leaves_trawlds_own_events_unscored
        PASS [   0.008s] (3426/4427) trawl-server telemetry::tests::a_tracing_field_cannot_impersonate_another_service
        PASS [   0.008s] (3427/4427) trawl-server telemetry::tests::an_over_long_tracing_field_name_is_dropped_and_the_event_still_lands
        PASS [   0.008s] (3428/4427) trawl-server telemetry::tests::default_filter_passes_all_trawl_targets_and_drops_dependency_noise
        PASS [   0.008s] (3429/4427) trawl-server telemetry::tests::event_type_explicit_overrides_message
        PASS [   0.008s] (3430/4427) trawl-server telemetry::tests::flush_publishes_to_event_bus
        PASS [   0.007s] (3431/4427) trawl-server telemetry::tests::message_to_event_type_auth
        PASS [   0.008s] (3432/4427) trawl-server telemetry::tests::json_visitor_collects_fields
        PASS [   0.109s] (3433/4427) trawl-server syslog::batch::tests::batcher_max_events_flush
        PASS [   0.059s] (3434/4427) trawl-server syslog::tcp::tests::handle_connection_idle_timeout
        PASS [   0.007s] (3435/4427) trawl-server telemetry::tests::message_to_event_type_empty
        PASS [   0.109s] (3436/4427) trawl-server syslog::batch::tests::batcher_timer_flush
        PASS [   0.007s] (3437/4427) trawl-server telemetry::tests::message_to_event_type_simple
        PASS [   0.007s] (3438/4427) trawl-server telemetry::tests::message_to_event_type_special_chars
        PASS [   0.007s] (3439/4427) trawl-server telemetry::tests::message_to_event_type_with_colon
        PASS [   0.008s] (3440/4427) trawl-server telemetry::tests::mixed_case_tracing_field_names_are_ascii_folded
        PASS [   0.009s] (3441/4427) trawl-server telemetry::tests::panicked_blocking_write_accounts_the_lost_batch_exactly_once
        PASS [   0.008s] (3442/4427) trawl-server telemetry::tests::prolonged_failure_drops_oldest_batches_at_cap_with_exact_accounting
        PASS [   0.007s] (3443/4427) trawl-server telemetry::tests::resolve_log_filter_invalid_value_falls_back_with_one_warning
        PASS [   0.007s] (3444/4427) trawl-server telemetry::tests::resolve_log_filter_unset_uses_default
        PASS [   0.008s] (3445/4427) trawl-server telemetry::tests::resolve_log_filter_valid_value_is_authoritative
        PASS [   0.040s] (3446/4427) trawl-server telemetry::tests::cancelled_async_flush_keeps_wal_and_hot_insert_together
        PASS [   0.008s] (3447/4427) trawl-server telemetry::tests::shutdown_with_failing_writer_exits_within_budget
        PASS [   0.009s] (3448/4427) trawl-server telemetry::tests::telemetry_metrics_series_are_exposed
        PASS [   0.020s] (3449/4427) trawl-server telemetry::tests::shared_budget_covers_active_and_in_flight_memory
        PASS [   0.009s] (3450/4427) trawl-server telemetry::tests::the_tracing_level_derives_severity_through_the_configured_chain
        PASS [   0.036s] (3451/4427) trawl-server telemetry::tests::preinit_cap_drops_are_counted
        PASS [   0.007s] (3452/4427) trawl-server telemetry::tests::unmetered_targets_are_never_persisted
        PASS [   0.008s] (3453/4427) trawl-server telemetry::tests::wal_filter_drops_unmetered_targets_the_stdout_filter_keeps
        PASS [   0.007s] (3454/4427) trawl-server telemetry::tests::wal_handle_set_and_get
        PASS [   0.018s] (3455/4427) trawl-server telemetry::tests::the_trawld_profile_never_rejects_and_the_counter_proves_it
        PASS [   0.008s] (3456/4427) trawl-server telemetry::tests::wal_layer_buffers_before_writer_set
        PASS [   0.008s] (3457/4427) trawl-server telemetry::tests::wal_layer_buffers_events
        PASS [   0.008s] (3458/4427) trawl-server telemetry::tests::wal_layer_inherits_span_fields
        PASS [   0.039s] (3459/4427) trawl-server telemetry::tests::synchronous_flush_keeps_wal_and_hot_insert_together
        PASS [   0.008s] (3460/4427) trawl-server tls::tests::auto_generates_certs_in_state_dir
        PASS [   0.008s] (3461/4427) trawl-server tls::tests::generate_self_signed_produces_valid_pem
        PASS [   0.007s] (3462/4427) trawl-server tls::tests::rejects_mismatched_cert_key_config
        PASS [   0.060s] (3463/4427) trawl-server telemetry::tests::queued_batches_coalesce_into_one_wal_write_on_drain
        PASS [   0.007s] (3464/4427) trawl-server tls::tests::rejects_missing_cert_file
        PASS [   0.008s] (3465/4427) trawl-server tracker::tests::history_ring_buffer_evicts_oldest
        PASS [   0.008s] (3466/4427) trawl-server tracker::tests::owner_key_id_tracks_submitting_key
        PASS [   0.008s] (3467/4427) trawl-server tracker::tests::queries_own_flag_tracks_exact_key_across_all_outcomes
        PASS [   0.008s] (3468/4427) trawl-server tracker::tests::start_and_complete
        PASS [   0.008s] (3469/4427) trawl-server tracker::tests::start_and_fail
        PASS [   0.008s] (3470/4427) trawl-server tracker::tests::start_and_timeout
        PASS [   0.111s] (3471/4427) trawl-server telemetry::tests::wal_failure_retains_batch_then_publishes_exactly_once_after_retry
        PASS [   0.210s] (3472/4427) trawl-server telemetry::tests::shutdown_exits_while_a_periodic_flush_is_blocked
        PASS [   0.235s] (3473/4427) trawl-server::auth_pg ac3_admin_cannot_ingest
        PASS [   0.266s] (3474/4427) trawl-server::auth_pg ac1_key_roundtrip_create_whoami_revoke_401
        PASS [   0.236s] (3475/4427) trawl-server::auth_pg ac3_public_probes_unauthenticated
        PASS [   5.858s] (3476/4427) trawl-core::filter_parity pinned_where_let_parity_generative
        PASS [   0.336s] (3477/4427) trawl-server::auth_pg ac3_ingest_only_key_can_ingest_but_nothing_else
        PASS [   0.224s] (3478/4427) trawl-server::auth_pg ac3_reader_blocked_from_export_stream_manage
        PASS [   0.324s] (3479/4427) trawl-server::auth_pg ac4_whoami_golden_json_per_role
        PASS [   0.283s] (3480/4427) trawl-server::auth_pg ac5_envelope_grantless_403
        PASS [   0.313s] (3481/4427) trawl-server::auth_pg ac5_envelope_missing_and_malformed_and_invalid_tokens
        PASS [   0.706s] (3482/4427) trawl-server::auth_pg ac3_grantless_key_never_reaches_rate_limiter
        PASS [   0.389s] (3483/4427) trawl-server::auth_pg ac5_envelope_revoked_and_expired_tokens
        PASS [   0.747s] (3484/4427) trawl-server::auth_pg ac3_grantless_key_403_on_every_authenticated_route
        PASS [   0.426s] (3485/4427) trawl-server::auth_pg ac5_health_and_envelope_pg_down_without_backend_detail
        PASS [   0.344s] (3486/4427) trawl-server::auth_pg ac5_rate_rpm_role_ceiling_spent_separately_per_class
        PASS [   0.808s] (3487/4427) trawl-server::auth_pg ac3_zero_permission_role_key_403_everywhere
        PASS [   2.221s] (3488/4427) trawl-server::auth_pg ac8_audit_poller_emits_events_for_out_of_process_mutations
        PASS [   2.674s] (3489/4427) trawl-server::auth_pg ac6_scheduler_runs_for_live_key
        PASS [   0.011s] (3490/4427) trawl-server::auth_pg common::sweep_guards_parse_own_database_name
        PASS [   2.622s] (3491/4427) trawl-server::auth_pg ac6_scheduler_skips_analyst_downgraded_to_ingest
        PASS [   0.026s] (3492/4427) trawl-server::auth_pg common::publish_dir_once_has_one_winner_under_thread_contention
        PASS [   2.661s] (3493/4427) trawl-server::auth_pg ac6_scheduler_skips_analyst_downgraded_to_reader
        PASS [   2.622s] (3494/4427) trawl-server::auth_pg ac6_scheduler_skips_revoked_key
        PASS [   2.641s] (3495/4427) trawl-server::auth_pg ac6_scheduler_skips_role_stripped_key
        PASS [   0.258s] (3496/4427) trawl-server::auth_pg history_clear_audits_only_successful_actor_and_count
        PASS [   0.004s] (3497/4427) trawl-server::canonicalize_no_tracing canonicalize_never_calls_tracing
        PASS [   0.252s] (3498/4427) trawl-server::auth_pg history_clear_redacts_store_failure
        PASS [   0.004s] (3499/4427) trawl-server::canonicalize_no_tracing the_guard_reads_real_sources
        PASS [   2.614s] (3500/4427) trawl-server::auth_pg ac6_scheduler_stops_when_role_loses_saved_query_permission
        PASS [   2.822s] (3501/4427) trawl-server::auth_pg ac6_scheduler_skips_expired_key
        PASS [   0.254s] (3502/4427) trawl-server::auth_pg sse_stream_rejects_revoked_key_at_handshake
        PASS [   0.288s] (3503/4427) trawl-server::auth_pg history_clear_requires_query_and_scopes_to_caller
        PASS [   0.315s] (3504/4427) trawl-server::catalog_surface a_degraded_field_carries_the_verdict_and_its_samples
        PASS [   0.316s] (3505/4427) trawl-server::catalog_surface acking_a_field_with_no_verdict_is_refused
        PASS [   0.337s] (3506/4427) trawl-server::catalog_surface a_query_binding_a_degraded_field_is_stamped
        PASS [   0.262s] (3507/4427) trawl-server::catalog_surface aged_out_field_windowed_away_unless_all
        PASS [   0.011s] (3508/4427) trawl-server::catalog_surface common::sweep_guards_parse_own_database_name
        PASS [   0.026s] (3509/4427) trawl-server::catalog_surface common::publish_dir_once_has_one_winner_under_thread_contention
        PASS [   0.421s] (3510/4427) trawl-server::catalog_surface a_freshly_conflicting_field_carries_no_verdict
        PASS [   0.410s] (3511/4427) trawl-server::catalog_surface an_ack_suppresses_every_surface_until_new_evidence_arrives
        PASS [   0.230s] (3512/4427) trawl-server::catalog_surface field_detail_folds_name_and_404s_unpinned
        PASS [   0.331s] (3513/4427) trawl-server::catalog_surface an_oversized_ack_note_is_refused_before_the_store
        PASS [   0.340s] (3514/4427) trawl-server::catalog_surface catalog_routes_require_schema_read
        PASS [   0.305s] (3515/4427) trawl-server::catalog_surface field_detail_pages_a_large_service_history
        PASS [   0.379s] (3516/4427) trawl-server::catalog_surface conflict_evidence_surfaces_on_the_read_routes
        PASS [   0.247s] (3517/4427) trawl-server::catalog_surface fields_listing_carries_aggregates_and_truncation
        PASS [   0.255s] (3518/4427) trawl-server::catalog_surface ingested_field_lands_in_schema_with_pinned_type
        PASS [   0.270s] (3519/4427) trawl-server::catalog_surface schema_service_param_scopes_fields
        PASS [   1.272s] (3520/4427) trawl-server::auth_pg dashboard_reports_schedule_count_from_pg
        PASS [   0.035s] (3521/4427) trawl-server::check_config config_check_accepts_shipped_configuration
        PASS [   0.316s] (3522/4427) trawl-server::catalog_surface schema_service_scope_bypasses_the_unscoped_cache
        PASS [   0.014s] (3523/4427) trawl-server::check_config config_check_has_no_startup_side_effects
        PASS [   0.045s] (3524/4427) trawl-server::check_config config_check_rejects_daemon_globs_without_side_effects
        PASS [   0.010s] (3525/4427) trawl-server::check_config config_check_requires_an_explicit_config
        PASS [   0.045s] (3526/4427) trawl-server::check_config config_check_rejects_errors_without_echoing_config_values
        PASS [   0.005s] (3527/4427) trawl-server::connection_budget common::sweep_guards_parse_own_database_name
        PASS [   0.004s] (3528/4427) trawl-server::connection_budget postgres_group_width_fits_the_connection_budget
        PASS [   0.003s] (3529/4427) trawl-server::connection_budget the_group_is_wide_enough_to_be_worth_having
        PASS [   0.382s] (3530/4427) trawl-server::catalog_surface schema_services_badges_only_the_service_that_conflicted
        PASS [   0.004s] (3531/4427) trawl-server::connection_budget the_worst_shape_is_the_widest_shape
        PASS [   0.020s] (3532/4427) trawl-server::connection_budget common::publish_dir_once_has_one_winner_under_thread_contention
        PASS [   0.025s] (3533/4427) trawl-server::dsl_admission common::publish_dir_once_has_one_winner_under_thread_contention
        PASS [   0.501s] (3534/4427) trawl-server::catalog_surface read_commands_render_populated_output
        PASS [   0.015s] (3535/4427) trawl-server::dsl_admission common::sweep_guards_parse_own_database_name
        PASS [   0.348s] (3536/4427) trawl-server::catalog_surface the_ack_routes_require_schema_write
        PASS [   0.495s] (3537/4427) trawl-server::catalog_surface the_ack_audit_records_the_actor_and_never_the_note
        PASS [   0.161s] (3538/4427) trawl-server::dsl_admission a_stored_over_budget_query_fails_its_attempt_and_keeps_its_schedule
        PASS [   0.347s] (3539/4427) trawl-server::catalog_surface withdrawing_an_ack_re_raises_the_badge_and_repeats_cleanly
        PASS [   0.280s] (3540/4427) trawl-server::dsl_admission a_refused_saved_write_leaves_the_store_untouched
        PASS [   0.275s] (3541/4427) trawl-server::field_catalog all_null_first_batch_defers_then_pins
        PASS [   0.303s] (3542/4427) trawl-server::dsl_admission every_entry_point_refuses_the_same_over_budget_dsl
        PASS [   0.255s] (3543/4427) trawl-server::field_catalog boot::a_rerun_over_an_in_ladder_severity_corpus_rewrites_nothing
        PASS [   0.187s] (3544/4427) trawl-server::field_catalog boot::backfill_never_clobbers_a_live_count_downward
        PASS [   0.180s] (3545/4427) trawl-server::field_catalog boot::boot_pass_backfills_observations_for_a_pre_catalog_corpus
        PASS [   0.198s] (3546/4427) trawl-server::field_catalog boot::all_null_column_in_a_bigger_file_does_not_win_the_pin
        PASS [   0.166s] (3547/4427) trawl-server::field_catalog boot::boot_pass_pins_by_most_rows_and_rewrites_minority
        PASS [   0.121s] (3548/4427) trawl-server::field_catalog boot::failed_observation_backfill_keeps_conformance_armed
        PASS [   0.138s] (3549/4427) trawl-server::field_catalog boot::crash_before_marker_rerun_rewrites_nothing_and_republishes
        PASS [   0.125s] (3550/4427) trawl-server::field_catalog boot::query_only_boot_accepts_its_own_and_empty_archives
        PASS [   0.144s] (3551/4427) trawl-server::field_catalog boot::foreign_layout_files_are_never_rewritten
        PASS [   0.141s] (3552/4427) trawl-server::field_catalog boot::mismatched_marker_forces_a_rerun
        PASS [   0.176s] (3553/4427) trawl-server::field_catalog boot::mixed_case_columns_fold_to_one_pin_and_are_renamed
        PASS [   0.085s] (3554/4427) trawl-server::field_catalog boot::query_only_boot_refuses_an_archive_from_another_catalog
        PASS [   0.156s] (3555/4427) trawl-server::field_catalog boot::query_only_boot_serves_an_unmarked_archive_unproven
        PASS [   0.157s] (3556/4427) trawl-server::field_catalog boot::scheduled_dir_is_never_scanned
        PASS [   0.141s] (3557/4427) trawl-server::field_catalog boot::second_boot_is_a_noop
        PASS [   0.128s] (3558/4427) trawl-server::field_catalog boot::unparseable_standing_time_conforms_to_the_partition_instant
        PASS [   0.010s] (3559/4427) trawl-server::field_catalog common::sweep_guards_parse_own_database_name
        PASS [   0.025s] (3560/4427) trawl-server::field_catalog common::publish_dir_once_has_one_winner_under_thread_contention
        PASS [   0.225s] (3561/4427) trawl-server::field_catalog boot::unreadable_directories_are_skipped_not_boot_fatal
        PASS [   0.222s] (3562/4427) trawl-server::field_catalog boot::unreadable_files_are_skipped_not_boot_fatal
        PASS [   0.387s] (3563/4427) trawl-server::field_catalog boot::server_boot_runs_the_conformance_pass
        PASS [   0.384s] (3564/4427) trawl-server::field_catalog field_services_is_ever_observed
        PASS [   0.376s] (3565/4427) trawl-server::field_catalog hot_conflicting_event_is_nulled_and_cold_history_survives
        PASS [   0.451s] (3566/4427) trawl-server::field_catalog case_variant_field_names_fold_to_one_column_across_services
        PASS [   0.484s] (3567/4427) trawl-server::field_catalog cold_cold_conflict_returns_full_history_with_attribution
        PASS [   0.037s] (3568/4427) trawl-server::gc_pins common::publish_dir_once_has_one_winner_under_thread_contention
        PASS [   0.023s] (3569/4427) trawl-server::gc_pins common::sweep_guards_parse_own_database_name
        PASS [   0.441s] (3570/4427) trawl-server::field_catalog nested_object_keeps_batchmates_and_stays_reachable
        PASS [   0.628s] (3571/4427) trawl-server::field_catalog pin_write_failure_retains_wal_and_writes_nothing
        PASS [   0.517s] (3572/4427) trawl-server::gc_pins a_repin_in_flight_refuses_gc_four_ways
        PASS [   0.722s] (3573/4427) trawl-server::field_catalog pinned_varchar_comparisons_behave_over_http
        PASS [   0.537s] (3574/4427) trawl-server::gc_pins a_second_concurrent_gc_run_is_refused_immediately
        PASS [   0.611s] (3575/4427) trawl-server::field_catalog sse_stream_applies_varchar_pin
        PASS [   0.603s] (3576/4427) trawl-server::gc_pins gc_deletes_only_pins_with_no_observation_and_no_carrier
        PASS [   0.678s] (3577/4427) trawl-server::gc_pins gc_being_wrong_costs_only_a_clean_repin
        PASS [   0.532s] (3578/4427) trawl-server::gc_pins gc_dry_run_mutates_nothing_and_execution_audits_every_deleted_pin
        PASS [   0.444s] (3579/4427) trawl-server::gc_pins gc_floors_a_short_request_at_the_retention_window
        PASS [   0.445s] (3580/4427) trawl-server::gc_pins gc_floors_at_the_longest_age_any_env_keeps
        PASS [   0.469s] (3581/4427) trawl-server::gc_pins gc_pins_route_reports_the_window_the_server_decided
        PASS [   0.471s] (3582/4427) trawl-server::gc_pins gc_pins_route_surfaces_a_refusal_as_a_409
        PASS [   0.444s] (3583/4427) trawl-server::gc_pins gc_reads_an_empty_parquet_as_a_carrier
        PASS [   0.406s] (3584/4427) trawl-server::gc_pins gc_refuses_a_parquet_that_is_not_a_regular_file
        PASS [   0.374s] (3585/4427) trawl-server::gc_pins gc_refuses_the_whole_run_on_a_symlink_under_a_live_env
        PASS [   0.524s] (3586/4427) trawl-server::gc_pins gc_refuses_a_data_root_that_is_not_there
        PASS [   0.074s] (3587/4427) trawl-server::hot_query hot_buffer_and_parquet_produce_no_duplicates
        PASS [   0.076s] (3588/4427) trawl-server::hot_query hot_buffer_makes_events_immediately_queryable
        PASS [   0.407s] (3589/4427) trawl-server::gc_pins gc_refuses_the_whole_run_on_an_unreadable_parquet
        PASS [   0.363s] (3590/4427) trawl-server::gc_pins gc_waits_for_the_compaction_batch_and_sees_what_it_published
        PASS [   0.391s] (3591/4427) trawl-server::gc_pins gc_retains_a_pin_observed_inside_the_window
        PASS [   0.092s] (3592/4427) trawl-server::hot_query pinned_where_let_hot_cold_and_stream_agree
        PASS [   0.060s] (3593/4427) trawl-server::hot_query query_works_without_hot_buffer
        PASS [   0.054s] (3594/4427) trawl-server::hot_query service_scoped_query_without_hot_buffer_survives_sibling_service_hours
        PASS [   0.303s] (3595/4427) trawl-server::hot_query hot_conflict_after_pin_seeding_keeps_all_cold_rows
        PASS [   0.232s] (3596/4427) trawl-server::hot_query syslog_mixed_case_sd_param_lands_folded_and_pins_folded
        PASS [   0.477s] (3597/4427) trawl-server::gc_pins the_report_names_only_the_pins_the_purge_returned
        PASS [   0.385s] (3598/4427) trawl-server::http_api adding_a_time_clause_to_a_windowed_saved_query_is_refused
        PASS [   0.396s] (3599/4427) trawl-server::http_api a_failed_from_saved_resolution_finishes_its_tracking
        PASS [   0.463s] (3600/4427) trawl-server::hot_query severity_pin_agrees_hot_cold_and_stream
        PASS [   0.444s] (3601/4427) trawl-server::http_api an_invalid_timezone_leaves_no_active_entry
        PASS [   0.031s] (3602/4427) trawl-server::http_api common::publish_dir_once_has_one_winner_under_thread_contention
        PASS [   0.015s] (3603/4427) trawl-server::http_api common::sweep_guards_parse_own_database_name
        PASS [   0.383s] (3604/4427) trawl-server::http_api cancel_query_by_admin
        PASS [   0.372s] (3605/4427) trawl-server::http_api cancel_query_by_analyst_for_nonexistent
        PASS [   0.267s] (3606/4427) trawl-server::http_api cancel_query_nonexistent_returns_false
        PASS [   0.283s] (3607/4427) trawl-server::http_api cancel_query_rejects_ingest_role
        PASS [   0.288s] (3608/4427) trawl-server::http_api covered_through_is_reported_only_while_the_schedule_tiles
        PASS [   0.291s] (3609/4427) trawl-server::http_api dashboard_becomes_available_once_collector_ticks
        PASS [   0.295s] (3610/4427) trawl-server::http_api dashboard_rejects_analyst
        PASS [   0.336s] (3611/4427) trawl-server::http_api dashboard_stream_emits_stats_event
        PASS [   0.253s] (3612/4427) trawl-server::http_api export_rejects_reader
        PASS [   0.289s] (3613/4427) trawl-server::http_api dashboard_stream_rejects_analyst
        PASS [   0.292s] (3614/4427) trawl-server::http_api field_values_cached
        PASS [   0.315s] (3615/4427) trawl-server::http_api field_values_endpoint
        PASS [   0.263s] (3616/4427) trawl-server::http_api field_values_invalid_field_name
        PASS [   0.300s] (3617/4427) trawl-server::http_api from_saved_source_is_refused_a_window
        PASS [   0.284s] (3618/4427) trawl-server::http_api health_returns_ok
        PASS [   0.393s] (3619/4427) trawl-server::http_api gc_pins_permission_matrix
        PASS [   0.468s] (3620/4427) trawl-server::http_api ingest_accepts_ndjson
        PASS [   0.658s] (3621/4427) trawl-server::http_api from_saved_latest_answers_a_zero_row_run_not_an_older_one
        PASS [   0.491s] (3622/4427) trawl-server::http_api ingest_all_rejected_per_event
        PASS [   5.437s] (3623/4427) trawl-server::auth_pg storage_loss_degrades_health_and_503s_store_endpoints
        PASS [   0.647s] (3624/4427) trawl-server::http_api ingest_ceiling_does_not_apply_to_keys_without_ingest_permission
        PASS [   0.604s] (3625/4427) trawl-server::http_api ingest_rejects_analyst_role
        PASS [   0.611s] (3626/4427) trawl-server::http_api ingest_partial_success
        PASS [   0.468s] (3627/4427) trawl-server::http_api ingest_rejects_missing_auth
        PASS [   0.467s] (3628/4427) trawl-server::http_api ingest_repairs_exposed_on_metrics
        PASS [   0.512s] (3629/4427) trawl-server::http_api ingest_rpm_is_independent_of_the_interactive_ceiling
        PASS [   0.387s] (3630/4427) trawl-server::http_api ingest_unlisted_env_rejected_per_event
        PASS [   0.396s] (3631/4427) trawl-server::http_api list_all_runs_paginated
        PASS [   0.418s] (3632/4427) trawl-server::http_api manual_run_of_a_coverage_mode_schedule_is_409
        PASS [   0.375s] (3633/4427) trawl-server::http_api put_schedule_honours_enabled_on_create
        PASS [   0.425s] (3634/4427) trawl-server::http_api producer_is_stamped_stored_and_queryable_per_door
        PASS [   0.344s] (3635/4427) trawl-server::http_api queries_accessible_by_analyst_and_reader
        PASS [   0.557s] (3636/4427) trawl-server::http_api manual_run_of_a_query_mode_schedule_still_starts
        PASS [   0.452s] (3637/4427) trawl-server::http_api queries_own_flag_uses_verified_reader_and_preserves_permission_gate
        PASS [   0.371s] (3638/4427) trawl-server::http_api queries_rejects_ingest_role
        PASS [   0.355s] (3639/4427) trawl-server::http_api queries_shows_history
        PASS [   0.349s] (3640/4427) trawl-server::http_api query_export_and_stream_telemetry_carry_no_user_content
        PASS [   0.327s] (3641/4427) trawl-server::http_api query_pagination_limit_offset
        PASS [   0.325s] (3642/4427) trawl-server::http_api query_pagination_offset_beyond_results
        PASS [   0.380s] (3643/4427) trawl-server::http_api query_pagination_defaults
        PASS [   0.341s] (3644/4427) trawl-server::http_api query_pagination_page_past_max_rows_is_bad_request
        PASS [   0.322s] (3645/4427) trawl-server::http_api query_rejects_bad_dsl
        PASS [   0.336s] (3646/4427) trawl-server::http_api query_rejects_invalid_token
        PASS [   0.346s] (3647/4427) trawl-server::http_api query_rejects_missing_auth
        PASS [   0.321s] (3648/4427) trawl-server::http_api query_returns_results
        PASS [   0.310s] (3649/4427) trawl-server::http_api query_with_filter
        PASS [   0.313s] (3650/4427) trawl-server::http_api query_with_stats_pipeline
        PASS [   0.346s] (3651/4427) trawl-server::http_api rate_limit_isolates_keys_with_same_role
        PASS [   0.306s] (3652/4427) trawl-server::http_api rate_limit_returns_429
        PASS [   0.281s] (3653/4427) trawl-server::http_api reader_can_query_and_view_history
        PASS [   0.278s] (3654/4427) trawl-server::http_api rename_to_duplicate_fails
        PASS [   0.312s] (3655/4427) trawl-server::http_api rename_saved_query
        PASS [   0.295s] (3656/4427) trawl-server::http_api repin_cancel_is_schema_write_gated_and_answers_when_idle
        PASS [   0.230s] (3657/4427) trawl-server::http_api response_includes_ulid_request_id
        PASS [   0.377s] (3658/4427) trawl-server::http_api repin_permission_matrix
        PASS [   0.291s] (3659/4427) trawl-server::http_api repin_validation_refusals_are_side_effect_free
        PASS [   3.339s] (3660/4427) trawl-server::http_api cancel_query_isolated_by_key_id_not_name
        PASS [   0.230s] (3661/4427) trawl-server::http_api runs_stats_rejects_reader
        PASS [   0.272s] (3662/4427) trawl-server::http_api run_listing_carries_window_and_truncated_flag
        PASS [   0.265s] (3663/4427) trawl-server::http_api runs_stats_empty
        PASS [   0.281s] (3664/4427) trawl-server::http_api saved_queries_reject_reader
        PASS [   0.234s] (3665/4427) trawl-server::http_api schema_caching_works
        PASS [   0.250s] (3666/4427) trawl-server::http_api schedule_window_on_a_query_with_a_time_clause_is_refused_naming_both
        PASS [   0.011s] (3667/4427) trawl-server::http_api sse_payloads_ignores_a_half_arrived_frame
        PASS [   0.349s] (3668/4427) trawl-server::http_api schedule_response_carries_window_fields
        PASS [   0.229s] (3669/4427) trawl-server::http_api schema_columns_come_from_the_catalog_not_describe
        PASS [   0.232s] (3670/4427) trawl-server::http_api shutdown_set_before_boot_stops_the_accept_loop
        PASS [   0.309s] (3671/4427) trawl-server::http_api schema_returns_columns
        PASS [   0.257s] (3672/4427) trawl-server::http_api stats_endpoint_admin_only
        PASS [   0.229s] (3673/4427) trawl-server::http_api trigger_run_rejects_reader
        PASS [   0.292s] (3674/4427) trawl-server::http_api stats_endpoint_analyst_forbidden
        PASS [   0.227s] (3675/4427) trawl-server::http_api trigger_run_rejects_when_max_runs_reached
        PASS [   0.276s] (3676/4427) trawl-server::http_api trigger_run_rejects_when_already_running
        PASS [   0.258s] (3677/4427) trawl-server::http_api trigger_run_requires_schedule
        PASS [   0.259s] (3678/4427) trawl-server::http_api unmapped_severity_exposed_on_metrics
        PASS [   0.253s] (3679/4427) trawl-server::http_api validate_query_syntax_error
        PASS [   0.214s] (3680/4427) trawl-server::http_api validate_query_unknown_function
        PASS [   0.206s] (3681/4427) trawl-server::http_api validate_query_valid
        PASS [   0.228s] (3682/4427) trawl-server::http_api validate_rejects_reader
        PASS [   0.227s] (3683/4427) trawl-server::http_api whoami_no_trawl_grant_is_403
        PASS [   0.231s] (3684/4427) trawl-server::http_api whoami_admin_has_server_manage
        PASS [   0.821s] (3685/4427) trawl-server::http_api sse_freezes_now_per_event_and_per_snapshot
        PASS [   0.024s] (3686/4427) trawl-server::ingest_publication common::publish_dir_once_has_one_winner_under_thread_contention
        PASS [   0.040s] (3687/4427) trawl-server::ingest_publication cancelled_syslog_caller_keeps_wal_and_hot_insert_together
        PASS [   0.262s] (3688/4427) trawl-server::http_api whoami_reader_lacks_server_manage
        PASS [   0.013s] (3689/4427) trawl-server::ingest_publication common::sweep_guards_parse_own_database_name
        PASS [   0.013s] (3690/4427) trawl-server::ingest_publication pending_rollup_does_not_reject_ingest
        PASS [   0.004s] (3691/4427) trawl-server::no_exec_after_seal the_scan_sees_the_calls_it_is_looking_for
        PASS [   0.203s] (3692/4427) trawl-server::http_api whoami_rejects_missing_auth
        PASS [   0.039s] (3693/4427) trawl-server::no_exec_after_seal the_daemon_execs_nothing
        PASS [   0.775s] (3694/4427) trawl-server::http_api trigger_run_starts_execution
        PASS [   0.254s] (3695/4427) trawl-server::ingest_publication cancelled_http_handler_keeps_wal_and_hot_insert_together
        PASS [   0.257s] (3696/4427) trawl-server::ingest_publication waiting_http_ingest_leaves_blocking_pool_available
        PASS [   0.545s] (3697/4427) trawl-server::http_api vector_shaped_ingest_is_queryable
        PASS [   0.020s] (3698/4427) trawl-server::publication_consistency query_only_pool_refuses_incomplete_rollup_after_restart
        PASS [   0.123s] (3699/4427) trawl-server::publication_consistency queries_and_exports_wait_for_publish_and_drain
        PASS [   0.501s] (3700/4427) trawl-server::repin a_cancel_after_the_force_refusal_settled_finds_nothing_to_stop
        PASS [   0.523s] (3701/4427) trawl-server::publication_consistency query_timeout_keeps_publication_guard_until_duckdb_task_finishes
        PASS [   2.306s] (3702/4427) trawl-server::http_api retained_work_is_listed_once_and_carries_its_display_metadata
        PASS [   0.786s] (3703/4427) trawl-server::repin a_cancel_during_the_scan_stops_before_any_plan_is_published
        PASS [   1.139s] (3704/4427) trawl-server::profile_fuzz the_http_profile_survives_a_hostile_corpus
        PASS [   1.026s] (3705/4427) trawl-server::publication_consistency aborting_request_keeps_running_reader_protected
        PASS [   1.231s] (3706/4427) trawl-server::profile_fuzz the_trawld_profile_never_rejects_a_hostile_payload
        PASS [   0.559s] (3707/4427) trawl-server::repin a_cancel_past_the_point_of_no_return_is_refused_and_the_job_completes
        PASS [   1.304s] (3708/4427) trawl-server::profile_fuzz the_syslog_profile_survives_hostile_frames_and_payloads
        PASS [   0.581s] (3709/4427) trawl-server::repin a_cancel_pending_at_the_force_refusal_takes_the_verdict
        PASS [   0.291s] (3710/4427) trawl-server::repin a_ceiling_below_the_corpus_refuses_naming_accepted_and_actual
        PASS [   0.289s] (3711/4427) trawl-server::repin a_crash_between_a_cancel_request_and_its_effect_recovers_as_failed
        PASS [   0.417s] (3712/4427) trawl-server::repin a_cutover_retypes_the_schema_endpoint_immediately
        PASS [   0.295s] (3713/4427) trawl-server::repin an_explicit_zero_ceiling_refuses_before_anything_is_staged
        PASS [   0.412s] (3714/4427) trawl-server::repin a_forced_repin_proceeds_at_exactly_the_ceiling_it_accepted
        PASS [   0.289s] (3715/4427) trawl-server::repin boot_reconciliation_completes_a_recovered_cutover
        PASS [   0.291s] (3716/4427) trawl-server::repin boot_reconciliation_materialises_the_staged_evidence
        PASS [   0.442s] (3717/4427) trawl-server::repin boolean_force_resolves_the_ceiling_from_the_scan
        PASS [   0.826s] (3718/4427) trawl-server::repin a_syslog_repin_inverts_the_ladder_and_persists_the_assertion
        PASS [   0.025s] (3719/4427) trawl-server::repin common::publish_dir_once_has_one_winner_under_thread_contention
        PASS [   0.011s] (3720/4427) trawl-server::repin common::sweep_guards_parse_own_database_name
        PASS [   0.283s] (3721/4427) trawl-server::repin boot_reconciliation_replays_a_severity_cutover
        PASS [   1.394s] (3722/4427) trawl-server::repin a_catch_up_pass_rides_the_jobs_dialect_while_live_ingest_stays_otel
        PASS [   0.327s] (3723/4427) trawl-server::repin cancelling_repin_during_rollup_admission_terminalizes_the_job
        PASS [   0.655s] (3724/4427) trawl-server::repin cancel_audit_events_name_the_actor_the_stage_and_the_refusal
        PASS [   1.457s] (3725/4427) trawl-server::repin a_disconnected_caller_does_not_strand_the_running_slot
        PASS [   0.522s] (3726/4427) trawl-server::repin ingest_queries_and_a_second_repin_ride_through_a_slow_rewrite
        PASS [   0.534s] (3727/4427) trawl-server::repin lossy_repin_refuses_without_force_and_accounts_with_it
        PASS [   1.596s] (3728/4427) trawl-server::repin a_mid_build_cancel_leaves_the_corpus_and_the_staging_untouched
        PASS [   0.413s] (3729/4427) trawl-server::repin pending_rollup_blocks_repin_before_scan_and_preserves_recovery
        PASS [   0.264s] (3730/4427) trawl-server::repin resurrection_only_pass_recovers_without_retyping
        PASS [   2.096s] (3731/4427) trawl-server::repin a_dry_run_reports_the_force_verdict_it_would_hit
        PASS [   0.551s] (3732/4427) trawl-server::repin repin_is_invisible_to_queries_and_resurrects_shelved_values
        PASS [   0.313s] (3733/4427) trawl-server::repin stated_ceilings_travel_over_the_wire_and_the_accepted_pair_returns
        PASS [   1.031s] (3734/4427) trawl-server::repin post_repin_severity_binds_in_every_lane_including_live_ingest
        PASS [   0.262s] (3735/4427) trawl-server::scheduler_windows a_failed_run_holds_the_watermark_and_the_next_success_covers_both_intervals
        PASS [   0.276s] (3736/4427) trawl-server::scheduler_windows a_materialize_failure_is_loud_and_leaves_the_cursor
        PASS [   1.464s] (3737/4427) trawl-server::repin repin_to_severity_dry_run_matches_the_executed_rewrite
        PASS [   0.785s] (3738/4427) trawl-server::repin the_repin_audit_records_forced_cutovers_and_recovered_ack_clears
        PASS [   0.171s] (3739/4427) trawl-server::scheduler_windows a_thirty_interval_gap_coalesces_into_one_clamped_run
        PASS [   0.190s] (3740/4427) trawl-server::scheduler_windows a_windowed_run_query_reexecutes_standalone_with_identical_bounds
        PASS [   0.025s] (3741/4427) trawl-server::scheduler_windows common::publish_dir_once_has_one_winner_under_thread_contention
        PASS [   0.011s] (3742/4427) trawl-server::scheduler_windows common::sweep_guards_parse_own_database_name
        PASS [   0.177s] (3743/4427) trawl-server::scheduler_windows a_zero_row_run_records_its_window_and_is_the_latest_success
        PASS [   1.495s] (3744/4427) trawl-server::repin resurrection_recovers_a_shelved_token_under_a_case_variant_key
        PASS [   0.171s] (3745/4427) trawl-server::scheduler_windows first_failed_since_last_run_is_healed_by_next_success
        PASS [   0.165s] (3746/4427) trawl-server::scheduler_windows fixed_windows_trail_each_planned_fire_and_never_catch_up
        PASS [   0.171s] (3747/4427) trawl-server::scheduler_windows query_mode_schedules_fire_on_planned_boundaries_with_no_window
        PASS [   0.188s] (3748/4427) trawl-server::scheduler_windows readable_name_rename_preserves_legacy_and_new_run_paths
        PASS [   0.195s] (3749/4427) trawl-server::scheduler_windows since_last_fires_tile_and_a_boundary_event_lands_once
        PASS [   0.231s] (3750/4427) trawl-server::schema_pg cases::cancelled_lock_wait_does_not_recycle_a_locked_connection
        PASS [   0.265s] (3751/4427) trawl-server::schema_pg cases::admission_observes_state_created_while_waiting_for_the_lock
        PASS [   0.209s] (3752/4427) trawl-server::schema_pg cases::current_checksums_dirty_and_unknown_versions_stay_distinct
        PASS [   0.100s] (3753/4427) trawl-server::schema_pg cases::initial_schema_matches_final_old_catalog
        PASS [   0.102s] (3754/4427) trawl-server::schema_pg cases::fresh_restart_preserves_history_and_forward_migrations_work
        PASS [   0.185s] (3755/4427) trawl-server::schema_pg cases::old_histories_are_refused_without_changes_and_release_locks
        PASS [   0.108s] (3756/4427) trawl-server::schema_pg failed_boot_retains_old_data_and_releases_the_sole_writer_lock
        PASS [   3.298s] (3757/4427) trawl-server::repin events_ingested_during_the_final_pause_stay_visible_exactly_once
        PASS [   1.170s] (3758/4427) trawl-server::scheduler_windows a_scheduled_run_refused_for_capacity_fails_only_that_attempt
        PASS [   0.135s] (3759/4427) trawl-server::schema_pg cases::untracked_objects_are_refused_without_creating_history
        PASS [   3.526s] (3760/4427) trawl-server::repin late_arriving_loss_refuses_the_cutover_without_force
        PASS [   3.376s] (3761/4427) trawl-server::repin mid_build_growth_past_the_default_ceiling_refuses_the_cutover
        PASS [   4.097s] (3762/4427) trawl-server::repin the_force_verdict_is_absent_until_the_scan_has_a_plan
        PASS [   5.251s] (3763/4427) trawl-server::startup_pg admitted_lock_and_fatal_watcher_cover_store_reconciliation
        PASS [   0.025s] (3764/4427) trawl-server::startup_pg common::publish_dir_once_has_one_winner_under_thread_contention
        PASS [   0.009s] (3765/4427) trawl-server::startup_pg common::sweep_guards_parse_own_database_name
        PASS [   0.125s] (3766/4427) trawl-server::startup_pg competing_writer_refuses_before_filesystem_recovery
        PASS [   0.107s] (3767/4427) trawl-server::startup_pg database_refusal_does_not_initialize_fresh_root
        PASS [   0.140s] (3768/4427) trawl-server::startup_pg epoch_refusal_preserves_storage_and_releases_admitted_lock
        PASS [   0.509s] (3769/4427) trawl-server::startup_pg fresh_boot_restart_and_interrupted_current_cutover
        PASS [   0.181s] (3770/4427) trawl-server::startup_pg old_fleet_refuses_before_cutover
        PASS [   0.179s] (3771/4427) trawl-server::startup_pg old_trawl_refuses_before_cutover
        PASS [   0.152s] (3772/4427) trawl-server::startup_pg untracked_fleet_refuses_before_cutover
        PASS [   0.169s] (3773/4427) trawl-server::startup_pg untracked_trawl_refuses_before_cutover
        PASS [   0.065s] (3774/4427) trawl-server::store_pg boot_second_live_instance_fails_on_advisory_lock
        PASS [   0.067s] (3775/4427) trawl-server::store_pg boot_migrates_fresh_database
        PASS [   0.068s] (3776/4427) trawl-server::store_pg boot_lock_session_does_not_hold_a_pool_slot
        PASS [   0.076s] (3777/4427) trawl-server::store_pg boot_is_idempotent_after_shutdown
        PASS [   0.159s] (3778/4427) trawl-server::store_pg cascade_on_saved_query_delete
        PASS [   0.159s] (3779/4427) trawl-server::store_pg catalog::baseline_restart_preserves_catalog_state_and_sender_pins
        PASS [   0.089s] (3780/4427) trawl-server::store_pg catalog::conflict_samples_round_trip_per_row
        PASS [   0.165s] (3781/4427) trawl-server::store_pg catalog::a_concurrent_purge_and_claim_never_both_win
        PASS [   0.099s] (3782/4427) trawl-server::store_pg catalog::conflict_evidence_and_stats_commit_together
        PASS [   0.101s] (3783/4427) trawl-server::store_pg catalog::catalog_id_is_stable_and_conformance_flips_once
        PASS [   0.101s] (3784/4427) trawl-server::store_pg catalog::conflict_evidence_is_bounded_per_field
        PASS [   0.080s] (3785/4427) trawl-server::store_pg catalog::conflict_stats_aggregate_duplicate_pairs_within_one_call
        PASS [   0.071s] (3786/4427) trawl-server::store_pg catalog::delete_pins_leaves_no_residue_and_a_clean_repin_follows
        PASS [   0.075s] (3787/4427) trawl-server::store_pg catalog::conflicts_append_and_never_aggregate
        PASS [   0.075s] (3788/4427) trawl-server::store_pg catalog::degraded_snapshot_reads_survive_a_concurrent_evidence_clear
        PASS [   0.075s] (3789/4427) trawl-server::store_pg catalog::conflicts_keep_only_the_newest_rows_per_field
        PASS [   0.110s] (3790/4427) trawl-server::store_pg catalog::conflict_stats_outlive_the_recency_trim
        PASS [   0.064s] (3791/4427) trawl-server::store_pg catalog::field_services_cursor_breaks_last_seen_ties
        PASS [   0.065s] (3792/4427) trawl-server::store_pg catalog::delete_pins_returns_the_deleted_metadata_and_the_fill_count
        PASS [   0.066s] (3793/4427) trawl-server::store_pg catalog::delete_pins_refuses_a_contract_typed_name
        PASS [   0.066s] (3794/4427) trawl-server::store_pg catalog::delete_pins_refuses_in_the_transaction_while_a_repin_runs
        PASS [   0.068s] (3795/4427) trawl-server::store_pg catalog::delete_pins_never_touches_repin_history
        PASS [   0.064s] (3796/4427) trawl-server::store_pg catalog::field_services_pages_a_large_history_without_gaps
        PASS [   0.067s] (3797/4427) trawl-server::store_pg catalog::list_fields_service_filter_via_observations
        PASS [   0.068s] (3798/4427) trawl-server::store_pg catalog::list_fields_conflict_evidence_is_page_scoped
        PASS [   0.069s] (3799/4427) trawl-server::store_pg catalog::gc_candidates_are_the_complement_of_the_schema_window
        PASS [   0.069s] (3800/4427) trawl-server::store_pg catalog::list_fields_aggregates_observations_and_conflicts
        PASS [   0.069s] (3801/4427) trawl-server::store_pg catalog::list_fields_service_filter_scopes_the_aggregates
        PASS [   0.051s] (3802/4427) trawl-server::store_pg catalog::list_fields_truncates_at_limit
        PASS [   0.064s] (3803/4427) trawl-server::store_pg catalog::migration_seed_matches_envelope_types
        PASS [   0.065s] (3804/4427) trawl-server::store_pg catalog::one_batch_cannot_consume_the_catalog_but_the_boot_seed_can
        PASS [   0.065s] (3805/4427) trawl-server::store_pg catalog::never_observed_pin_diverges_from_the_listing_rule
        PASS [   0.067s] (3806/4427) trawl-server::store_pg catalog::list_fields_windows_on_last_seen_keeping_never_observed
        PASS [   0.066s] (3807/4427) trawl-server::store_pg catalog::list_fields_without_conflicts_reads_zeroes
        PASS [   0.057s] (3808/4427) trawl-server::store_pg catalog::pin_missing_caps_catalog_cardinality
        PASS [   0.066s] (3809/4427) trawl-server::store_pg catalog::pin_missing_race_converges_on_one_pin
        PASS [   0.065s] (3810/4427) trawl-server::store_pg catalog::pin_stats_reports_fill_against_cap
        PASS [   0.067s] (3811/4427) trawl-server::store_pg catalog::pin_missing_skips_unstorable_names_instead_of_failing
        PASS [   0.069s] (3812/4427) trawl-server::store_pg catalog::pin_missing_is_first_writer_wins
        PASS [   0.067s] (3813/4427) trawl-server::store_pg catalog::recording_an_episode_never_moves_first_at_forward
        PASS [   0.067s] (3814/4427) trawl-server::store_pg catalog::recent_conflicts_filters_orders_and_windows
        PASS [   0.070s] (3815/4427) trawl-server::store_pg catalog::touch_services_skips_unstorable_names_instead_of_failing
        PASS [   0.072s] (3816/4427) trawl-server::store_pg catalog::the_epoch_cutoff_binds_and_leaves_only_never_observed_pins
        PASS [   0.071s] (3817/4427) trawl-server::store_pg claim_due_run_advances_over_ground_the_watermark_covers
        PASS [   0.070s] (3818/4427) trawl-server::store_pg claim_due_run_is_not_due_before_the_cursor
        PASS [   0.079s] (3819/4427) trawl-server::store_pg catalog::touch_services_advances_only_last_seen
        PASS [   0.135s] (3820/4427) trawl-server::store_pg catalog::touch_services_is_ever_observed_no_eviction
        PASS [   0.065s] (3821/4427) trawl-server::store_pg claim_due_run_refuses_a_query_that_owns_its_own_window
        PASS [   0.065s] (3822/4427) trawl-server::store_pg claim_due_run_leaves_the_cursor_at_the_max_runs_cap
        PASS [   0.059s] (3823/4427) trawl-server::store_pg claim_due_run_stores_the_resolved_query_it_returns
        PASS [   0.067s] (3824/4427) trawl-server::store_pg claim_due_run_is_not_due_when_disabled_or_deleted
        PASS [   0.066s] (3825/4427) trawl-server::store_pg claim_due_run_leaves_the_cursor_while_a_run_is_in_flight
        PASS [   0.005s] (3826/4427) trawl-server::store_pg common::sweep_guards_parse_own_database_name
        PASS [   0.020s] (3827/4427) trawl-server::store_pg common::publish_dir_once_has_one_winner_under_thread_contention
        PASS [   0.073s] (3828/4427) trawl-server::store_pg claimed_run_round_trips_its_window
        PASS [   0.073s] (3829/4427) trawl-server::store_pg cleanup_stale_runs_marks_error
        PASS [   0.068s] (3830/4427) trawl-server::store_pg concurrent_start_run_yields_exactly_one_claim
        PASS [   0.073s] (3831/4427) trawl-server::store_pg concurrent_claims_respect_max_runs
        PASS [   0.076s] (3832/4427) trawl-server::store_pg claim_run_locks_saved_query_before_schedule
        PASS [   0.059s] (3833/4427) trawl-server::store_pg degraded_ack::a_stale_ack_leaves_the_higher_water_marks_attribution_alone
        PASS [   0.066s] (3834/4427) trawl-server::store_pg degraded_ack::deleting_the_pin_cascades_the_ack_away
        PASS [   0.067s] (3835/4427) trawl-server::store_pg degraded_ack::clearing_an_ack_reports_whether_a_row_went
        PASS [   0.063s] (3836/4427) trawl-server::store_pg degraded_ack::field_health_snapshot_carries_the_verdict_and_its_ack_together
        PASS [   0.068s] (3837/4427) trawl-server::store_pg degraded_ack::both_aggregate_forms_report_the_same_acked_through
        PASS [   0.069s] (3838/4427) trawl-server::store_pg degraded_ack::ack_refuses_below_the_degraded_threshold
        PASS [   0.069s] (3839/4427) trawl-server::store_pg degraded_ack::ack_upsert_advances_the_high_water_and_replaces_note_and_actor
        PASS [   0.075s] (3840/4427) trawl-server::store_pg fail_run_if_running_is_a_guarded_transition
        PASS [   0.077s] (3841/4427) trawl-server::store_pg degraded_ack::the_note_cap_is_enforced_in_bytes
        PASS [   0.078s] (3842/4427) trawl-server::store_pg delete_old_runs_retention_and_paths
        PASS [   0.058s] (3843/4427) trawl-server::store_pg finish_run_after_cascade_delete_reports_orphan
        PASS [   0.058s] (3844/4427) trawl-server::store_pg fixed_and_legacy_schedules_keep_no_watermark
        PASS [   0.062s] (3845/4427) trawl-server::store_pg finish_and_window_mode_edit_are_order_independent
        PASS [   0.052s] (3846/4427) trawl-server::store_pg history_empty
        PASS [   0.054s] (3847/4427) trawl-server::store_pg history_clear_is_scoped_counted_and_preserves_saved
        PASS [   0.050s] (3848/4427) trawl-server::store_pg history_pagination
        PASS [   0.049s] (3849/4427) trawl-server::store_pg history_status_check_is_backstop
        PASS [   0.050s] (3850/4427) trawl-server::store_pg history_record_and_retrieve
        PASS [   0.052s] (3851/4427) trawl-server::store_pg history_pagination_tie_breaks_on_id
        PASS [   0.055s] (3852/4427) trawl-server::store_pg history_user_isolation
        PASS [   0.055s] (3853/4427) trawl-server::store_pg initial_schema_refuses_absurd_intervals
        PASS [   0.055s] (3854/4427) trawl-server::store_pg latest_run_returns_newest
        PASS [   0.327s] (3855/4427) trawl-server::store_pg delete_racing_finish_run_never_orphans_path
        PASS [   0.326s] (3856/4427) trawl-server::store_pg delete_schedule_racing_finish_run_never_orphans_path
        PASS [   0.059s] (3857/4427) trawl-server::store_pg list_enabled_schedules_filters_disabled
        PASS [   0.068s] (3858/4427) trawl-server::store_pg list_all_runs_paginated_and_isolated
        PASS [   0.069s] (3859/4427) trawl-server::store_pg list_runs_paginated_and_isolated
        PASS [   0.058s] (3860/4427) trawl-server::store_pg repin_store::a_cancelled_job_keeps_its_request_fields
        PASS [   0.049s] (3861/4427) trawl-server::store_pg repin_store::a_forced_plan_without_recorded_bounds_is_rejected
        PASS [   0.051s] (3862/4427) trawl-server::store_pg repin_store::a_failed_job_may_carry_cancel_request_fields
        PASS [   0.053s] (3863/4427) trawl-server::store_pg repin_store::a_second_cancel_request_preserves_the_first
        PASS [   0.053s] (3864/4427) trawl-server::store_pg repin_store::a_severity_repin_stores_its_asserted_dialect
        PASS [   0.053s] (3865/4427) trawl-server::store_pg repin_store::a_terminal_write_can_persist_the_counts_behind_its_verdict
        PASS [   0.055s] (3866/4427) trawl-server::store_pg repin_store::clear_conformed_rearms_the_boot_pass
        PASS [   0.057s] (3867/4427) trawl-server::store_pg repin_store::cancelled_without_a_request_is_refused
        PASS [   0.057s] (3868/4427) trawl-server::store_pg repin_store::claim_refuses_when_the_from_pin_vanished
        PASS [   0.578s] (3869/4427) trawl-server::store_pg delete_saved_racing_since_last_finish_never_orphans_path
        PASS [   0.059s] (3870/4427) trawl-server::store_pg repin_store::finish_cutover_clears_the_repinned_field_evidence
        PASS [   0.061s] (3871/4427) trawl-server::store_pg repin_store::concurrent_claims_admit_exactly_one
        PASS [   0.060s] (3872/4427) trawl-server::store_pg repin_store::finish_cutover_clears_the_degraded_ack
        PASS [   0.313s] (3873/4427) trawl-server::store_pg manual_claim_and_schedule_write_do_not_deadlock
        PASS [   0.063s] (3874/4427) trawl-server::store_pg repin_store::finish_cutover_completes_forward_when_nothing_was_staged
        PASS [   0.062s] (3875/4427) trawl-server::store_pg repin_store::finish_cutover_flips_pin_and_job_transactionally_and_idempotently
        PASS [   0.062s] (3876/4427) trawl-server::store_pg repin_store::finish_cutover_records_nothing_for_a_lossless_repin
        PASS [   0.062s] (3877/4427) trawl-server::store_pg repin_store::finish_cutover_materialises_the_staged_loss
        PASS [   0.067s] (3878/4427) trawl-server::store_pg repin_store::finish_cutover_refuses_a_flip_the_job_never_claimed
        PASS [   0.066s] (3879/4427) trawl-server::store_pg repin_store::finish_if_running_never_overwrites_a_terminal_row
        PASS [   0.067s] (3880/4427) trawl-server::store_pg repin_store::finish_cutover_replay_keeps_evidence_recorded_after_the_flip
        PASS [   0.067s] (3881/4427) trawl-server::store_pg repin_store::finish_cutover_replay_keeps_an_ack_written_after_the_flip
        PASS [   0.067s] (3882/4427) trawl-server::store_pg repin_store::finish_cutover_replay_does_not_double_insert_staged_evidence
        PASS [   0.062s] (3883/4427) trawl-server::store_pg repin_store::force_ceilings_round_trip_through_claim_and_plan
        PASS [   0.062s] (3884/4427) trawl-server::store_pg repin_store::reconcile_orphans_fails_running_rows_except_the_kept_one
        PASS [   0.063s] (3885/4427) trawl-server::store_pg repin_store::force_plan_shape_constraints_preserve_the_unplanned_claim
        PASS [   0.062s] (3886/4427) trawl-server::store_pg repin_store::inconsistent_force_rows_fail_to_decode
        PASS [   0.063s] (3887/4427) trawl-server::store_pg repin_store::plan_progress_and_latest
        PASS [   0.063s] (3888/4427) trawl-server::store_pg repin_store::stage_cutover_input_refuses_an_already_terminal_job
        PASS [   0.065s] (3889/4427) trawl-server::store_pg repin_store::second_claim_is_repin_already_running
        PASS [   0.065s] (3890/4427) trawl-server::store_pg repin_store::stage_cutover_input_is_idempotent
        PASS [   0.065s] (3891/4427) trawl-server::store_pg repin_store::stage_cutover_input_refuses_a_dry_run
        PASS [   0.059s] (3892/4427) trawl-server::store_pg repin_store::staged_tallies_are_present_or_absent_together
        PASS [   0.059s] (3893/4427) trawl-server::store_pg repin_store::staged_tallies_must_agree_on_cardinality
        PASS [   0.061s] (3894/4427) trawl-server::store_pg repin_store::stage_cutover_input_round_trips_totals_and_tallies
        PASS [   0.059s] (3895/4427) trawl-server::store_pg runs_stats_counts_by_status
        PASS [   0.061s] (3896/4427) trawl-server::store_pg saved_delete_nonexistent_returns_error
        PASS [   0.063s] (3897/4427) trawl-server::store_pg saved_create_and_list
        PASS [   0.062s] (3898/4427) trawl-server::store_pg saved_delete_other_users_query_returns_error
        PASS [   0.063s] (3899/4427) trawl-server::store_pg saved_delete
        PASS [   0.060s] (3900/4427) trawl-server::store_pg saved_get_by_name
        PASS [   0.062s] (3901/4427) trawl-server::store_pg saved_duplicate_name_returns_error
        PASS [   0.061s] (3902/4427) trawl-server::store_pg saved_name_validation
        PASS [   0.061s] (3903/4427) trawl-server::store_pg saved_list_with_details_bulk_join
        PASS [   0.055s] (3904/4427) trawl-server::store_pg saved_update_nonexistent_returns_error
        PASS [   0.056s] (3905/4427) trawl-server::store_pg saved_update
        PASS [   0.058s] (3906/4427) trawl-server::store_pg saved_rename_to_taken_name_conflicts
        PASS [   0.056s] (3907/4427) trawl-server::store_pg saved_update_other_users_query_returns_error
        PASS [   0.055s] (3908/4427) trawl-server::store_pg saved_user_isolation_and_name_sort
        PASS [   0.056s] (3909/4427) trawl-server::store_pg schedule_create_anchors_next_fire_at_to_caller_instant
        PASS [   0.057s] (3910/4427) trawl-server::store_pg saved_update_with_rename
        PASS [   0.055s] (3911/4427) trawl-server::store_pg schedule_create_and_get
        PASS [   0.056s] (3912/4427) trawl-server::store_pg schedule_duplicate_returns_error
        PASS [   0.057s] (3913/4427) trawl-server::store_pg schedule_delete_other_user_not_found
        PASS [   0.059s] (3914/4427) trawl-server::store_pg schedule_delete
        PASS [   0.058s] (3915/4427) trawl-server::store_pg schedule_delete_collects_run_paths
        PASS [   0.058s] (3916/4427) trawl-server::store_pg schedule_for_missing_saved_query_is_not_found
        PASS [   0.058s] (3917/4427) trawl-server::store_pg schedule_rejects_sub_minute_interval
        PASS [   0.059s] (3918/4427) trawl-server::store_pg schedule_lag_without_window_is_refused
        PASS [   0.053s] (3919/4427) trawl-server::store_pg schedule_update
        PASS [   0.052s] (3920/4427) trawl-server::store_pg schedule_update_other_user_not_found
        PASS [   0.053s] (3921/4427) trawl-server::store_pg schedule_update_preserves_covered_through
        PASS [   0.582s] (3922/4427) trawl-server::store_pg repin_store::same_type_cutover_waits_on_a_racing_ack
        PASS [   0.052s] (3923/4427) trawl-server::store_pg schedule_user_isolation
        PASS [   0.055s] (3924/4427) trawl-server::store_pg schedule_update_reanchors_only_on_cadence_change
        PASS [   0.054s] (3925/4427) trawl-server::store_pg schedule_window_round_trips
        PASS [   0.060s] (3926/4427) trawl-server::store_pg since_last_watermark_is_seeded_at_the_origin_of_owed_coverage
        PASS [   0.064s] (3927/4427) trawl-server::store_pg sequential_run_prevention
        PASS [   0.061s] (3928/4427) trawl-server::store_pg start_and_finish_run
        PASS [   0.064s] (3929/4427) trawl-server::store_pg since_last_watermark_advances_only_on_success
        PASS [   0.026s] (3930/4427) trawl-server::timestamp_repair common::publish_dir_once_has_one_winner_under_thread_contention
        PASS [   0.011s] (3931/4427) trawl-server::timestamp_repair common::sweep_guards_parse_own_database_name
        PASS [   0.057s] (3932/4427) trawl-server::store_pg window_shape_rejects_null_kind_with_span
        PASS [   0.058s] (3933/4427) trawl-server::store_pg window_check_constraints_reject_partial_shapes
        PASS [   0.059s] (3934/4427) trawl-server::store_pg successful_run_selectors
        PASS [   0.003s] (3935/4427) trawl-server::bin/trawld tests::on_disk_env_dirs_lists_directories_only
        PASS [   0.003s] (3936/4427) trawl-server::bin/trawld tests::prepare_data_root_recovers_current_repin_before_returning
        PASS [   0.003s] (3937/4427) trawl-server::bin/trawld tests::prepare_data_root_refuses_epoch_or_wal_before_repin_cleanup
        PASS [   0.003s] (3938/4427) trawl-server::bin/trawld tests::retention_env_without_dir_flags_the_entry_with_no_directory
        PASS [   0.003s] (3939/4427) trawl-server::bin/trawld tests::retention_env_without_dir_is_silent_when_every_entry_has_one
        PASS [   0.003s] (3940/4427) trawl-server::bin/trawld tests::unlisted_env_dirs_names_dirs_outside_the_allowlist
        PASS [   0.014s] (3941/4427) trawl-web assets::tests::hashed_asset_detection
        PASS [   0.015s] (3942/4427) trawl-web assets::tests::absent_header_allows_only_identity
        PASS [   0.003s] (3943/4427) trawl-web assets::tests::quality_parser_accepts_http_grammar
        PASS [   0.004s] (3944/4427) trawl-web assets::tests::negotiates_by_quality_then_server_preference
        PASS [   0.003s] (3945/4427) trawl-web assets::tests::traversal_is_rejected
        PASS [   0.005s] (3946/4427) trawl-web config::tests::a_bad_configured_entry_is_refused_at_its_own_index
        PASS [   0.004s] (3947/4427) trawl-web config::tests::a_bad_environment_entry_fails_startup_naming_the_variable_and_index
        PASS [   0.003s] (3948/4427) trawl-web config::tests::a_configured_list_resolves_to_the_normalized_origins
        PASS [   0.004s] (3949/4427) trawl-web config::tests::a_long_allowlist_is_summarized_by_count_and_a_capped_sample
        PASS [   0.004s] (3950/4427) trawl-web config::tests::a_short_allowlist_is_shown_whole_with_no_suffix
        PASS [   0.004s] (3951/4427) trawl-web config::tests::absent_fleet_runtime_values_preserve_production_cookie_config
        PASS [   0.003s] (3952/4427) trawl-web config::tests::an_empty_allowlist_refuses_to_resolve_and_names_both_doors
        PASS [   0.004s] (3953/4427) trawl-web config::tests::an_environment_list_matching_the_file_is_noted_at_info_not_warned
        PASS [   0.004s] (3954/4427) trawl-web config::tests::an_unparseable_configured_list_is_a_displacement_and_warns
        PASS [   0.003s] (3955/4427) trawl-web config::tests::bind_addr_precedence_env_then_config_then_default
        PASS [   0.004s] (3956/4427) trawl-web config::tests::defaults_applied_when_web_section_carries_only_the_required_origin
        PASS [   0.003s] (3957/4427) trawl-web config::tests::explicit_fields_win
        PASS [   0.004s] (3958/4427) trawl-web config::tests::explicit_web_upstream_url_wins_over_server
        PASS [   0.004s] (3959/4427) trawl-web config::tests::file_load_errors_identify_paths_without_config_values
        PASS [   0.004s] (3960/4427) trawl-web config::tests::file_load_resolves_the_current_web_configuration
        PASS [   0.004s] (3961/4427) trawl-web config::tests::fleet_runtime_key_is_base64_parsed_and_wins_over_production_sources
        PASS [   0.003s] (3962/4427) trawl-web config::tests::key_from_file_loaded
        PASS [   0.003s] (3963/4427) trawl-web config::tests::localhost_runtime_is_insecure_and_explicitly_host_only
        PASS [   0.003s] (3964/4427) trawl-web config::tests::runtime_domain_can_explicitly_override_production_domain
        PASS [   0.003s] (3965/4427) trawl-web config::tests::runtime_parser_errors_keep_the_pre_hoist_config_error_surface
        PASS [   0.003s] (3966/4427) trawl-web config::tests::shared_domain_empty_or_absent_is_none
        PASS [   0.004s] (3967/4427) trawl-web config::tests::shared_domain_resolves_when_set
        PASS [   0.004s] (3968/4427) trawl-web config::tests::tailscale_runtime_is_secure_and_host_only
        PASS [   0.004s] (3969/4427) trawl-web config::tests::the_environment_alone_satisfies_the_requirement_without_warning
        PASS [   0.004s] (3970/4427) trawl-web config::tests::the_environment_replaces_the_configured_allowlist_and_says_so
        PASS [   0.004s] (3971/4427) trawl-web config::tests::upstream_url_derived_from_server_http_addr
        PASS [   0.003s] (3972/4427) trawl-web config::tests::upstream_url_falls_back_when_server_missing
        PASS [   0.003s] (3973/4427) trawl-web config::tests::upstream_url_handles_ipv6_bracketed
        PASS [   0.004s] (3974/4427) trawl-web config::tests::upstream_url_rewrites_ipv6_wildcard
        PASS [   0.004s] (3975/4427) trawl-web config::tests::upstream_url_rewrites_wildcard_bind
        PASS [   0.003s] (3976/4427) trawl-web middleware::session_extractor::tests::extract_bearer_case_insensitive
        PASS [   0.003s] (3977/4427) trawl-web middleware::session_extractor::tests::extract_bearer_rejects_empty_and_non_bearer
        PASS [   0.003s] (3978/4427) trawl-web middleware::session_extractor::tests::find_cookie_handles_whitespace
        PASS [   0.004s] (3979/4427) trawl-web middleware::session_extractor::tests::find_cookie_ignores_legacy_trawl_session
        PASS [   0.003s] (3980/4427) trawl-web middleware::session_extractor::tests::find_cookie_picks_named_pair
        PASS [   0.006s] (3981/4427) trawl-web routes::auth::tests::clear_cookie_attributes_match_issuance
        PASS [   0.005s] (3982/4427) trawl-web routes::auth::tests::login_accepts_valid_api_key
        PASS [   0.006s] (3983/4427) trawl-web routes::auth::tests::login_allows_the_configured_origin_but_rejects_an_sso_sibling
        PASS [   0.005s] (3984/4427) trawl-web routes::auth::tests::login_cookie_carries_domain_iff_shared_domain_set
        PASS [   0.006s] (3985/4427) trawl-web routes::auth::tests::login_cookie_is_fleet_auth_compatible_with_role_less_payload
        PASS [   0.005s] (3986/4427) trawl-web routes::auth::tests::login_no_trawl_grant_is_403_without_cookie
        PASS [   0.004s] (3987/4427) trawl-web routes::auth::tests::login_rejects_cross_origin
        PASS [   0.005s] (3988/4427) trawl-web routes::auth::tests::login_rejects_empty_api_key
        PASS [   0.005s] (3989/4427) trawl-web routes::auth::tests::login_rejects_wrong_api_key
        PASS [   0.006s] (3990/4427) trawl-web routes::auth::tests::login_secure_cookie_when_insecure_disabled
        PASS [   0.004s] (3991/4427) trawl-web routes::auth::tests::logout_allows_the_configured_origin_with_no_host_header_at_all
        PASS [   0.006s] (3992/4427) trawl-web routes::auth::tests::logout_clears_cookie
        PASS [   0.005s] (3993/4427) trawl-web routes::auth::tests::logout_rejects_a_foreign_origin_whatever_the_uri_authority_says
        PASS [   0.004s] (3994/4427) trawl-web routes::auth::tests::logout_rejects_cross_origin_without_clearing
        PASS [   0.005s] (3995/4427) trawl-web routes::auth::tests::logout_rejects_sso_sibling_origin_without_clearing
        PASS [   0.006s] (3996/4427) trawl-web routes::auth::tests::me_grant_removed_upstream_is_403_preserving_cookie
        PASS [   0.007s] (3997/4427) trawl-web routes::auth::tests::me_reflects_upstream_permission_change_between_calls
        PASS [   0.004s] (3998/4427) trawl-web routes::auth::tests::me_rejects_missing_cookie
        PASS [   0.005s] (3999/4427) trawl-web routes::auth::tests::me_rejects_tampered_cookie
        PASS [   0.006s] (4000/4427) trawl-web routes::auth::tests::me_returns_identity_from_live_whoami
        PASS [   0.006s] (4001/4427) trawl-web routes::auth::tests::me_upstream_401_clears_cookie
        PASS [   0.006s] (4002/4427) trawl-web routes::auth::tests::me_upstream_403_preserves_cookie
        PASS [   0.005s] (4003/4427) trawl-web routes::proxy::tests::forward_accepts_bearer_header
        PASS [   0.006s] (4004/4427) trawl-web routes::proxy::tests::forward_allows_cookie_authed_mutation_without_origin
        PASS [   0.006s] (4005/4427) trawl-web routes::proxy::tests::forward_allows_cookie_authed_same_origin_mutation
        PASS [   0.005s] (4006/4427) trawl-web routes::proxy::tests::forward_bearer_cross_origin_mutation_is_allowed
        PASS [   0.006s] (4007/4427) trawl-web routes::proxy::tests::forward_bearer_wins_over_cookie
        PASS [   0.005s] (4008/4427) trawl-web routes::proxy::tests::forward_injects_bearer_and_mirrors_status
        PASS [   0.006s] (4009/4427) trawl-web routes::proxy::tests::forward_preserves_upstream_4xx
        PASS [   0.005s] (4010/4427) trawl-web routes::proxy::tests::forward_rejects_cookie_authed_sibling_origin_mutation
        PASS [   0.005s] (4011/4427) trawl-web routes::proxy::tests::forward_rejects_empty_bearer
        PASS [   0.005s] (4012/4427) trawl-web routes::proxy::tests::forward_rejects_missing_cookie
        PASS [   0.006s] (4013/4427) trawl-web routes::proxy::tests::forward_strips_upstream_set_cookie_headers
        PASS [   0.005s] (4014/4427) trawl-web routes::proxy::tests::forward_upstream_401_with_bearer_does_not_clear
        PASS [   0.208s] (4015/4427) trawl-server::timestamp_repair offset_timestamp_canonicalized_to_utc_instant
        PASS [   0.005s] (4016/4427) trawl-web routes::proxy::tests::forward_upstream_403_preserves_cookie
        PASS [   0.006s] (4017/4427) trawl-web routes::proxy::tests::forward_upstream_401_with_session_preserves_cookie
        PASS [   0.005s] (4018/4427) trawl-web routes::proxy::tests::ingest_endpoint_is_always_404
        PASS [   0.004s] (4019/4427) trawl-web routes::proxy::tests::upstream_uri_preserves_query_string
        PASS [   0.006s] (4020/4427) trawl-web routes::proxy::tests::retired_api_namespace_is_not_routed_or_served_by_the_spa
        PASS [   0.006s] (4021/4427) trawl-web routes::stream::tests::dashboard_stream_forwards_body_with_sse_headers
        PASS [   0.005s] (4022/4427) trawl-web routes::stream::tests::dashboard_stream_rejects_missing_cookie
        PASS [   0.004s] (4023/4427) trawl-web routes::stream::tests::remaining_ttl_handles_max_exp
        PASS [   0.006s] (4024/4427) trawl-web routes::stream::tests::dashboard_stream_upstream_401_preserves_cookie
        PASS [   0.003s] (4025/4427) trawl-web routes::stream::tests::remaining_ttl_positive_when_exp_in_future
        PASS [   0.003s] (4026/4427) trawl-web routes::stream::tests::remaining_ttl_zero_when_exp_at_or_past_now
        PASS [   0.005s] (4027/4427) trawl-web routes::stream::tests::stream_accepts_bearer_header
        PASS [   0.005s] (4028/4427) trawl-web routes::stream::tests::stream_deadline_cuts_long_running_body
        PASS [   0.006s] (4029/4427) trawl-web routes::stream::tests::stream_forwards_upstream_body_with_sse_headers
        PASS [   0.006s] (4030/4427) trawl-web routes::stream::tests::stream_maps_upstream_401_to_401
        PASS [   0.006s] (4031/4427) trawl-web routes::stream::tests::stream_preserves_upstream_400_for_bad_query
        PASS [   0.006s] (4032/4427) trawl-web routes::stream::tests::stream_preserves_upstream_429_for_rate_limit
        PASS [   0.005s] (4033/4427) trawl-web routes::stream::tests::stream_rejects_missing_cookie
        PASS [   0.006s] (4034/4427) trawl-web routes::stream::tests::stream_upstream_401_with_session_preserves_cookie
        PASS [   0.006s] (4035/4427) trawl-web routes::stream::tests::stream_upstream_403_preserves_cookie
        PASS [   0.006s] (4036/4427) trawl-web routes::stream::tests::stream_upstream_500_is_not_masked_as_502
        PASS [   0.004s] (4037/4427) trawl-web state::tests::localhost_cookie_shape_is_insecure_and_host_only
        PASS [   0.004s] (4038/4427) trawl-web state::tests::tailscale_cookie_shape_is_secure_and_host_only
        PASS [   0.011s] (4039/4427) trawl-web::asset_delivery spa_deep_link_uses_compressed_no_cache_index
        PASS [   0.012s] (4040/4427) trawl-web::asset_delivery gzip_fallback_and_conditional_request_work
        PASS [   0.008s] (4041/4427) trawl-web::asset_delivery wasm_prefers_brotli_and_preserves_wasm_metadata
        PASS [   0.004s] (4042/4427) trawl-web::log_filter_contract trawld_filter_would_silence_the_sidecar
        PASS [   0.013s] (4043/4427) trawl-web::origin_guard a_bearer_client_is_exempt_from_the_guard
        PASS [   0.260s] (4044/4427) trawl-server::timestamp_repair trigger_variants_survive_ingest_compact_query
        PASS [   0.006s] (4045/4427) trawl-web::origin_guard a_refused_origin_is_403_with_no_cookie_and_no_upstream_call
        PASS [   0.033s] (4046/4427) trawl-web::log_filter_contract chart_sidecar_filter_matches_the_binary_default
        PASS [   0.015s] (4047/4427) trawl-web::origin_guard a_configured_origin_reaches_the_handler
        PASS [   0.034s] (4048/4427) trawl-web::log_filter_contract representative_trawl_web_events_pass_the_installed_chart_filter
        PASS [   0.006s] (4049/4427) trawl-web::origin_guard a_refused_origin_outranks_every_cookie_state
        PASS [   0.005s] (4050/4427) trawl-web::origin_guard a_rooted_origin_is_its_own_spelling_end_to_end
        PASS [   0.006s] (4051/4427) trawl-web::origin_guard an_allowed_origin_keeps_the_existing_cookie_answers
        PASS [   0.007s] (4052/4427) trawl-web::origin_guard an_absent_origin_passes_every_route
        PASS [   0.008s] (4053/4427) trawl-web::origin_guard forged_forwarding_headers_move_no_verdict
        PASS [   0.005s] (4054/4427) trawl-web::origin_guard two_origin_headers_are_refused_even_when_both_are_configured
        PASS [   0.004s] (4055/4427) trawl-web::public_origins_packaging_contract the_chart_quick_start_forwards_the_port_its_origin_names
        PASS [   0.005s] (4056/4427) trawl-web::public_origins_packaging_contract every_documented_example_loads
        PASS [   0.004s] (4057/4427) trawl-web::public_origins_packaging_contract the_debian_config_states_origins_that_load
        PASS [   0.008s] (4058/4427) trawl-web::security_headers every_response_has_csp_and_friends
        PASS [   0.005s] (4059/4427) trawl-web::security_headers unauthorized_responses_still_carry_security_headers
        PASS [   0.008s] (4060/4427) trawl-web::session_lifecycle expired_cookie_in_prod_mode_includes_secure
        PASS [   0.008s] (4061/4427) trawl-web::session_lifecycle expired_session_returns_401_with_clear_cookie
        PASS [   0.583s] (4062/4427) trawl-server::store_pg schedule_put_and_saved_put_cannot_commit_the_forbidden_pair
        PASS [   0.004s] (4063/4427) trawl-web::session_lifecycle missing_cookie_does_not_send_set_cookie
        PASS [   0.005s] (4064/4427) trawl-web::session_lifecycle tampered_cookie_does_not_send_set_cookie
        PASS [   0.004s] (4065/4427) trawl-web-ui::css_move_invariant app_control_fills_read_the_fill_token
        PASS [   0.003s] (4066/4427) trawl-web-ui::css_move_invariant moved_selectors_absent_from_app_css
        PASS [   0.003s] (4067/4427) trawl-web-ui::css_move_invariant no_custom_property_defined_in_both_stylesheets
        PASS [   0.004s] (4068/4427) trawl-web-ui::css_move_invariant no_selector_defined_in_both_stylesheets
        PASS [   0.029s] (4069/4427) trawl-web::public_origins_packaging_contract the_chart_refuses_an_enabled_sidecar_with_no_origins
        PASS [   0.004s] (4070/4427) trawl-web-ui::css_move_invariant retired_selectors_absent_from_both_stylesheets
        PASS [   0.004s] (4071/4427) trawl-web-ui::e2e_selector_contract comment_stripped_hides_prose_and_keeps_markup
        PASS [   0.003s] (4072/4427) trawl-web-ui::e2e_selector_contract every_selectors_ts_entry_is_pinned
        PASS [   0.006s] (4073/4427) trawl-web-ui::e2e_selector_contract every_selector_assignment_appears_in_selectors_ts
        PASS [   0.007s] (4074/4427) trawl-web-ui::e2e_selector_contract every_selector_and_pin_key_is_declared_once
        PASS [   0.003s] (4075/4427) trawl-web-ui::e2e_selector_contract the_key_scan_reads_nesting_strings_and_comments
        PASS [   0.005s] (4076/4427) trawl-web-ui::e2e_wire_fixture_contract catalog_field_fixture_decodes
        PASS [   0.005s] (4077/4427) trawl-web-ui::e2e_wire_fixture_contract created_saved_query_fixture_preserves_the_editor_text
        PASS [   0.006s] (4078/4427) trawl-web-ui::e2e_wire_fixture_contract drawer_query::tests::a_field_named_count_gets_a_non_colliding_query
        PASS [   0.003s] (4079/4427) trawl-web-ui::e2e_wire_fixture_contract drawer_query::tests::aliases_are_positional_and_never_the_field_name
        PASS [   0.003s] (4080/4427) trawl-web-ui::e2e_wire_fixture_contract drawer_query::tests::cardinality_decodes_by_position
        PASS [   0.003s] (4081/4427) trawl-web-ui::e2e_wire_fixture_contract drawer_query::tests::every_name_position_uses_the_shared_renderer
        PASS [   0.004s] (4082/4427) trawl-web-ui::e2e_wire_fixture_contract drawer_query::tests::reserved_fields_are_aliased_and_accepted
        PASS [   0.006s] (4083/4427) trawl-web-ui::e2e_wire_fixture_contract drawer_query::tests::composed_queries_are_accepted_for_hostile_names
        PASS [   0.003s] (4084/4427) trawl-web-ui::e2e_wire_fixture_contract drawer_query::tests::unnameable_fields_issue_no_query
        PASS [   0.003s] (4085/4427) trawl-web-ui::e2e_wire_fixture_contract health_page_fixtures_decode_and_exercise_permissions_and_failures
        PASS [   0.003s] (4086/4427) trawl-web-ui::e2e_wire_fixture_contract histogram::tests::align_always_returns_a_full_grid
        PASS [   0.003s] (4087/4427) trawl-web-ui::e2e_wire_fixture_contract histogram::tests::align_drops_rows_older_than_the_window
        PASS [   0.003s] (4088/4427) trawl-web-ui::e2e_wire_fixture_contract histogram::tests::align_floors_unaligned_rows_and_sums_collisions
        PASS [   0.003s] (4089/4427) trawl-web-ui::e2e_wire_fixture_contract histogram::tests::align_rejects_degenerate_input
        PASS [   0.003s] (4090/4427) trawl-web-ui::e2e_wire_fixture_contract histogram::tests::align_slots_are_contiguous_and_ascending
        PASS [   0.003s] (4091/4427) trawl-web-ui::e2e_wire_fixture_contract histogram::tests::axis_labels_are_the_first_start_the_midpoint_and_the_last_end
        PASS [   0.003s] (4092/4427) trawl-web-ui::e2e_wire_fixture_contract histogram::tests::bucket_time_rounds_outward_to_milliseconds
        PASS [   0.003s] (4093/4427) trawl-web-ui::e2e_wire_fixture_contract histogram::tests::distributes_across_buckets
        PASS [   0.003s] (4094/4427) trawl-web-ui::e2e_wire_fixture_contract histogram::tests::empty_input_returns_no_series
        PASS [   0.060s] (4095/4427) trawl-web::public_origins_packaging_contract the_chart_renders_the_origins_it_is_given
        PASS [   0.003s] (4096/4427) trawl-web-ui::e2e_wire_fixture_contract histogram::tests::hours_within_a_day_are_distinct_and_ordered
        PASS [   0.003s] (4097/4427) trawl-web-ui::e2e_wire_fixture_contract histogram::tests::identical_timestamps_widen_to_one_second
        PASS [   0.003s] (4098/4427) trawl-web-ui::e2e_wire_fixture_contract histogram::tests::last_event_lands_in_last_bucket
        PASS [   0.003s] (4099/4427) trawl-web-ui::e2e_wire_fixture_contract histogram::tests::parses_a_known_instant
        PASS [   0.003s] (4100/4427) trawl-web-ui::e2e_wire_fixture_contract histogram::tests::parses_rfc3339_and_ignores_fraction_and_zone
        PASS [   0.003s] (4101/4427) trawl-web-ui::e2e_wire_fixture_contract histogram::tests::parses_the_executor_display_format
        PASS [   0.003s] (4102/4427) trawl-web-ui::e2e_wire_fixture_contract histogram::tests::rejects_unparseable_timestamps
        PASS [   0.003s] (4103/4427) trawl-web-ui::e2e_wire_fixture_contract histogram::tests::series_bounds_are_the_observed_extent
        PASS [   0.003s] (4104/4427) trawl-web-ui::e2e_wire_fixture_contract histogram::tests::single_event_lands_in_first_bucket
        PASS [   0.003s] (4105/4427) trawl-web-ui::e2e_wire_fixture_contract histogram::tests::zero_buckets_returns_no_series
        PASS [   0.003s] (4106/4427) trawl-web-ui::e2e_wire_fixture_contract history_export_clear_fixtures_match_wire_types_and_test_cases
        PASS [   0.004s] (4107/4427) trawl-web-ui::e2e_wire_fixture_contract pagination_run_fixtures_have_three_matching_rows
        PASS [   0.003s] (4108/4427) trawl-web-ui::e2e_wire_fixture_contract repin_status_fixtures_decode_as_a_running_job_and_its_twin
        PASS [   0.003s] (4109/4427) trawl-web-ui::e2e_wire_fixture_contract result_actions_fixture_has_numeric_and_null_aggregate_cells
        PASS [   0.003s] (4110/4427) trawl-web-ui::e2e_wire_fixture_contract service_schema_fixture_decodes
        PASS [   0.003s] (4111/4427) trawl-web-ui::e2e_wire_fixture_contract the_corpus_drawer_fixtures_decode
        PASS [   0.003s] (4112/4427) trawl-web-ui::e2e_wire_fixture_contract the_corpus_history_fixture_carries_an_over_bound_query
        PASS [   0.003s] (4113/4427) trawl-web-ui::e2e_wire_fixture_contract the_corpus_rows_fixture_carries_a_facetable_page
        PASS [   0.003s] (4114/4427) trawl-web-ui::e2e_wire_fixture_contract the_corpus_run_fixtures_decode
        PASS [   0.003s] (4115/4427) trawl-web-ui::e2e_wire_fixture_contract the_corpus_service_schema_marks_one_column_degraded
        PASS [   0.003s] (4116/4427) trawl-web-ui::e2e_wire_fixture_contract the_corpus_timechart_fixture_lands_on_the_drawer_grid
        PASS [   0.003s] (4117/4427) trawl-web-ui::e2e_wire_fixture_contract the_paged_run_fixture_carries_more_rows_than_one_preview_page
        PASS [   0.003s] (4118/4427) trawl-web-ui::e2e_wire_fixture_contract the_populated_scenario_carries_one_service_and_one_net
        PASS [   0.003s] (4119/4427) trawl-web-ui::e2e_wire_fixture_contract the_query_shapes_match_the_dsl_the_drawer_builds
        PASS [   0.003s] (4120/4427) trawl-web-ui::e2e_wire_fixture_contract the_schedule_put_fixtures_decode_as_their_wire_types
        PASS [   0.003s] (4121/4427) trawl-web-ui::e2e_wire_fixture_contract the_schedule_scenario_carries_a_windowed_net_and_an_unwindowed_one
        PASS [   0.004s] (4122/4427) trawl-web-ui::native_control_contract a_commented_out_pseudo_button_does_not_trip_the_scan
        PASS [   0.003s] (4123/4427) trawl-web-ui::native_control_contract a_multi_line_opening_tag_is_read_whole
        PASS [   0.003s] (4124/4427) trawl-web-ui::native_control_contract a_rust_expression_in_an_attribute_does_not_end_the_tag_early
        PASS [   0.003s] (4125/4427) trawl-web-ui::native_control_contract a_scrim_in_the_app_is_still_detected
        PASS [   0.003s] (4126/4427) trawl-web-ui::retired_surface_route_contract retired_surface_falls_through_to_the_not_found_view
        PASS [   0.005s] (4127/4427) trawl-web-ui::bin/trawl-web-ui completion::tests::no_completion_inside_literals_or_comments
        PASS [   0.004s] (4128/4427) trawl-web-ui::bin/trawl-web-ui completion::tests::stages_and_expressions
        PASS [   0.004s] (4129/4427) trawl-web-ui::bin/trawl-web-ui context_query::tests::historical_context_has_its_own_absolute_window
        PASS [   0.003s] (4130/4427) trawl-web-ui::bin/trawl-web-ui context_query::tests::sender_timestamp_and_null_host_are_not_canonical_metadata
        PASS [   0.013s] (4131/4427) trawl-web-ui::settings_disposition_contract settings_placeholder_is_removed_from_ui_source
        PASS [   0.003s] (4132/4427) trawl-web-ui::bin/trawl-web-ui dashboard_state::callback_order_tests::bootstrap_failure_survives_stream_errors_in_both_callback_orders
        PASS [   0.003s] (4133/4427) trawl-web-ui::bin/trawl-web-ui dashboard_state::callback_order_tests::empty_feed_waits_through_reconnect_and_503_in_both_orders
        PASS [   0.003s] (4134/4427) trawl-web-ui::bin/trawl-web-ui dashboard_state::callback_order_tests::forbidden_survives_stream_errors_in_both_callback_orders
        PASS [   0.003s] (4135/4427) trawl-web-ui::bin/trawl-web-ui dashboard_state::callback_order_tests::only_existing_snapshots_become_stale_and_permanent_close_fails
        PASS [   0.003s] (4136/4427) trawl-web-ui::bin/trawl-web-ui dashboard_state::tests::stream_authority_survives_delayed_bootstrap_and_reconnect
        PASS [   0.003s] (4137/4427) trawl-web-ui::bin/trawl-web-ui dashboard_state::tests::waiting_503_recovers_and_bootstrap_never_claims_live
        PASS [   0.020s] (4138/4427) trawl-web-ui::native_control_contract no_app_pseudo_button_survives
        PASS [   0.003s] (4139/4427) trawl-web-ui::bin/trawl-web-ui drawer_query::tests::aliases_are_positional_and_never_the_field_name
        PASS [   0.004s] (4140/4427) trawl-web-ui::bin/trawl-web-ui drawer_query::tests::a_field_named_count_gets_a_non_colliding_query
        PASS [   0.003s] (4141/4427) trawl-web-ui::bin/trawl-web-ui drawer_query::tests::cardinality_decodes_by_position
        PASS [   0.003s] (4142/4427) trawl-web-ui::bin/trawl-web-ui drawer_query::tests::every_name_position_uses_the_shared_renderer
        PASS [   0.004s] (4143/4427) trawl-web-ui::bin/trawl-web-ui drawer_query::tests::reserved_fields_are_aliased_and_accepted
        PASS [   0.005s] (4144/4427) trawl-web-ui::bin/trawl-web-ui drawer_query::tests::composed_queries_are_accepted_for_hostile_names
        PASS [   0.003s] (4145/4427) trawl-web-ui::bin/trawl-web-ui drawer_query::tests::unnameable_fields_issue_no_query
        PASS [   0.004s] (4146/4427) trawl-web-ui::bin/trawl-web-ui facets::tests::a_plain_search_on_an_integer_field_is_not_aggregation_shaped
        PASS [   0.003s] (4147/4427) trawl-web-ui::bin/trawl-web-ui facets::tests::alphabetic_tiebreak_on_equal_counts
        PASS [   0.003s] (4148/4427) trawl-web-ui::bin/trawl-web-ui facets::tests::an_aggregation_result_would_facet_its_aggregate_column
        PASS [   0.003s] (4149/4427) trawl-web-ui::bin/trawl-web-ui facets::tests::caps_at_top_n
        PASS [   0.003s] (4150/4427) trawl-web-ui::bin/trawl-web-ui facets::tests::counts_strings_descending
        PASS [   0.003s] (4151/4427) trawl-web-ui::bin/trawl-web-ui facets::tests::mixes_integer_boolean_and_string
        PASS [   0.003s] (4152/4427) trawl-web-ui::bin/trawl-web-ui facets::tests::skips_floats_and_arrays_and_nulls
        PASS [   0.004s] (4153/4427) trawl-web-ui::bin/trawl-web-ui facets::tests::stats_by_is_aggregation_shaped
        PASS [   0.003s] (4154/4427) trawl-web-ui::bin/trawl-web-ui filter_codec::tests::a_positional_array_record_is_not_a_filter
        PASS [   0.003s] (4155/4427) trawl-web-ui::bin/trawl-web-ui filter_codec::tests::an_unwritable_record_fails_the_whole_payload
        PASS [   0.004s] (4156/4427) trawl-web-ui::bin/trawl-web-ui filter_codec::tests::arbitrary_names_and_values_round_trip_without_url_structure
        PASS [   0.003s] (4157/4427) trawl-web-ui::bin/trawl-web-ui filter_codec::tests::legacy_and_malformed_payloads_are_distinguished
        PASS [   0.003s] (4158/4427) trawl-web-ui::bin/trawl-web-ui histogram::tests::align_always_returns_a_full_grid
        PASS [   0.003s] (4159/4427) trawl-web-ui::bin/trawl-web-ui histogram::tests::align_drops_rows_older_than_the_window
        PASS [   0.003s] (4160/4427) trawl-web-ui::bin/trawl-web-ui histogram::tests::align_floors_unaligned_rows_and_sums_collisions
        PASS [   0.003s] (4161/4427) trawl-web-ui::bin/trawl-web-ui histogram::tests::align_rejects_degenerate_input
        PASS [   0.004s] (4162/4427) trawl-web-ui::bin/trawl-web-ui histogram::tests::align_slots_are_contiguous_and_ascending
        PASS [   0.003s] (4163/4427) trawl-web-ui::bin/trawl-web-ui histogram::tests::axis_labels_are_the_first_start_the_midpoint_and_the_last_end
        PASS [   0.003s] (4164/4427) trawl-web-ui::bin/trawl-web-ui histogram::tests::bucket_time_rounds_outward_to_milliseconds
        PASS [   0.003s] (4165/4427) trawl-web-ui::bin/trawl-web-ui histogram::tests::distributes_across_buckets
        PASS [   0.003s] (4166/4427) trawl-web-ui::bin/trawl-web-ui histogram::tests::empty_input_returns_no_series
        PASS [   0.003s] (4167/4427) trawl-web-ui::bin/trawl-web-ui histogram::tests::hours_within_a_day_are_distinct_and_ordered
        PASS [   0.003s] (4168/4427) trawl-web-ui::bin/trawl-web-ui histogram::tests::identical_timestamps_widen_to_one_second
        PASS [   0.003s] (4169/4427) trawl-web-ui::bin/trawl-web-ui histogram::tests::last_event_lands_in_last_bucket
        PASS [   0.003s] (4170/4427) trawl-web-ui::bin/trawl-web-ui histogram::tests::parses_a_known_instant
        PASS [   0.003s] (4171/4427) trawl-web-ui::bin/trawl-web-ui histogram::tests::parses_rfc3339_and_ignores_fraction_and_zone
        PASS [   0.003s] (4172/4427) trawl-web-ui::bin/trawl-web-ui histogram::tests::parses_the_executor_display_format
        PASS [   0.003s] (4173/4427) trawl-web-ui::bin/trawl-web-ui histogram::tests::rejects_unparseable_timestamps
        PASS [   0.003s] (4174/4427) trawl-web-ui::bin/trawl-web-ui histogram::tests::series_bounds_are_the_observed_extent
        PASS [   0.003s] (4175/4427) trawl-web-ui::bin/trawl-web-ui histogram::tests::single_event_lands_in_first_bucket
        PASS [   0.003s] (4176/4427) trawl-web-ui::bin/trawl-web-ui histogram::tests::zero_buckets_returns_no_series
        PASS [   0.003s] (4177/4427) trawl-web-ui::bin/trawl-web-ui history_export::tests::csv_formula_keeps_header_and_input_row_order
        PASS [   0.003s] (4178/4427) trawl-web-ui::bin/trawl-web-ui history_export::tests::csv_formula_neutralizes_all_six_prefixes_in_text_cells
        PASS [   0.003s] (4179/4427) trawl-web-ui::bin/trawl-web-ui history_export::tests::csv_formula_preserves_safe_and_empty_text_and_numeric_cells
        PASS [   0.003s] (4180/4427) trawl-web-ui::bin/trawl-web-ui history_export::tests::csv_formula_quotes_after_sanitizing_and_preserves_unicode
        PASS [   0.003s] (4181/4427) trawl-web-ui::bin/trawl-web-ui history_export::tests::formats_name_downloads_and_media_types
        PASS [   0.003s] (4182/4427) trawl-web-ui::bin/trawl-web-ui history_export::tests::json_keeps_original_entry_objects_and_order
        PASS [   0.003s] (4183/4427) trawl-web-ui::bin/trawl-web-ui notice_key::tests::either_half_changing_is_a_new_notice
        PASS [   0.003s] (4184/4427) trawl-web-ui::bin/trawl-web-ui notice_key::tests::field_order_and_duplicates_do_not_matter
        PASS [   0.003s] (4185/4427) trawl-web-ui::bin/trawl-web-ui notice_key::tests::multibyte_names_are_prefixed_in_bytes_not_chars
        PASS [   0.111s] (4186/4427) trawl-web-ui::e2e_selector_contract every_source_hook_still_exists
        PASS [   0.003s] (4187/4427) trawl-web-ui::bin/trawl-web-ui notice_key::tests::parts_cannot_run_together
        PASS [   0.003s] (4188/4427) trawl-web-ui::bin/trawl-web-ui notice_key::tests::same_query_and_set_is_the_same_notice
        PASS [   0.003s] (4189/4427) trawl-web-ui::bin/trawl-web-ui offset::tests::ascii_is_identity
        PASS [   0.003s] (4190/4427) trawl-web-ui::bin/trawl-web-ui offset::tests::astral_chars_are_two_utf16_units
        PASS [   0.003s] (4191/4427) trawl-web-ui::bin/trawl-web-ui offset::tests::bmp_multibyte_utf8_single_utf16_unit
        PASS [   0.003s] (4192/4427) trawl-web-ui::bin/trawl-web-ui offset::tests::empty_string_returns_zero
        PASS [   0.003s] (4193/4427) trawl-web-ui::bin/trawl-web-ui offset::tests::every_utf16_offset_yields_char_boundary
        PASS [   0.003s] (4194/4427) trawl-web-ui::bin/trawl-web-ui offset::tests::out_of_bounds_clamps_to_end
        PASS [   0.003s] (4195/4427) trawl-web-ui::bin/trawl-web-ui offset::tests::round_trip_astral_in_middle
        PASS [   0.003s] (4196/4427) trawl-web-ui::bin/trawl-web-ui perms::query_tests::query_and_cancel_permissions_are_independent
        PASS [   0.003s] (4197/4427) trawl-web-ui::bin/trawl-web-ui perms::tests::admin_requires_server_manage
        PASS [   0.003s] (4198/4427) trawl-web-ui::bin/trawl-web-ui perms::tests::schema_read_is_its_own_permission
        PASS [   0.003s] (4199/4427) trawl-web-ui::bin/trawl-web-ui perms::tests::schema_write_is_its_own_permission
        PASS [   0.003s] (4200/4427) trawl-web-ui::bin/trawl-web-ui query_merge::tests::a_comment_is_not_read_as_grammar
        PASS [   0.003s] (4201/4427) trawl-web-ui::bin/trawl-web-ui query_merge::tests::a_dsl_last_clause_wins_over_the_quick_range
        PASS [   0.003s] (4202/4427) trawl-web-ui::bin/trawl-web-ui query_merge::tests::a_pipeline_is_not_swallowed_by_an_open_comment
        PASS [   0.003s] (4203/4427) trawl-web-ui::bin/trawl-web-ui query_merge::tests::a_quoted_clause_value_is_unescaped_once
        PASS [   0.003s] (4204/4427) trawl-web-ui::bin/trawl-web-ui query_merge::tests::a_quoted_or_backticked_lookalike_falls_through_to_the_range
        PASS [   0.003s] (4205/4427) trawl-web-ui::bin/trawl-web-ui query_merge::tests::a_time_clause_in_the_pipeline_is_not_the_search_stage_window
        PASS [   0.004s] (4206/4427) trawl-web-ui::bin/trawl-web-ui query_merge::tests::absolute_bounds_pass_through_the_dsl_escaper
        PASS [   0.003s] (4207/4427) trawl-web-ui::bin/trawl-web-ui query_merge::tests::absolute_range_emits_canonical_time_clauses
        PASS [   0.004s] (4208/4427) trawl-web-ui::bin/trawl-web-ui query_merge::tests::absolute_dsl_bounds_suppress_quick_range
        PASS [   0.003s] (4209/4427) trawl-web-ui::bin/trawl-web-ui query_merge::tests::absolute_range_overrides_existing_last_clause
        PASS [   0.003s] (4210/4427) trawl-web-ui::bin/trawl-web-ui query_merge::tests::absolute_range_to_now_elides_upper_bound
        PASS [   0.003s] (4211/4427) trawl-web-ui::bin/trawl-web-ui query_merge::tests::absolute_time_lookalikes_do_not_suppress_quick_range
        PASS [   0.003s] (4212/4427) trawl-web-ui::bin/trawl-web-ui query_merge::tests::an_absolute_range_names_itself_and_any_dsl_clause_beside_it
        PASS [   0.003s] (4213/4427) trawl-web-ui::bin/trawl-web-ui query_merge::tests::backticked_last_field_does_not_suppress_range
        PASS [   0.003s] (4214/4427) trawl-web-ui::bin/trawl-web-ui query_merge::tests::base_only_passes_through
        PASS [   0.003s] (4215/4427) trawl-web-ui::bin/trawl-web-ui query_merge::tests::default_range_is_15m
        PASS [   0.003s] (4216/4427) trawl-web-ui::bin/trawl-web-ui query_merge::tests::earliest_and_latest_are_both_read_in_written_order
        PASS [   0.003s] (4217/4427) trawl-web-ui::bin/trawl-web-ui query_merge::tests::empty_base_yields_empty
        PASS [   0.003s] (4218/4427) trawl-web-ui::bin/trawl-web-ui query_merge::tests::existing_last_case_insensitive
        PASS [   0.003s] (4219/4427) trawl-web-ui::bin/trawl-web-ui query_merge::tests::existing_last_suppresses_range
        PASS [   0.003s] (4220/4427) trawl-web-ui::bin/trawl-web-ui query_merge::tests::filter_field_is_rendered_through_the_dsl_renderer
        PASS [   0.003s] (4221/4427) trawl-web-ui::bin/trawl-web-ui query_merge::tests::filter_op_prefix_is_stable
        PASS [   0.003s] (4222/4427) trawl-web-ui::bin/trawl-web-ui query_merge::tests::filters_and_range_prepend_to_search_stage
        PASS [   0.003s] (4223/4427) trawl-web-ui::bin/trawl-web-ui query_merge::tests::pipeline_only_base_gets_synthetic_search_stage
        PASS [   0.003s] (4224/4427) trawl-web-ui::bin/trawl-web-ui query_merge::tests::lookalike_token_does_not_suppress_range
        PASS [   0.003s] (4225/4427) trawl-web-ui::bin/trawl-web-ui query_merge::tests::quick_ranges_contains_default
        PASS [   0.003s] (4226/4427) trawl-web-ui::bin/trawl-web-ui query_merge::tests::split_respects_backticked_pipes
        PASS [   0.003s] (4227/4427) trawl-web-ui::bin/trawl-web-ui query_merge::tests::slashes_in_a_value_do_not_hide_the_last_clause
        PASS [   0.003s] (4228/4427) trawl-web-ui::bin/trawl-web-ui query_merge::tests::split_respects_regex_pipes
        PASS [   0.004s] (4229/4427) trawl-web-ui::bin/trawl-web-ui query_merge::tests::split_respects_quoted_pipes
        PASS [   0.003s] (4230/4427) trawl-web-ui::bin/trawl-web-ui query_merge::tests::split_without_pipe
        PASS [   0.003s] (4231/4427) trawl-web-ui::bin/trawl-web-ui query_merge::tests::the_scan_agrees_with_the_grammar_on_escapes_and_whitespace
        PASS [   0.003s] (4232/4427) trawl-web-ui::bin/trawl-web-ui query_merge::tests::the_window_agrees_with_the_merge_on_every_suppression
        PASS [   0.003s] (4233/4427) trawl-web-ui::bin/trawl-web-ui query_merge::tests::value_with_quote_is_escaped
        PASS [   0.003s] (4234/4427) trawl-web-ui::bin/trawl-web-ui query_merge::tests::unrepresentable_filter_names_contribute_no_query_logic
        PASS [   0.003s] (4235/4427) trawl-web-ui::bin/trawl-web-ui repin_flow::tests::a_conflict_carrying_a_plan_is_the_refusal
        PASS [   0.003s] (4236/4427) trawl-web-ui::bin/trawl-web-ui repin_flow::tests::a_conflict_carrying_neither_shape_is_not_invented_into_a_plan
        PASS [   0.003s] (4237/4427) trawl-web-ui::bin/trawl-web-ui repin_flow::tests::a_conflict_carrying_the_envelope_is_the_slot
        PASS [   0.003s] (4238/4427) trawl-web-ui::bin/trawl-web-ui repin_flow::tests::a_failed_probe_is_told_apart_from_a_route_that_answered
        PASS [   0.003s] (4239/4427) trawl-web-ui::bin/trawl-web-ui repin_flow::tests::a_job_is_toastable_exactly_once_per_page_load
        PASS [   0.003s] (4240/4427) trawl-web-ui::bin/trawl-web-ui repin_flow::tests::a_refusal_that_carries_ceilings_still_needs_a_fresh_forced_scan
        PASS [   0.003s] (4241/4427) trawl-web-ui::bin/trawl-web-ui repin_flow::tests::another_id_or_no_job_loses_the_trail
        PASS [   0.003s] (4242/4427) trawl-web-ui::bin/trawl-web-ui repin_flow::tests::only_a_4xx_proves_a_real_run_was_never_claimed
        PASS [   0.003s] (4243/4427) trawl-web-ui::bin/trawl-web-ui repin_flow::tests::only_a_refusal_for_an_offered_target_is_a_reusable_plan
        PASS [   0.003s] (4244/4427) trawl-web-ui::bin/trawl-web-ui repin_flow::tests::only_a_complete_ceiling_pair_can_be_restated
        PASS [   0.003s] (4245/4427) trawl-web-ui::bin/trawl-web-ui repin_flow::tests::our_job_running_keeps_polling_and_terminal_settles
        PASS [   0.003s] (4246/4427) trawl-web-ui::bin/trawl-web-ui repin_flow::tests::read_failures_retry_to_a_bound_then_give_up
        PASS [   0.003s] (4247/4427) trawl-web-ui::bin/trawl-web-ui repin_flow::tests::recovery_adopts_only_a_provably_own_job
        PASS [   0.003s] (4248/4427) trawl-web-ui::bin/trawl-web-ui repin_flow::tests::the_current_pin_is_never_offered_as_a_target
        PASS [   0.003s] (4249/4427) trawl-web-ui::bin/trawl-web-ui repin_flow::tests::recovery_never_adopts_a_job_it_cannot_prove_is_ours
        PASS [   0.003s] (4250/4427) trawl-web-ui::bin/trawl-web-ui repin_flow::tests::the_forced_rung_asks_for_numbers_once_and_then_binds_what_it_has
        PASS [   0.003s] (4251/4427) trawl-web-ui::bin/trawl-web-ui repin_flow::tests::the_selector_starts_on_the_suggestion_when_it_is_one
        PASS [   0.003s] (4252/4427) trawl-web-ui::bin/trawl-web-ui repin_flow::tests::the_slot_is_free_only_when_nothing_is_running
        PASS [   0.003s] (4253/4427) trawl-web-ui::bin/trawl-web-ui repin_hint::tests::hint_segments_lift_the_ticks_out_of_the_text
        PASS [   0.003s] (4254/4427) trawl-web-ui::bin/trawl-web-ui repin_hint::tests::only_running_is_non_terminal
        PASS [   0.003s] (4255/4427) trawl-web-ui::bin/trawl-web-ui repin_hint::tests::ordinary_names_get_a_bare_command
        PASS [   0.003s] (4256/4427) trawl-web-ui::bin/trawl-web-ui repin_hint::tests::shell_active_names_are_quoted
        PASS [   0.003s] (4257/4427) trawl-web-ui::bin/trawl-web-ui repin_hint::tests::unrenderable_or_flag_shaped_names_get_no_command
        PASS [   0.003s] (4258/4427) trawl-web-ui::bin/trawl-web-ui result_actions::tests::mixed_numbers_define_a_consistent_order_at_precision_boundaries
        PASS [   0.003s] (4259/4427) trawl-web-ui::bin/trawl-web-ui result_actions::tests::numeric_extremes
        PASS [   0.005s] (4260/4427) trawl-web-ui::bin/trawl-web-ui result_actions::tests::only_original_groups_allow_include
        PASS [   0.004s] (4261/4427) trawl-web-ui::bin/trawl-web-ui result_actions::tests::provenance_preserves_non_ascii_distinctions
        PASS [   0.004s] (4262/4427) trawl-web-ui::bin/trawl-web-ui result_actions::tests::saved_and_reaggregated_metrics_never_gain_input_provenance
        PASS [   0.005s] (4263/4427) trawl-web-ui::bin/trawl-web-ui result_actions::tests::raw_mutations_keep_only_unchanged_field_facets
        PASS [   0.003s] (4264/4427) trawl-web-ui::bin/trawl-web-ui schedule_edit::live_draft_tests::refresh_updates_clean_fields_and_keeps_dirty_fields_across_successive_reads
        PASS [   0.003s] (4265/4427) trawl-web-ui::bin/trawl-web-ui schedule_edit::tests::an_untouched_draft_repeats_the_server_pair
        PASS [   0.003s] (4266/4427) trawl-web-ui::bin/trawl-web-ui schedule_edit::tests::from_schedule_seeds_the_draft
        PASS [   0.008s] (4267/4427) trawl-web-ui::bin/trawl-web-ui result_actions::tests::provenance_uses_ascii_catalog_identity
        PASS [   0.003s] (4268/4427) trawl-web-ui::bin/trawl-web-ui schedule_edit::tests::local_refusals_send_nothing
        PASS [   0.003s] (4269/4427) trawl-web-ui::bin/trawl-web-ui schedule_edit::tests::preview_cap_names_the_gap_only_when_capped
        PASS [   0.003s] (4270/4427) trawl-web-ui::bin/trawl-web-ui schedule_edit::tests::query_mode_sends_neither_field
        PASS [   0.003s] (4271/4427) trawl-web-ui::bin/trawl-web-ui schedule_edit::tests::window_mode_ids_round_trip
        PASS [   0.003s] (4272/4427) trawl-web-ui::bin/trawl-web-ui schema_nav::tests::a_desynced_stack_replaces_and_is_left_intact
        PASS [   0.003s] (4273/4427) trawl-web-ui::bin/trawl-web-ui schema_nav::tests::back_pops_only_the_entry_this_page_pushed
        PASS [   0.003s] (4274/4427) trawl-web-ui::bin/trawl-web-ui schema_nav::tests::badge_ids_are_index_derived_and_distinct
        PASS [   0.003s] (4275/4427) trawl-web-ui::bin/trawl-web-ui schema_nav::tests::nested_drill_ins_pop_every_entry_they_pushed
        PASS [   0.003s] (4276/4427) trawl-web-ui::bin/trawl-web-ui schema_nav::tests::stab_cannot_smuggle_a_second_parameter
        PASS [   0.003s] (4277/4427) trawl-web-ui::bin/trawl-web-ui schema_nav::tests::stab_resolves_only_to_the_closed_vocabulary
        PASS [   0.003s] (4278/4427) trawl-web-ui::bin/trawl-web-ui search_status::tests::a_failed_snapshot_in_snapshot_mode_is_an_error
        PASS [   0.003s] (4279/4427) trawl-web-ui::bin/trawl-web-ui search_status::tests::a_failed_snapshot_still_pending_a_refetch_is_an_error_not_hauling
        PASS [   0.003s] (4280/4427) trawl-web-ui::bin/trawl-web-ui search_status::tests::a_failed_stream_in_live_is_an_error
        PASS [   0.003s] (4281/4427) trawl-web-ui::bin/trawl-web-ui search_status::tests::a_healthy_stream_is_live
        PASS [   0.003s] (4282/4427) trawl-web-ui::bin/trawl-web-ui search_status::tests::a_pending_snapshot_request_is_hauling
        PASS [   0.003s] (4283/4427) trawl-web-ui::bin/trawl-web-ui search_status::tests::a_pending_snapshot_underneath_live_does_not_read_hauling
        PASS [   0.003s] (4284/4427) trawl-web-ui::bin/trawl-web-ui search_status::tests::a_stale_snapshot_failure_does_not_reach_the_live_footer
        PASS [   0.003s] (4285/4427) trawl-web-ui::bin/trawl-web-ui search_status::tests::a_stale_stream_failure_does_not_reach_the_snapshot_footer
        PASS [   0.003s] (4286/4427) trawl-web-ui::bin/trawl-web-ui search_status::tests::an_idle_readable_snapshot_page_is_connected
        PASS [   0.003s] (4287/4427) trawl-web-ui::bin/trawl-web-ui search_status::tests::an_unreadable_link_is_connected_even_with_a_failure_on_the_page
        PASS [   0.003s] (4288/4427) trawl-web-ui::bin/trawl-web-ui search_status::tests::every_count_source_renders_its_own_label
        PASS [   0.003s] (4289/4427) trawl-web-ui::bin/trawl-web-ui search_url::tests::a_carried_value_survives_the_browser_unchanged
        PASS [   0.004s] (4290/4427) trawl-web-ui::bin/trawl-web-ui search_url::tests::a_dense_array_shaped_payload_inside_the_raw_cap_is_malformed
        PASS [   0.003s] (4291/4427) trawl-web-ui::bin/trawl-web-ui search_url::tests::a_duplicated_key_reads_as_its_first_value
        PASS [   0.003s] (4292/4427) trawl-web-ui::bin/trawl-web-ui search_url::tests::a_link_past_the_pair_cap_is_refused_whole
        PASS [   0.003s] (4293/4427) trawl-web-ui::bin/trawl-web-ui search_url::tests::a_field_the_dsl_cannot_spell_fails_the_whole_parameter
        PASS [   0.003s] (4294/4427) trawl-web-ui::bin/trawl-web-ui search_url::tests::a_live_url_carries_mode_and_no_page
        PASS [   0.003s] (4295/4427) trawl-web-ui::bin/trawl-web-ui search_url::tests::a_malformed_versioned_payload_is_not_zero_filters
        PASS [   0.003s] (4296/4427) trawl-web-ui::bin/trawl-web-ui search_url::tests::a_page_past_the_parse_reads_as_zero_and_one_past_the_offset_is_malformed
        PASS [   0.003s] (4297/4427) trawl-web-ui::bin/trawl-web-ui search_url::tests::a_page_repair_writes_page_zero_where_the_page_was
        PASS [   0.003s] (4298/4427) trawl-web-ui::bin/trawl-web-ui search_url::tests::a_percent_in_the_query_text_survives_exactly_one_decode
        PASS [   0.003s] (4299/4427) trawl-web-ui::bin/trawl-web-ui search_url::tests::a_quick_range_that_is_not_the_default_is_written
        PASS [   0.003s] (4300/4427) trawl-web-ui::bin/trawl-web-ui search_url::tests::a_raw_search_string_gives_the_verdicts_the_decoders_give
        PASS [   0.003s] (4301/4427) trawl-web-ui::bin/trawl-web-ui search_url::tests::a_readable_page_is_itself
        PASS [   0.003s] (4302/4427) trawl-web-ui::bin/trawl-web-ui search_url::tests::a_refusal_names_the_limit_it_hit
        PASS [   0.003s] (4303/4427) trawl-web-ui::bin/trawl-web-ui search_url::tests::a_repair_replaces_only_the_parameter_it_names
        PASS [   0.004s] (4304/4427) trawl-web-ui::bin/trawl-web-ui search_url::tests::a_refused_value_is_not_retained_past_the_display_window
        PASS [   0.003s] (4305/4427) trawl-web-ui::bin/trawl-web-ui search_url::tests::a_repaired_url_no_longer_names_the_parameter_it_repaired
        PASS [   0.003s] (4306/4427) trawl-web-ui::bin/trawl-web-ui search_url::tests::a_reversed_range_is_malformed
        PASS [   0.005s] (4307/4427) trawl-web-ui::bin/trawl-web-ui search_url::tests::a_repair_that_cannot_be_admitted_degrades_to_starting_over
        PASS [   0.003s] (4308/4427) trawl-web-ui::bin/trawl-web-ui search_url::tests::a_snapshot_url_carries_page_and_elides_the_default_range
        PASS [   0.004s] (4309/4427) trawl-web-ui::bin/trawl-web-ui search_url::tests::a_search_string_over_the_bound_is_one_verdict_and_nothing_else
        PASS [   0.003s] (4310/4427) trawl-web-ui::bin/trawl-web-ui search_url::tests::a_value_decodes_by_the_form_urlencoded_rules
        PASS [   0.003s] (4311/4427) trawl-web-ui::bin/trawl-web-ui search_url::tests::an_absent_or_empty_f_is_absent
        PASS [   0.003s] (4312/4427) trawl-web-ui::bin/trawl-web-ui search_url::tests::an_already_encoded_value_is_encoded_again
        PASS [   0.003s] (4313/4427) trawl-web-ui::bin/trawl-web-ui search_url::tests::an_absolute_range_round_trips_readably
        PASS [   0.003s] (4314/4427) trawl-web-ui::bin/trawl-web-ui search_url::tests::an_empty_or_blank_query_never_executes
        PASS [   0.003s] (4315/4427) trawl-web-ui::bin/trawl-web-ui search_url::tests::an_empty_r_is_absent
        PASS [   0.003s] (4316/4427) trawl-web-ui::bin/trawl-web-ui search_url::tests::an_offset_bearing_bound_is_normalized_on_write
        PASS [   0.003s] (4317/4427) trawl-web-ui::bin/trawl-web-ui search_url::tests::an_unreadable_page_is_page_zero
        PASS [   0.003s] (4318/4427) trawl-web-ui::bin/trawl-web-ui search_url::tests::an_oversized_range_never_reaches_the_parser
        PASS [   0.003s] (4319/4427) trawl-web-ui::bin/trawl-web-ui search_url::tests::an_unwritable_record_fails_the_whole_parameter
        PASS [   0.003s] (4320/4427) trawl-web-ui::bin/trawl-web-ui search_url::tests::dialog_range_admission_keeps_app_policy_and_canonical_bounds
        PASS [   0.004s] (4321/4427) trawl-web-ui::bin/trawl-web-ui search_url::tests::empty_pairs_neither_bypass_the_cap_nor_count_against_it
        PASS [   0.003s] (4322/4427) trawl-web-ui::bin/trawl-web-ui search_url::tests::every_quick_label_round_trips
        PASS [   0.003s] (4323/4427) trawl-web-ui::bin/trawl-web-ui search_url::tests::filters_and_a_non_default_range_are_written_raw
        PASS [   0.003s] (4324/4427) trawl-web-ui::bin/trawl-web-ui search_url::tests::filters_round_trip_through_the_versioned_payload
        PASS [   0.003s] (4325/4427) trawl-web-ui::bin/trawl-web-ui search_url::tests::multibyte_strings_encode_per_utf8_byte
        PASS [   0.003s] (4326/4427) trawl-web-ui::bin/trawl-web-ui search_url::tests::history_page_uses_single_decode_and_checked_offset
        PASS [   0.003s] (4327/4427) trawl-web-ui::bin/trawl-web-ui search_url::tests::now_is_allowed_on_the_right_only
        PASS [   0.003s] (4328/4427) trawl-web-ui::bin/trawl-web-ui search_url::tests::only_the_canonical_instant_spelling_reads
        PASS [   0.003s] (4329/4427) trawl-web-ui::bin/trawl-web-ui search_url::tests::only_the_known_parameters_are_read
        PASS [   0.003s] (4330/4427) trawl-web-ui::bin/trawl-web-ui search_url::tests::the_banner_names_the_parameter_and_truncates_the_raw_value
        PASS [   0.004s] (4331/4427) trawl-web-ui::bin/trawl-web-ui search_url::tests::the_field_and_value_caps_are_inclusive
        PASS [   0.005s] (4332/4427) trawl-web-ui::bin/trawl-web-ui search_url::tests::the_boundary_holds_for_the_character_the_browser_re_encodes
        PASS [   0.003s] (4333/4427) trawl-web-ui::bin/trawl-web-ui search_url::tests::the_legacy_plain_text_form_is_malformed
        PASS [   0.004s] (4334/4427) trawl-web-ui::bin/trawl-web-ui search_url::tests::the_filter_count_cap_is_inclusive
        PASS [   0.003s] (4335/4427) trawl-web-ui::bin/trawl-web-ui search_url::tests::the_offset_ceiling_is_the_same_on_every_target
        PASS [   0.003s] (4336/4427) trawl-web-ui::bin/trawl-web-ui search_url::tests::the_pair_split_follows_url_search_params
        PASS [   0.004s] (4337/4427) trawl-web-ui::bin/trawl-web-ui search_url::tests::the_producer_and_the_reader_share_one_boundary
        PASS [   0.004s] (4338/4427) trawl-web-ui::bin/trawl-web-ui search_url::tests::the_producer_refuses_a_link_the_reader_would_refuse
        PASS [   0.003s] (4339/4427) trawl-web-ui::bin/trawl-web-ui search_url::tests::the_raw_payload_cap_is_checked_before_decoding
        PASS [   0.007s] (4340/4427) trawl-web-ui::bin/trawl-web-ui search_url::tests::the_producer_admits_exactly_what_the_reader_reads
        PASS [   0.003s] (4341/4427) trawl-web-ui::bin/trawl-web-ui search_url::tests::the_reserved_set_encodes_to_the_pinned_literal
        PASS [   0.003s] (4342/4427) trawl-web-ui::bin/trawl-web-ui search_url::tests::the_retired_abs_form_is_just_unreadable
        PASS [   0.003s] (4343/4427) trawl-web-ui::bin/trawl-web-ui search_url::tests::the_search_length_bound_is_inclusive
        PASS [   0.003s] (4344/4427) trawl-web-ui::bin/trawl-web-ui service_card_fmt::tests::cov_pct_handles_zero_total
        PASS [   0.003s] (4345/4427) trawl-web-ui::bin/trawl-web-ui service_card_fmt::tests::avg_cov_permille_averages_columns
        PASS [   0.003s] (4346/4427) trawl-web-ui::bin/trawl-web-ui service_card_fmt::tests::degraded_reads_only_the_server_stamped_list
        PASS [   0.003s] (4347/4427) trawl-web-ui::bin/trawl-web-ui service_card_fmt::tests::format_bytes_compacts
        PASS [   0.003s] (4348/4427) trawl-web-ui::bin/trawl-web-ui service_card_fmt::tests::format_count_compacts
        PASS [   0.003s] (4349/4427) trawl-web-ui::bin/trawl-web-ui service_card_fmt::tests::format_exact_groups_every_digit
        PASS [   0.003s] (4350/4427) trawl-web-ui::bin/trawl-web-ui service_card_fmt::tests::format_uptime_picks_two_largest_units
        PASS [   0.003s] (4351/4427) trawl-web-ui::bin/trawl-web-ui service_card_fmt::tests::type_pill_maps_known_types
        PASS [   0.003s] (4352/4427) trawl-web-ui::bin/trawl-web-ui severity_cell::tests::a_severity_cell_colors_by_band
        PASS [   0.003s] (4353/4427) trawl-web-ui::bin/trawl-web-ui severity_cell::tests::a_severity_cell_renders_its_otel_short_name
        PASS [   0.003s] (4354/4427) trawl-web-ui::bin/trawl-web-ui severity_cell::tests::a_string_severity_reads_through_the_same_ladder
        PASS [   0.003s] (4355/4427) trawl-web-ui::bin/trawl-web-ui severity_cell::tests::an_integer_severity_reads_the_ladder_and_nothing_else
        PASS [   0.003s] (4356/4427) trawl-web-ui::bin/trawl-web-ui severity_cell::tests::error_bucketing_keys_off_the_derived_slot_alone
        PASS [   0.003s] (4357/4427) trawl-web-ui::bin/trawl-web-ui severity_cell::tests::declared_severity_columns_join_the_name_keyed_one
        PASS [   0.003s] (4358/4427) trawl-web-ui::bin/trawl-web-ui severity_cell::tests::presentation_binds_the_derived_column_alone
        PASS [   0.003s] (4359/4427) trawl-web-ui::bin/trawl-web-ui sort_label::tests::arrow_points_the_way_the_name_says
        PASS [   0.003s] (4360/4427) trawl-web-ui::bin/trawl-web-ui sort_label::tests::every_direction_gets_a_distinct_name
        PASS [   0.003s] (4361/4427) trawl-web-ui::bin/trawl-web-ui sort_label::tests::name_carries_the_direction_only_when_sorted
        PASS [   0.003s] (4362/4427) trawl-web-ui::bin/trawl-web-ui state::section::tests::every_mode_has_a_non_empty_rail_with_a_valid_default
        PASS [   0.003s] (4363/4427) trawl-web-ui::bin/trawl-web-ui tone_vocab::tests::run_status_tone_maps_every_arm
        PASS [   0.003s] (4364/4427) trawl-web-ui::bin/trawl-web-ui tone_vocab::tests::run_status_tone_unknown_falls_back_to_neutral
        PASS [   0.004s] (4365/4427) xtask::bin/xtask ingest_fuzz::tests::a_profile_only_shapes_the_mutate_phase
        PASS [   0.003s] (4366/4427) xtask::bin/xtask ingest_fuzz::tests::namespace_is_bounded_and_shell_friendly
        PASS [   0.005s] (4367/4427) xtask::bin/xtask ingest_fuzz::tests::every_phase_is_valid_json_objects_only
        PASS [   0.003s] (4368/4427) xtask::bin/xtask ingest_fuzz::tests::pin_phase_straddles_the_ladder_threshold_exactly
        PASS [   0.005s] (4369/4427) xtask::bin/xtask ingest_fuzz::tests::output_is_deterministic_and_newline_delimited
        PASS [   0.010s] (4370/4427) xtask::bin/xtask ingest_fuzz::tests::every_profile_corpus_probes_the_universal_gates
        PASS [   0.004s] (4371/4427) xtask::bin/xtask ingest_fuzz::tests::seed_changes_names_and_mutations
        PASS [   0.014s] (4372/4427) xtask::bin/xtask ingest_fuzz::tests::every_profile_corpus_is_deterministic_and_distinct
        PASS [   0.004s] (4373/4427) xtask::bin/xtask ingest_fuzz::tests::the_trawld_corpus_collides_with_every_asserted_slot
        PASS [   0.003s] (4374/4427) xtask::bin/xtask pg_admission::tests::a_bodyless_cfg_test_item_does_not_eat_the_next_span
        PASS [   0.008s] (4375/4427) xtask::bin/xtask ingest_fuzz::tests::the_syslog_corpus_carries_the_parse_artifacts_the_listener_publishes
        PASS [   0.003s] (4376/4427) xtask::bin/xtask pg_admission::tests::a_cfg_alternated_mounting_keeps_the_test_scoped_scan
        PASS [   0.003s] (4377/4427) xtask::bin/xtask pg_admission::tests::a_cfg_attr_wrapped_ignore_does_not_drop_the_test
        PASS [   0.003s] (4378/4427) xtask::bin/xtask pg_admission::tests::a_cfg_attr_expanding_to_cfg_test_opens_a_span
        PASS [   0.003s] (4379/4427) xtask::bin/xtask pg_admission::tests::a_cfg_attr_wrapped_sqlx_test_still_counts
        PASS [   0.008s] (4380/4427) xtask::bin/xtask pg_admission::tests::a_bins_pg_test_is_charged_to_the_bin_not_the_lib
        PASS [   0.003s] (4381/4427) xtask::bin/xtask pg_admission::tests::a_cfg_test_fn_is_scanned_like_a_cfg_test_mod
        PASS [   0.003s] (4382/4427) xtask::bin/xtask pg_admission::tests::a_connection_inside_a_cfg_test_module_is_evidence
        PASS [   0.003s] (4383/4427) xtask::bin/xtask pg_admission::tests::a_const_generic_brace_is_not_the_body
        PASS [   0.003s] (4384/4427) xtask::bin/xtask pg_admission::tests::a_feature_named_test_does_not_open_a_span
        PASS [   0.003s] (4385/4427) xtask::bin/xtask pg_admission::tests::a_file_mounted_under_two_module_names_derives_both
        PASS [   0.003s] (4386/4427) xtask::bin/xtask pg_admission::tests::a_file_aliased_into_another_targets_directory_is_still_scanned
        PASS [   0.003s] (4387/4427) xtask::bin/xtask pg_admission::tests::a_files_path_gives_its_module_prefix
        PASS [   0.003s] (4388/4427) xtask::bin/xtask pg_admission::tests::a_lazy_static_pool_is_covered_by_its_own_span
        PASS [   0.003s] (4389/4427) xtask::bin/xtask pg_admission::tests::a_named_only_target_is_still_checked_per_test
        PASS [   0.003s] (4390/4427) xtask::bin/xtask pg_admission::tests::a_non_ascii_test_fn_is_collected_without_a_name
        PASS [   0.003s] (4391/4427) xtask::bin/xtask pg_admission::tests::a_non_ascii_module_name_opens_no_span
        PASS [   0.003s] (4392/4427) xtask::bin/xtask pg_admission::tests::a_raw_connection_call_is_evidence_but_prose_is_not
        PASS [   0.003s] (4393/4427) xtask::bin/xtask pg_admission::tests::a_raw_identifier_module_name_still_opens_a_span
        PASS [   0.003s] (4394/4427) xtask::bin/xtask pg_admission::tests::a_same_named_test_in_another_module_does_not_satisfy_this_one
        PASS [   0.003s] (4395/4427) xtask::bin/xtask pg_admission::tests::a_signature_separator_does_not_lose_the_cfg_test_span
        PASS [   0.003s] (4396/4427) xtask::bin/xtask pg_admission::tests::a_symlink_cycle_terminates_and_every_alias_is_collected
        PASS [   0.003s] (4397/4427) xtask::bin/xtask pg_admission::tests::a_test_fn_inside_a_cfg_test_region_is_not_a_second_span
        PASS [   0.003s] (4398/4427) xtask::bin/xtask pg_admission::tests::an_attribute_block_carries_across_blank_lines_and_docs
        PASS [   0.003s] (4399/4427) xtask::bin/xtask pg_admission::tests::a_test_fn_outside_any_cfg_test_region_is_scanned
        PASS [   0.003s] (4400/4427) xtask::bin/xtask pg_admission::tests::an_ignore_inside_a_block_comment_is_not_an_attribute
        PASS [   0.003s] (4401/4427) xtask::bin/xtask pg_admission::tests::an_ignored_test_in_a_connecting_span_is_not_named
        PASS [   0.003s] (4402/4427) xtask::bin/xtask pg_admission::tests::an_ignored_sqlx_test_is_not_collected
        PASS [   0.003s] (4403/4427) xtask::bin/xtask pg_admission::tests::an_initializer_with_two_brace_groups_is_covered_whole
        PASS [   0.003s] (4404/4427) xtask::bin/xtask pg_admission::tests::an_inner_cfg_test_attribute_opens_the_module_body_as_a_span
        PASS [   0.003s] (4405/4427) xtask::bin/xtask pg_admission::tests::an_out_of_line_cfg_test_module_is_scanned_whole
        PASS [   0.003s] (4406/4427) xtask::bin/xtask pg_admission::tests::an_integration_root_follows_every_module_it_declares
        PASS [   0.003s] (4407/4427) xtask::bin/xtask pg_admission::tests::an_out_of_line_module_inside_an_inline_test_mod_is_followed
        PASS [   0.003s] (4408/4427) xtask::bin/xtask pg_admission::tests::an_out_of_line_module_resolves_mod_rs_and_path_overrides
        PASS [   0.003s] (4409/4427) xtask::bin/xtask pg_admission::tests::an_unreadable_directory_fails_the_walk_instead_of_reading_as_empty
        PASS [   0.003s] (4410/4427) xtask::bin/xtask pg_admission::tests::blanking_preserves_length_and_line_numbers
        PASS [   0.003s] (4411/4427) xtask::bin/xtask pg_admission::tests::an_unresolvable_module_declaration_is_a_loud_error
        PASS [   0.003s] (4412/4427) xtask::bin/xtask pg_admission::tests::every_cfg_test_span_is_scanned
        PASS [   0.003s] (4413/4427) xtask::bin/xtask pg_admission::tests::production_code_outside_cfg_test_is_not_evidence
        PASS [   0.003s] (4414/4427) xtask::bin/xtask pg_admission::tests::nested_braces_and_a_brace_in_a_string_do_not_end_the_region
        PASS [   0.003s] (4415/4427) xtask::bin/xtask pg_admission::tests::every_visibility_and_modifier_ordering_names_its_fn
        PASS [   0.003s] (4416/4427) xtask::bin/xtask pg_admission::tests::prose_about_sqlx_test_is_not_evidence
        PASS [   0.003s] (4417/4427) xtask::bin/xtask pg_admission::tests::the_attribute_block_stops_at_the_fn_it_attributes
        PASS [   0.003s] (4418/4427) xtask::bin/xtask pg_admission::tests::target_evidence_dominates_the_named_tests_beside_it
        PASS [   0.003s] (4419/4427) xtask::bin/xtask pg_admission::tests::same_named_tests_in_two_files_derive_two_different_names
        PASS [   0.003s] (4420/4427) xtask::bin/xtask pg_admission::tests::the_attribute_names_the_test_beneath_it
        PASS [   0.003s] (4421/4427) xtask::bin/xtask tests::append_extension_keeps_the_original_extension
        PASS [   0.003s] (4422/4427) xtask::bin/xtask pg_admission::tests::two_connecting_spans_are_two_findings
        PASS [   0.028s] (4423/4427) xtask::bin/xtask tests::compression_is_deterministic_and_smaller_for_wasm_like_input
        PASS [   0.497s] (4424/4427) trawl-web-ui::bin/trawl-web-ui search_url::tests::every_byte_a_string_can_carry_encodes_as_the_browser_would
        PASS [   5.062s] (4425/4427) trawl-server::store_pg catalog::delete_pins_gives_up_on_a_held_row_lock_instead_of_waiting
        PASS [   5.049s] (4426/4427) trawl-server::store_pg lock_loss_is_detected_and_frees_the_lock_for_a_replacement
        PASS [  10.006s] (4427/4427) trawl-server::store_pg boot_unreachable_database_fails_descriptively
────────────
     Summary [  48.029s] 4427 tests run: 4427 passed, 14 skipped

  ────────────────────────────────────
summary: (done in 75.28 seconds)
✓ test-no-defaults (54.87 seconds)
✓ test (75.27 seconds)
remote:
remote: Create a pull request for 'chore/1.0-launch-readiness' on GitHub by visiting:
remote:      https://github.com/jakub/trawl/pull/new/chore/1.0-launch-readiness
remote:
remote: GitHub found 7 vulnerabilities on jakub/trawl's default branch (1 critical, 4 high, 2 moderate). To find out more, visit:
remote:      https://github.com/jakub/trawl/security/dependabot
remote:
To https://github.com/jakub/trawl.git
 * [new branch]        chore/1.0-launch-readiness -> chore/1.0-launch-readiness
branch 'chore/1.0-launch-readiness' set up to track 'origin/chore/1.0-launch-readiness'.
