SET
PREPARE
PREPARE
BEGIN
SET
 transaction_isolation 
-----------------------
 repeatable read
(1 row)

 transaction_read_only 
-----------------------
 on
(1 row)

 pg_backend_pid 
----------------
          41546
(1 row)

COMMIT
BEGIN
SET
 count 
-------
 50000
(1 row)

   id   | key_id |                                                                                                                                                        query                                                                                                                                                        |      executed_at       | duration_ms | row_count | status  
--------+--------+---------------------------------------------------------------------------------------------------------------------------------------------------------------------------------------------------------------------------------------------------------------------------------------------------------------------+------------------------+-------------+-----------+---------
 199799 |  19201 | last=1h service=fixture-18 message="row-99900 key-19201 marker_common_192 payload-747eb715c540ff320bd37279e51aa0476bed33fbb83deae9e9a658df24535ac182d6ec4b8e219feb21b6a7bfd4cdf2412df6eb66843afe833772565b7436f5deb01bc72072a4eb8c9a09549604329c7787159786733efc68ffce721b25ca03c4f185e3d6b753a5e0381241940e70347f" | 2026-01-01 13:52:30+00 |         900 |      9900 | success
 199795 |  19201 | last=1h service=fixture-16 message="row-99898 key-19201 marker_common_192 payload-ccf2fa819e3d0504b61233ae85c0769cd391ab6c2e90b068f74178f473469bd8ffc5159432196b773e031075c9ea4e0ef9f2468dcf2dd2620e1b3933fde278d83b8c8c67022e881f64a905090d1febc9c27b1f282fae8bfd82658db8e488128247981cf791626a630a94138153fde8a1" | 2026-01-01 13:52:29+00 |         898 |      9898 | success
 199791 |  19201 | last=1h service=fixture-14 message="row-99896 key-19201 marker_common_192 payload-f0e235ee11b5b62739b22dc58d48a8353e8637103eac63e83507f0a0d21716fadea0852e7356df472d4564d572ddfdbe7aff9b3f4890b80bcccd2fead08e64588ac38338ed7c93d09558296e22a5505aab31585ff5d4597849c4e345883cadd38760709a76ef41974acee8a8bb4f08fe" | 2026-01-01 13:52:28+00 |         896 |      9896 | success
 199787 |  19201 | last=1h service=fixture-12 message="row-99894 key-19201 marker_common_192 payload-663fb010a47f53f1c7b9b43498fee99e563e26d69c19438c74b96e56d47c52007ea3f5e31f9086d21d573698fb1307a59295eae91ea726e6cf1e5e27d552f57c0a386b515168941b436736723eb95181b97d6626c2aa209b5e1530102c558524130e5952d58aadc3a45e14723fc3fdca" | 2026-01-01 13:52:27+00 |         894 |      9894 | success
 199783 |  19201 | last=1h service=fixture-10 message="row-99892 key-19201 marker_common_192 payload-571cf5750996590b151c163577dc86293c01013a3cb0399e13af8dc439bcc90fc2b0d02f6ee10b95b4abad5b2f5d4983c4b1ffbe3c263d24b4305c5b04a18b6b9a7677c383f1ea4965f1506012c8dc7df2fbeb50da189644dee87a46154ebf8d024ee8af5aba1512c938becbc1eef4be" | 2026-01-01 13:52:26+00 |         892 |      9892 | success
 199779 |  19201 | last=1h service=fixture-8 message="row-99890 key-19201 marker_common_192 payload-627eeae2840ee39e98d05fc293f72f8e1c9aabbc9f43faa84725f8baf3ceb52a853306f7e879b45a14ee04a57425dc90c84031898bb6bbefa3a0337007e198164bcb464e70371334ed1ebcbafb4a329fa35ec96b7aaa01bab65c39dd26254552b632a95df92016afbd0ce33d5312d111"  | 2026-01-01 13:52:25+00 |         890 |      9890 | success
 199775 |  19201 | last=1h service=fixture-6 message="row-99888 key-19201 marker_common_192 payload-12c654f4a05be096527bf6f5555f591f558266d826b729b24734b2036e68782890e7045f4c926a18d01bc51907c02c2d8308a3bd5915668e7e1f28ebc1b68c8fda99afbe211b8f5dd62f7e43d4057c3ea60dbd83f83a0678a30cbded108fc88843b2898da3c6f4b87ba6768f3b4f6b9b"  | 2026-01-01 13:52:24+00 |         888 |      9888 | success
 199771 |  19201 | last=1h service=fixture-4 message="row-99886 key-19201 marker_common_192 payload-ab095ae8246c3baba4d097b766a8a174b471a538583f30ed38183bab38b8903e6fdea31fb1c7b2b78e079caf51decfe5e07d9cd70fce1e0de1aee327b2363496ae816ba8d3839abf0dddd208fda07a769708ce996e00028bd95062ef75fe06b0ceddfa1b587d01f1bec04bc8dc7f7818"  | 2026-01-01 13:52:23+00 |         886 |      9886 | success
 199767 |  19201 | last=1h service=fixture-2 message="row-99884 key-19201 marker_common_192 payload-0930c27e5e6cdf6e31dac4ab01449378daa5a050ad3898966b8420fb98b386af4f60b0eaeaa1e37b49e60a38c304b41b2cfb1a976b6c9ecc9b2d905ced123cf8f12ae014f46a6d334bb591a184cb59b11add31015a863ebda2178881111212e312b42fbe8c9f04f8977cc698cd7fff22"  | 2026-01-01 13:52:22+00 |         884 |      9884 | success
 199763 |  19201 | last=1h service=fixture-0 message="row-99882 key-19201 marker_common_192 payload-ad2667c5584247eda547ffb2ff64e71dfae0dce52fbf2af7bce0e17b9b945f53b89212f1db53d88795529222b2c7bc9dc6affb6b914b9ed9a5b27090b08cb4d0ba2d8eba2095821c895247e10fd0379151ca69c120cc2d06bd95f9eb2ce3d5b5c5a5d24a05e6883952ac57d20809ac4a"  | 2026-01-01 13:52:21+00 |         882 |      9882 | success
 199759 |  19201 | last=1h service=fixture-29 message="row-99880 key-19201 marker_common_192 payload-73af17df132f13dbdc2a778f69522f743be4eebf9e814b2c6ffe886dc18a86dcf8f94691feb603099e45a41deb1afeb91fdc273234e9190d067e533027c1922819c11015790332774ea7ea1600e0222cb1db778178b7545488f0dcc8371c204151dd4e1710a874769d3b868c4e1553e9" | 2026-01-01 13:52:20+00 |         880 |      9880 | success
 199755 |  19201 | last=1h service=fixture-27 message="row-99878 key-19201 marker_common_192 payload-8fe612206616dbf8091743e85204e4cfcf267775e775456d31fed64b9fe75b174cf43579627a61a31b58e68beed68f26a49e1858248b29d1d92f4414ca081c40c9065a8f12f878f4f27e46bc2c89a219fdf33befab6558b4bc4bf11940de1956a0e849da8c1648e23edbd647aeef993d" | 2026-01-01 13:52:19+00 |         878 |      9878 | success
 199751 |  19201 | last=1h service=fixture-25 message="row-99876 key-19201 marker_common_192 payload-722992307738b0cdf60f8fa7b28e3022716709c74bbcedcc53e6ed88bdae34d8fdfa3286c21ded91ea0ee22a4e73407c979f0a4fb15cd525e7e323caefc1cb6314580c3d5238fb3ee0db7818eb281ff8f5ce12e4959322d1729dc22b0357db699f914e177d2d8e686d852b2896f23287" | 2026-01-01 13:52:18+00 |         876 |      9876 | success
 199747 |  19201 | last=1h service=fixture-23 message="row-99874 key-19201 marker_common_192 payload-90e024f17a094c16221ac03abf4e76b40589741593189360e62406927a92f744c101c186a253594e21b64893ea33a7423c600fb7528da02ed24e5ffc55976180c5cae4a426db995e4e2dd5e08d597b382fdc79711287bf0bd17fe5f179d62197654924bf3bb2fa78297f25bf99cb4fd7" | 2026-01-01 13:52:17+00 |         874 |      9874 | success
 199743 |  19201 | last=1h service=fixture-21 message="row-99872 key-19201 marker_common_192 payload-324f727e74386b239ded0079c96d68f822ed7798e5d15685c13f0f2de3cd105bccf313383bf788c38c1a5493762d17e68fd22942964086c4335cd53e89b798ea70065577987ffe12fe086ff34d659dfec9c4625f595fc2901924a8de5a3da294198e4b733dcd312836a127b2215c24a9" | 2026-01-01 13:52:16+00 |         872 |      9872 | success
 199739 |  19201 | last=1h service=fixture-19 message="row-99870 key-19201 marker_common_192 payload-11b26b08363fe8538fa196128a46c283b3b39a684c203c43b77e76f0d96e7b5e29f6bb49b1d6814fa379e1234aa9943cd1c7de89c900949418cd50c3d87c00d060a23b6e3d270ba30f0e7c61f557cb7e0525c1eb8a4061a12a86329875c37b0f9c343e78b45c7a69fb50c3c91a72eb61" | 2026-01-01 13:52:15+00 |         870 |      9870 | success
 199735 |  19201 | last=1h service=fixture-17 message="row-99868 key-19201 marker_common_192 payload-b3c7eafb8850597882e48269223fbd532caa4420eb37eb16fea5b2bfca168335f653357e23e8017295ff2e821bdacbf5d6f145dbf20e8c57053a3f1dbff321c4fd84e2419a7f3f8e067ae3aa455d6333b2b2892905dbbe3ce0f67e0fd6722c41d3c4b50da0d0f0a7528a4ec0940be3bc" | 2026-01-01 13:52:14+00 |         868 |      9868 | success
 199731 |  19201 | last=1h service=fixture-15 message="row-99866 key-19201 marker_common_192 payload-b6c8143d9a13ea99e43972329d92fe6063cba54c49b062c50ed7bf97090323134bfba144c71b673bc3f4a771216b9a83711412aaa05cb93f09a3528333caf99fd441618dd2b0f8f62f9d9a869abd54cd609bf040c4ae66004951109cc555610d35eb71a308ae6bc56632a96a30534f7d" | 2026-01-01 13:52:13+00 |         866 |      9866 | success
 199727 |  19201 | last=1h service=fixture-13 message="row-99864 key-19201 marker_common_192 payload-663e274e15ae2ef39bebd565dc9f8ffb428e0126e7f92dc72f7f0ee0186f26a3c549c814c7d340505961f08ba30bb1ebca8f406976a0014c191760ed345bbc89f3ed3401df3603d4013cd2d2e201ab6f72a93b2d83621cb674467ac479ad7aa087e0f6102f84bf30dc4e6265344cd60f" | 2026-01-01 13:52:12+00 |         864 |      9864 | success
 199723 |  19201 | last=1h service=fixture-11 message="row-99862 key-19201 marker_common_192 payload-b48b857fe1e8c3519ffb6b578ec7776de1fb8346c3b5f18c32bb0373bf0d38b084451f7406025214d7848a6c3642d36a75de6f89f5fd9be0fcc8550566c1dc6207188701a9d26d5205f3baf55e172d9cc546fa2c713fdb984eb9529da2ecbabe4d0b7e2401340294696d04b705d9690f" | 2026-01-01 13:52:11+00 |         862 |      9862 | success
 199719 |  19201 | last=1h service=fixture-9 message="row-99860 key-19201 marker_common_192 payload-325839fd6293e8d157790e73cc95028e77dcbf1b0966ef03adb1a7c17930fb34579b97f72c181c5238a617186d512c3e1ccc30c70298cba6c5b8cdc2b51e0b5eb0defa1bed57756a6375dcf6fa9a53e6af3b0a69f439dcd55150b70e3ad64d904d25a478db7ec7fff85585bab042cf8d"  | 2026-01-01 13:52:10+00 |         860 |      9860 | success
 199715 |  19201 | last=1h service=fixture-7 message="row-99858 key-19201 marker_common_192 payload-e76a7f8dc7723263017da86c99cb4a90b52d132f1a353341b945616e900eb9261084bf2cb01f3b9c3ef3efd0d975a19a5e07521033cd3a8584b54cc19b33a5d9b18b7bb10bf04743d79a8615334be06d183a26f79b4e90e3a82a59a210b1ed4faeb2e42b7e5dc100ae9ddfb0cadef321"  | 2026-01-01 13:52:09+00 |         858 |      9858 | success
 199711 |  19201 | last=1h service=fixture-5 message="row-99856 key-19201 marker_common_192 payload-bbcf43830ec32d1e8557db2cdb0f631c8303179c03d0be296ef5da974f6686c43e3f69a2d7d615fc83b6a488579f09f8ef97e6871bac5f08d9df864adb7ef0eba0c2abdec9bbc82eae25edb21851d5f54b93f35e79864048202d356f270857200d720132fbea3ef29edbd9b0f2d8a194"  | 2026-01-01 13:52:08+00 |         856 |      9856 | success
 199707 |  19201 | last=1h service=fixture-3 message="row-99854 key-19201 marker_common_192 payload-765e43a877c7ec8dcdb4bd5517e837a938f2092e4f80e02fcfa02a1acc87abdbfae4d2fbf4f5b641d711130e35a388c2815e320a6ec8a1105531fd525d65141604257cd2f76a5e4bb17cc8c61726df16139584045093dd5811a8a8ab8d5886dd4119ffce956fa419aa8af0ab68d943f5"  | 2026-01-01 13:52:07+00 |         854 |      9854 | success
 199703 |  19201 | last=1h service=fixture-1 message="row-99852 key-19201 marker_common_192 payload-5e831bbff497b463fbc0fc5d884fd62b2a05fc5afe8f1542afa72a4ba0933cd415993b25696f3c191ac6116a60c3bdad7428fafbecac754e9fe43de980abf8b2399c5244f3ff6a372455205af03bd1a1b1d968c303432868f20368430ea31c76be5448dc1cf69a501b709e86c942b99e"  | 2026-01-01 13:52:06+00 |         852 |      9852 | success
 199699 |  19201 | last=1h service=fixture-30 message="row-99850 key-19201 marker_common_192 payload-476aafefa19b5914226fc2ab2da94aa751928c9691d4ab0df91c68ba53eb556be22832153f803b12a5220d0771c1f99dddd6da0e5a80249332c41d9f2610ae33c7052b186718805447ce861f87c4af8349aab1d67b5a2ecb60ef0fa1107db9d032483b253c469da6cf68f58798c30e4e" | 2026-01-01 13:52:05+00 |         850 |      9850 | success
 199695 |  19201 | last=1h service=fixture-28 message="row-99848 key-19201 marker_common_192 payload-da4e69515f00d135e25222a6471858dea210aae75ec62b14dc405b8ab4d014f1b00e3c43054e2cbe36579c135f40158df669111898836061ce4a5baaf3ad8e89b3519834bd0dfb74eb94291cda5d387679e0e339a19b7ac3c3c9ab477928c495d47eae61261b8d3025a10be1e4a95922" | 2026-01-01 13:52:04+00 |         848 |      9848 | success
 199691 |  19201 | last=1h service=fixture-26 message="row-99846 key-19201 marker_common_192 payload-dcb057974d02eee23d8a77593300e8bfe5f5f80e6549208494f69cedd7d719d3929cc9d203f5cde6921a07e4b4b417cc7b8c00fafff553d29b4cad88e3e5b55a71a51c96c1ada82a8d9e3cb1bf98180ef1247623bc01faf9aeda00b54a376e60f4add7aecef44e794c4ebdbd3dbd1b41" | 2026-01-01 13:52:03+00 |         846 |      9846 | success
 199687 |  19201 | last=1h service=fixture-24 message="row-99844 key-19201 marker_common_192 payload-39af1bb6a5165835b45122a1787e2c1e8e88cfeaa0d5beebdfd4245c2aaa3130b1daa540a3b8ea94deaf397b04ae404afc216e9bfb4a9342d3eed17736ad130c731676e7476b7d335e89415e1bc18ec9c327dc3452835ff092ecab890b279dba1619ffa8cfb23f34c67db33b8520ece0" | 2026-01-01 13:52:02+00 |         844 |      9844 | success
 199683 |  19201 | last=1h service=fixture-22 message="row-99842 key-19201 marker_common_192 payload-682672decb98e4ec28acfc20077100484298713e10e5e01ec9e9e731aff85749c2256b554e5bb758a5995b3db1e289b2423cc7a9c93f20cb73d92c6128c2f351be09cb1475b52565a078d6c80cbfda765e54b9791266e42850fdd6016bde355387f3d257e457bd593e95e921a63c4425" | 2026-01-01 13:52:01+00 |         842 |      9842 | success
 199679 |  19201 | last=1h service=fixture-20 message="row-99840 key-19201 marker_common_192 payload-e8ab0a8fa591819f4b8c6708b89ca56dc0925cc594d60eb8963de301abd4344a1d446dd05a3daa10b6b2d93d54a187c7eae4d4142dc37e38262371a326e1ad672d2e639b42fc1ffe5185117a341ee3ce82542b436b357a99d94f50ca66c9df4a8871b0299be59f227130e657714246c7" | 2026-01-01 13:52:00+00 |         840 |      9840 | success
 199675 |  19201 | last=1h service=fixture-18 message="row-99838 key-19201 marker_common_192 payload-2fdae0270b570e922d84a267bf69f65cc47292afac50a460a783e1b5ace3ed386c3cdecebe568a4f10e944d094a6f18d67e9305457d9cb59829c9656c2cf1ef78614d681efdb1c2ddfa5f475a7b9a40eeb426a5c7936889da81f52801aa5727552241818fc15a4b1c21d13f622a4ead7" | 2026-01-01 13:51:59+00 |         838 |      9838 | success
 199671 |  19201 | last=1h service=fixture-16 message="row-99836 key-19201 marker_common_192 payload-4b0b5b4a2116c7e0193a641d4471a856c34f3238caeef64080af50a95b3c0e1d74d124edd212e28e36041008aa7325b906373739231032808f8374873b36e3dbe583d0a5f8adf1213f0ca8a1385b1fe3c749833e16c1948504733cd45a4105377f5935a72acf039cd357d16dd4346130" | 2026-01-01 13:51:58+00 |         836 |      9836 | success
 199667 |  19201 | last=1h service=fixture-14 message="row-99834 key-19201 marker_common_192 payload-9c648ffdd245f3400f6ac0bcb780d4df6edf0f9ed8f57c8350304f15c24d5f68ebb3daab07b23a62f58833a789ede99a2405f605418bbf73c8845e5e6201ac651deecd9605fefb871fa553a6c434b201e9b832a744857c752012211a5b086b98149ad31344910d86d10dcc3ed3061914" | 2026-01-01 13:51:57+00 |         834 |      9834 | success
 199663 |  19201 | last=1h service=fixture-12 message="row-99832 key-19201 marker_common_192 payload-10c3b455d0088f27dde575f9017c88de219f564117bcf4853b74259a3dcceb6838b22e39cb76925e6099fb87661e00796ffb1a0f2370f09ffd6479b17386c539f4b41a6c03376c1418d4aef365a1be81316dd6705d431960c664b99a7c818b14f93032c3ad0b8a6edda9e4d86526173c" | 2026-01-01 13:51:56+00 |         832 |      9832 | success
 199659 |  19201 | last=1h service=fixture-10 message="row-99830 key-19201 marker_common_192 payload-2c261a2de4f0bf0714dc11873204f38c7844b3e390c9f92e16fb2ba8d22e9b6480f19272287ddf93601a72a93283f44f018235b093eb5130e557d5ccdf9ba67138b0bba73fd3a6ce30fd86fbeba716eb81e727bcd73000aa420a3a72d636eac8af3c477c53d7b1d6137ff9011397e142" | 2026-01-01 13:51:55+00 |         830 |      9830 | success
 199655 |  19201 | last=1h service=fixture-8 message="row-99828 key-19201 marker_common_192 payload-a8d37f28474bec0ddb05829b7ea90d424d964fc978f763c329b2fef2ddbb130b4afe0b7e96d537b8c4f486caff0e5921cd09d122b7cc049f9e7cdae66bf74ca09bf65515b1c64998404b793656ba5fcbe75b2375944d18b092f5a748a9ff186ce1ec064274432f11d2cb2914fd381bf2"  | 2026-01-01 13:51:54+00 |         828 |      9828 | success
 199651 |  19201 | last=1h service=fixture-6 message="row-99826 key-19201 marker_common_192 payload-db23451a68dfc8d66e0f2c03ea7bbee7ada4d4bcde3aa964f6573c4ac9bb4356d139c0873670cbabe4fa8578502040f72632d77f4ae7786035087f49fc9c8308cce1db0b5261f37da45c741499bfbe052ca805989952fe1de16e0c85335361b44fb0ca40fd740beaa368528cb061a0d3"  | 2026-01-01 13:51:53+00 |         826 |      9826 | success
 199647 |  19201 | last=1h service=fixture-4 message="row-99824 key-19201 marker_common_192 payload-6edbfff650c552e5e50ebbaba9520881d0537dac39657a0bf21938d0d6232ae89f043a6bbd420edbe726b6abf91f4a13839baf41e12b9d4814b1b240cbdae8a30fbab739dbaaf4eb768dc735bc2b7359942da44b73841aaf77fee5dff5e87404c30d2eca8f01c7561aa8ae9d9c86d8bc"  | 2026-01-01 13:51:52+00 |         824 |      9824 | success
 199643 |  19201 | last=1h service=fixture-2 message="row-99822 key-19201 marker_common_192 payload-e3fa53c63f0f9cb4e70d39b22148c4f8026764605a84193b885087b33eab6cc6430b59fce1be1833fce466f19b8de6a0fc0d05e4f1593c4a6fcd3da43a84070bcd0b38a96c83ffeb96deda5d42858ee02d8a2756b496b52739ca79ec668eb90252ab37cca227be727ba2908e4e370d16"  | 2026-01-01 13:51:51+00 |         822 |      9822 | success
 199639 |  19201 | last=1h service=fixture-0 message="row-99820 key-19201 marker_common_192 payload-63853bd48b65faffc6be097b78d77cc084b20e53434f36744e703cf233f2bf6d97f8cbb013fdbce6695b7aeaaf57e53dc58cfcb6cfe44bd42d7d3340fcfa56c265e036ca0077a469e652b52f99c2a2fd1fdd98eb193bd6eda2a4ec84f23c0c42968ef41b4e820b70b4f3de01882f4329"  | 2026-01-01 13:51:50+00 |         820 |      9820 | success
 199635 |  19201 | last=1h service=fixture-29 message="row-99818 key-19201 marker_common_192 payload-5f1704847ccbb00005643fed7d275fc07a9f5e0e2f811cf222cb2bab3542faeaf0c9a67ada3f7002886c96173f845f641eebf8cc95a61b9cfa16ff830f53b0000f1e971fd4fa661f228944bcaad3f4c98a111a37c861270f6594a20be6977c9dfd65de0a65dcc3a960cced348a1afe1c" | 2026-01-01 13:51:49+00 |         818 |      9818 | success
 199631 |  19201 | last=1h service=fixture-27 message="row-99816 key-19201 marker_common_192 payload-7f398b96637d35be0e91ee453849528e2b9aaf11dd103342ee6700b4fc1446d90f1467f4245f374a94cd8a7196456b286747018c661684d6e22e96cc92fb22608cf10ae5aa3be07735bdf67fdbb01e93fc2586fbbd1c093b2993989b79e8da00d983c90dd08d72e33d01574374483ab7" | 2026-01-01 13:51:48+00 |         816 |      9816 | success
 199627 |  19201 | last=1h service=fixture-25 message="row-99814 key-19201 marker_common_192 payload-d4fbf8b3b7976d9d3dee366d49a5bb62ccfa152d87dbcd286aa80cf34c3a8aa9fa928d62cb27a8b336de4b29d19de0777a81016696eba99b5021d5a4c9b06b4a4d6722da84668a7099fae17755146c54d6817ff50e2dc9c19f138034dd9f413512773a4c4fa97a20894aa80580db5f6f" | 2026-01-01 13:51:47+00 |         814 |      9814 | success
 199623 |  19201 | last=1h service=fixture-23 message="row-99812 key-19201 marker_common_192 payload-21b3d813e68240d13435a9d33a7b1275c23c53d04c5aa10dbd1c05b906dd8930bd2c6294902cacab97e7244db548141e370db948e2172cdee9eea38d6ad9648dedfbda4eba8a292adb47bf009e378e455024fe1144cfbdc99b5305f42ff59bc559b3830606860e447caee64a893ae5f0" | 2026-01-01 13:51:46+00 |         812 |      9812 | success
 199619 |  19201 | last=1h service=fixture-21 message="row-99810 key-19201 marker_common_192 payload-e63e381fb40ccab930b04dad88b5c671a1f5f82d5021db0b0e21cbbc9b12874274958c9881fb395ffa0d394ac1d1373692021124eaedf66b784a65e29a91e41f926734d7a57d45a3a3308c4b2c0a4504657f841e56cc0cad33c57b3f0f460c64dff90dfc3bd6e89dd4d112412c5265c1" | 2026-01-01 13:51:45+00 |         810 |      9810 | success
 199615 |  19201 | last=1h service=fixture-19 message="row-99808 key-19201 marker_common_192 payload-b5c531320ab113d1f575517be92c567a9c32140250b5c9bc9f2d4575be216e4c4dd08b40600b871b26bb76c5f10ed83c8cb6171035b3b18acdab7675b6f5f60c3a93bba5e4c8262eda9c2fa812edd1ee624b7ed91520936e82286edacead59cfd8c5d857d5529304e31061a8a151c255" | 2026-01-01 13:51:44+00 |         808 |      9808 | success
 199611 |  19201 | last=1h service=fixture-17 message="row-99806 key-19201 marker_common_192 payload-e5f58b748f4c6d576201e9aa51dd7ffa542a58d19b285795c57d03f417511fafc95b46026dc428f2ad3bb0199ed15804579efb7fd4bc6f42cef90c78457f9bafa29cf4e39a91c77d3d684c9194364f973f9f675f3e518c933152a96472bf03f1704a281406b7f0e68b812f0fc2e066e4" | 2026-01-01 13:51:43+00 |         806 |      9806 | success
 199607 |  19201 | last=1h service=fixture-15 message="row-99804 key-19201 marker_common_192 payload-9c96e1f92d6a4f84bfbb8f88e95527aa28dfe7e70f2f99241ade8b8f4ca87fa60297c40a7e9f7978ed106f9bae1bb3c3e636646ac3f51f6d7acff220e415ef353ac7b944cefe80863507f1e3d1546602105aa3cb8fb83535d3fe8be2ba9b36296c1c24589ed617a21d9bcaa70bd143a0" | 2026-01-01 13:51:42+00 |         804 |      9804 | success
 199603 |  19201 | last=1h service=fixture-13 message="row-99802 key-19201 marker_common_192 payload-41136cfa5c232e9fbe5a38ed6834e538f0ed142962758af58c4f70220eb885a6d00209992891965704f82454c98bdfb1f876badc4ccb4f2cb7829b6c2301237fb0dd2cdb2158ea6484f31debe000351146ea898c3d0b59ea2c675991d844aba63792502508f0ac9c8d82679fa0c9e2f3" | 2026-01-01 13:51:41+00 |         802 |      9802 | success
(50 rows)

COMMIT
BEGIN
SET
 count 
-------
 50000
(1 row)

   id   | key_id |                                                                                                                                                        query                                                                                                                                                        |      executed_at       | duration_ms | row_count | status  
--------+--------+---------------------------------------------------------------------------------------------------------------------------------------------------------------------------------------------------------------------------------------------------------------------------------------------------------------------+------------------------+-------------+-----------+---------
 199799 |  19201 | last=1h service=fixture-18 message="row-99900 key-19201 marker_common_192 payload-747eb715c540ff320bd37279e51aa0476bed33fbb83deae9e9a658df24535ac182d6ec4b8e219feb21b6a7bfd4cdf2412df6eb66843afe833772565b7436f5deb01bc72072a4eb8c9a09549604329c7787159786733efc68ffce721b25ca03c4f185e3d6b753a5e0381241940e70347f" | 2026-01-01 13:52:30+00 |         900 |      9900 | success
 199795 |  19201 | last=1h service=fixture-16 message="row-99898 key-19201 marker_common_192 payload-ccf2fa819e3d0504b61233ae85c0769cd391ab6c2e90b068f74178f473469bd8ffc5159432196b773e031075c9ea4e0ef9f2468dcf2dd2620e1b3933fde278d83b8c8c67022e881f64a905090d1febc9c27b1f282fae8bfd82658db8e488128247981cf791626a630a94138153fde8a1" | 2026-01-01 13:52:29+00 |         898 |      9898 | success
 199791 |  19201 | last=1h service=fixture-14 message="row-99896 key-19201 marker_common_192 payload-f0e235ee11b5b62739b22dc58d48a8353e8637103eac63e83507f0a0d21716fadea0852e7356df472d4564d572ddfdbe7aff9b3f4890b80bcccd2fead08e64588ac38338ed7c93d09558296e22a5505aab31585ff5d4597849c4e345883cadd38760709a76ef41974acee8a8bb4f08fe" | 2026-01-01 13:52:28+00 |         896 |      9896 | success
 199787 |  19201 | last=1h service=fixture-12 message="row-99894 key-19201 marker_common_192 payload-663fb010a47f53f1c7b9b43498fee99e563e26d69c19438c74b96e56d47c52007ea3f5e31f9086d21d573698fb1307a59295eae91ea726e6cf1e5e27d552f57c0a386b515168941b436736723eb95181b97d6626c2aa209b5e1530102c558524130e5952d58aadc3a45e14723fc3fdca" | 2026-01-01 13:52:27+00 |         894 |      9894 | success
 199783 |  19201 | last=1h service=fixture-10 message="row-99892 key-19201 marker_common_192 payload-571cf5750996590b151c163577dc86293c01013a3cb0399e13af8dc439bcc90fc2b0d02f6ee10b95b4abad5b2f5d4983c4b1ffbe3c263d24b4305c5b04a18b6b9a7677c383f1ea4965f1506012c8dc7df2fbeb50da189644dee87a46154ebf8d024ee8af5aba1512c938becbc1eef4be" | 2026-01-01 13:52:26+00 |         892 |      9892 | success
 199779 |  19201 | last=1h service=fixture-8 message="row-99890 key-19201 marker_common_192 payload-627eeae2840ee39e98d05fc293f72f8e1c9aabbc9f43faa84725f8baf3ceb52a853306f7e879b45a14ee04a57425dc90c84031898bb6bbefa3a0337007e198164bcb464e70371334ed1ebcbafb4a329fa35ec96b7aaa01bab65c39dd26254552b632a95df92016afbd0ce33d5312d111"  | 2026-01-01 13:52:25+00 |         890 |      9890 | success
 199775 |  19201 | last=1h service=fixture-6 message="row-99888 key-19201 marker_common_192 payload-12c654f4a05be096527bf6f5555f591f558266d826b729b24734b2036e68782890e7045f4c926a18d01bc51907c02c2d8308a3bd5915668e7e1f28ebc1b68c8fda99afbe211b8f5dd62f7e43d4057c3ea60dbd83f83a0678a30cbded108fc88843b2898da3c6f4b87ba6768f3b4f6b9b"  | 2026-01-01 13:52:24+00 |         888 |      9888 | success
 199771 |  19201 | last=1h service=fixture-4 message="row-99886 key-19201 marker_common_192 payload-ab095ae8246c3baba4d097b766a8a174b471a538583f30ed38183bab38b8903e6fdea31fb1c7b2b78e079caf51decfe5e07d9cd70fce1e0de1aee327b2363496ae816ba8d3839abf0dddd208fda07a769708ce996e00028bd95062ef75fe06b0ceddfa1b587d01f1bec04bc8dc7f7818"  | 2026-01-01 13:52:23+00 |         886 |      9886 | success
 199767 |  19201 | last=1h service=fixture-2 message="row-99884 key-19201 marker_common_192 payload-0930c27e5e6cdf6e31dac4ab01449378daa5a050ad3898966b8420fb98b386af4f60b0eaeaa1e37b49e60a38c304b41b2cfb1a976b6c9ecc9b2d905ced123cf8f12ae014f46a6d334bb591a184cb59b11add31015a863ebda2178881111212e312b42fbe8c9f04f8977cc698cd7fff22"  | 2026-01-01 13:52:22+00 |         884 |      9884 | success
 199763 |  19201 | last=1h service=fixture-0 message="row-99882 key-19201 marker_common_192 payload-ad2667c5584247eda547ffb2ff64e71dfae0dce52fbf2af7bce0e17b9b945f53b89212f1db53d88795529222b2c7bc9dc6affb6b914b9ed9a5b27090b08cb4d0ba2d8eba2095821c895247e10fd0379151ca69c120cc2d06bd95f9eb2ce3d5b5c5a5d24a05e6883952ac57d20809ac4a"  | 2026-01-01 13:52:21+00 |         882 |      9882 | success
 199759 |  19201 | last=1h service=fixture-29 message="row-99880 key-19201 marker_common_192 payload-73af17df132f13dbdc2a778f69522f743be4eebf9e814b2c6ffe886dc18a86dcf8f94691feb603099e45a41deb1afeb91fdc273234e9190d067e533027c1922819c11015790332774ea7ea1600e0222cb1db778178b7545488f0dcc8371c204151dd4e1710a874769d3b868c4e1553e9" | 2026-01-01 13:52:20+00 |         880 |      9880 | success
 199755 |  19201 | last=1h service=fixture-27 message="row-99878 key-19201 marker_common_192 payload-8fe612206616dbf8091743e85204e4cfcf267775e775456d31fed64b9fe75b174cf43579627a61a31b58e68beed68f26a49e1858248b29d1d92f4414ca081c40c9065a8f12f878f4f27e46bc2c89a219fdf33befab6558b4bc4bf11940de1956a0e849da8c1648e23edbd647aeef993d" | 2026-01-01 13:52:19+00 |         878 |      9878 | success
 199751 |  19201 | last=1h service=fixture-25 message="row-99876 key-19201 marker_common_192 payload-722992307738b0cdf60f8fa7b28e3022716709c74bbcedcc53e6ed88bdae34d8fdfa3286c21ded91ea0ee22a4e73407c979f0a4fb15cd525e7e323caefc1cb6314580c3d5238fb3ee0db7818eb281ff8f5ce12e4959322d1729dc22b0357db699f914e177d2d8e686d852b2896f23287" | 2026-01-01 13:52:18+00 |         876 |      9876 | success
 199747 |  19201 | last=1h service=fixture-23 message="row-99874 key-19201 marker_common_192 payload-90e024f17a094c16221ac03abf4e76b40589741593189360e62406927a92f744c101c186a253594e21b64893ea33a7423c600fb7528da02ed24e5ffc55976180c5cae4a426db995e4e2dd5e08d597b382fdc79711287bf0bd17fe5f179d62197654924bf3bb2fa78297f25bf99cb4fd7" | 2026-01-01 13:52:17+00 |         874 |      9874 | success
 199743 |  19201 | last=1h service=fixture-21 message="row-99872 key-19201 marker_common_192 payload-324f727e74386b239ded0079c96d68f822ed7798e5d15685c13f0f2de3cd105bccf313383bf788c38c1a5493762d17e68fd22942964086c4335cd53e89b798ea70065577987ffe12fe086ff34d659dfec9c4625f595fc2901924a8de5a3da294198e4b733dcd312836a127b2215c24a9" | 2026-01-01 13:52:16+00 |         872 |      9872 | success
 199739 |  19201 | last=1h service=fixture-19 message="row-99870 key-19201 marker_common_192 payload-11b26b08363fe8538fa196128a46c283b3b39a684c203c43b77e76f0d96e7b5e29f6bb49b1d6814fa379e1234aa9943cd1c7de89c900949418cd50c3d87c00d060a23b6e3d270ba30f0e7c61f557cb7e0525c1eb8a4061a12a86329875c37b0f9c343e78b45c7a69fb50c3c91a72eb61" | 2026-01-01 13:52:15+00 |         870 |      9870 | success
 199735 |  19201 | last=1h service=fixture-17 message="row-99868 key-19201 marker_common_192 payload-b3c7eafb8850597882e48269223fbd532caa4420eb37eb16fea5b2bfca168335f653357e23e8017295ff2e821bdacbf5d6f145dbf20e8c57053a3f1dbff321c4fd84e2419a7f3f8e067ae3aa455d6333b2b2892905dbbe3ce0f67e0fd6722c41d3c4b50da0d0f0a7528a4ec0940be3bc" | 2026-01-01 13:52:14+00 |         868 |      9868 | success
 199731 |  19201 | last=1h service=fixture-15 message="row-99866 key-19201 marker_common_192 payload-b6c8143d9a13ea99e43972329d92fe6063cba54c49b062c50ed7bf97090323134bfba144c71b673bc3f4a771216b9a83711412aaa05cb93f09a3528333caf99fd441618dd2b0f8f62f9d9a869abd54cd609bf040c4ae66004951109cc555610d35eb71a308ae6bc56632a96a30534f7d" | 2026-01-01 13:52:13+00 |         866 |      9866 | success
 199727 |  19201 | last=1h service=fixture-13 message="row-99864 key-19201 marker_common_192 payload-663e274e15ae2ef39bebd565dc9f8ffb428e0126e7f92dc72f7f0ee0186f26a3c549c814c7d340505961f08ba30bb1ebca8f406976a0014c191760ed345bbc89f3ed3401df3603d4013cd2d2e201ab6f72a93b2d83621cb674467ac479ad7aa087e0f6102f84bf30dc4e6265344cd60f" | 2026-01-01 13:52:12+00 |         864 |      9864 | success
 199723 |  19201 | last=1h service=fixture-11 message="row-99862 key-19201 marker_common_192 payload-b48b857fe1e8c3519ffb6b578ec7776de1fb8346c3b5f18c32bb0373bf0d38b084451f7406025214d7848a6c3642d36a75de6f89f5fd9be0fcc8550566c1dc6207188701a9d26d5205f3baf55e172d9cc546fa2c713fdb984eb9529da2ecbabe4d0b7e2401340294696d04b705d9690f" | 2026-01-01 13:52:11+00 |         862 |      9862 | success
 199719 |  19201 | last=1h service=fixture-9 message="row-99860 key-19201 marker_common_192 payload-325839fd6293e8d157790e73cc95028e77dcbf1b0966ef03adb1a7c17930fb34579b97f72c181c5238a617186d512c3e1ccc30c70298cba6c5b8cdc2b51e0b5eb0defa1bed57756a6375dcf6fa9a53e6af3b0a69f439dcd55150b70e3ad64d904d25a478db7ec7fff85585bab042cf8d"  | 2026-01-01 13:52:10+00 |         860 |      9860 | success
 199715 |  19201 | last=1h service=fixture-7 message="row-99858 key-19201 marker_common_192 payload-e76a7f8dc7723263017da86c99cb4a90b52d132f1a353341b945616e900eb9261084bf2cb01f3b9c3ef3efd0d975a19a5e07521033cd3a8584b54cc19b33a5d9b18b7bb10bf04743d79a8615334be06d183a26f79b4e90e3a82a59a210b1ed4faeb2e42b7e5dc100ae9ddfb0cadef321"  | 2026-01-01 13:52:09+00 |         858 |      9858 | success
 199711 |  19201 | last=1h service=fixture-5 message="row-99856 key-19201 marker_common_192 payload-bbcf43830ec32d1e8557db2cdb0f631c8303179c03d0be296ef5da974f6686c43e3f69a2d7d615fc83b6a488579f09f8ef97e6871bac5f08d9df864adb7ef0eba0c2abdec9bbc82eae25edb21851d5f54b93f35e79864048202d356f270857200d720132fbea3ef29edbd9b0f2d8a194"  | 2026-01-01 13:52:08+00 |         856 |      9856 | success
 199707 |  19201 | last=1h service=fixture-3 message="row-99854 key-19201 marker_common_192 payload-765e43a877c7ec8dcdb4bd5517e837a938f2092e4f80e02fcfa02a1acc87abdbfae4d2fbf4f5b641d711130e35a388c2815e320a6ec8a1105531fd525d65141604257cd2f76a5e4bb17cc8c61726df16139584045093dd5811a8a8ab8d5886dd4119ffce956fa419aa8af0ab68d943f5"  | 2026-01-01 13:52:07+00 |         854 |      9854 | success
 199703 |  19201 | last=1h service=fixture-1 message="row-99852 key-19201 marker_common_192 payload-5e831bbff497b463fbc0fc5d884fd62b2a05fc5afe8f1542afa72a4ba0933cd415993b25696f3c191ac6116a60c3bdad7428fafbecac754e9fe43de980abf8b2399c5244f3ff6a372455205af03bd1a1b1d968c303432868f20368430ea31c76be5448dc1cf69a501b709e86c942b99e"  | 2026-01-01 13:52:06+00 |         852 |      9852 | success
 199699 |  19201 | last=1h service=fixture-30 message="row-99850 key-19201 marker_common_192 payload-476aafefa19b5914226fc2ab2da94aa751928c9691d4ab0df91c68ba53eb556be22832153f803b12a5220d0771c1f99dddd6da0e5a80249332c41d9f2610ae33c7052b186718805447ce861f87c4af8349aab1d67b5a2ecb60ef0fa1107db9d032483b253c469da6cf68f58798c30e4e" | 2026-01-01 13:52:05+00 |         850 |      9850 | success
 199695 |  19201 | last=1h service=fixture-28 message="row-99848 key-19201 marker_common_192 payload-da4e69515f00d135e25222a6471858dea210aae75ec62b14dc405b8ab4d014f1b00e3c43054e2cbe36579c135f40158df669111898836061ce4a5baaf3ad8e89b3519834bd0dfb74eb94291cda5d387679e0e339a19b7ac3c3c9ab477928c495d47eae61261b8d3025a10be1e4a95922" | 2026-01-01 13:52:04+00 |         848 |      9848 | success
 199691 |  19201 | last=1h service=fixture-26 message="row-99846 key-19201 marker_common_192 payload-dcb057974d02eee23d8a77593300e8bfe5f5f80e6549208494f69cedd7d719d3929cc9d203f5cde6921a07e4b4b417cc7b8c00fafff553d29b4cad88e3e5b55a71a51c96c1ada82a8d9e3cb1bf98180ef1247623bc01faf9aeda00b54a376e60f4add7aecef44e794c4ebdbd3dbd1b41" | 2026-01-01 13:52:03+00 |         846 |      9846 | success
 199687 |  19201 | last=1h service=fixture-24 message="row-99844 key-19201 marker_common_192 payload-39af1bb6a5165835b45122a1787e2c1e8e88cfeaa0d5beebdfd4245c2aaa3130b1daa540a3b8ea94deaf397b04ae404afc216e9bfb4a9342d3eed17736ad130c731676e7476b7d335e89415e1bc18ec9c327dc3452835ff092ecab890b279dba1619ffa8cfb23f34c67db33b8520ece0" | 2026-01-01 13:52:02+00 |         844 |      9844 | success
 199683 |  19201 | last=1h service=fixture-22 message="row-99842 key-19201 marker_common_192 payload-682672decb98e4ec28acfc20077100484298713e10e5e01ec9e9e731aff85749c2256b554e5bb758a5995b3db1e289b2423cc7a9c93f20cb73d92c6128c2f351be09cb1475b52565a078d6c80cbfda765e54b9791266e42850fdd6016bde355387f3d257e457bd593e95e921a63c4425" | 2026-01-01 13:52:01+00 |         842 |      9842 | success
 199679 |  19201 | last=1h service=fixture-20 message="row-99840 key-19201 marker_common_192 payload-e8ab0a8fa591819f4b8c6708b89ca56dc0925cc594d60eb8963de301abd4344a1d446dd05a3daa10b6b2d93d54a187c7eae4d4142dc37e38262371a326e1ad672d2e639b42fc1ffe5185117a341ee3ce82542b436b357a99d94f50ca66c9df4a8871b0299be59f227130e657714246c7" | 2026-01-01 13:52:00+00 |         840 |      9840 | success
 199675 |  19201 | last=1h service=fixture-18 message="row-99838 key-19201 marker_common_192 payload-2fdae0270b570e922d84a267bf69f65cc47292afac50a460a783e1b5ace3ed386c3cdecebe568a4f10e944d094a6f18d67e9305457d9cb59829c9656c2cf1ef78614d681efdb1c2ddfa5f475a7b9a40eeb426a5c7936889da81f52801aa5727552241818fc15a4b1c21d13f622a4ead7" | 2026-01-01 13:51:59+00 |         838 |      9838 | success
 199671 |  19201 | last=1h service=fixture-16 message="row-99836 key-19201 marker_common_192 payload-4b0b5b4a2116c7e0193a641d4471a856c34f3238caeef64080af50a95b3c0e1d74d124edd212e28e36041008aa7325b906373739231032808f8374873b36e3dbe583d0a5f8adf1213f0ca8a1385b1fe3c749833e16c1948504733cd45a4105377f5935a72acf039cd357d16dd4346130" | 2026-01-01 13:51:58+00 |         836 |      9836 | success
 199667 |  19201 | last=1h service=fixture-14 message="row-99834 key-19201 marker_common_192 payload-9c648ffdd245f3400f6ac0bcb780d4df6edf0f9ed8f57c8350304f15c24d5f68ebb3daab07b23a62f58833a789ede99a2405f605418bbf73c8845e5e6201ac651deecd9605fefb871fa553a6c434b201e9b832a744857c752012211a5b086b98149ad31344910d86d10dcc3ed3061914" | 2026-01-01 13:51:57+00 |         834 |      9834 | success
 199663 |  19201 | last=1h service=fixture-12 message="row-99832 key-19201 marker_common_192 payload-10c3b455d0088f27dde575f9017c88de219f564117bcf4853b74259a3dcceb6838b22e39cb76925e6099fb87661e00796ffb1a0f2370f09ffd6479b17386c539f4b41a6c03376c1418d4aef365a1be81316dd6705d431960c664b99a7c818b14f93032c3ad0b8a6edda9e4d86526173c" | 2026-01-01 13:51:56+00 |         832 |      9832 | success
 199659 |  19201 | last=1h service=fixture-10 message="row-99830 key-19201 marker_common_192 payload-2c261a2de4f0bf0714dc11873204f38c7844b3e390c9f92e16fb2ba8d22e9b6480f19272287ddf93601a72a93283f44f018235b093eb5130e557d5ccdf9ba67138b0bba73fd3a6ce30fd86fbeba716eb81e727bcd73000aa420a3a72d636eac8af3c477c53d7b1d6137ff9011397e142" | 2026-01-01 13:51:55+00 |         830 |      9830 | success
 199655 |  19201 | last=1h service=fixture-8 message="row-99828 key-19201 marker_common_192 payload-a8d37f28474bec0ddb05829b7ea90d424d964fc978f763c329b2fef2ddbb130b4afe0b7e96d537b8c4f486caff0e5921cd09d122b7cc049f9e7cdae66bf74ca09bf65515b1c64998404b793656ba5fcbe75b2375944d18b092f5a748a9ff186ce1ec064274432f11d2cb2914fd381bf2"  | 2026-01-01 13:51:54+00 |         828 |      9828 | success
 199651 |  19201 | last=1h service=fixture-6 message="row-99826 key-19201 marker_common_192 payload-db23451a68dfc8d66e0f2c03ea7bbee7ada4d4bcde3aa964f6573c4ac9bb4356d139c0873670cbabe4fa8578502040f72632d77f4ae7786035087f49fc9c8308cce1db0b5261f37da45c741499bfbe052ca805989952fe1de16e0c85335361b44fb0ca40fd740beaa368528cb061a0d3"  | 2026-01-01 13:51:53+00 |         826 |      9826 | success
 199647 |  19201 | last=1h service=fixture-4 message="row-99824 key-19201 marker_common_192 payload-6edbfff650c552e5e50ebbaba9520881d0537dac39657a0bf21938d0d6232ae89f043a6bbd420edbe726b6abf91f4a13839baf41e12b9d4814b1b240cbdae8a30fbab739dbaaf4eb768dc735bc2b7359942da44b73841aaf77fee5dff5e87404c30d2eca8f01c7561aa8ae9d9c86d8bc"  | 2026-01-01 13:51:52+00 |         824 |      9824 | success
 199643 |  19201 | last=1h service=fixture-2 message="row-99822 key-19201 marker_common_192 payload-e3fa53c63f0f9cb4e70d39b22148c4f8026764605a84193b885087b33eab6cc6430b59fce1be1833fce466f19b8de6a0fc0d05e4f1593c4a6fcd3da43a84070bcd0b38a96c83ffeb96deda5d42858ee02d8a2756b496b52739ca79ec668eb90252ab37cca227be727ba2908e4e370d16"  | 2026-01-01 13:51:51+00 |         822 |      9822 | success
 199639 |  19201 | last=1h service=fixture-0 message="row-99820 key-19201 marker_common_192 payload-63853bd48b65faffc6be097b78d77cc084b20e53434f36744e703cf233f2bf6d97f8cbb013fdbce6695b7aeaaf57e53dc58cfcb6cfe44bd42d7d3340fcfa56c265e036ca0077a469e652b52f99c2a2fd1fdd98eb193bd6eda2a4ec84f23c0c42968ef41b4e820b70b4f3de01882f4329"  | 2026-01-01 13:51:50+00 |         820 |      9820 | success
 199635 |  19201 | last=1h service=fixture-29 message="row-99818 key-19201 marker_common_192 payload-5f1704847ccbb00005643fed7d275fc07a9f5e0e2f811cf222cb2bab3542faeaf0c9a67ada3f7002886c96173f845f641eebf8cc95a61b9cfa16ff830f53b0000f1e971fd4fa661f228944bcaad3f4c98a111a37c861270f6594a20be6977c9dfd65de0a65dcc3a960cced348a1afe1c" | 2026-01-01 13:51:49+00 |         818 |      9818 | success
 199631 |  19201 | last=1h service=fixture-27 message="row-99816 key-19201 marker_common_192 payload-7f398b96637d35be0e91ee453849528e2b9aaf11dd103342ee6700b4fc1446d90f1467f4245f374a94cd8a7196456b286747018c661684d6e22e96cc92fb22608cf10ae5aa3be07735bdf67fdbb01e93fc2586fbbd1c093b2993989b79e8da00d983c90dd08d72e33d01574374483ab7" | 2026-01-01 13:51:48+00 |         816 |      9816 | success
 199627 |  19201 | last=1h service=fixture-25 message="row-99814 key-19201 marker_common_192 payload-d4fbf8b3b7976d9d3dee366d49a5bb62ccfa152d87dbcd286aa80cf34c3a8aa9fa928d62cb27a8b336de4b29d19de0777a81016696eba99b5021d5a4c9b06b4a4d6722da84668a7099fae17755146c54d6817ff50e2dc9c19f138034dd9f413512773a4c4fa97a20894aa80580db5f6f" | 2026-01-01 13:51:47+00 |         814 |      9814 | success
 199623 |  19201 | last=1h service=fixture-23 message="row-99812 key-19201 marker_common_192 payload-21b3d813e68240d13435a9d33a7b1275c23c53d04c5aa10dbd1c05b906dd8930bd2c6294902cacab97e7244db548141e370db948e2172cdee9eea38d6ad9648dedfbda4eba8a292adb47bf009e378e455024fe1144cfbdc99b5305f42ff59bc559b3830606860e447caee64a893ae5f0" | 2026-01-01 13:51:46+00 |         812 |      9812 | success
 199619 |  19201 | last=1h service=fixture-21 message="row-99810 key-19201 marker_common_192 payload-e63e381fb40ccab930b04dad88b5c671a1f5f82d5021db0b0e21cbbc9b12874274958c9881fb395ffa0d394ac1d1373692021124eaedf66b784a65e29a91e41f926734d7a57d45a3a3308c4b2c0a4504657f841e56cc0cad33c57b3f0f460c64dff90dfc3bd6e89dd4d112412c5265c1" | 2026-01-01 13:51:45+00 |         810 |      9810 | success
 199615 |  19201 | last=1h service=fixture-19 message="row-99808 key-19201 marker_common_192 payload-b5c531320ab113d1f575517be92c567a9c32140250b5c9bc9f2d4575be216e4c4dd08b40600b871b26bb76c5f10ed83c8cb6171035b3b18acdab7675b6f5f60c3a93bba5e4c8262eda9c2fa812edd1ee624b7ed91520936e82286edacead59cfd8c5d857d5529304e31061a8a151c255" | 2026-01-01 13:51:44+00 |         808 |      9808 | success
 199611 |  19201 | last=1h service=fixture-17 message="row-99806 key-19201 marker_common_192 payload-e5f58b748f4c6d576201e9aa51dd7ffa542a58d19b285795c57d03f417511fafc95b46026dc428f2ad3bb0199ed15804579efb7fd4bc6f42cef90c78457f9bafa29cf4e39a91c77d3d684c9194364f973f9f675f3e518c933152a96472bf03f1704a281406b7f0e68b812f0fc2e066e4" | 2026-01-01 13:51:43+00 |         806 |      9806 | success
 199607 |  19201 | last=1h service=fixture-15 message="row-99804 key-19201 marker_common_192 payload-9c96e1f92d6a4f84bfbb8f88e95527aa28dfe7e70f2f99241ade8b8f4ca87fa60297c40a7e9f7978ed106f9bae1bb3c3e636646ac3f51f6d7acff220e415ef353ac7b944cefe80863507f1e3d1546602105aa3cb8fb83535d3fe8be2ba9b36296c1c24589ed617a21d9bcaa70bd143a0" | 2026-01-01 13:51:42+00 |         804 |      9804 | success
 199603 |  19201 | last=1h service=fixture-13 message="row-99802 key-19201 marker_common_192 payload-41136cfa5c232e9fbe5a38ed6834e538f0ed142962758af58c4f70220eb885a6d00209992891965704f82454c98bdfb1f876badc4ccb4f2cb7829b6c2301237fb0dd2cdb2158ea6484f31debe000351146ea898c3d0b59ea2c675991d844aba63792502508f0ac9c8d82679fa0c9e2f3" | 2026-01-01 13:51:41+00 |         802 |      9802 | success
(50 rows)

COMMIT
BEGIN
SET
 count 
-------
 50000
(1 row)

   id   | key_id |                                                                                                                                                        query                                                                                                                                                        |      executed_at       | duration_ms | row_count | status  
--------+--------+---------------------------------------------------------------------------------------------------------------------------------------------------------------------------------------------------------------------------------------------------------------------------------------------------------------------+------------------------+-------------+-----------+---------
 199799 |  19201 | last=1h service=fixture-18 message="row-99900 key-19201 marker_common_192 payload-747eb715c540ff320bd37279e51aa0476bed33fbb83deae9e9a658df24535ac182d6ec4b8e219feb21b6a7bfd4cdf2412df6eb66843afe833772565b7436f5deb01bc72072a4eb8c9a09549604329c7787159786733efc68ffce721b25ca03c4f185e3d6b753a5e0381241940e70347f" | 2026-01-01 13:52:30+00 |         900 |      9900 | success
 199795 |  19201 | last=1h service=fixture-16 message="row-99898 key-19201 marker_common_192 payload-ccf2fa819e3d0504b61233ae85c0769cd391ab6c2e90b068f74178f473469bd8ffc5159432196b773e031075c9ea4e0ef9f2468dcf2dd2620e1b3933fde278d83b8c8c67022e881f64a905090d1febc9c27b1f282fae8bfd82658db8e488128247981cf791626a630a94138153fde8a1" | 2026-01-01 13:52:29+00 |         898 |      9898 | success
 199791 |  19201 | last=1h service=fixture-14 message="row-99896 key-19201 marker_common_192 payload-f0e235ee11b5b62739b22dc58d48a8353e8637103eac63e83507f0a0d21716fadea0852e7356df472d4564d572ddfdbe7aff9b3f4890b80bcccd2fead08e64588ac38338ed7c93d09558296e22a5505aab31585ff5d4597849c4e345883cadd38760709a76ef41974acee8a8bb4f08fe" | 2026-01-01 13:52:28+00 |         896 |      9896 | success
 199787 |  19201 | last=1h service=fixture-12 message="row-99894 key-19201 marker_common_192 payload-663fb010a47f53f1c7b9b43498fee99e563e26d69c19438c74b96e56d47c52007ea3f5e31f9086d21d573698fb1307a59295eae91ea726e6cf1e5e27d552f57c0a386b515168941b436736723eb95181b97d6626c2aa209b5e1530102c558524130e5952d58aadc3a45e14723fc3fdca" | 2026-01-01 13:52:27+00 |         894 |      9894 | success
 199783 |  19201 | last=1h service=fixture-10 message="row-99892 key-19201 marker_common_192 payload-571cf5750996590b151c163577dc86293c01013a3cb0399e13af8dc439bcc90fc2b0d02f6ee10b95b4abad5b2f5d4983c4b1ffbe3c263d24b4305c5b04a18b6b9a7677c383f1ea4965f1506012c8dc7df2fbeb50da189644dee87a46154ebf8d024ee8af5aba1512c938becbc1eef4be" | 2026-01-01 13:52:26+00 |         892 |      9892 | success
 199779 |  19201 | last=1h service=fixture-8 message="row-99890 key-19201 marker_common_192 payload-627eeae2840ee39e98d05fc293f72f8e1c9aabbc9f43faa84725f8baf3ceb52a853306f7e879b45a14ee04a57425dc90c84031898bb6bbefa3a0337007e198164bcb464e70371334ed1ebcbafb4a329fa35ec96b7aaa01bab65c39dd26254552b632a95df92016afbd0ce33d5312d111"  | 2026-01-01 13:52:25+00 |         890 |      9890 | success
 199775 |  19201 | last=1h service=fixture-6 message="row-99888 key-19201 marker_common_192 payload-12c654f4a05be096527bf6f5555f591f558266d826b729b24734b2036e68782890e7045f4c926a18d01bc51907c02c2d8308a3bd5915668e7e1f28ebc1b68c8fda99afbe211b8f5dd62f7e43d4057c3ea60dbd83f83a0678a30cbded108fc88843b2898da3c6f4b87ba6768f3b4f6b9b"  | 2026-01-01 13:52:24+00 |         888 |      9888 | success
 199771 |  19201 | last=1h service=fixture-4 message="row-99886 key-19201 marker_common_192 payload-ab095ae8246c3baba4d097b766a8a174b471a538583f30ed38183bab38b8903e6fdea31fb1c7b2b78e079caf51decfe5e07d9cd70fce1e0de1aee327b2363496ae816ba8d3839abf0dddd208fda07a769708ce996e00028bd95062ef75fe06b0ceddfa1b587d01f1bec04bc8dc7f7818"  | 2026-01-01 13:52:23+00 |         886 |      9886 | success
 199767 |  19201 | last=1h service=fixture-2 message="row-99884 key-19201 marker_common_192 payload-0930c27e5e6cdf6e31dac4ab01449378daa5a050ad3898966b8420fb98b386af4f60b0eaeaa1e37b49e60a38c304b41b2cfb1a976b6c9ecc9b2d905ced123cf8f12ae014f46a6d334bb591a184cb59b11add31015a863ebda2178881111212e312b42fbe8c9f04f8977cc698cd7fff22"  | 2026-01-01 13:52:22+00 |         884 |      9884 | success
 199763 |  19201 | last=1h service=fixture-0 message="row-99882 key-19201 marker_common_192 payload-ad2667c5584247eda547ffb2ff64e71dfae0dce52fbf2af7bce0e17b9b945f53b89212f1db53d88795529222b2c7bc9dc6affb6b914b9ed9a5b27090b08cb4d0ba2d8eba2095821c895247e10fd0379151ca69c120cc2d06bd95f9eb2ce3d5b5c5a5d24a05e6883952ac57d20809ac4a"  | 2026-01-01 13:52:21+00 |         882 |      9882 | success
 199759 |  19201 | last=1h service=fixture-29 message="row-99880 key-19201 marker_common_192 payload-73af17df132f13dbdc2a778f69522f743be4eebf9e814b2c6ffe886dc18a86dcf8f94691feb603099e45a41deb1afeb91fdc273234e9190d067e533027c1922819c11015790332774ea7ea1600e0222cb1db778178b7545488f0dcc8371c204151dd4e1710a874769d3b868c4e1553e9" | 2026-01-01 13:52:20+00 |         880 |      9880 | success
 199755 |  19201 | last=1h service=fixture-27 message="row-99878 key-19201 marker_common_192 payload-8fe612206616dbf8091743e85204e4cfcf267775e775456d31fed64b9fe75b174cf43579627a61a31b58e68beed68f26a49e1858248b29d1d92f4414ca081c40c9065a8f12f878f4f27e46bc2c89a219fdf33befab6558b4bc4bf11940de1956a0e849da8c1648e23edbd647aeef993d" | 2026-01-01 13:52:19+00 |         878 |      9878 | success
 199751 |  19201 | last=1h service=fixture-25 message="row-99876 key-19201 marker_common_192 payload-722992307738b0cdf60f8fa7b28e3022716709c74bbcedcc53e6ed88bdae34d8fdfa3286c21ded91ea0ee22a4e73407c979f0a4fb15cd525e7e323caefc1cb6314580c3d5238fb3ee0db7818eb281ff8f5ce12e4959322d1729dc22b0357db699f914e177d2d8e686d852b2896f23287" | 2026-01-01 13:52:18+00 |         876 |      9876 | success
 199747 |  19201 | last=1h service=fixture-23 message="row-99874 key-19201 marker_common_192 payload-90e024f17a094c16221ac03abf4e76b40589741593189360e62406927a92f744c101c186a253594e21b64893ea33a7423c600fb7528da02ed24e5ffc55976180c5cae4a426db995e4e2dd5e08d597b382fdc79711287bf0bd17fe5f179d62197654924bf3bb2fa78297f25bf99cb4fd7" | 2026-01-01 13:52:17+00 |         874 |      9874 | success
 199743 |  19201 | last=1h service=fixture-21 message="row-99872 key-19201 marker_common_192 payload-324f727e74386b239ded0079c96d68f822ed7798e5d15685c13f0f2de3cd105bccf313383bf788c38c1a5493762d17e68fd22942964086c4335cd53e89b798ea70065577987ffe12fe086ff34d659dfec9c4625f595fc2901924a8de5a3da294198e4b733dcd312836a127b2215c24a9" | 2026-01-01 13:52:16+00 |         872 |      9872 | success
 199739 |  19201 | last=1h service=fixture-19 message="row-99870 key-19201 marker_common_192 payload-11b26b08363fe8538fa196128a46c283b3b39a684c203c43b77e76f0d96e7b5e29f6bb49b1d6814fa379e1234aa9943cd1c7de89c900949418cd50c3d87c00d060a23b6e3d270ba30f0e7c61f557cb7e0525c1eb8a4061a12a86329875c37b0f9c343e78b45c7a69fb50c3c91a72eb61" | 2026-01-01 13:52:15+00 |         870 |      9870 | success
 199735 |  19201 | last=1h service=fixture-17 message="row-99868 key-19201 marker_common_192 payload-b3c7eafb8850597882e48269223fbd532caa4420eb37eb16fea5b2bfca168335f653357e23e8017295ff2e821bdacbf5d6f145dbf20e8c57053a3f1dbff321c4fd84e2419a7f3f8e067ae3aa455d6333b2b2892905dbbe3ce0f67e0fd6722c41d3c4b50da0d0f0a7528a4ec0940be3bc" | 2026-01-01 13:52:14+00 |         868 |      9868 | success
 199731 |  19201 | last=1h service=fixture-15 message="row-99866 key-19201 marker_common_192 payload-b6c8143d9a13ea99e43972329d92fe6063cba54c49b062c50ed7bf97090323134bfba144c71b673bc3f4a771216b9a83711412aaa05cb93f09a3528333caf99fd441618dd2b0f8f62f9d9a869abd54cd609bf040c4ae66004951109cc555610d35eb71a308ae6bc56632a96a30534f7d" | 2026-01-01 13:52:13+00 |         866 |      9866 | success
 199727 |  19201 | last=1h service=fixture-13 message="row-99864 key-19201 marker_common_192 payload-663e274e15ae2ef39bebd565dc9f8ffb428e0126e7f92dc72f7f0ee0186f26a3c549c814c7d340505961f08ba30bb1ebca8f406976a0014c191760ed345bbc89f3ed3401df3603d4013cd2d2e201ab6f72a93b2d83621cb674467ac479ad7aa087e0f6102f84bf30dc4e6265344cd60f" | 2026-01-01 13:52:12+00 |         864 |      9864 | success
 199723 |  19201 | last=1h service=fixture-11 message="row-99862 key-19201 marker_common_192 payload-b48b857fe1e8c3519ffb6b578ec7776de1fb8346c3b5f18c32bb0373bf0d38b084451f7406025214d7848a6c3642d36a75de6f89f5fd9be0fcc8550566c1dc6207188701a9d26d5205f3baf55e172d9cc546fa2c713fdb984eb9529da2ecbabe4d0b7e2401340294696d04b705d9690f" | 2026-01-01 13:52:11+00 |         862 |      9862 | success
 199719 |  19201 | last=1h service=fixture-9 message="row-99860 key-19201 marker_common_192 payload-325839fd6293e8d157790e73cc95028e77dcbf1b0966ef03adb1a7c17930fb34579b97f72c181c5238a617186d512c3e1ccc30c70298cba6c5b8cdc2b51e0b5eb0defa1bed57756a6375dcf6fa9a53e6af3b0a69f439dcd55150b70e3ad64d904d25a478db7ec7fff85585bab042cf8d"  | 2026-01-01 13:52:10+00 |         860 |      9860 | success
 199715 |  19201 | last=1h service=fixture-7 message="row-99858 key-19201 marker_common_192 payload-e76a7f8dc7723263017da86c99cb4a90b52d132f1a353341b945616e900eb9261084bf2cb01f3b9c3ef3efd0d975a19a5e07521033cd3a8584b54cc19b33a5d9b18b7bb10bf04743d79a8615334be06d183a26f79b4e90e3a82a59a210b1ed4faeb2e42b7e5dc100ae9ddfb0cadef321"  | 2026-01-01 13:52:09+00 |         858 |      9858 | success
 199711 |  19201 | last=1h service=fixture-5 message="row-99856 key-19201 marker_common_192 payload-bbcf43830ec32d1e8557db2cdb0f631c8303179c03d0be296ef5da974f6686c43e3f69a2d7d615fc83b6a488579f09f8ef97e6871bac5f08d9df864adb7ef0eba0c2abdec9bbc82eae25edb21851d5f54b93f35e79864048202d356f270857200d720132fbea3ef29edbd9b0f2d8a194"  | 2026-01-01 13:52:08+00 |         856 |      9856 | success
 199707 |  19201 | last=1h service=fixture-3 message="row-99854 key-19201 marker_common_192 payload-765e43a877c7ec8dcdb4bd5517e837a938f2092e4f80e02fcfa02a1acc87abdbfae4d2fbf4f5b641d711130e35a388c2815e320a6ec8a1105531fd525d65141604257cd2f76a5e4bb17cc8c61726df16139584045093dd5811a8a8ab8d5886dd4119ffce956fa419aa8af0ab68d943f5"  | 2026-01-01 13:52:07+00 |         854 |      9854 | success
 199703 |  19201 | last=1h service=fixture-1 message="row-99852 key-19201 marker_common_192 payload-5e831bbff497b463fbc0fc5d884fd62b2a05fc5afe8f1542afa72a4ba0933cd415993b25696f3c191ac6116a60c3bdad7428fafbecac754e9fe43de980abf8b2399c5244f3ff6a372455205af03bd1a1b1d968c303432868f20368430ea31c76be5448dc1cf69a501b709e86c942b99e"  | 2026-01-01 13:52:06+00 |         852 |      9852 | success
 199699 |  19201 | last=1h service=fixture-30 message="row-99850 key-19201 marker_common_192 payload-476aafefa19b5914226fc2ab2da94aa751928c9691d4ab0df91c68ba53eb556be22832153f803b12a5220d0771c1f99dddd6da0e5a80249332c41d9f2610ae33c7052b186718805447ce861f87c4af8349aab1d67b5a2ecb60ef0fa1107db9d032483b253c469da6cf68f58798c30e4e" | 2026-01-01 13:52:05+00 |         850 |      9850 | success
 199695 |  19201 | last=1h service=fixture-28 message="row-99848 key-19201 marker_common_192 payload-da4e69515f00d135e25222a6471858dea210aae75ec62b14dc405b8ab4d014f1b00e3c43054e2cbe36579c135f40158df669111898836061ce4a5baaf3ad8e89b3519834bd0dfb74eb94291cda5d387679e0e339a19b7ac3c3c9ab477928c495d47eae61261b8d3025a10be1e4a95922" | 2026-01-01 13:52:04+00 |         848 |      9848 | success
 199691 |  19201 | last=1h service=fixture-26 message="row-99846 key-19201 marker_common_192 payload-dcb057974d02eee23d8a77593300e8bfe5f5f80e6549208494f69cedd7d719d3929cc9d203f5cde6921a07e4b4b417cc7b8c00fafff553d29b4cad88e3e5b55a71a51c96c1ada82a8d9e3cb1bf98180ef1247623bc01faf9aeda00b54a376e60f4add7aecef44e794c4ebdbd3dbd1b41" | 2026-01-01 13:52:03+00 |         846 |      9846 | success
 199687 |  19201 | last=1h service=fixture-24 message="row-99844 key-19201 marker_common_192 payload-39af1bb6a5165835b45122a1787e2c1e8e88cfeaa0d5beebdfd4245c2aaa3130b1daa540a3b8ea94deaf397b04ae404afc216e9bfb4a9342d3eed17736ad130c731676e7476b7d335e89415e1bc18ec9c327dc3452835ff092ecab890b279dba1619ffa8cfb23f34c67db33b8520ece0" | 2026-01-01 13:52:02+00 |         844 |      9844 | success
 199683 |  19201 | last=1h service=fixture-22 message="row-99842 key-19201 marker_common_192 payload-682672decb98e4ec28acfc20077100484298713e10e5e01ec9e9e731aff85749c2256b554e5bb758a5995b3db1e289b2423cc7a9c93f20cb73d92c6128c2f351be09cb1475b52565a078d6c80cbfda765e54b9791266e42850fdd6016bde355387f3d257e457bd593e95e921a63c4425" | 2026-01-01 13:52:01+00 |         842 |      9842 | success
 199679 |  19201 | last=1h service=fixture-20 message="row-99840 key-19201 marker_common_192 payload-e8ab0a8fa591819f4b8c6708b89ca56dc0925cc594d60eb8963de301abd4344a1d446dd05a3daa10b6b2d93d54a187c7eae4d4142dc37e38262371a326e1ad672d2e639b42fc1ffe5185117a341ee3ce82542b436b357a99d94f50ca66c9df4a8871b0299be59f227130e657714246c7" | 2026-01-01 13:52:00+00 |         840 |      9840 | success
 199675 |  19201 | last=1h service=fixture-18 message="row-99838 key-19201 marker_common_192 payload-2fdae0270b570e922d84a267bf69f65cc47292afac50a460a783e1b5ace3ed386c3cdecebe568a4f10e944d094a6f18d67e9305457d9cb59829c9656c2cf1ef78614d681efdb1c2ddfa5f475a7b9a40eeb426a5c7936889da81f52801aa5727552241818fc15a4b1c21d13f622a4ead7" | 2026-01-01 13:51:59+00 |         838 |      9838 | success
 199671 |  19201 | last=1h service=fixture-16 message="row-99836 key-19201 marker_common_192 payload-4b0b5b4a2116c7e0193a641d4471a856c34f3238caeef64080af50a95b3c0e1d74d124edd212e28e36041008aa7325b906373739231032808f8374873b36e3dbe583d0a5f8adf1213f0ca8a1385b1fe3c749833e16c1948504733cd45a4105377f5935a72acf039cd357d16dd4346130" | 2026-01-01 13:51:58+00 |         836 |      9836 | success
 199667 |  19201 | last=1h service=fixture-14 message="row-99834 key-19201 marker_common_192 payload-9c648ffdd245f3400f6ac0bcb780d4df6edf0f9ed8f57c8350304f15c24d5f68ebb3daab07b23a62f58833a789ede99a2405f605418bbf73c8845e5e6201ac651deecd9605fefb871fa553a6c434b201e9b832a744857c752012211a5b086b98149ad31344910d86d10dcc3ed3061914" | 2026-01-01 13:51:57+00 |         834 |      9834 | success
 199663 |  19201 | last=1h service=fixture-12 message="row-99832 key-19201 marker_common_192 payload-10c3b455d0088f27dde575f9017c88de219f564117bcf4853b74259a3dcceb6838b22e39cb76925e6099fb87661e00796ffb1a0f2370f09ffd6479b17386c539f4b41a6c03376c1418d4aef365a1be81316dd6705d431960c664b99a7c818b14f93032c3ad0b8a6edda9e4d86526173c" | 2026-01-01 13:51:56+00 |         832 |      9832 | success
 199659 |  19201 | last=1h service=fixture-10 message="row-99830 key-19201 marker_common_192 payload-2c261a2de4f0bf0714dc11873204f38c7844b3e390c9f92e16fb2ba8d22e9b6480f19272287ddf93601a72a93283f44f018235b093eb5130e557d5ccdf9ba67138b0bba73fd3a6ce30fd86fbeba716eb81e727bcd73000aa420a3a72d636eac8af3c477c53d7b1d6137ff9011397e142" | 2026-01-01 13:51:55+00 |         830 |      9830 | success
 199655 |  19201 | last=1h service=fixture-8 message="row-99828 key-19201 marker_common_192 payload-a8d37f28474bec0ddb05829b7ea90d424d964fc978f763c329b2fef2ddbb130b4afe0b7e96d537b8c4f486caff0e5921cd09d122b7cc049f9e7cdae66bf74ca09bf65515b1c64998404b793656ba5fcbe75b2375944d18b092f5a748a9ff186ce1ec064274432f11d2cb2914fd381bf2"  | 2026-01-01 13:51:54+00 |         828 |      9828 | success
 199651 |  19201 | last=1h service=fixture-6 message="row-99826 key-19201 marker_common_192 payload-db23451a68dfc8d66e0f2c03ea7bbee7ada4d4bcde3aa964f6573c4ac9bb4356d139c0873670cbabe4fa8578502040f72632d77f4ae7786035087f49fc9c8308cce1db0b5261f37da45c741499bfbe052ca805989952fe1de16e0c85335361b44fb0ca40fd740beaa368528cb061a0d3"  | 2026-01-01 13:51:53+00 |         826 |      9826 | success
 199647 |  19201 | last=1h service=fixture-4 message="row-99824 key-19201 marker_common_192 payload-6edbfff650c552e5e50ebbaba9520881d0537dac39657a0bf21938d0d6232ae89f043a6bbd420edbe726b6abf91f4a13839baf41e12b9d4814b1b240cbdae8a30fbab739dbaaf4eb768dc735bc2b7359942da44b73841aaf77fee5dff5e87404c30d2eca8f01c7561aa8ae9d9c86d8bc"  | 2026-01-01 13:51:52+00 |         824 |      9824 | success
 199643 |  19201 | last=1h service=fixture-2 message="row-99822 key-19201 marker_common_192 payload-e3fa53c63f0f9cb4e70d39b22148c4f8026764605a84193b885087b33eab6cc6430b59fce1be1833fce466f19b8de6a0fc0d05e4f1593c4a6fcd3da43a84070bcd0b38a96c83ffeb96deda5d42858ee02d8a2756b496b52739ca79ec668eb90252ab37cca227be727ba2908e4e370d16"  | 2026-01-01 13:51:51+00 |         822 |      9822 | success
 199639 |  19201 | last=1h service=fixture-0 message="row-99820 key-19201 marker_common_192 payload-63853bd48b65faffc6be097b78d77cc084b20e53434f36744e703cf233f2bf6d97f8cbb013fdbce6695b7aeaaf57e53dc58cfcb6cfe44bd42d7d3340fcfa56c265e036ca0077a469e652b52f99c2a2fd1fdd98eb193bd6eda2a4ec84f23c0c42968ef41b4e820b70b4f3de01882f4329"  | 2026-01-01 13:51:50+00 |         820 |      9820 | success
 199635 |  19201 | last=1h service=fixture-29 message="row-99818 key-19201 marker_common_192 payload-5f1704847ccbb00005643fed7d275fc07a9f5e0e2f811cf222cb2bab3542faeaf0c9a67ada3f7002886c96173f845f641eebf8cc95a61b9cfa16ff830f53b0000f1e971fd4fa661f228944bcaad3f4c98a111a37c861270f6594a20be6977c9dfd65de0a65dcc3a960cced348a1afe1c" | 2026-01-01 13:51:49+00 |         818 |      9818 | success
 199631 |  19201 | last=1h service=fixture-27 message="row-99816 key-19201 marker_common_192 payload-7f398b96637d35be0e91ee453849528e2b9aaf11dd103342ee6700b4fc1446d90f1467f4245f374a94cd8a7196456b286747018c661684d6e22e96cc92fb22608cf10ae5aa3be07735bdf67fdbb01e93fc2586fbbd1c093b2993989b79e8da00d983c90dd08d72e33d01574374483ab7" | 2026-01-01 13:51:48+00 |         816 |      9816 | success
 199627 |  19201 | last=1h service=fixture-25 message="row-99814 key-19201 marker_common_192 payload-d4fbf8b3b7976d9d3dee366d49a5bb62ccfa152d87dbcd286aa80cf34c3a8aa9fa928d62cb27a8b336de4b29d19de0777a81016696eba99b5021d5a4c9b06b4a4d6722da84668a7099fae17755146c54d6817ff50e2dc9c19f138034dd9f413512773a4c4fa97a20894aa80580db5f6f" | 2026-01-01 13:51:47+00 |         814 |      9814 | success
 199623 |  19201 | last=1h service=fixture-23 message="row-99812 key-19201 marker_common_192 payload-21b3d813e68240d13435a9d33a7b1275c23c53d04c5aa10dbd1c05b906dd8930bd2c6294902cacab97e7244db548141e370db948e2172cdee9eea38d6ad9648dedfbda4eba8a292adb47bf009e378e455024fe1144cfbdc99b5305f42ff59bc559b3830606860e447caee64a893ae5f0" | 2026-01-01 13:51:46+00 |         812 |      9812 | success
 199619 |  19201 | last=1h service=fixture-21 message="row-99810 key-19201 marker_common_192 payload-e63e381fb40ccab930b04dad88b5c671a1f5f82d5021db0b0e21cbbc9b12874274958c9881fb395ffa0d394ac1d1373692021124eaedf66b784a65e29a91e41f926734d7a57d45a3a3308c4b2c0a4504657f841e56cc0cad33c57b3f0f460c64dff90dfc3bd6e89dd4d112412c5265c1" | 2026-01-01 13:51:45+00 |         810 |      9810 | success
 199615 |  19201 | last=1h service=fixture-19 message="row-99808 key-19201 marker_common_192 payload-b5c531320ab113d1f575517be92c567a9c32140250b5c9bc9f2d4575be216e4c4dd08b40600b871b26bb76c5f10ed83c8cb6171035b3b18acdab7675b6f5f60c3a93bba5e4c8262eda9c2fa812edd1ee624b7ed91520936e82286edacead59cfd8c5d857d5529304e31061a8a151c255" | 2026-01-01 13:51:44+00 |         808 |      9808 | success
 199611 |  19201 | last=1h service=fixture-17 message="row-99806 key-19201 marker_common_192 payload-e5f58b748f4c6d576201e9aa51dd7ffa542a58d19b285795c57d03f417511fafc95b46026dc428f2ad3bb0199ed15804579efb7fd4bc6f42cef90c78457f9bafa29cf4e39a91c77d3d684c9194364f973f9f675f3e518c933152a96472bf03f1704a281406b7f0e68b812f0fc2e066e4" | 2026-01-01 13:51:43+00 |         806 |      9806 | success
 199607 |  19201 | last=1h service=fixture-15 message="row-99804 key-19201 marker_common_192 payload-9c96e1f92d6a4f84bfbb8f88e95527aa28dfe7e70f2f99241ade8b8f4ca87fa60297c40a7e9f7978ed106f9bae1bb3c3e636646ac3f51f6d7acff220e415ef353ac7b944cefe80863507f1e3d1546602105aa3cb8fb83535d3fe8be2ba9b36296c1c24589ed617a21d9bcaa70bd143a0" | 2026-01-01 13:51:42+00 |         804 |      9804 | success
 199603 |  19201 | last=1h service=fixture-13 message="row-99802 key-19201 marker_common_192 payload-41136cfa5c232e9fbe5a38ed6834e538f0ed142962758af58c4f70220eb885a6d00209992891965704f82454c98bdfb1f876badc4ccb4f2cb7829b6c2301237fb0dd2cdb2158ea6484f31debe000351146ea898c3d0b59ea2c675991d844aba63792502508f0ac9c8d82679fa0c9e2f3" | 2026-01-01 13:51:41+00 |         802 |      9802 | success
(50 rows)

COMMIT
BEGIN
SET
 count 
-------
 50000
(1 row)

   id   | key_id |                                                                                                                                                        query                                                                                                                                                        |      executed_at       | duration_ms | row_count | status  
--------+--------+---------------------------------------------------------------------------------------------------------------------------------------------------------------------------------------------------------------------------------------------------------------------------------------------------------------------+------------------------+-------------+-----------+---------
 199799 |  19201 | last=1h service=fixture-18 message="row-99900 key-19201 marker_common_192 payload-747eb715c540ff320bd37279e51aa0476bed33fbb83deae9e9a658df24535ac182d6ec4b8e219feb21b6a7bfd4cdf2412df6eb66843afe833772565b7436f5deb01bc72072a4eb8c9a09549604329c7787159786733efc68ffce721b25ca03c4f185e3d6b753a5e0381241940e70347f" | 2026-01-01 13:52:30+00 |         900 |      9900 | success
 199795 |  19201 | last=1h service=fixture-16 message="row-99898 key-19201 marker_common_192 payload-ccf2fa819e3d0504b61233ae85c0769cd391ab6c2e90b068f74178f473469bd8ffc5159432196b773e031075c9ea4e0ef9f2468dcf2dd2620e1b3933fde278d83b8c8c67022e881f64a905090d1febc9c27b1f282fae8bfd82658db8e488128247981cf791626a630a94138153fde8a1" | 2026-01-01 13:52:29+00 |         898 |      9898 | success
 199791 |  19201 | last=1h service=fixture-14 message="row-99896 key-19201 marker_common_192 payload-f0e235ee11b5b62739b22dc58d48a8353e8637103eac63e83507f0a0d21716fadea0852e7356df472d4564d572ddfdbe7aff9b3f4890b80bcccd2fead08e64588ac38338ed7c93d09558296e22a5505aab31585ff5d4597849c4e345883cadd38760709a76ef41974acee8a8bb4f08fe" | 2026-01-01 13:52:28+00 |         896 |      9896 | success
 199787 |  19201 | last=1h service=fixture-12 message="row-99894 key-19201 marker_common_192 payload-663fb010a47f53f1c7b9b43498fee99e563e26d69c19438c74b96e56d47c52007ea3f5e31f9086d21d573698fb1307a59295eae91ea726e6cf1e5e27d552f57c0a386b515168941b436736723eb95181b97d6626c2aa209b5e1530102c558524130e5952d58aadc3a45e14723fc3fdca" | 2026-01-01 13:52:27+00 |         894 |      9894 | success
 199783 |  19201 | last=1h service=fixture-10 message="row-99892 key-19201 marker_common_192 payload-571cf5750996590b151c163577dc86293c01013a3cb0399e13af8dc439bcc90fc2b0d02f6ee10b95b4abad5b2f5d4983c4b1ffbe3c263d24b4305c5b04a18b6b9a7677c383f1ea4965f1506012c8dc7df2fbeb50da189644dee87a46154ebf8d024ee8af5aba1512c938becbc1eef4be" | 2026-01-01 13:52:26+00 |         892 |      9892 | success
 199779 |  19201 | last=1h service=fixture-8 message="row-99890 key-19201 marker_common_192 payload-627eeae2840ee39e98d05fc293f72f8e1c9aabbc9f43faa84725f8baf3ceb52a853306f7e879b45a14ee04a57425dc90c84031898bb6bbefa3a0337007e198164bcb464e70371334ed1ebcbafb4a329fa35ec96b7aaa01bab65c39dd26254552b632a95df92016afbd0ce33d5312d111"  | 2026-01-01 13:52:25+00 |         890 |      9890 | success
 199775 |  19201 | last=1h service=fixture-6 message="row-99888 key-19201 marker_common_192 payload-12c654f4a05be096527bf6f5555f591f558266d826b729b24734b2036e68782890e7045f4c926a18d01bc51907c02c2d8308a3bd5915668e7e1f28ebc1b68c8fda99afbe211b8f5dd62f7e43d4057c3ea60dbd83f83a0678a30cbded108fc88843b2898da3c6f4b87ba6768f3b4f6b9b"  | 2026-01-01 13:52:24+00 |         888 |      9888 | success
 199771 |  19201 | last=1h service=fixture-4 message="row-99886 key-19201 marker_common_192 payload-ab095ae8246c3baba4d097b766a8a174b471a538583f30ed38183bab38b8903e6fdea31fb1c7b2b78e079caf51decfe5e07d9cd70fce1e0de1aee327b2363496ae816ba8d3839abf0dddd208fda07a769708ce996e00028bd95062ef75fe06b0ceddfa1b587d01f1bec04bc8dc7f7818"  | 2026-01-01 13:52:23+00 |         886 |      9886 | success
 199767 |  19201 | last=1h service=fixture-2 message="row-99884 key-19201 marker_common_192 payload-0930c27e5e6cdf6e31dac4ab01449378daa5a050ad3898966b8420fb98b386af4f60b0eaeaa1e37b49e60a38c304b41b2cfb1a976b6c9ecc9b2d905ced123cf8f12ae014f46a6d334bb591a184cb59b11add31015a863ebda2178881111212e312b42fbe8c9f04f8977cc698cd7fff22"  | 2026-01-01 13:52:22+00 |         884 |      9884 | success
 199763 |  19201 | last=1h service=fixture-0 message="row-99882 key-19201 marker_common_192 payload-ad2667c5584247eda547ffb2ff64e71dfae0dce52fbf2af7bce0e17b9b945f53b89212f1db53d88795529222b2c7bc9dc6affb6b914b9ed9a5b27090b08cb4d0ba2d8eba2095821c895247e10fd0379151ca69c120cc2d06bd95f9eb2ce3d5b5c5a5d24a05e6883952ac57d20809ac4a"  | 2026-01-01 13:52:21+00 |         882 |      9882 | success
 199759 |  19201 | last=1h service=fixture-29 message="row-99880 key-19201 marker_common_192 payload-73af17df132f13dbdc2a778f69522f743be4eebf9e814b2c6ffe886dc18a86dcf8f94691feb603099e45a41deb1afeb91fdc273234e9190d067e533027c1922819c11015790332774ea7ea1600e0222cb1db778178b7545488f0dcc8371c204151dd4e1710a874769d3b868c4e1553e9" | 2026-01-01 13:52:20+00 |         880 |      9880 | success
 199755 |  19201 | last=1h service=fixture-27 message="row-99878 key-19201 marker_common_192 payload-8fe612206616dbf8091743e85204e4cfcf267775e775456d31fed64b9fe75b174cf43579627a61a31b58e68beed68f26a49e1858248b29d1d92f4414ca081c40c9065a8f12f878f4f27e46bc2c89a219fdf33befab6558b4bc4bf11940de1956a0e849da8c1648e23edbd647aeef993d" | 2026-01-01 13:52:19+00 |         878 |      9878 | success
 199751 |  19201 | last=1h service=fixture-25 message="row-99876 key-19201 marker_common_192 payload-722992307738b0cdf60f8fa7b28e3022716709c74bbcedcc53e6ed88bdae34d8fdfa3286c21ded91ea0ee22a4e73407c979f0a4fb15cd525e7e323caefc1cb6314580c3d5238fb3ee0db7818eb281ff8f5ce12e4959322d1729dc22b0357db699f914e177d2d8e686d852b2896f23287" | 2026-01-01 13:52:18+00 |         876 |      9876 | success
 199747 |  19201 | last=1h service=fixture-23 message="row-99874 key-19201 marker_common_192 payload-90e024f17a094c16221ac03abf4e76b40589741593189360e62406927a92f744c101c186a253594e21b64893ea33a7423c600fb7528da02ed24e5ffc55976180c5cae4a426db995e4e2dd5e08d597b382fdc79711287bf0bd17fe5f179d62197654924bf3bb2fa78297f25bf99cb4fd7" | 2026-01-01 13:52:17+00 |         874 |      9874 | success
 199743 |  19201 | last=1h service=fixture-21 message="row-99872 key-19201 marker_common_192 payload-324f727e74386b239ded0079c96d68f822ed7798e5d15685c13f0f2de3cd105bccf313383bf788c38c1a5493762d17e68fd22942964086c4335cd53e89b798ea70065577987ffe12fe086ff34d659dfec9c4625f595fc2901924a8de5a3da294198e4b733dcd312836a127b2215c24a9" | 2026-01-01 13:52:16+00 |         872 |      9872 | success
 199739 |  19201 | last=1h service=fixture-19 message="row-99870 key-19201 marker_common_192 payload-11b26b08363fe8538fa196128a46c283b3b39a684c203c43b77e76f0d96e7b5e29f6bb49b1d6814fa379e1234aa9943cd1c7de89c900949418cd50c3d87c00d060a23b6e3d270ba30f0e7c61f557cb7e0525c1eb8a4061a12a86329875c37b0f9c343e78b45c7a69fb50c3c91a72eb61" | 2026-01-01 13:52:15+00 |         870 |      9870 | success
 199735 |  19201 | last=1h service=fixture-17 message="row-99868 key-19201 marker_common_192 payload-b3c7eafb8850597882e48269223fbd532caa4420eb37eb16fea5b2bfca168335f653357e23e8017295ff2e821bdacbf5d6f145dbf20e8c57053a3f1dbff321c4fd84e2419a7f3f8e067ae3aa455d6333b2b2892905dbbe3ce0f67e0fd6722c41d3c4b50da0d0f0a7528a4ec0940be3bc" | 2026-01-01 13:52:14+00 |         868 |      9868 | success
 199731 |  19201 | last=1h service=fixture-15 message="row-99866 key-19201 marker_common_192 payload-b6c8143d9a13ea99e43972329d92fe6063cba54c49b062c50ed7bf97090323134bfba144c71b673bc3f4a771216b9a83711412aaa05cb93f09a3528333caf99fd441618dd2b0f8f62f9d9a869abd54cd609bf040c4ae66004951109cc555610d35eb71a308ae6bc56632a96a30534f7d" | 2026-01-01 13:52:13+00 |         866 |      9866 | success
 199727 |  19201 | last=1h service=fixture-13 message="row-99864 key-19201 marker_common_192 payload-663e274e15ae2ef39bebd565dc9f8ffb428e0126e7f92dc72f7f0ee0186f26a3c549c814c7d340505961f08ba30bb1ebca8f406976a0014c191760ed345bbc89f3ed3401df3603d4013cd2d2e201ab6f72a93b2d83621cb674467ac479ad7aa087e0f6102f84bf30dc4e6265344cd60f" | 2026-01-01 13:52:12+00 |         864 |      9864 | success
 199723 |  19201 | last=1h service=fixture-11 message="row-99862 key-19201 marker_common_192 payload-b48b857fe1e8c3519ffb6b578ec7776de1fb8346c3b5f18c32bb0373bf0d38b084451f7406025214d7848a6c3642d36a75de6f89f5fd9be0fcc8550566c1dc6207188701a9d26d5205f3baf55e172d9cc546fa2c713fdb984eb9529da2ecbabe4d0b7e2401340294696d04b705d9690f" | 2026-01-01 13:52:11+00 |         862 |      9862 | success
 199719 |  19201 | last=1h service=fixture-9 message="row-99860 key-19201 marker_common_192 payload-325839fd6293e8d157790e73cc95028e77dcbf1b0966ef03adb1a7c17930fb34579b97f72c181c5238a617186d512c3e1ccc30c70298cba6c5b8cdc2b51e0b5eb0defa1bed57756a6375dcf6fa9a53e6af3b0a69f439dcd55150b70e3ad64d904d25a478db7ec7fff85585bab042cf8d"  | 2026-01-01 13:52:10+00 |         860 |      9860 | success
 199715 |  19201 | last=1h service=fixture-7 message="row-99858 key-19201 marker_common_192 payload-e76a7f8dc7723263017da86c99cb4a90b52d132f1a353341b945616e900eb9261084bf2cb01f3b9c3ef3efd0d975a19a5e07521033cd3a8584b54cc19b33a5d9b18b7bb10bf04743d79a8615334be06d183a26f79b4e90e3a82a59a210b1ed4faeb2e42b7e5dc100ae9ddfb0cadef321"  | 2026-01-01 13:52:09+00 |         858 |      9858 | success
 199711 |  19201 | last=1h service=fixture-5 message="row-99856 key-19201 marker_common_192 payload-bbcf43830ec32d1e8557db2cdb0f631c8303179c03d0be296ef5da974f6686c43e3f69a2d7d615fc83b6a488579f09f8ef97e6871bac5f08d9df864adb7ef0eba0c2abdec9bbc82eae25edb21851d5f54b93f35e79864048202d356f270857200d720132fbea3ef29edbd9b0f2d8a194"  | 2026-01-01 13:52:08+00 |         856 |      9856 | success
 199707 |  19201 | last=1h service=fixture-3 message="row-99854 key-19201 marker_common_192 payload-765e43a877c7ec8dcdb4bd5517e837a938f2092e4f80e02fcfa02a1acc87abdbfae4d2fbf4f5b641d711130e35a388c2815e320a6ec8a1105531fd525d65141604257cd2f76a5e4bb17cc8c61726df16139584045093dd5811a8a8ab8d5886dd4119ffce956fa419aa8af0ab68d943f5"  | 2026-01-01 13:52:07+00 |         854 |      9854 | success
 199703 |  19201 | last=1h service=fixture-1 message="row-99852 key-19201 marker_common_192 payload-5e831bbff497b463fbc0fc5d884fd62b2a05fc5afe8f1542afa72a4ba0933cd415993b25696f3c191ac6116a60c3bdad7428fafbecac754e9fe43de980abf8b2399c5244f3ff6a372455205af03bd1a1b1d968c303432868f20368430ea31c76be5448dc1cf69a501b709e86c942b99e"  | 2026-01-01 13:52:06+00 |         852 |      9852 | success
 199699 |  19201 | last=1h service=fixture-30 message="row-99850 key-19201 marker_common_192 payload-476aafefa19b5914226fc2ab2da94aa751928c9691d4ab0df91c68ba53eb556be22832153f803b12a5220d0771c1f99dddd6da0e5a80249332c41d9f2610ae33c7052b186718805447ce861f87c4af8349aab1d67b5a2ecb60ef0fa1107db9d032483b253c469da6cf68f58798c30e4e" | 2026-01-01 13:52:05+00 |         850 |      9850 | success
 199695 |  19201 | last=1h service=fixture-28 message="row-99848 key-19201 marker_common_192 payload-da4e69515f00d135e25222a6471858dea210aae75ec62b14dc405b8ab4d014f1b00e3c43054e2cbe36579c135f40158df669111898836061ce4a5baaf3ad8e89b3519834bd0dfb74eb94291cda5d387679e0e339a19b7ac3c3c9ab477928c495d47eae61261b8d3025a10be1e4a95922" | 2026-01-01 13:52:04+00 |         848 |      9848 | success
 199691 |  19201 | last=1h service=fixture-26 message="row-99846 key-19201 marker_common_192 payload-dcb057974d02eee23d8a77593300e8bfe5f5f80e6549208494f69cedd7d719d3929cc9d203f5cde6921a07e4b4b417cc7b8c00fafff553d29b4cad88e3e5b55a71a51c96c1ada82a8d9e3cb1bf98180ef1247623bc01faf9aeda00b54a376e60f4add7aecef44e794c4ebdbd3dbd1b41" | 2026-01-01 13:52:03+00 |         846 |      9846 | success
 199687 |  19201 | last=1h service=fixture-24 message="row-99844 key-19201 marker_common_192 payload-39af1bb6a5165835b45122a1787e2c1e8e88cfeaa0d5beebdfd4245c2aaa3130b1daa540a3b8ea94deaf397b04ae404afc216e9bfb4a9342d3eed17736ad130c731676e7476b7d335e89415e1bc18ec9c327dc3452835ff092ecab890b279dba1619ffa8cfb23f34c67db33b8520ece0" | 2026-01-01 13:52:02+00 |         844 |      9844 | success
 199683 |  19201 | last=1h service=fixture-22 message="row-99842 key-19201 marker_common_192 payload-682672decb98e4ec28acfc20077100484298713e10e5e01ec9e9e731aff85749c2256b554e5bb758a5995b3db1e289b2423cc7a9c93f20cb73d92c6128c2f351be09cb1475b52565a078d6c80cbfda765e54b9791266e42850fdd6016bde355387f3d257e457bd593e95e921a63c4425" | 2026-01-01 13:52:01+00 |         842 |      9842 | success
 199679 |  19201 | last=1h service=fixture-20 message="row-99840 key-19201 marker_common_192 payload-e8ab0a8fa591819f4b8c6708b89ca56dc0925cc594d60eb8963de301abd4344a1d446dd05a3daa10b6b2d93d54a187c7eae4d4142dc37e38262371a326e1ad672d2e639b42fc1ffe5185117a341ee3ce82542b436b357a99d94f50ca66c9df4a8871b0299be59f227130e657714246c7" | 2026-01-01 13:52:00+00 |         840 |      9840 | success
 199675 |  19201 | last=1h service=fixture-18 message="row-99838 key-19201 marker_common_192 payload-2fdae0270b570e922d84a267bf69f65cc47292afac50a460a783e1b5ace3ed386c3cdecebe568a4f10e944d094a6f18d67e9305457d9cb59829c9656c2cf1ef78614d681efdb1c2ddfa5f475a7b9a40eeb426a5c7936889da81f52801aa5727552241818fc15a4b1c21d13f622a4ead7" | 2026-01-01 13:51:59+00 |         838 |      9838 | success
 199671 |  19201 | last=1h service=fixture-16 message="row-99836 key-19201 marker_common_192 payload-4b0b5b4a2116c7e0193a641d4471a856c34f3238caeef64080af50a95b3c0e1d74d124edd212e28e36041008aa7325b906373739231032808f8374873b36e3dbe583d0a5f8adf1213f0ca8a1385b1fe3c749833e16c1948504733cd45a4105377f5935a72acf039cd357d16dd4346130" | 2026-01-01 13:51:58+00 |         836 |      9836 | success
 199667 |  19201 | last=1h service=fixture-14 message="row-99834 key-19201 marker_common_192 payload-9c648ffdd245f3400f6ac0bcb780d4df6edf0f9ed8f57c8350304f15c24d5f68ebb3daab07b23a62f58833a789ede99a2405f605418bbf73c8845e5e6201ac651deecd9605fefb871fa553a6c434b201e9b832a744857c752012211a5b086b98149ad31344910d86d10dcc3ed3061914" | 2026-01-01 13:51:57+00 |         834 |      9834 | success
 199663 |  19201 | last=1h service=fixture-12 message="row-99832 key-19201 marker_common_192 payload-10c3b455d0088f27dde575f9017c88de219f564117bcf4853b74259a3dcceb6838b22e39cb76925e6099fb87661e00796ffb1a0f2370f09ffd6479b17386c539f4b41a6c03376c1418d4aef365a1be81316dd6705d431960c664b99a7c818b14f93032c3ad0b8a6edda9e4d86526173c" | 2026-01-01 13:51:56+00 |         832 |      9832 | success
 199659 |  19201 | last=1h service=fixture-10 message="row-99830 key-19201 marker_common_192 payload-2c261a2de4f0bf0714dc11873204f38c7844b3e390c9f92e16fb2ba8d22e9b6480f19272287ddf93601a72a93283f44f018235b093eb5130e557d5ccdf9ba67138b0bba73fd3a6ce30fd86fbeba716eb81e727bcd73000aa420a3a72d636eac8af3c477c53d7b1d6137ff9011397e142" | 2026-01-01 13:51:55+00 |         830 |      9830 | success
 199655 |  19201 | last=1h service=fixture-8 message="row-99828 key-19201 marker_common_192 payload-a8d37f28474bec0ddb05829b7ea90d424d964fc978f763c329b2fef2ddbb130b4afe0b7e96d537b8c4f486caff0e5921cd09d122b7cc049f9e7cdae66bf74ca09bf65515b1c64998404b793656ba5fcbe75b2375944d18b092f5a748a9ff186ce1ec064274432f11d2cb2914fd381bf2"  | 2026-01-01 13:51:54+00 |         828 |      9828 | success
 199651 |  19201 | last=1h service=fixture-6 message="row-99826 key-19201 marker_common_192 payload-db23451a68dfc8d66e0f2c03ea7bbee7ada4d4bcde3aa964f6573c4ac9bb4356d139c0873670cbabe4fa8578502040f72632d77f4ae7786035087f49fc9c8308cce1db0b5261f37da45c741499bfbe052ca805989952fe1de16e0c85335361b44fb0ca40fd740beaa368528cb061a0d3"  | 2026-01-01 13:51:53+00 |         826 |      9826 | success
 199647 |  19201 | last=1h service=fixture-4 message="row-99824 key-19201 marker_common_192 payload-6edbfff650c552e5e50ebbaba9520881d0537dac39657a0bf21938d0d6232ae89f043a6bbd420edbe726b6abf91f4a13839baf41e12b9d4814b1b240cbdae8a30fbab739dbaaf4eb768dc735bc2b7359942da44b73841aaf77fee5dff5e87404c30d2eca8f01c7561aa8ae9d9c86d8bc"  | 2026-01-01 13:51:52+00 |         824 |      9824 | success
 199643 |  19201 | last=1h service=fixture-2 message="row-99822 key-19201 marker_common_192 payload-e3fa53c63f0f9cb4e70d39b22148c4f8026764605a84193b885087b33eab6cc6430b59fce1be1833fce466f19b8de6a0fc0d05e4f1593c4a6fcd3da43a84070bcd0b38a96c83ffeb96deda5d42858ee02d8a2756b496b52739ca79ec668eb90252ab37cca227be727ba2908e4e370d16"  | 2026-01-01 13:51:51+00 |         822 |      9822 | success
 199639 |  19201 | last=1h service=fixture-0 message="row-99820 key-19201 marker_common_192 payload-63853bd48b65faffc6be097b78d77cc084b20e53434f36744e703cf233f2bf6d97f8cbb013fdbce6695b7aeaaf57e53dc58cfcb6cfe44bd42d7d3340fcfa56c265e036ca0077a469e652b52f99c2a2fd1fdd98eb193bd6eda2a4ec84f23c0c42968ef41b4e820b70b4f3de01882f4329"  | 2026-01-01 13:51:50+00 |         820 |      9820 | success
 199635 |  19201 | last=1h service=fixture-29 message="row-99818 key-19201 marker_common_192 payload-5f1704847ccbb00005643fed7d275fc07a9f5e0e2f811cf222cb2bab3542faeaf0c9a67ada3f7002886c96173f845f641eebf8cc95a61b9cfa16ff830f53b0000f1e971fd4fa661f228944bcaad3f4c98a111a37c861270f6594a20be6977c9dfd65de0a65dcc3a960cced348a1afe1c" | 2026-01-01 13:51:49+00 |         818 |      9818 | success
 199631 |  19201 | last=1h service=fixture-27 message="row-99816 key-19201 marker_common_192 payload-7f398b96637d35be0e91ee453849528e2b9aaf11dd103342ee6700b4fc1446d90f1467f4245f374a94cd8a7196456b286747018c661684d6e22e96cc92fb22608cf10ae5aa3be07735bdf67fdbb01e93fc2586fbbd1c093b2993989b79e8da00d983c90dd08d72e33d01574374483ab7" | 2026-01-01 13:51:48+00 |         816 |      9816 | success
 199627 |  19201 | last=1h service=fixture-25 message="row-99814 key-19201 marker_common_192 payload-d4fbf8b3b7976d9d3dee366d49a5bb62ccfa152d87dbcd286aa80cf34c3a8aa9fa928d62cb27a8b336de4b29d19de0777a81016696eba99b5021d5a4c9b06b4a4d6722da84668a7099fae17755146c54d6817ff50e2dc9c19f138034dd9f413512773a4c4fa97a20894aa80580db5f6f" | 2026-01-01 13:51:47+00 |         814 |      9814 | success
 199623 |  19201 | last=1h service=fixture-23 message="row-99812 key-19201 marker_common_192 payload-21b3d813e68240d13435a9d33a7b1275c23c53d04c5aa10dbd1c05b906dd8930bd2c6294902cacab97e7244db548141e370db948e2172cdee9eea38d6ad9648dedfbda4eba8a292adb47bf009e378e455024fe1144cfbdc99b5305f42ff59bc559b3830606860e447caee64a893ae5f0" | 2026-01-01 13:51:46+00 |         812 |      9812 | success
 199619 |  19201 | last=1h service=fixture-21 message="row-99810 key-19201 marker_common_192 payload-e63e381fb40ccab930b04dad88b5c671a1f5f82d5021db0b0e21cbbc9b12874274958c9881fb395ffa0d394ac1d1373692021124eaedf66b784a65e29a91e41f926734d7a57d45a3a3308c4b2c0a4504657f841e56cc0cad33c57b3f0f460c64dff90dfc3bd6e89dd4d112412c5265c1" | 2026-01-01 13:51:45+00 |         810 |      9810 | success
 199615 |  19201 | last=1h service=fixture-19 message="row-99808 key-19201 marker_common_192 payload-b5c531320ab113d1f575517be92c567a9c32140250b5c9bc9f2d4575be216e4c4dd08b40600b871b26bb76c5f10ed83c8cb6171035b3b18acdab7675b6f5f60c3a93bba5e4c8262eda9c2fa812edd1ee624b7ed91520936e82286edacead59cfd8c5d857d5529304e31061a8a151c255" | 2026-01-01 13:51:44+00 |         808 |      9808 | success
 199611 |  19201 | last=1h service=fixture-17 message="row-99806 key-19201 marker_common_192 payload-e5f58b748f4c6d576201e9aa51dd7ffa542a58d19b285795c57d03f417511fafc95b46026dc428f2ad3bb0199ed15804579efb7fd4bc6f42cef90c78457f9bafa29cf4e39a91c77d3d684c9194364f973f9f675f3e518c933152a96472bf03f1704a281406b7f0e68b812f0fc2e066e4" | 2026-01-01 13:51:43+00 |         806 |      9806 | success
 199607 |  19201 | last=1h service=fixture-15 message="row-99804 key-19201 marker_common_192 payload-9c96e1f92d6a4f84bfbb8f88e95527aa28dfe7e70f2f99241ade8b8f4ca87fa60297c40a7e9f7978ed106f9bae1bb3c3e636646ac3f51f6d7acff220e415ef353ac7b944cefe80863507f1e3d1546602105aa3cb8fb83535d3fe8be2ba9b36296c1c24589ed617a21d9bcaa70bd143a0" | 2026-01-01 13:51:42+00 |         804 |      9804 | success
 199603 |  19201 | last=1h service=fixture-13 message="row-99802 key-19201 marker_common_192 payload-41136cfa5c232e9fbe5a38ed6834e538f0ed142962758af58c4f70220eb885a6d00209992891965704f82454c98bdfb1f876badc4ccb4f2cb7829b6c2301237fb0dd2cdb2158ea6484f31debe000351146ea898c3d0b59ea2c675991d844aba63792502508f0ac9c8d82679fa0c9e2f3" | 2026-01-01 13:51:41+00 |         802 |      9802 | success
(50 rows)

COMMIT
BEGIN
SET
 count 
-------
 50000
(1 row)

   id   | key_id |                                                                                                                                                        query                                                                                                                                                        |      executed_at       | duration_ms | row_count | status  
--------+--------+---------------------------------------------------------------------------------------------------------------------------------------------------------------------------------------------------------------------------------------------------------------------------------------------------------------------+------------------------+-------------+-----------+---------
 199799 |  19201 | last=1h service=fixture-18 message="row-99900 key-19201 marker_common_192 payload-747eb715c540ff320bd37279e51aa0476bed33fbb83deae9e9a658df24535ac182d6ec4b8e219feb21b6a7bfd4cdf2412df6eb66843afe833772565b7436f5deb01bc72072a4eb8c9a09549604329c7787159786733efc68ffce721b25ca03c4f185e3d6b753a5e0381241940e70347f" | 2026-01-01 13:52:30+00 |         900 |      9900 | success
 199795 |  19201 | last=1h service=fixture-16 message="row-99898 key-19201 marker_common_192 payload-ccf2fa819e3d0504b61233ae85c0769cd391ab6c2e90b068f74178f473469bd8ffc5159432196b773e031075c9ea4e0ef9f2468dcf2dd2620e1b3933fde278d83b8c8c67022e881f64a905090d1febc9c27b1f282fae8bfd82658db8e488128247981cf791626a630a94138153fde8a1" | 2026-01-01 13:52:29+00 |         898 |      9898 | success
 199791 |  19201 | last=1h service=fixture-14 message="row-99896 key-19201 marker_common_192 payload-f0e235ee11b5b62739b22dc58d48a8353e8637103eac63e83507f0a0d21716fadea0852e7356df472d4564d572ddfdbe7aff9b3f4890b80bcccd2fead08e64588ac38338ed7c93d09558296e22a5505aab31585ff5d4597849c4e345883cadd38760709a76ef41974acee8a8bb4f08fe" | 2026-01-01 13:52:28+00 |         896 |      9896 | success
 199787 |  19201 | last=1h service=fixture-12 message="row-99894 key-19201 marker_common_192 payload-663fb010a47f53f1c7b9b43498fee99e563e26d69c19438c74b96e56d47c52007ea3f5e31f9086d21d573698fb1307a59295eae91ea726e6cf1e5e27d552f57c0a386b515168941b436736723eb95181b97d6626c2aa209b5e1530102c558524130e5952d58aadc3a45e14723fc3fdca" | 2026-01-01 13:52:27+00 |         894 |      9894 | success
 199783 |  19201 | last=1h service=fixture-10 message="row-99892 key-19201 marker_common_192 payload-571cf5750996590b151c163577dc86293c01013a3cb0399e13af8dc439bcc90fc2b0d02f6ee10b95b4abad5b2f5d4983c4b1ffbe3c263d24b4305c5b04a18b6b9a7677c383f1ea4965f1506012c8dc7df2fbeb50da189644dee87a46154ebf8d024ee8af5aba1512c938becbc1eef4be" | 2026-01-01 13:52:26+00 |         892 |      9892 | success
 199779 |  19201 | last=1h service=fixture-8 message="row-99890 key-19201 marker_common_192 payload-627eeae2840ee39e98d05fc293f72f8e1c9aabbc9f43faa84725f8baf3ceb52a853306f7e879b45a14ee04a57425dc90c84031898bb6bbefa3a0337007e198164bcb464e70371334ed1ebcbafb4a329fa35ec96b7aaa01bab65c39dd26254552b632a95df92016afbd0ce33d5312d111"  | 2026-01-01 13:52:25+00 |         890 |      9890 | success
 199775 |  19201 | last=1h service=fixture-6 message="row-99888 key-19201 marker_common_192 payload-12c654f4a05be096527bf6f5555f591f558266d826b729b24734b2036e68782890e7045f4c926a18d01bc51907c02c2d8308a3bd5915668e7e1f28ebc1b68c8fda99afbe211b8f5dd62f7e43d4057c3ea60dbd83f83a0678a30cbded108fc88843b2898da3c6f4b87ba6768f3b4f6b9b"  | 2026-01-01 13:52:24+00 |         888 |      9888 | success
 199771 |  19201 | last=1h service=fixture-4 message="row-99886 key-19201 marker_common_192 payload-ab095ae8246c3baba4d097b766a8a174b471a538583f30ed38183bab38b8903e6fdea31fb1c7b2b78e079caf51decfe5e07d9cd70fce1e0de1aee327b2363496ae816ba8d3839abf0dddd208fda07a769708ce996e00028bd95062ef75fe06b0ceddfa1b587d01f1bec04bc8dc7f7818"  | 2026-01-01 13:52:23+00 |         886 |      9886 | success
 199767 |  19201 | last=1h service=fixture-2 message="row-99884 key-19201 marker_common_192 payload-0930c27e5e6cdf6e31dac4ab01449378daa5a050ad3898966b8420fb98b386af4f60b0eaeaa1e37b49e60a38c304b41b2cfb1a976b6c9ecc9b2d905ced123cf8f12ae014f46a6d334bb591a184cb59b11add31015a863ebda2178881111212e312b42fbe8c9f04f8977cc698cd7fff22"  | 2026-01-01 13:52:22+00 |         884 |      9884 | success
 199763 |  19201 | last=1h service=fixture-0 message="row-99882 key-19201 marker_common_192 payload-ad2667c5584247eda547ffb2ff64e71dfae0dce52fbf2af7bce0e17b9b945f53b89212f1db53d88795529222b2c7bc9dc6affb6b914b9ed9a5b27090b08cb4d0ba2d8eba2095821c895247e10fd0379151ca69c120cc2d06bd95f9eb2ce3d5b5c5a5d24a05e6883952ac57d20809ac4a"  | 2026-01-01 13:52:21+00 |         882 |      9882 | success
 199759 |  19201 | last=1h service=fixture-29 message="row-99880 key-19201 marker_common_192 payload-73af17df132f13dbdc2a778f69522f743be4eebf9e814b2c6ffe886dc18a86dcf8f94691feb603099e45a41deb1afeb91fdc273234e9190d067e533027c1922819c11015790332774ea7ea1600e0222cb1db778178b7545488f0dcc8371c204151dd4e1710a874769d3b868c4e1553e9" | 2026-01-01 13:52:20+00 |         880 |      9880 | success
 199755 |  19201 | last=1h service=fixture-27 message="row-99878 key-19201 marker_common_192 payload-8fe612206616dbf8091743e85204e4cfcf267775e775456d31fed64b9fe75b174cf43579627a61a31b58e68beed68f26a49e1858248b29d1d92f4414ca081c40c9065a8f12f878f4f27e46bc2c89a219fdf33befab6558b4bc4bf11940de1956a0e849da8c1648e23edbd647aeef993d" | 2026-01-01 13:52:19+00 |         878 |      9878 | success
 199751 |  19201 | last=1h service=fixture-25 message="row-99876 key-19201 marker_common_192 payload-722992307738b0cdf60f8fa7b28e3022716709c74bbcedcc53e6ed88bdae34d8fdfa3286c21ded91ea0ee22a4e73407c979f0a4fb15cd525e7e323caefc1cb6314580c3d5238fb3ee0db7818eb281ff8f5ce12e4959322d1729dc22b0357db699f914e177d2d8e686d852b2896f23287" | 2026-01-01 13:52:18+00 |         876 |      9876 | success
 199747 |  19201 | last=1h service=fixture-23 message="row-99874 key-19201 marker_common_192 payload-90e024f17a094c16221ac03abf4e76b40589741593189360e62406927a92f744c101c186a253594e21b64893ea33a7423c600fb7528da02ed24e5ffc55976180c5cae4a426db995e4e2dd5e08d597b382fdc79711287bf0bd17fe5f179d62197654924bf3bb2fa78297f25bf99cb4fd7" | 2026-01-01 13:52:17+00 |         874 |      9874 | success
 199743 |  19201 | last=1h service=fixture-21 message="row-99872 key-19201 marker_common_192 payload-324f727e74386b239ded0079c96d68f822ed7798e5d15685c13f0f2de3cd105bccf313383bf788c38c1a5493762d17e68fd22942964086c4335cd53e89b798ea70065577987ffe12fe086ff34d659dfec9c4625f595fc2901924a8de5a3da294198e4b733dcd312836a127b2215c24a9" | 2026-01-01 13:52:16+00 |         872 |      9872 | success
 199739 |  19201 | last=1h service=fixture-19 message="row-99870 key-19201 marker_common_192 payload-11b26b08363fe8538fa196128a46c283b3b39a684c203c43b77e76f0d96e7b5e29f6bb49b1d6814fa379e1234aa9943cd1c7de89c900949418cd50c3d87c00d060a23b6e3d270ba30f0e7c61f557cb7e0525c1eb8a4061a12a86329875c37b0f9c343e78b45c7a69fb50c3c91a72eb61" | 2026-01-01 13:52:15+00 |         870 |      9870 | success
 199735 |  19201 | last=1h service=fixture-17 message="row-99868 key-19201 marker_common_192 payload-b3c7eafb8850597882e48269223fbd532caa4420eb37eb16fea5b2bfca168335f653357e23e8017295ff2e821bdacbf5d6f145dbf20e8c57053a3f1dbff321c4fd84e2419a7f3f8e067ae3aa455d6333b2b2892905dbbe3ce0f67e0fd6722c41d3c4b50da0d0f0a7528a4ec0940be3bc" | 2026-01-01 13:52:14+00 |         868 |      9868 | success
 199731 |  19201 | last=1h service=fixture-15 message="row-99866 key-19201 marker_common_192 payload-b6c8143d9a13ea99e43972329d92fe6063cba54c49b062c50ed7bf97090323134bfba144c71b673bc3f4a771216b9a83711412aaa05cb93f09a3528333caf99fd441618dd2b0f8f62f9d9a869abd54cd609bf040c4ae66004951109cc555610d35eb71a308ae6bc56632a96a30534f7d" | 2026-01-01 13:52:13+00 |         866 |      9866 | success
 199727 |  19201 | last=1h service=fixture-13 message="row-99864 key-19201 marker_common_192 payload-663e274e15ae2ef39bebd565dc9f8ffb428e0126e7f92dc72f7f0ee0186f26a3c549c814c7d340505961f08ba30bb1ebca8f406976a0014c191760ed345bbc89f3ed3401df3603d4013cd2d2e201ab6f72a93b2d83621cb674467ac479ad7aa087e0f6102f84bf30dc4e6265344cd60f" | 2026-01-01 13:52:12+00 |         864 |      9864 | success
 199723 |  19201 | last=1h service=fixture-11 message="row-99862 key-19201 marker_common_192 payload-b48b857fe1e8c3519ffb6b578ec7776de1fb8346c3b5f18c32bb0373bf0d38b084451f7406025214d7848a6c3642d36a75de6f89f5fd9be0fcc8550566c1dc6207188701a9d26d5205f3baf55e172d9cc546fa2c713fdb984eb9529da2ecbabe4d0b7e2401340294696d04b705d9690f" | 2026-01-01 13:52:11+00 |         862 |      9862 | success
 199719 |  19201 | last=1h service=fixture-9 message="row-99860 key-19201 marker_common_192 payload-325839fd6293e8d157790e73cc95028e77dcbf1b0966ef03adb1a7c17930fb34579b97f72c181c5238a617186d512c3e1ccc30c70298cba6c5b8cdc2b51e0b5eb0defa1bed57756a6375dcf6fa9a53e6af3b0a69f439dcd55150b70e3ad64d904d25a478db7ec7fff85585bab042cf8d"  | 2026-01-01 13:52:10+00 |         860 |      9860 | success
 199715 |  19201 | last=1h service=fixture-7 message="row-99858 key-19201 marker_common_192 payload-e76a7f8dc7723263017da86c99cb4a90b52d132f1a353341b945616e900eb9261084bf2cb01f3b9c3ef3efd0d975a19a5e07521033cd3a8584b54cc19b33a5d9b18b7bb10bf04743d79a8615334be06d183a26f79b4e90e3a82a59a210b1ed4faeb2e42b7e5dc100ae9ddfb0cadef321"  | 2026-01-01 13:52:09+00 |         858 |      9858 | success
 199711 |  19201 | last=1h service=fixture-5 message="row-99856 key-19201 marker_common_192 payload-bbcf43830ec32d1e8557db2cdb0f631c8303179c03d0be296ef5da974f6686c43e3f69a2d7d615fc83b6a488579f09f8ef97e6871bac5f08d9df864adb7ef0eba0c2abdec9bbc82eae25edb21851d5f54b93f35e79864048202d356f270857200d720132fbea3ef29edbd9b0f2d8a194"  | 2026-01-01 13:52:08+00 |         856 |      9856 | success
 199707 |  19201 | last=1h service=fixture-3 message="row-99854 key-19201 marker_common_192 payload-765e43a877c7ec8dcdb4bd5517e837a938f2092e4f80e02fcfa02a1acc87abdbfae4d2fbf4f5b641d711130e35a388c2815e320a6ec8a1105531fd525d65141604257cd2f76a5e4bb17cc8c61726df16139584045093dd5811a8a8ab8d5886dd4119ffce956fa419aa8af0ab68d943f5"  | 2026-01-01 13:52:07+00 |         854 |      9854 | success
 199703 |  19201 | last=1h service=fixture-1 message="row-99852 key-19201 marker_common_192 payload-5e831bbff497b463fbc0fc5d884fd62b2a05fc5afe8f1542afa72a4ba0933cd415993b25696f3c191ac6116a60c3bdad7428fafbecac754e9fe43de980abf8b2399c5244f3ff6a372455205af03bd1a1b1d968c303432868f20368430ea31c76be5448dc1cf69a501b709e86c942b99e"  | 2026-01-01 13:52:06+00 |         852 |      9852 | success
 199699 |  19201 | last=1h service=fixture-30 message="row-99850 key-19201 marker_common_192 payload-476aafefa19b5914226fc2ab2da94aa751928c9691d4ab0df91c68ba53eb556be22832153f803b12a5220d0771c1f99dddd6da0e5a80249332c41d9f2610ae33c7052b186718805447ce861f87c4af8349aab1d67b5a2ecb60ef0fa1107db9d032483b253c469da6cf68f58798c30e4e" | 2026-01-01 13:52:05+00 |         850 |      9850 | success
 199695 |  19201 | last=1h service=fixture-28 message="row-99848 key-19201 marker_common_192 payload-da4e69515f00d135e25222a6471858dea210aae75ec62b14dc405b8ab4d014f1b00e3c43054e2cbe36579c135f40158df669111898836061ce4a5baaf3ad8e89b3519834bd0dfb74eb94291cda5d387679e0e339a19b7ac3c3c9ab477928c495d47eae61261b8d3025a10be1e4a95922" | 2026-01-01 13:52:04+00 |         848 |      9848 | success
 199691 |  19201 | last=1h service=fixture-26 message="row-99846 key-19201 marker_common_192 payload-dcb057974d02eee23d8a77593300e8bfe5f5f80e6549208494f69cedd7d719d3929cc9d203f5cde6921a07e4b4b417cc7b8c00fafff553d29b4cad88e3e5b55a71a51c96c1ada82a8d9e3cb1bf98180ef1247623bc01faf9aeda00b54a376e60f4add7aecef44e794c4ebdbd3dbd1b41" | 2026-01-01 13:52:03+00 |         846 |      9846 | success
 199687 |  19201 | last=1h service=fixture-24 message="row-99844 key-19201 marker_common_192 payload-39af1bb6a5165835b45122a1787e2c1e8e88cfeaa0d5beebdfd4245c2aaa3130b1daa540a3b8ea94deaf397b04ae404afc216e9bfb4a9342d3eed17736ad130c731676e7476b7d335e89415e1bc18ec9c327dc3452835ff092ecab890b279dba1619ffa8cfb23f34c67db33b8520ece0" | 2026-01-01 13:52:02+00 |         844 |      9844 | success
 199683 |  19201 | last=1h service=fixture-22 message="row-99842 key-19201 marker_common_192 payload-682672decb98e4ec28acfc20077100484298713e10e5e01ec9e9e731aff85749c2256b554e5bb758a5995b3db1e289b2423cc7a9c93f20cb73d92c6128c2f351be09cb1475b52565a078d6c80cbfda765e54b9791266e42850fdd6016bde355387f3d257e457bd593e95e921a63c4425" | 2026-01-01 13:52:01+00 |         842 |      9842 | success
 199679 |  19201 | last=1h service=fixture-20 message="row-99840 key-19201 marker_common_192 payload-e8ab0a8fa591819f4b8c6708b89ca56dc0925cc594d60eb8963de301abd4344a1d446dd05a3daa10b6b2d93d54a187c7eae4d4142dc37e38262371a326e1ad672d2e639b42fc1ffe5185117a341ee3ce82542b436b357a99d94f50ca66c9df4a8871b0299be59f227130e657714246c7" | 2026-01-01 13:52:00+00 |         840 |      9840 | success
 199675 |  19201 | last=1h service=fixture-18 message="row-99838 key-19201 marker_common_192 payload-2fdae0270b570e922d84a267bf69f65cc47292afac50a460a783e1b5ace3ed386c3cdecebe568a4f10e944d094a6f18d67e9305457d9cb59829c9656c2cf1ef78614d681efdb1c2ddfa5f475a7b9a40eeb426a5c7936889da81f52801aa5727552241818fc15a4b1c21d13f622a4ead7" | 2026-01-01 13:51:59+00 |         838 |      9838 | success
 199671 |  19201 | last=1h service=fixture-16 message="row-99836 key-19201 marker_common_192 payload-4b0b5b4a2116c7e0193a641d4471a856c34f3238caeef64080af50a95b3c0e1d74d124edd212e28e36041008aa7325b906373739231032808f8374873b36e3dbe583d0a5f8adf1213f0ca8a1385b1fe3c749833e16c1948504733cd45a4105377f5935a72acf039cd357d16dd4346130" | 2026-01-01 13:51:58+00 |         836 |      9836 | success
 199667 |  19201 | last=1h service=fixture-14 message="row-99834 key-19201 marker_common_192 payload-9c648ffdd245f3400f6ac0bcb780d4df6edf0f9ed8f57c8350304f15c24d5f68ebb3daab07b23a62f58833a789ede99a2405f605418bbf73c8845e5e6201ac651deecd9605fefb871fa553a6c434b201e9b832a744857c752012211a5b086b98149ad31344910d86d10dcc3ed3061914" | 2026-01-01 13:51:57+00 |         834 |      9834 | success
 199663 |  19201 | last=1h service=fixture-12 message="row-99832 key-19201 marker_common_192 payload-10c3b455d0088f27dde575f9017c88de219f564117bcf4853b74259a3dcceb6838b22e39cb76925e6099fb87661e00796ffb1a0f2370f09ffd6479b17386c539f4b41a6c03376c1418d4aef365a1be81316dd6705d431960c664b99a7c818b14f93032c3ad0b8a6edda9e4d86526173c" | 2026-01-01 13:51:56+00 |         832 |      9832 | success
 199659 |  19201 | last=1h service=fixture-10 message="row-99830 key-19201 marker_common_192 payload-2c261a2de4f0bf0714dc11873204f38c7844b3e390c9f92e16fb2ba8d22e9b6480f19272287ddf93601a72a93283f44f018235b093eb5130e557d5ccdf9ba67138b0bba73fd3a6ce30fd86fbeba716eb81e727bcd73000aa420a3a72d636eac8af3c477c53d7b1d6137ff9011397e142" | 2026-01-01 13:51:55+00 |         830 |      9830 | success
 199655 |  19201 | last=1h service=fixture-8 message="row-99828 key-19201 marker_common_192 payload-a8d37f28474bec0ddb05829b7ea90d424d964fc978f763c329b2fef2ddbb130b4afe0b7e96d537b8c4f486caff0e5921cd09d122b7cc049f9e7cdae66bf74ca09bf65515b1c64998404b793656ba5fcbe75b2375944d18b092f5a748a9ff186ce1ec064274432f11d2cb2914fd381bf2"  | 2026-01-01 13:51:54+00 |         828 |      9828 | success
 199651 |  19201 | last=1h service=fixture-6 message="row-99826 key-19201 marker_common_192 payload-db23451a68dfc8d66e0f2c03ea7bbee7ada4d4bcde3aa964f6573c4ac9bb4356d139c0873670cbabe4fa8578502040f72632d77f4ae7786035087f49fc9c8308cce1db0b5261f37da45c741499bfbe052ca805989952fe1de16e0c85335361b44fb0ca40fd740beaa368528cb061a0d3"  | 2026-01-01 13:51:53+00 |         826 |      9826 | success
 199647 |  19201 | last=1h service=fixture-4 message="row-99824 key-19201 marker_common_192 payload-6edbfff650c552e5e50ebbaba9520881d0537dac39657a0bf21938d0d6232ae89f043a6bbd420edbe726b6abf91f4a13839baf41e12b9d4814b1b240cbdae8a30fbab739dbaaf4eb768dc735bc2b7359942da44b73841aaf77fee5dff5e87404c30d2eca8f01c7561aa8ae9d9c86d8bc"  | 2026-01-01 13:51:52+00 |         824 |      9824 | success
 199643 |  19201 | last=1h service=fixture-2 message="row-99822 key-19201 marker_common_192 payload-e3fa53c63f0f9cb4e70d39b22148c4f8026764605a84193b885087b33eab6cc6430b59fce1be1833fce466f19b8de6a0fc0d05e4f1593c4a6fcd3da43a84070bcd0b38a96c83ffeb96deda5d42858ee02d8a2756b496b52739ca79ec668eb90252ab37cca227be727ba2908e4e370d16"  | 2026-01-01 13:51:51+00 |         822 |      9822 | success
 199639 |  19201 | last=1h service=fixture-0 message="row-99820 key-19201 marker_common_192 payload-63853bd48b65faffc6be097b78d77cc084b20e53434f36744e703cf233f2bf6d97f8cbb013fdbce6695b7aeaaf57e53dc58cfcb6cfe44bd42d7d3340fcfa56c265e036ca0077a469e652b52f99c2a2fd1fdd98eb193bd6eda2a4ec84f23c0c42968ef41b4e820b70b4f3de01882f4329"  | 2026-01-01 13:51:50+00 |         820 |      9820 | success
 199635 |  19201 | last=1h service=fixture-29 message="row-99818 key-19201 marker_common_192 payload-5f1704847ccbb00005643fed7d275fc07a9f5e0e2f811cf222cb2bab3542faeaf0c9a67ada3f7002886c96173f845f641eebf8cc95a61b9cfa16ff830f53b0000f1e971fd4fa661f228944bcaad3f4c98a111a37c861270f6594a20be6977c9dfd65de0a65dcc3a960cced348a1afe1c" | 2026-01-01 13:51:49+00 |         818 |      9818 | success
 199631 |  19201 | last=1h service=fixture-27 message="row-99816 key-19201 marker_common_192 payload-7f398b96637d35be0e91ee453849528e2b9aaf11dd103342ee6700b4fc1446d90f1467f4245f374a94cd8a7196456b286747018c661684d6e22e96cc92fb22608cf10ae5aa3be07735bdf67fdbb01e93fc2586fbbd1c093b2993989b79e8da00d983c90dd08d72e33d01574374483ab7" | 2026-01-01 13:51:48+00 |         816 |      9816 | success
 199627 |  19201 | last=1h service=fixture-25 message="row-99814 key-19201 marker_common_192 payload-d4fbf8b3b7976d9d3dee366d49a5bb62ccfa152d87dbcd286aa80cf34c3a8aa9fa928d62cb27a8b336de4b29d19de0777a81016696eba99b5021d5a4c9b06b4a4d6722da84668a7099fae17755146c54d6817ff50e2dc9c19f138034dd9f413512773a4c4fa97a20894aa80580db5f6f" | 2026-01-01 13:51:47+00 |         814 |      9814 | success
 199623 |  19201 | last=1h service=fixture-23 message="row-99812 key-19201 marker_common_192 payload-21b3d813e68240d13435a9d33a7b1275c23c53d04c5aa10dbd1c05b906dd8930bd2c6294902cacab97e7244db548141e370db948e2172cdee9eea38d6ad9648dedfbda4eba8a292adb47bf009e378e455024fe1144cfbdc99b5305f42ff59bc559b3830606860e447caee64a893ae5f0" | 2026-01-01 13:51:46+00 |         812 |      9812 | success
 199619 |  19201 | last=1h service=fixture-21 message="row-99810 key-19201 marker_common_192 payload-e63e381fb40ccab930b04dad88b5c671a1f5f82d5021db0b0e21cbbc9b12874274958c9881fb395ffa0d394ac1d1373692021124eaedf66b784a65e29a91e41f926734d7a57d45a3a3308c4b2c0a4504657f841e56cc0cad33c57b3f0f460c64dff90dfc3bd6e89dd4d112412c5265c1" | 2026-01-01 13:51:45+00 |         810 |      9810 | success
 199615 |  19201 | last=1h service=fixture-19 message="row-99808 key-19201 marker_common_192 payload-b5c531320ab113d1f575517be92c567a9c32140250b5c9bc9f2d4575be216e4c4dd08b40600b871b26bb76c5f10ed83c8cb6171035b3b18acdab7675b6f5f60c3a93bba5e4c8262eda9c2fa812edd1ee624b7ed91520936e82286edacead59cfd8c5d857d5529304e31061a8a151c255" | 2026-01-01 13:51:44+00 |         808 |      9808 | success
 199611 |  19201 | last=1h service=fixture-17 message="row-99806 key-19201 marker_common_192 payload-e5f58b748f4c6d576201e9aa51dd7ffa542a58d19b285795c57d03f417511fafc95b46026dc428f2ad3bb0199ed15804579efb7fd4bc6f42cef90c78457f9bafa29cf4e39a91c77d3d684c9194364f973f9f675f3e518c933152a96472bf03f1704a281406b7f0e68b812f0fc2e066e4" | 2026-01-01 13:51:43+00 |         806 |      9806 | success
 199607 |  19201 | last=1h service=fixture-15 message="row-99804 key-19201 marker_common_192 payload-9c96e1f92d6a4f84bfbb8f88e95527aa28dfe7e70f2f99241ade8b8f4ca87fa60297c40a7e9f7978ed106f9bae1bb3c3e636646ac3f51f6d7acff220e415ef353ac7b944cefe80863507f1e3d1546602105aa3cb8fb83535d3fe8be2ba9b36296c1c24589ed617a21d9bcaa70bd143a0" | 2026-01-01 13:51:42+00 |         804 |      9804 | success
 199603 |  19201 | last=1h service=fixture-13 message="row-99802 key-19201 marker_common_192 payload-41136cfa5c232e9fbe5a38ed6834e538f0ed142962758af58c4f70220eb885a6d00209992891965704f82454c98bdfb1f876badc4ccb4f2cb7829b6c2301237fb0dd2cdb2158ea6484f31debe000351146ea898c3d0b59ea2c675991d844aba63792502508f0ac9c8d82679fa0c9e2f3" | 2026-01-01 13:51:41+00 |         802 |      9802 | success
(50 rows)

COMMIT
BEGIN
SET
 count 
-------
 50000
(1 row)

   id   | key_id |                                                                                                                                                        query                                                                                                                                                        |      executed_at       | duration_ms | row_count | status  
--------+--------+---------------------------------------------------------------------------------------------------------------------------------------------------------------------------------------------------------------------------------------------------------------------------------------------------------------------+------------------------+-------------+-----------+---------
 199799 |  19201 | last=1h service=fixture-18 message="row-99900 key-19201 marker_common_192 payload-747eb715c540ff320bd37279e51aa0476bed33fbb83deae9e9a658df24535ac182d6ec4b8e219feb21b6a7bfd4cdf2412df6eb66843afe833772565b7436f5deb01bc72072a4eb8c9a09549604329c7787159786733efc68ffce721b25ca03c4f185e3d6b753a5e0381241940e70347f" | 2026-01-01 13:52:30+00 |         900 |      9900 | success
 199795 |  19201 | last=1h service=fixture-16 message="row-99898 key-19201 marker_common_192 payload-ccf2fa819e3d0504b61233ae85c0769cd391ab6c2e90b068f74178f473469bd8ffc5159432196b773e031075c9ea4e0ef9f2468dcf2dd2620e1b3933fde278d83b8c8c67022e881f64a905090d1febc9c27b1f282fae8bfd82658db8e488128247981cf791626a630a94138153fde8a1" | 2026-01-01 13:52:29+00 |         898 |      9898 | success
 199791 |  19201 | last=1h service=fixture-14 message="row-99896 key-19201 marker_common_192 payload-f0e235ee11b5b62739b22dc58d48a8353e8637103eac63e83507f0a0d21716fadea0852e7356df472d4564d572ddfdbe7aff9b3f4890b80bcccd2fead08e64588ac38338ed7c93d09558296e22a5505aab31585ff5d4597849c4e345883cadd38760709a76ef41974acee8a8bb4f08fe" | 2026-01-01 13:52:28+00 |         896 |      9896 | success
 199787 |  19201 | last=1h service=fixture-12 message="row-99894 key-19201 marker_common_192 payload-663fb010a47f53f1c7b9b43498fee99e563e26d69c19438c74b96e56d47c52007ea3f5e31f9086d21d573698fb1307a59295eae91ea726e6cf1e5e27d552f57c0a386b515168941b436736723eb95181b97d6626c2aa209b5e1530102c558524130e5952d58aadc3a45e14723fc3fdca" | 2026-01-01 13:52:27+00 |         894 |      9894 | success
 199783 |  19201 | last=1h service=fixture-10 message="row-99892 key-19201 marker_common_192 payload-571cf5750996590b151c163577dc86293c01013a3cb0399e13af8dc439bcc90fc2b0d02f6ee10b95b4abad5b2f5d4983c4b1ffbe3c263d24b4305c5b04a18b6b9a7677c383f1ea4965f1506012c8dc7df2fbeb50da189644dee87a46154ebf8d024ee8af5aba1512c938becbc1eef4be" | 2026-01-01 13:52:26+00 |         892 |      9892 | success
 199779 |  19201 | last=1h service=fixture-8 message="row-99890 key-19201 marker_common_192 payload-627eeae2840ee39e98d05fc293f72f8e1c9aabbc9f43faa84725f8baf3ceb52a853306f7e879b45a14ee04a57425dc90c84031898bb6bbefa3a0337007e198164bcb464e70371334ed1ebcbafb4a329fa35ec96b7aaa01bab65c39dd26254552b632a95df92016afbd0ce33d5312d111"  | 2026-01-01 13:52:25+00 |         890 |      9890 | success
 199775 |  19201 | last=1h service=fixture-6 message="row-99888 key-19201 marker_common_192 payload-12c654f4a05be096527bf6f5555f591f558266d826b729b24734b2036e68782890e7045f4c926a18d01bc51907c02c2d8308a3bd5915668e7e1f28ebc1b68c8fda99afbe211b8f5dd62f7e43d4057c3ea60dbd83f83a0678a30cbded108fc88843b2898da3c6f4b87ba6768f3b4f6b9b"  | 2026-01-01 13:52:24+00 |         888 |      9888 | success
 199771 |  19201 | last=1h service=fixture-4 message="row-99886 key-19201 marker_common_192 payload-ab095ae8246c3baba4d097b766a8a174b471a538583f30ed38183bab38b8903e6fdea31fb1c7b2b78e079caf51decfe5e07d9cd70fce1e0de1aee327b2363496ae816ba8d3839abf0dddd208fda07a769708ce996e00028bd95062ef75fe06b0ceddfa1b587d01f1bec04bc8dc7f7818"  | 2026-01-01 13:52:23+00 |         886 |      9886 | success
 199767 |  19201 | last=1h service=fixture-2 message="row-99884 key-19201 marker_common_192 payload-0930c27e5e6cdf6e31dac4ab01449378daa5a050ad3898966b8420fb98b386af4f60b0eaeaa1e37b49e60a38c304b41b2cfb1a976b6c9ecc9b2d905ced123cf8f12ae014f46a6d334bb591a184cb59b11add31015a863ebda2178881111212e312b42fbe8c9f04f8977cc698cd7fff22"  | 2026-01-01 13:52:22+00 |         884 |      9884 | success
 199763 |  19201 | last=1h service=fixture-0 message="row-99882 key-19201 marker_common_192 payload-ad2667c5584247eda547ffb2ff64e71dfae0dce52fbf2af7bce0e17b9b945f53b89212f1db53d88795529222b2c7bc9dc6affb6b914b9ed9a5b27090b08cb4d0ba2d8eba2095821c895247e10fd0379151ca69c120cc2d06bd95f9eb2ce3d5b5c5a5d24a05e6883952ac57d20809ac4a"  | 2026-01-01 13:52:21+00 |         882 |      9882 | success
 199759 |  19201 | last=1h service=fixture-29 message="row-99880 key-19201 marker_common_192 payload-73af17df132f13dbdc2a778f69522f743be4eebf9e814b2c6ffe886dc18a86dcf8f94691feb603099e45a41deb1afeb91fdc273234e9190d067e533027c1922819c11015790332774ea7ea1600e0222cb1db778178b7545488f0dcc8371c204151dd4e1710a874769d3b868c4e1553e9" | 2026-01-01 13:52:20+00 |         880 |      9880 | success
 199755 |  19201 | last=1h service=fixture-27 message="row-99878 key-19201 marker_common_192 payload-8fe612206616dbf8091743e85204e4cfcf267775e775456d31fed64b9fe75b174cf43579627a61a31b58e68beed68f26a49e1858248b29d1d92f4414ca081c40c9065a8f12f878f4f27e46bc2c89a219fdf33befab6558b4bc4bf11940de1956a0e849da8c1648e23edbd647aeef993d" | 2026-01-01 13:52:19+00 |         878 |      9878 | success
 199751 |  19201 | last=1h service=fixture-25 message="row-99876 key-19201 marker_common_192 payload-722992307738b0cdf60f8fa7b28e3022716709c74bbcedcc53e6ed88bdae34d8fdfa3286c21ded91ea0ee22a4e73407c979f0a4fb15cd525e7e323caefc1cb6314580c3d5238fb3ee0db7818eb281ff8f5ce12e4959322d1729dc22b0357db699f914e177d2d8e686d852b2896f23287" | 2026-01-01 13:52:18+00 |         876 |      9876 | success
 199747 |  19201 | last=1h service=fixture-23 message="row-99874 key-19201 marker_common_192 payload-90e024f17a094c16221ac03abf4e76b40589741593189360e62406927a92f744c101c186a253594e21b64893ea33a7423c600fb7528da02ed24e5ffc55976180c5cae4a426db995e4e2dd5e08d597b382fdc79711287bf0bd17fe5f179d62197654924bf3bb2fa78297f25bf99cb4fd7" | 2026-01-01 13:52:17+00 |         874 |      9874 | success
 199743 |  19201 | last=1h service=fixture-21 message="row-99872 key-19201 marker_common_192 payload-324f727e74386b239ded0079c96d68f822ed7798e5d15685c13f0f2de3cd105bccf313383bf788c38c1a5493762d17e68fd22942964086c4335cd53e89b798ea70065577987ffe12fe086ff34d659dfec9c4625f595fc2901924a8de5a3da294198e4b733dcd312836a127b2215c24a9" | 2026-01-01 13:52:16+00 |         872 |      9872 | success
 199739 |  19201 | last=1h service=fixture-19 message="row-99870 key-19201 marker_common_192 payload-11b26b08363fe8538fa196128a46c283b3b39a684c203c43b77e76f0d96e7b5e29f6bb49b1d6814fa379e1234aa9943cd1c7de89c900949418cd50c3d87c00d060a23b6e3d270ba30f0e7c61f557cb7e0525c1eb8a4061a12a86329875c37b0f9c343e78b45c7a69fb50c3c91a72eb61" | 2026-01-01 13:52:15+00 |         870 |      9870 | success
 199735 |  19201 | last=1h service=fixture-17 message="row-99868 key-19201 marker_common_192 payload-b3c7eafb8850597882e48269223fbd532caa4420eb37eb16fea5b2bfca168335f653357e23e8017295ff2e821bdacbf5d6f145dbf20e8c57053a3f1dbff321c4fd84e2419a7f3f8e067ae3aa455d6333b2b2892905dbbe3ce0f67e0fd6722c41d3c4b50da0d0f0a7528a4ec0940be3bc" | 2026-01-01 13:52:14+00 |         868 |      9868 | success
 199731 |  19201 | last=1h service=fixture-15 message="row-99866 key-19201 marker_common_192 payload-b6c8143d9a13ea99e43972329d92fe6063cba54c49b062c50ed7bf97090323134bfba144c71b673bc3f4a771216b9a83711412aaa05cb93f09a3528333caf99fd441618dd2b0f8f62f9d9a869abd54cd609bf040c4ae66004951109cc555610d35eb71a308ae6bc56632a96a30534f7d" | 2026-01-01 13:52:13+00 |         866 |      9866 | success
 199727 |  19201 | last=1h service=fixture-13 message="row-99864 key-19201 marker_common_192 payload-663e274e15ae2ef39bebd565dc9f8ffb428e0126e7f92dc72f7f0ee0186f26a3c549c814c7d340505961f08ba30bb1ebca8f406976a0014c191760ed345bbc89f3ed3401df3603d4013cd2d2e201ab6f72a93b2d83621cb674467ac479ad7aa087e0f6102f84bf30dc4e6265344cd60f" | 2026-01-01 13:52:12+00 |         864 |      9864 | success
 199723 |  19201 | last=1h service=fixture-11 message="row-99862 key-19201 marker_common_192 payload-b48b857fe1e8c3519ffb6b578ec7776de1fb8346c3b5f18c32bb0373bf0d38b084451f7406025214d7848a6c3642d36a75de6f89f5fd9be0fcc8550566c1dc6207188701a9d26d5205f3baf55e172d9cc546fa2c713fdb984eb9529da2ecbabe4d0b7e2401340294696d04b705d9690f" | 2026-01-01 13:52:11+00 |         862 |      9862 | success
 199719 |  19201 | last=1h service=fixture-9 message="row-99860 key-19201 marker_common_192 payload-325839fd6293e8d157790e73cc95028e77dcbf1b0966ef03adb1a7c17930fb34579b97f72c181c5238a617186d512c3e1ccc30c70298cba6c5b8cdc2b51e0b5eb0defa1bed57756a6375dcf6fa9a53e6af3b0a69f439dcd55150b70e3ad64d904d25a478db7ec7fff85585bab042cf8d"  | 2026-01-01 13:52:10+00 |         860 |      9860 | success
 199715 |  19201 | last=1h service=fixture-7 message="row-99858 key-19201 marker_common_192 payload-e76a7f8dc7723263017da86c99cb4a90b52d132f1a353341b945616e900eb9261084bf2cb01f3b9c3ef3efd0d975a19a5e07521033cd3a8584b54cc19b33a5d9b18b7bb10bf04743d79a8615334be06d183a26f79b4e90e3a82a59a210b1ed4faeb2e42b7e5dc100ae9ddfb0cadef321"  | 2026-01-01 13:52:09+00 |         858 |      9858 | success
 199711 |  19201 | last=1h service=fixture-5 message="row-99856 key-19201 marker_common_192 payload-bbcf43830ec32d1e8557db2cdb0f631c8303179c03d0be296ef5da974f6686c43e3f69a2d7d615fc83b6a488579f09f8ef97e6871bac5f08d9df864adb7ef0eba0c2abdec9bbc82eae25edb21851d5f54b93f35e79864048202d356f270857200d720132fbea3ef29edbd9b0f2d8a194"  | 2026-01-01 13:52:08+00 |         856 |      9856 | success
 199707 |  19201 | last=1h service=fixture-3 message="row-99854 key-19201 marker_common_192 payload-765e43a877c7ec8dcdb4bd5517e837a938f2092e4f80e02fcfa02a1acc87abdbfae4d2fbf4f5b641d711130e35a388c2815e320a6ec8a1105531fd525d65141604257cd2f76a5e4bb17cc8c61726df16139584045093dd5811a8a8ab8d5886dd4119ffce956fa419aa8af0ab68d943f5"  | 2026-01-01 13:52:07+00 |         854 |      9854 | success
 199703 |  19201 | last=1h service=fixture-1 message="row-99852 key-19201 marker_common_192 payload-5e831bbff497b463fbc0fc5d884fd62b2a05fc5afe8f1542afa72a4ba0933cd415993b25696f3c191ac6116a60c3bdad7428fafbecac754e9fe43de980abf8b2399c5244f3ff6a372455205af03bd1a1b1d968c303432868f20368430ea31c76be5448dc1cf69a501b709e86c942b99e"  | 2026-01-01 13:52:06+00 |         852 |      9852 | success
 199699 |  19201 | last=1h service=fixture-30 message="row-99850 key-19201 marker_common_192 payload-476aafefa19b5914226fc2ab2da94aa751928c9691d4ab0df91c68ba53eb556be22832153f803b12a5220d0771c1f99dddd6da0e5a80249332c41d9f2610ae33c7052b186718805447ce861f87c4af8349aab1d67b5a2ecb60ef0fa1107db9d032483b253c469da6cf68f58798c30e4e" | 2026-01-01 13:52:05+00 |         850 |      9850 | success
 199695 |  19201 | last=1h service=fixture-28 message="row-99848 key-19201 marker_common_192 payload-da4e69515f00d135e25222a6471858dea210aae75ec62b14dc405b8ab4d014f1b00e3c43054e2cbe36579c135f40158df669111898836061ce4a5baaf3ad8e89b3519834bd0dfb74eb94291cda5d387679e0e339a19b7ac3c3c9ab477928c495d47eae61261b8d3025a10be1e4a95922" | 2026-01-01 13:52:04+00 |         848 |      9848 | success
 199691 |  19201 | last=1h service=fixture-26 message="row-99846 key-19201 marker_common_192 payload-dcb057974d02eee23d8a77593300e8bfe5f5f80e6549208494f69cedd7d719d3929cc9d203f5cde6921a07e4b4b417cc7b8c00fafff553d29b4cad88e3e5b55a71a51c96c1ada82a8d9e3cb1bf98180ef1247623bc01faf9aeda00b54a376e60f4add7aecef44e794c4ebdbd3dbd1b41" | 2026-01-01 13:52:03+00 |         846 |      9846 | success
 199687 |  19201 | last=1h service=fixture-24 message="row-99844 key-19201 marker_common_192 payload-39af1bb6a5165835b45122a1787e2c1e8e88cfeaa0d5beebdfd4245c2aaa3130b1daa540a3b8ea94deaf397b04ae404afc216e9bfb4a9342d3eed17736ad130c731676e7476b7d335e89415e1bc18ec9c327dc3452835ff092ecab890b279dba1619ffa8cfb23f34c67db33b8520ece0" | 2026-01-01 13:52:02+00 |         844 |      9844 | success
 199683 |  19201 | last=1h service=fixture-22 message="row-99842 key-19201 marker_common_192 payload-682672decb98e4ec28acfc20077100484298713e10e5e01ec9e9e731aff85749c2256b554e5bb758a5995b3db1e289b2423cc7a9c93f20cb73d92c6128c2f351be09cb1475b52565a078d6c80cbfda765e54b9791266e42850fdd6016bde355387f3d257e457bd593e95e921a63c4425" | 2026-01-01 13:52:01+00 |         842 |      9842 | success
 199679 |  19201 | last=1h service=fixture-20 message="row-99840 key-19201 marker_common_192 payload-e8ab0a8fa591819f4b8c6708b89ca56dc0925cc594d60eb8963de301abd4344a1d446dd05a3daa10b6b2d93d54a187c7eae4d4142dc37e38262371a326e1ad672d2e639b42fc1ffe5185117a341ee3ce82542b436b357a99d94f50ca66c9df4a8871b0299be59f227130e657714246c7" | 2026-01-01 13:52:00+00 |         840 |      9840 | success
 199675 |  19201 | last=1h service=fixture-18 message="row-99838 key-19201 marker_common_192 payload-2fdae0270b570e922d84a267bf69f65cc47292afac50a460a783e1b5ace3ed386c3cdecebe568a4f10e944d094a6f18d67e9305457d9cb59829c9656c2cf1ef78614d681efdb1c2ddfa5f475a7b9a40eeb426a5c7936889da81f52801aa5727552241818fc15a4b1c21d13f622a4ead7" | 2026-01-01 13:51:59+00 |         838 |      9838 | success
 199671 |  19201 | last=1h service=fixture-16 message="row-99836 key-19201 marker_common_192 payload-4b0b5b4a2116c7e0193a641d4471a856c34f3238caeef64080af50a95b3c0e1d74d124edd212e28e36041008aa7325b906373739231032808f8374873b36e3dbe583d0a5f8adf1213f0ca8a1385b1fe3c749833e16c1948504733cd45a4105377f5935a72acf039cd357d16dd4346130" | 2026-01-01 13:51:58+00 |         836 |      9836 | success
 199667 |  19201 | last=1h service=fixture-14 message="row-99834 key-19201 marker_common_192 payload-9c648ffdd245f3400f6ac0bcb780d4df6edf0f9ed8f57c8350304f15c24d5f68ebb3daab07b23a62f58833a789ede99a2405f605418bbf73c8845e5e6201ac651deecd9605fefb871fa553a6c434b201e9b832a744857c752012211a5b086b98149ad31344910d86d10dcc3ed3061914" | 2026-01-01 13:51:57+00 |         834 |      9834 | success
 199663 |  19201 | last=1h service=fixture-12 message="row-99832 key-19201 marker_common_192 payload-10c3b455d0088f27dde575f9017c88de219f564117bcf4853b74259a3dcceb6838b22e39cb76925e6099fb87661e00796ffb1a0f2370f09ffd6479b17386c539f4b41a6c03376c1418d4aef365a1be81316dd6705d431960c664b99a7c818b14f93032c3ad0b8a6edda9e4d86526173c" | 2026-01-01 13:51:56+00 |         832 |      9832 | success
 199659 |  19201 | last=1h service=fixture-10 message="row-99830 key-19201 marker_common_192 payload-2c261a2de4f0bf0714dc11873204f38c7844b3e390c9f92e16fb2ba8d22e9b6480f19272287ddf93601a72a93283f44f018235b093eb5130e557d5ccdf9ba67138b0bba73fd3a6ce30fd86fbeba716eb81e727bcd73000aa420a3a72d636eac8af3c477c53d7b1d6137ff9011397e142" | 2026-01-01 13:51:55+00 |         830 |      9830 | success
 199655 |  19201 | last=1h service=fixture-8 message="row-99828 key-19201 marker_common_192 payload-a8d37f28474bec0ddb05829b7ea90d424d964fc978f763c329b2fef2ddbb130b4afe0b7e96d537b8c4f486caff0e5921cd09d122b7cc049f9e7cdae66bf74ca09bf65515b1c64998404b793656ba5fcbe75b2375944d18b092f5a748a9ff186ce1ec064274432f11d2cb2914fd381bf2"  | 2026-01-01 13:51:54+00 |         828 |      9828 | success
 199651 |  19201 | last=1h service=fixture-6 message="row-99826 key-19201 marker_common_192 payload-db23451a68dfc8d66e0f2c03ea7bbee7ada4d4bcde3aa964f6573c4ac9bb4356d139c0873670cbabe4fa8578502040f72632d77f4ae7786035087f49fc9c8308cce1db0b5261f37da45c741499bfbe052ca805989952fe1de16e0c85335361b44fb0ca40fd740beaa368528cb061a0d3"  | 2026-01-01 13:51:53+00 |         826 |      9826 | success
 199647 |  19201 | last=1h service=fixture-4 message="row-99824 key-19201 marker_common_192 payload-6edbfff650c552e5e50ebbaba9520881d0537dac39657a0bf21938d0d6232ae89f043a6bbd420edbe726b6abf91f4a13839baf41e12b9d4814b1b240cbdae8a30fbab739dbaaf4eb768dc735bc2b7359942da44b73841aaf77fee5dff5e87404c30d2eca8f01c7561aa8ae9d9c86d8bc"  | 2026-01-01 13:51:52+00 |         824 |      9824 | success
 199643 |  19201 | last=1h service=fixture-2 message="row-99822 key-19201 marker_common_192 payload-e3fa53c63f0f9cb4e70d39b22148c4f8026764605a84193b885087b33eab6cc6430b59fce1be1833fce466f19b8de6a0fc0d05e4f1593c4a6fcd3da43a84070bcd0b38a96c83ffeb96deda5d42858ee02d8a2756b496b52739ca79ec668eb90252ab37cca227be727ba2908e4e370d16"  | 2026-01-01 13:51:51+00 |         822 |      9822 | success
 199639 |  19201 | last=1h service=fixture-0 message="row-99820 key-19201 marker_common_192 payload-63853bd48b65faffc6be097b78d77cc084b20e53434f36744e703cf233f2bf6d97f8cbb013fdbce6695b7aeaaf57e53dc58cfcb6cfe44bd42d7d3340fcfa56c265e036ca0077a469e652b52f99c2a2fd1fdd98eb193bd6eda2a4ec84f23c0c42968ef41b4e820b70b4f3de01882f4329"  | 2026-01-01 13:51:50+00 |         820 |      9820 | success
 199635 |  19201 | last=1h service=fixture-29 message="row-99818 key-19201 marker_common_192 payload-5f1704847ccbb00005643fed7d275fc07a9f5e0e2f811cf222cb2bab3542faeaf0c9a67ada3f7002886c96173f845f641eebf8cc95a61b9cfa16ff830f53b0000f1e971fd4fa661f228944bcaad3f4c98a111a37c861270f6594a20be6977c9dfd65de0a65dcc3a960cced348a1afe1c" | 2026-01-01 13:51:49+00 |         818 |      9818 | success
 199631 |  19201 | last=1h service=fixture-27 message="row-99816 key-19201 marker_common_192 payload-7f398b96637d35be0e91ee453849528e2b9aaf11dd103342ee6700b4fc1446d90f1467f4245f374a94cd8a7196456b286747018c661684d6e22e96cc92fb22608cf10ae5aa3be07735bdf67fdbb01e93fc2586fbbd1c093b2993989b79e8da00d983c90dd08d72e33d01574374483ab7" | 2026-01-01 13:51:48+00 |         816 |      9816 | success
 199627 |  19201 | last=1h service=fixture-25 message="row-99814 key-19201 marker_common_192 payload-d4fbf8b3b7976d9d3dee366d49a5bb62ccfa152d87dbcd286aa80cf34c3a8aa9fa928d62cb27a8b336de4b29d19de0777a81016696eba99b5021d5a4c9b06b4a4d6722da84668a7099fae17755146c54d6817ff50e2dc9c19f138034dd9f413512773a4c4fa97a20894aa80580db5f6f" | 2026-01-01 13:51:47+00 |         814 |      9814 | success
 199623 |  19201 | last=1h service=fixture-23 message="row-99812 key-19201 marker_common_192 payload-21b3d813e68240d13435a9d33a7b1275c23c53d04c5aa10dbd1c05b906dd8930bd2c6294902cacab97e7244db548141e370db948e2172cdee9eea38d6ad9648dedfbda4eba8a292adb47bf009e378e455024fe1144cfbdc99b5305f42ff59bc559b3830606860e447caee64a893ae5f0" | 2026-01-01 13:51:46+00 |         812 |      9812 | success
 199619 |  19201 | last=1h service=fixture-21 message="row-99810 key-19201 marker_common_192 payload-e63e381fb40ccab930b04dad88b5c671a1f5f82d5021db0b0e21cbbc9b12874274958c9881fb395ffa0d394ac1d1373692021124eaedf66b784a65e29a91e41f926734d7a57d45a3a3308c4b2c0a4504657f841e56cc0cad33c57b3f0f460c64dff90dfc3bd6e89dd4d112412c5265c1" | 2026-01-01 13:51:45+00 |         810 |      9810 | success
 199615 |  19201 | last=1h service=fixture-19 message="row-99808 key-19201 marker_common_192 payload-b5c531320ab113d1f575517be92c567a9c32140250b5c9bc9f2d4575be216e4c4dd08b40600b871b26bb76c5f10ed83c8cb6171035b3b18acdab7675b6f5f60c3a93bba5e4c8262eda9c2fa812edd1ee624b7ed91520936e82286edacead59cfd8c5d857d5529304e31061a8a151c255" | 2026-01-01 13:51:44+00 |         808 |      9808 | success
 199611 |  19201 | last=1h service=fixture-17 message="row-99806 key-19201 marker_common_192 payload-e5f58b748f4c6d576201e9aa51dd7ffa542a58d19b285795c57d03f417511fafc95b46026dc428f2ad3bb0199ed15804579efb7fd4bc6f42cef90c78457f9bafa29cf4e39a91c77d3d684c9194364f973f9f675f3e518c933152a96472bf03f1704a281406b7f0e68b812f0fc2e066e4" | 2026-01-01 13:51:43+00 |         806 |      9806 | success
 199607 |  19201 | last=1h service=fixture-15 message="row-99804 key-19201 marker_common_192 payload-9c96e1f92d6a4f84bfbb8f88e95527aa28dfe7e70f2f99241ade8b8f4ca87fa60297c40a7e9f7978ed106f9bae1bb3c3e636646ac3f51f6d7acff220e415ef353ac7b944cefe80863507f1e3d1546602105aa3cb8fb83535d3fe8be2ba9b36296c1c24589ed617a21d9bcaa70bd143a0" | 2026-01-01 13:51:42+00 |         804 |      9804 | success
 199603 |  19201 | last=1h service=fixture-13 message="row-99802 key-19201 marker_common_192 payload-41136cfa5c232e9fbe5a38ed6834e538f0ed142962758af58c4f70220eb885a6d00209992891965704f82454c98bdfb1f876badc4ccb4f2cb7829b6c2301237fb0dd2cdb2158ea6484f31debe000351146ea898c3d0b59ea2c675991d844aba63792502508f0ac9c8d82679fa0c9e2f3" | 2026-01-01 13:51:41+00 |         802 |      9802 | success
(50 rows)

COMMIT
Timing is on.
SAMPLE 1
BEGIN
Time: 0.037 ms
SET
Time: 0.039 ms
 count 
-------
 50000
(1 row)

Time: 49.377 ms
   id   | key_id |                                                                                                                                                        query                                                                                                                                                        |      executed_at       | duration_ms | row_count | status  
--------+--------+---------------------------------------------------------------------------------------------------------------------------------------------------------------------------------------------------------------------------------------------------------------------------------------------------------------------+------------------------+-------------+-----------+---------
 199799 |  19201 | last=1h service=fixture-18 message="row-99900 key-19201 marker_common_192 payload-747eb715c540ff320bd37279e51aa0476bed33fbb83deae9e9a658df24535ac182d6ec4b8e219feb21b6a7bfd4cdf2412df6eb66843afe833772565b7436f5deb01bc72072a4eb8c9a09549604329c7787159786733efc68ffce721b25ca03c4f185e3d6b753a5e0381241940e70347f" | 2026-01-01 13:52:30+00 |         900 |      9900 | success
 199795 |  19201 | last=1h service=fixture-16 message="row-99898 key-19201 marker_common_192 payload-ccf2fa819e3d0504b61233ae85c0769cd391ab6c2e90b068f74178f473469bd8ffc5159432196b773e031075c9ea4e0ef9f2468dcf2dd2620e1b3933fde278d83b8c8c67022e881f64a905090d1febc9c27b1f282fae8bfd82658db8e488128247981cf791626a630a94138153fde8a1" | 2026-01-01 13:52:29+00 |         898 |      9898 | success
 199791 |  19201 | last=1h service=fixture-14 message="row-99896 key-19201 marker_common_192 payload-f0e235ee11b5b62739b22dc58d48a8353e8637103eac63e83507f0a0d21716fadea0852e7356df472d4564d572ddfdbe7aff9b3f4890b80bcccd2fead08e64588ac38338ed7c93d09558296e22a5505aab31585ff5d4597849c4e345883cadd38760709a76ef41974acee8a8bb4f08fe" | 2026-01-01 13:52:28+00 |         896 |      9896 | success
 199787 |  19201 | last=1h service=fixture-12 message="row-99894 key-19201 marker_common_192 payload-663fb010a47f53f1c7b9b43498fee99e563e26d69c19438c74b96e56d47c52007ea3f5e31f9086d21d573698fb1307a59295eae91ea726e6cf1e5e27d552f57c0a386b515168941b436736723eb95181b97d6626c2aa209b5e1530102c558524130e5952d58aadc3a45e14723fc3fdca" | 2026-01-01 13:52:27+00 |         894 |      9894 | success
 199783 |  19201 | last=1h service=fixture-10 message="row-99892 key-19201 marker_common_192 payload-571cf5750996590b151c163577dc86293c01013a3cb0399e13af8dc439bcc90fc2b0d02f6ee10b95b4abad5b2f5d4983c4b1ffbe3c263d24b4305c5b04a18b6b9a7677c383f1ea4965f1506012c8dc7df2fbeb50da189644dee87a46154ebf8d024ee8af5aba1512c938becbc1eef4be" | 2026-01-01 13:52:26+00 |         892 |      9892 | success
 199779 |  19201 | last=1h service=fixture-8 message="row-99890 key-19201 marker_common_192 payload-627eeae2840ee39e98d05fc293f72f8e1c9aabbc9f43faa84725f8baf3ceb52a853306f7e879b45a14ee04a57425dc90c84031898bb6bbefa3a0337007e198164bcb464e70371334ed1ebcbafb4a329fa35ec96b7aaa01bab65c39dd26254552b632a95df92016afbd0ce33d5312d111"  | 2026-01-01 13:52:25+00 |         890 |      9890 | success
 199775 |  19201 | last=1h service=fixture-6 message="row-99888 key-19201 marker_common_192 payload-12c654f4a05be096527bf6f5555f591f558266d826b729b24734b2036e68782890e7045f4c926a18d01bc51907c02c2d8308a3bd5915668e7e1f28ebc1b68c8fda99afbe211b8f5dd62f7e43d4057c3ea60dbd83f83a0678a30cbded108fc88843b2898da3c6f4b87ba6768f3b4f6b9b"  | 2026-01-01 13:52:24+00 |         888 |      9888 | success
 199771 |  19201 | last=1h service=fixture-4 message="row-99886 key-19201 marker_common_192 payload-ab095ae8246c3baba4d097b766a8a174b471a538583f30ed38183bab38b8903e6fdea31fb1c7b2b78e079caf51decfe5e07d9cd70fce1e0de1aee327b2363496ae816ba8d3839abf0dddd208fda07a769708ce996e00028bd95062ef75fe06b0ceddfa1b587d01f1bec04bc8dc7f7818"  | 2026-01-01 13:52:23+00 |         886 |      9886 | success
 199767 |  19201 | last=1h service=fixture-2 message="row-99884 key-19201 marker_common_192 payload-0930c27e5e6cdf6e31dac4ab01449378daa5a050ad3898966b8420fb98b386af4f60b0eaeaa1e37b49e60a38c304b41b2cfb1a976b6c9ecc9b2d905ced123cf8f12ae014f46a6d334bb591a184cb59b11add31015a863ebda2178881111212e312b42fbe8c9f04f8977cc698cd7fff22"  | 2026-01-01 13:52:22+00 |         884 |      9884 | success
 199763 |  19201 | last=1h service=fixture-0 message="row-99882 key-19201 marker_common_192 payload-ad2667c5584247eda547ffb2ff64e71dfae0dce52fbf2af7bce0e17b9b945f53b89212f1db53d88795529222b2c7bc9dc6affb6b914b9ed9a5b27090b08cb4d0ba2d8eba2095821c895247e10fd0379151ca69c120cc2d06bd95f9eb2ce3d5b5c5a5d24a05e6883952ac57d20809ac4a"  | 2026-01-01 13:52:21+00 |         882 |      9882 | success
 199759 |  19201 | last=1h service=fixture-29 message="row-99880 key-19201 marker_common_192 payload-73af17df132f13dbdc2a778f69522f743be4eebf9e814b2c6ffe886dc18a86dcf8f94691feb603099e45a41deb1afeb91fdc273234e9190d067e533027c1922819c11015790332774ea7ea1600e0222cb1db778178b7545488f0dcc8371c204151dd4e1710a874769d3b868c4e1553e9" | 2026-01-01 13:52:20+00 |         880 |      9880 | success
 199755 |  19201 | last=1h service=fixture-27 message="row-99878 key-19201 marker_common_192 payload-8fe612206616dbf8091743e85204e4cfcf267775e775456d31fed64b9fe75b174cf43579627a61a31b58e68beed68f26a49e1858248b29d1d92f4414ca081c40c9065a8f12f878f4f27e46bc2c89a219fdf33befab6558b4bc4bf11940de1956a0e849da8c1648e23edbd647aeef993d" | 2026-01-01 13:52:19+00 |         878 |      9878 | success
 199751 |  19201 | last=1h service=fixture-25 message="row-99876 key-19201 marker_common_192 payload-722992307738b0cdf60f8fa7b28e3022716709c74bbcedcc53e6ed88bdae34d8fdfa3286c21ded91ea0ee22a4e73407c979f0a4fb15cd525e7e323caefc1cb6314580c3d5238fb3ee0db7818eb281ff8f5ce12e4959322d1729dc22b0357db699f914e177d2d8e686d852b2896f23287" | 2026-01-01 13:52:18+00 |         876 |      9876 | success
 199747 |  19201 | last=1h service=fixture-23 message="row-99874 key-19201 marker_common_192 payload-90e024f17a094c16221ac03abf4e76b40589741593189360e62406927a92f744c101c186a253594e21b64893ea33a7423c600fb7528da02ed24e5ffc55976180c5cae4a426db995e4e2dd5e08d597b382fdc79711287bf0bd17fe5f179d62197654924bf3bb2fa78297f25bf99cb4fd7" | 2026-01-01 13:52:17+00 |         874 |      9874 | success
 199743 |  19201 | last=1h service=fixture-21 message="row-99872 key-19201 marker_common_192 payload-324f727e74386b239ded0079c96d68f822ed7798e5d15685c13f0f2de3cd105bccf313383bf788c38c1a5493762d17e68fd22942964086c4335cd53e89b798ea70065577987ffe12fe086ff34d659dfec9c4625f595fc2901924a8de5a3da294198e4b733dcd312836a127b2215c24a9" | 2026-01-01 13:52:16+00 |         872 |      9872 | success
 199739 |  19201 | last=1h service=fixture-19 message="row-99870 key-19201 marker_common_192 payload-11b26b08363fe8538fa196128a46c283b3b39a684c203c43b77e76f0d96e7b5e29f6bb49b1d6814fa379e1234aa9943cd1c7de89c900949418cd50c3d87c00d060a23b6e3d270ba30f0e7c61f557cb7e0525c1eb8a4061a12a86329875c37b0f9c343e78b45c7a69fb50c3c91a72eb61" | 2026-01-01 13:52:15+00 |         870 |      9870 | success
 199735 |  19201 | last=1h service=fixture-17 message="row-99868 key-19201 marker_common_192 payload-b3c7eafb8850597882e48269223fbd532caa4420eb37eb16fea5b2bfca168335f653357e23e8017295ff2e821bdacbf5d6f145dbf20e8c57053a3f1dbff321c4fd84e2419a7f3f8e067ae3aa455d6333b2b2892905dbbe3ce0f67e0fd6722c41d3c4b50da0d0f0a7528a4ec0940be3bc" | 2026-01-01 13:52:14+00 |         868 |      9868 | success
 199731 |  19201 | last=1h service=fixture-15 message="row-99866 key-19201 marker_common_192 payload-b6c8143d9a13ea99e43972329d92fe6063cba54c49b062c50ed7bf97090323134bfba144c71b673bc3f4a771216b9a83711412aaa05cb93f09a3528333caf99fd441618dd2b0f8f62f9d9a869abd54cd609bf040c4ae66004951109cc555610d35eb71a308ae6bc56632a96a30534f7d" | 2026-01-01 13:52:13+00 |         866 |      9866 | success
 199727 |  19201 | last=1h service=fixture-13 message="row-99864 key-19201 marker_common_192 payload-663e274e15ae2ef39bebd565dc9f8ffb428e0126e7f92dc72f7f0ee0186f26a3c549c814c7d340505961f08ba30bb1ebca8f406976a0014c191760ed345bbc89f3ed3401df3603d4013cd2d2e201ab6f72a93b2d83621cb674467ac479ad7aa087e0f6102f84bf30dc4e6265344cd60f" | 2026-01-01 13:52:12+00 |         864 |      9864 | success
 199723 |  19201 | last=1h service=fixture-11 message="row-99862 key-19201 marker_common_192 payload-b48b857fe1e8c3519ffb6b578ec7776de1fb8346c3b5f18c32bb0373bf0d38b084451f7406025214d7848a6c3642d36a75de6f89f5fd9be0fcc8550566c1dc6207188701a9d26d5205f3baf55e172d9cc546fa2c713fdb984eb9529da2ecbabe4d0b7e2401340294696d04b705d9690f" | 2026-01-01 13:52:11+00 |         862 |      9862 | success
 199719 |  19201 | last=1h service=fixture-9 message="row-99860 key-19201 marker_common_192 payload-325839fd6293e8d157790e73cc95028e77dcbf1b0966ef03adb1a7c17930fb34579b97f72c181c5238a617186d512c3e1ccc30c70298cba6c5b8cdc2b51e0b5eb0defa1bed57756a6375dcf6fa9a53e6af3b0a69f439dcd55150b70e3ad64d904d25a478db7ec7fff85585bab042cf8d"  | 2026-01-01 13:52:10+00 |         860 |      9860 | success
 199715 |  19201 | last=1h service=fixture-7 message="row-99858 key-19201 marker_common_192 payload-e76a7f8dc7723263017da86c99cb4a90b52d132f1a353341b945616e900eb9261084bf2cb01f3b9c3ef3efd0d975a19a5e07521033cd3a8584b54cc19b33a5d9b18b7bb10bf04743d79a8615334be06d183a26f79b4e90e3a82a59a210b1ed4faeb2e42b7e5dc100ae9ddfb0cadef321"  | 2026-01-01 13:52:09+00 |         858 |      9858 | success
 199711 |  19201 | last=1h service=fixture-5 message="row-99856 key-19201 marker_common_192 payload-bbcf43830ec32d1e8557db2cdb0f631c8303179c03d0be296ef5da974f6686c43e3f69a2d7d615fc83b6a488579f09f8ef97e6871bac5f08d9df864adb7ef0eba0c2abdec9bbc82eae25edb21851d5f54b93f35e79864048202d356f270857200d720132fbea3ef29edbd9b0f2d8a194"  | 2026-01-01 13:52:08+00 |         856 |      9856 | success
 199707 |  19201 | last=1h service=fixture-3 message="row-99854 key-19201 marker_common_192 payload-765e43a877c7ec8dcdb4bd5517e837a938f2092e4f80e02fcfa02a1acc87abdbfae4d2fbf4f5b641d711130e35a388c2815e320a6ec8a1105531fd525d65141604257cd2f76a5e4bb17cc8c61726df16139584045093dd5811a8a8ab8d5886dd4119ffce956fa419aa8af0ab68d943f5"  | 2026-01-01 13:52:07+00 |         854 |      9854 | success
 199703 |  19201 | last=1h service=fixture-1 message="row-99852 key-19201 marker_common_192 payload-5e831bbff497b463fbc0fc5d884fd62b2a05fc5afe8f1542afa72a4ba0933cd415993b25696f3c191ac6116a60c3bdad7428fafbecac754e9fe43de980abf8b2399c5244f3ff6a372455205af03bd1a1b1d968c303432868f20368430ea31c76be5448dc1cf69a501b709e86c942b99e"  | 2026-01-01 13:52:06+00 |         852 |      9852 | success
 199699 |  19201 | last=1h service=fixture-30 message="row-99850 key-19201 marker_common_192 payload-476aafefa19b5914226fc2ab2da94aa751928c9691d4ab0df91c68ba53eb556be22832153f803b12a5220d0771c1f99dddd6da0e5a80249332c41d9f2610ae33c7052b186718805447ce861f87c4af8349aab1d67b5a2ecb60ef0fa1107db9d032483b253c469da6cf68f58798c30e4e" | 2026-01-01 13:52:05+00 |         850 |      9850 | success
 199695 |  19201 | last=1h service=fixture-28 message="row-99848 key-19201 marker_common_192 payload-da4e69515f00d135e25222a6471858dea210aae75ec62b14dc405b8ab4d014f1b00e3c43054e2cbe36579c135f40158df669111898836061ce4a5baaf3ad8e89b3519834bd0dfb74eb94291cda5d387679e0e339a19b7ac3c3c9ab477928c495d47eae61261b8d3025a10be1e4a95922" | 2026-01-01 13:52:04+00 |         848 |      9848 | success
 199691 |  19201 | last=1h service=fixture-26 message="row-99846 key-19201 marker_common_192 payload-dcb057974d02eee23d8a77593300e8bfe5f5f80e6549208494f69cedd7d719d3929cc9d203f5cde6921a07e4b4b417cc7b8c00fafff553d29b4cad88e3e5b55a71a51c96c1ada82a8d9e3cb1bf98180ef1247623bc01faf9aeda00b54a376e60f4add7aecef44e794c4ebdbd3dbd1b41" | 2026-01-01 13:52:03+00 |         846 |      9846 | success
 199687 |  19201 | last=1h service=fixture-24 message="row-99844 key-19201 marker_common_192 payload-39af1bb6a5165835b45122a1787e2c1e8e88cfeaa0d5beebdfd4245c2aaa3130b1daa540a3b8ea94deaf397b04ae404afc216e9bfb4a9342d3eed17736ad130c731676e7476b7d335e89415e1bc18ec9c327dc3452835ff092ecab890b279dba1619ffa8cfb23f34c67db33b8520ece0" | 2026-01-01 13:52:02+00 |         844 |      9844 | success
 199683 |  19201 | last=1h service=fixture-22 message="row-99842 key-19201 marker_common_192 payload-682672decb98e4ec28acfc20077100484298713e10e5e01ec9e9e731aff85749c2256b554e5bb758a5995b3db1e289b2423cc7a9c93f20cb73d92c6128c2f351be09cb1475b52565a078d6c80cbfda765e54b9791266e42850fdd6016bde355387f3d257e457bd593e95e921a63c4425" | 2026-01-01 13:52:01+00 |         842 |      9842 | success
 199679 |  19201 | last=1h service=fixture-20 message="row-99840 key-19201 marker_common_192 payload-e8ab0a8fa591819f4b8c6708b89ca56dc0925cc594d60eb8963de301abd4344a1d446dd05a3daa10b6b2d93d54a187c7eae4d4142dc37e38262371a326e1ad672d2e639b42fc1ffe5185117a341ee3ce82542b436b357a99d94f50ca66c9df4a8871b0299be59f227130e657714246c7" | 2026-01-01 13:52:00+00 |         840 |      9840 | success
 199675 |  19201 | last=1h service=fixture-18 message="row-99838 key-19201 marker_common_192 payload-2fdae0270b570e922d84a267bf69f65cc47292afac50a460a783e1b5ace3ed386c3cdecebe568a4f10e944d094a6f18d67e9305457d9cb59829c9656c2cf1ef78614d681efdb1c2ddfa5f475a7b9a40eeb426a5c7936889da81f52801aa5727552241818fc15a4b1c21d13f622a4ead7" | 2026-01-01 13:51:59+00 |         838 |      9838 | success
 199671 |  19201 | last=1h service=fixture-16 message="row-99836 key-19201 marker_common_192 payload-4b0b5b4a2116c7e0193a641d4471a856c34f3238caeef64080af50a95b3c0e1d74d124edd212e28e36041008aa7325b906373739231032808f8374873b36e3dbe583d0a5f8adf1213f0ca8a1385b1fe3c749833e16c1948504733cd45a4105377f5935a72acf039cd357d16dd4346130" | 2026-01-01 13:51:58+00 |         836 |      9836 | success
 199667 |  19201 | last=1h service=fixture-14 message="row-99834 key-19201 marker_common_192 payload-9c648ffdd245f3400f6ac0bcb780d4df6edf0f9ed8f57c8350304f15c24d5f68ebb3daab07b23a62f58833a789ede99a2405f605418bbf73c8845e5e6201ac651deecd9605fefb871fa553a6c434b201e9b832a744857c752012211a5b086b98149ad31344910d86d10dcc3ed3061914" | 2026-01-01 13:51:57+00 |         834 |      9834 | success
 199663 |  19201 | last=1h service=fixture-12 message="row-99832 key-19201 marker_common_192 payload-10c3b455d0088f27dde575f9017c88de219f564117bcf4853b74259a3dcceb6838b22e39cb76925e6099fb87661e00796ffb1a0f2370f09ffd6479b17386c539f4b41a6c03376c1418d4aef365a1be81316dd6705d431960c664b99a7c818b14f93032c3ad0b8a6edda9e4d86526173c" | 2026-01-01 13:51:56+00 |         832 |      9832 | success
 199659 |  19201 | last=1h service=fixture-10 message="row-99830 key-19201 marker_common_192 payload-2c261a2de4f0bf0714dc11873204f38c7844b3e390c9f92e16fb2ba8d22e9b6480f19272287ddf93601a72a93283f44f018235b093eb5130e557d5ccdf9ba67138b0bba73fd3a6ce30fd86fbeba716eb81e727bcd73000aa420a3a72d636eac8af3c477c53d7b1d6137ff9011397e142" | 2026-01-01 13:51:55+00 |         830 |      9830 | success
 199655 |  19201 | last=1h service=fixture-8 message="row-99828 key-19201 marker_common_192 payload-a8d37f28474bec0ddb05829b7ea90d424d964fc978f763c329b2fef2ddbb130b4afe0b7e96d537b8c4f486caff0e5921cd09d122b7cc049f9e7cdae66bf74ca09bf65515b1c64998404b793656ba5fcbe75b2375944d18b092f5a748a9ff186ce1ec064274432f11d2cb2914fd381bf2"  | 2026-01-01 13:51:54+00 |         828 |      9828 | success
 199651 |  19201 | last=1h service=fixture-6 message="row-99826 key-19201 marker_common_192 payload-db23451a68dfc8d66e0f2c03ea7bbee7ada4d4bcde3aa964f6573c4ac9bb4356d139c0873670cbabe4fa8578502040f72632d77f4ae7786035087f49fc9c8308cce1db0b5261f37da45c741499bfbe052ca805989952fe1de16e0c85335361b44fb0ca40fd740beaa368528cb061a0d3"  | 2026-01-01 13:51:53+00 |         826 |      9826 | success
 199647 |  19201 | last=1h service=fixture-4 message="row-99824 key-19201 marker_common_192 payload-6edbfff650c552e5e50ebbaba9520881d0537dac39657a0bf21938d0d6232ae89f043a6bbd420edbe726b6abf91f4a13839baf41e12b9d4814b1b240cbdae8a30fbab739dbaaf4eb768dc735bc2b7359942da44b73841aaf77fee5dff5e87404c30d2eca8f01c7561aa8ae9d9c86d8bc"  | 2026-01-01 13:51:52+00 |         824 |      9824 | success
 199643 |  19201 | last=1h service=fixture-2 message="row-99822 key-19201 marker_common_192 payload-e3fa53c63f0f9cb4e70d39b22148c4f8026764605a84193b885087b33eab6cc6430b59fce1be1833fce466f19b8de6a0fc0d05e4f1593c4a6fcd3da43a84070bcd0b38a96c83ffeb96deda5d42858ee02d8a2756b496b52739ca79ec668eb90252ab37cca227be727ba2908e4e370d16"  | 2026-01-01 13:51:51+00 |         822 |      9822 | success
 199639 |  19201 | last=1h service=fixture-0 message="row-99820 key-19201 marker_common_192 payload-63853bd48b65faffc6be097b78d77cc084b20e53434f36744e703cf233f2bf6d97f8cbb013fdbce6695b7aeaaf57e53dc58cfcb6cfe44bd42d7d3340fcfa56c265e036ca0077a469e652b52f99c2a2fd1fdd98eb193bd6eda2a4ec84f23c0c42968ef41b4e820b70b4f3de01882f4329"  | 2026-01-01 13:51:50+00 |         820 |      9820 | success
 199635 |  19201 | last=1h service=fixture-29 message="row-99818 key-19201 marker_common_192 payload-5f1704847ccbb00005643fed7d275fc07a9f5e0e2f811cf222cb2bab3542faeaf0c9a67ada3f7002886c96173f845f641eebf8cc95a61b9cfa16ff830f53b0000f1e971fd4fa661f228944bcaad3f4c98a111a37c861270f6594a20be6977c9dfd65de0a65dcc3a960cced348a1afe1c" | 2026-01-01 13:51:49+00 |         818 |      9818 | success
 199631 |  19201 | last=1h service=fixture-27 message="row-99816 key-19201 marker_common_192 payload-7f398b96637d35be0e91ee453849528e2b9aaf11dd103342ee6700b4fc1446d90f1467f4245f374a94cd8a7196456b286747018c661684d6e22e96cc92fb22608cf10ae5aa3be07735bdf67fdbb01e93fc2586fbbd1c093b2993989b79e8da00d983c90dd08d72e33d01574374483ab7" | 2026-01-01 13:51:48+00 |         816 |      9816 | success
 199627 |  19201 | last=1h service=fixture-25 message="row-99814 key-19201 marker_common_192 payload-d4fbf8b3b7976d9d3dee366d49a5bb62ccfa152d87dbcd286aa80cf34c3a8aa9fa928d62cb27a8b336de4b29d19de0777a81016696eba99b5021d5a4c9b06b4a4d6722da84668a7099fae17755146c54d6817ff50e2dc9c19f138034dd9f413512773a4c4fa97a20894aa80580db5f6f" | 2026-01-01 13:51:47+00 |         814 |      9814 | success
 199623 |  19201 | last=1h service=fixture-23 message="row-99812 key-19201 marker_common_192 payload-21b3d813e68240d13435a9d33a7b1275c23c53d04c5aa10dbd1c05b906dd8930bd2c6294902cacab97e7244db548141e370db948e2172cdee9eea38d6ad9648dedfbda4eba8a292adb47bf009e378e455024fe1144cfbdc99b5305f42ff59bc559b3830606860e447caee64a893ae5f0" | 2026-01-01 13:51:46+00 |         812 |      9812 | success
 199619 |  19201 | last=1h service=fixture-21 message="row-99810 key-19201 marker_common_192 payload-e63e381fb40ccab930b04dad88b5c671a1f5f82d5021db0b0e21cbbc9b12874274958c9881fb395ffa0d394ac1d1373692021124eaedf66b784a65e29a91e41f926734d7a57d45a3a3308c4b2c0a4504657f841e56cc0cad33c57b3f0f460c64dff90dfc3bd6e89dd4d112412c5265c1" | 2026-01-01 13:51:45+00 |         810 |      9810 | success
 199615 |  19201 | last=1h service=fixture-19 message="row-99808 key-19201 marker_common_192 payload-b5c531320ab113d1f575517be92c567a9c32140250b5c9bc9f2d4575be216e4c4dd08b40600b871b26bb76c5f10ed83c8cb6171035b3b18acdab7675b6f5f60c3a93bba5e4c8262eda9c2fa812edd1ee624b7ed91520936e82286edacead59cfd8c5d857d5529304e31061a8a151c255" | 2026-01-01 13:51:44+00 |         808 |      9808 | success
 199611 |  19201 | last=1h service=fixture-17 message="row-99806 key-19201 marker_common_192 payload-e5f58b748f4c6d576201e9aa51dd7ffa542a58d19b285795c57d03f417511fafc95b46026dc428f2ad3bb0199ed15804579efb7fd4bc6f42cef90c78457f9bafa29cf4e39a91c77d3d684c9194364f973f9f675f3e518c933152a96472bf03f1704a281406b7f0e68b812f0fc2e066e4" | 2026-01-01 13:51:43+00 |         806 |      9806 | success
 199607 |  19201 | last=1h service=fixture-15 message="row-99804 key-19201 marker_common_192 payload-9c96e1f92d6a4f84bfbb8f88e95527aa28dfe7e70f2f99241ade8b8f4ca87fa60297c40a7e9f7978ed106f9bae1bb3c3e636646ac3f51f6d7acff220e415ef353ac7b944cefe80863507f1e3d1546602105aa3cb8fb83535d3fe8be2ba9b36296c1c24589ed617a21d9bcaa70bd143a0" | 2026-01-01 13:51:42+00 |         804 |      9804 | success
 199603 |  19201 | last=1h service=fixture-13 message="row-99802 key-19201 marker_common_192 payload-41136cfa5c232e9fbe5a38ed6834e538f0ed142962758af58c4f70220eb885a6d00209992891965704f82454c98bdfb1f876badc4ccb4f2cb7829b6c2301237fb0dd2cdb2158ea6484f31debe000351146ea898c3d0b59ea2c675991d844aba63792502508f0ac9c8d82679fa0c9e2f3" | 2026-01-01 13:51:41+00 |         802 |      9802 | success
(50 rows)

Time: 0.433 ms
COMMIT
Time: 0.058 ms
SAMPLE 2
BEGIN
Time: 0.036 ms
SET
Time: 0.038 ms
 count 
-------
 50000
(1 row)

Time: 47.830 ms
   id   | key_id |                                                                                                                                                        query                                                                                                                                                        |      executed_at       | duration_ms | row_count | status  
--------+--------+---------------------------------------------------------------------------------------------------------------------------------------------------------------------------------------------------------------------------------------------------------------------------------------------------------------------+------------------------+-------------+-----------+---------
 199799 |  19201 | last=1h service=fixture-18 message="row-99900 key-19201 marker_common_192 payload-747eb715c540ff320bd37279e51aa0476bed33fbb83deae9e9a658df24535ac182d6ec4b8e219feb21b6a7bfd4cdf2412df6eb66843afe833772565b7436f5deb01bc72072a4eb8c9a09549604329c7787159786733efc68ffce721b25ca03c4f185e3d6b753a5e0381241940e70347f" | 2026-01-01 13:52:30+00 |         900 |      9900 | success
 199795 |  19201 | last=1h service=fixture-16 message="row-99898 key-19201 marker_common_192 payload-ccf2fa819e3d0504b61233ae85c0769cd391ab6c2e90b068f74178f473469bd8ffc5159432196b773e031075c9ea4e0ef9f2468dcf2dd2620e1b3933fde278d83b8c8c67022e881f64a905090d1febc9c27b1f282fae8bfd82658db8e488128247981cf791626a630a94138153fde8a1" | 2026-01-01 13:52:29+00 |         898 |      9898 | success
 199791 |  19201 | last=1h service=fixture-14 message="row-99896 key-19201 marker_common_192 payload-f0e235ee11b5b62739b22dc58d48a8353e8637103eac63e83507f0a0d21716fadea0852e7356df472d4564d572ddfdbe7aff9b3f4890b80bcccd2fead08e64588ac38338ed7c93d09558296e22a5505aab31585ff5d4597849c4e345883cadd38760709a76ef41974acee8a8bb4f08fe" | 2026-01-01 13:52:28+00 |         896 |      9896 | success
 199787 |  19201 | last=1h service=fixture-12 message="row-99894 key-19201 marker_common_192 payload-663fb010a47f53f1c7b9b43498fee99e563e26d69c19438c74b96e56d47c52007ea3f5e31f9086d21d573698fb1307a59295eae91ea726e6cf1e5e27d552f57c0a386b515168941b436736723eb95181b97d6626c2aa209b5e1530102c558524130e5952d58aadc3a45e14723fc3fdca" | 2026-01-01 13:52:27+00 |         894 |      9894 | success
 199783 |  19201 | last=1h service=fixture-10 message="row-99892 key-19201 marker_common_192 payload-571cf5750996590b151c163577dc86293c01013a3cb0399e13af8dc439bcc90fc2b0d02f6ee10b95b4abad5b2f5d4983c4b1ffbe3c263d24b4305c5b04a18b6b9a7677c383f1ea4965f1506012c8dc7df2fbeb50da189644dee87a46154ebf8d024ee8af5aba1512c938becbc1eef4be" | 2026-01-01 13:52:26+00 |         892 |      9892 | success
 199779 |  19201 | last=1h service=fixture-8 message="row-99890 key-19201 marker_common_192 payload-627eeae2840ee39e98d05fc293f72f8e1c9aabbc9f43faa84725f8baf3ceb52a853306f7e879b45a14ee04a57425dc90c84031898bb6bbefa3a0337007e198164bcb464e70371334ed1ebcbafb4a329fa35ec96b7aaa01bab65c39dd26254552b632a95df92016afbd0ce33d5312d111"  | 2026-01-01 13:52:25+00 |         890 |      9890 | success
 199775 |  19201 | last=1h service=fixture-6 message="row-99888 key-19201 marker_common_192 payload-12c654f4a05be096527bf6f5555f591f558266d826b729b24734b2036e68782890e7045f4c926a18d01bc51907c02c2d8308a3bd5915668e7e1f28ebc1b68c8fda99afbe211b8f5dd62f7e43d4057c3ea60dbd83f83a0678a30cbded108fc88843b2898da3c6f4b87ba6768f3b4f6b9b"  | 2026-01-01 13:52:24+00 |         888 |      9888 | success
 199771 |  19201 | last=1h service=fixture-4 message="row-99886 key-19201 marker_common_192 payload-ab095ae8246c3baba4d097b766a8a174b471a538583f30ed38183bab38b8903e6fdea31fb1c7b2b78e079caf51decfe5e07d9cd70fce1e0de1aee327b2363496ae816ba8d3839abf0dddd208fda07a769708ce996e00028bd95062ef75fe06b0ceddfa1b587d01f1bec04bc8dc7f7818"  | 2026-01-01 13:52:23+00 |         886 |      9886 | success
 199767 |  19201 | last=1h service=fixture-2 message="row-99884 key-19201 marker_common_192 payload-0930c27e5e6cdf6e31dac4ab01449378daa5a050ad3898966b8420fb98b386af4f60b0eaeaa1e37b49e60a38c304b41b2cfb1a976b6c9ecc9b2d905ced123cf8f12ae014f46a6d334bb591a184cb59b11add31015a863ebda2178881111212e312b42fbe8c9f04f8977cc698cd7fff22"  | 2026-01-01 13:52:22+00 |         884 |      9884 | success
 199763 |  19201 | last=1h service=fixture-0 message="row-99882 key-19201 marker_common_192 payload-ad2667c5584247eda547ffb2ff64e71dfae0dce52fbf2af7bce0e17b9b945f53b89212f1db53d88795529222b2c7bc9dc6affb6b914b9ed9a5b27090b08cb4d0ba2d8eba2095821c895247e10fd0379151ca69c120cc2d06bd95f9eb2ce3d5b5c5a5d24a05e6883952ac57d20809ac4a"  | 2026-01-01 13:52:21+00 |         882 |      9882 | success
 199759 |  19201 | last=1h service=fixture-29 message="row-99880 key-19201 marker_common_192 payload-73af17df132f13dbdc2a778f69522f743be4eebf9e814b2c6ffe886dc18a86dcf8f94691feb603099e45a41deb1afeb91fdc273234e9190d067e533027c1922819c11015790332774ea7ea1600e0222cb1db778178b7545488f0dcc8371c204151dd4e1710a874769d3b868c4e1553e9" | 2026-01-01 13:52:20+00 |         880 |      9880 | success
 199755 |  19201 | last=1h service=fixture-27 message="row-99878 key-19201 marker_common_192 payload-8fe612206616dbf8091743e85204e4cfcf267775e775456d31fed64b9fe75b174cf43579627a61a31b58e68beed68f26a49e1858248b29d1d92f4414ca081c40c9065a8f12f878f4f27e46bc2c89a219fdf33befab6558b4bc4bf11940de1956a0e849da8c1648e23edbd647aeef993d" | 2026-01-01 13:52:19+00 |         878 |      9878 | success
 199751 |  19201 | last=1h service=fixture-25 message="row-99876 key-19201 marker_common_192 payload-722992307738b0cdf60f8fa7b28e3022716709c74bbcedcc53e6ed88bdae34d8fdfa3286c21ded91ea0ee22a4e73407c979f0a4fb15cd525e7e323caefc1cb6314580c3d5238fb3ee0db7818eb281ff8f5ce12e4959322d1729dc22b0357db699f914e177d2d8e686d852b2896f23287" | 2026-01-01 13:52:18+00 |         876 |      9876 | success
 199747 |  19201 | last=1h service=fixture-23 message="row-99874 key-19201 marker_common_192 payload-90e024f17a094c16221ac03abf4e76b40589741593189360e62406927a92f744c101c186a253594e21b64893ea33a7423c600fb7528da02ed24e5ffc55976180c5cae4a426db995e4e2dd5e08d597b382fdc79711287bf0bd17fe5f179d62197654924bf3bb2fa78297f25bf99cb4fd7" | 2026-01-01 13:52:17+00 |         874 |      9874 | success
 199743 |  19201 | last=1h service=fixture-21 message="row-99872 key-19201 marker_common_192 payload-324f727e74386b239ded0079c96d68f822ed7798e5d15685c13f0f2de3cd105bccf313383bf788c38c1a5493762d17e68fd22942964086c4335cd53e89b798ea70065577987ffe12fe086ff34d659dfec9c4625f595fc2901924a8de5a3da294198e4b733dcd312836a127b2215c24a9" | 2026-01-01 13:52:16+00 |         872 |      9872 | success
 199739 |  19201 | last=1h service=fixture-19 message="row-99870 key-19201 marker_common_192 payload-11b26b08363fe8538fa196128a46c283b3b39a684c203c43b77e76f0d96e7b5e29f6bb49b1d6814fa379e1234aa9943cd1c7de89c900949418cd50c3d87c00d060a23b6e3d270ba30f0e7c61f557cb7e0525c1eb8a4061a12a86329875c37b0f9c343e78b45c7a69fb50c3c91a72eb61" | 2026-01-01 13:52:15+00 |         870 |      9870 | success
 199735 |  19201 | last=1h service=fixture-17 message="row-99868 key-19201 marker_common_192 payload-b3c7eafb8850597882e48269223fbd532caa4420eb37eb16fea5b2bfca168335f653357e23e8017295ff2e821bdacbf5d6f145dbf20e8c57053a3f1dbff321c4fd84e2419a7f3f8e067ae3aa455d6333b2b2892905dbbe3ce0f67e0fd6722c41d3c4b50da0d0f0a7528a4ec0940be3bc" | 2026-01-01 13:52:14+00 |         868 |      9868 | success
 199731 |  19201 | last=1h service=fixture-15 message="row-99866 key-19201 marker_common_192 payload-b6c8143d9a13ea99e43972329d92fe6063cba54c49b062c50ed7bf97090323134bfba144c71b673bc3f4a771216b9a83711412aaa05cb93f09a3528333caf99fd441618dd2b0f8f62f9d9a869abd54cd609bf040c4ae66004951109cc555610d35eb71a308ae6bc56632a96a30534f7d" | 2026-01-01 13:52:13+00 |         866 |      9866 | success
 199727 |  19201 | last=1h service=fixture-13 message="row-99864 key-19201 marker_common_192 payload-663e274e15ae2ef39bebd565dc9f8ffb428e0126e7f92dc72f7f0ee0186f26a3c549c814c7d340505961f08ba30bb1ebca8f406976a0014c191760ed345bbc89f3ed3401df3603d4013cd2d2e201ab6f72a93b2d83621cb674467ac479ad7aa087e0f6102f84bf30dc4e6265344cd60f" | 2026-01-01 13:52:12+00 |         864 |      9864 | success
 199723 |  19201 | last=1h service=fixture-11 message="row-99862 key-19201 marker_common_192 payload-b48b857fe1e8c3519ffb6b578ec7776de1fb8346c3b5f18c32bb0373bf0d38b084451f7406025214d7848a6c3642d36a75de6f89f5fd9be0fcc8550566c1dc6207188701a9d26d5205f3baf55e172d9cc546fa2c713fdb984eb9529da2ecbabe4d0b7e2401340294696d04b705d9690f" | 2026-01-01 13:52:11+00 |         862 |      9862 | success
 199719 |  19201 | last=1h service=fixture-9 message="row-99860 key-19201 marker_common_192 payload-325839fd6293e8d157790e73cc95028e77dcbf1b0966ef03adb1a7c17930fb34579b97f72c181c5238a617186d512c3e1ccc30c70298cba6c5b8cdc2b51e0b5eb0defa1bed57756a6375dcf6fa9a53e6af3b0a69f439dcd55150b70e3ad64d904d25a478db7ec7fff85585bab042cf8d"  | 2026-01-01 13:52:10+00 |         860 |      9860 | success
 199715 |  19201 | last=1h service=fixture-7 message="row-99858 key-19201 marker_common_192 payload-e76a7f8dc7723263017da86c99cb4a90b52d132f1a353341b945616e900eb9261084bf2cb01f3b9c3ef3efd0d975a19a5e07521033cd3a8584b54cc19b33a5d9b18b7bb10bf04743d79a8615334be06d183a26f79b4e90e3a82a59a210b1ed4faeb2e42b7e5dc100ae9ddfb0cadef321"  | 2026-01-01 13:52:09+00 |         858 |      9858 | success
 199711 |  19201 | last=1h service=fixture-5 message="row-99856 key-19201 marker_common_192 payload-bbcf43830ec32d1e8557db2cdb0f631c8303179c03d0be296ef5da974f6686c43e3f69a2d7d615fc83b6a488579f09f8ef97e6871bac5f08d9df864adb7ef0eba0c2abdec9bbc82eae25edb21851d5f54b93f35e79864048202d356f270857200d720132fbea3ef29edbd9b0f2d8a194"  | 2026-01-01 13:52:08+00 |         856 |      9856 | success
 199707 |  19201 | last=1h service=fixture-3 message="row-99854 key-19201 marker_common_192 payload-765e43a877c7ec8dcdb4bd5517e837a938f2092e4f80e02fcfa02a1acc87abdbfae4d2fbf4f5b641d711130e35a388c2815e320a6ec8a1105531fd525d65141604257cd2f76a5e4bb17cc8c61726df16139584045093dd5811a8a8ab8d5886dd4119ffce956fa419aa8af0ab68d943f5"  | 2026-01-01 13:52:07+00 |         854 |      9854 | success
 199703 |  19201 | last=1h service=fixture-1 message="row-99852 key-19201 marker_common_192 payload-5e831bbff497b463fbc0fc5d884fd62b2a05fc5afe8f1542afa72a4ba0933cd415993b25696f3c191ac6116a60c3bdad7428fafbecac754e9fe43de980abf8b2399c5244f3ff6a372455205af03bd1a1b1d968c303432868f20368430ea31c76be5448dc1cf69a501b709e86c942b99e"  | 2026-01-01 13:52:06+00 |         852 |      9852 | success
 199699 |  19201 | last=1h service=fixture-30 message="row-99850 key-19201 marker_common_192 payload-476aafefa19b5914226fc2ab2da94aa751928c9691d4ab0df91c68ba53eb556be22832153f803b12a5220d0771c1f99dddd6da0e5a80249332c41d9f2610ae33c7052b186718805447ce861f87c4af8349aab1d67b5a2ecb60ef0fa1107db9d032483b253c469da6cf68f58798c30e4e" | 2026-01-01 13:52:05+00 |         850 |      9850 | success
 199695 |  19201 | last=1h service=fixture-28 message="row-99848 key-19201 marker_common_192 payload-da4e69515f00d135e25222a6471858dea210aae75ec62b14dc405b8ab4d014f1b00e3c43054e2cbe36579c135f40158df669111898836061ce4a5baaf3ad8e89b3519834bd0dfb74eb94291cda5d387679e0e339a19b7ac3c3c9ab477928c495d47eae61261b8d3025a10be1e4a95922" | 2026-01-01 13:52:04+00 |         848 |      9848 | success
 199691 |  19201 | last=1h service=fixture-26 message="row-99846 key-19201 marker_common_192 payload-dcb057974d02eee23d8a77593300e8bfe5f5f80e6549208494f69cedd7d719d3929cc9d203f5cde6921a07e4b4b417cc7b8c00fafff553d29b4cad88e3e5b55a71a51c96c1ada82a8d9e3cb1bf98180ef1247623bc01faf9aeda00b54a376e60f4add7aecef44e794c4ebdbd3dbd1b41" | 2026-01-01 13:52:03+00 |         846 |      9846 | success
 199687 |  19201 | last=1h service=fixture-24 message="row-99844 key-19201 marker_common_192 payload-39af1bb6a5165835b45122a1787e2c1e8e88cfeaa0d5beebdfd4245c2aaa3130b1daa540a3b8ea94deaf397b04ae404afc216e9bfb4a9342d3eed17736ad130c731676e7476b7d335e89415e1bc18ec9c327dc3452835ff092ecab890b279dba1619ffa8cfb23f34c67db33b8520ece0" | 2026-01-01 13:52:02+00 |         844 |      9844 | success
 199683 |  19201 | last=1h service=fixture-22 message="row-99842 key-19201 marker_common_192 payload-682672decb98e4ec28acfc20077100484298713e10e5e01ec9e9e731aff85749c2256b554e5bb758a5995b3db1e289b2423cc7a9c93f20cb73d92c6128c2f351be09cb1475b52565a078d6c80cbfda765e54b9791266e42850fdd6016bde355387f3d257e457bd593e95e921a63c4425" | 2026-01-01 13:52:01+00 |         842 |      9842 | success
 199679 |  19201 | last=1h service=fixture-20 message="row-99840 key-19201 marker_common_192 payload-e8ab0a8fa591819f4b8c6708b89ca56dc0925cc594d60eb8963de301abd4344a1d446dd05a3daa10b6b2d93d54a187c7eae4d4142dc37e38262371a326e1ad672d2e639b42fc1ffe5185117a341ee3ce82542b436b357a99d94f50ca66c9df4a8871b0299be59f227130e657714246c7" | 2026-01-01 13:52:00+00 |         840 |      9840 | success
 199675 |  19201 | last=1h service=fixture-18 message="row-99838 key-19201 marker_common_192 payload-2fdae0270b570e922d84a267bf69f65cc47292afac50a460a783e1b5ace3ed386c3cdecebe568a4f10e944d094a6f18d67e9305457d9cb59829c9656c2cf1ef78614d681efdb1c2ddfa5f475a7b9a40eeb426a5c7936889da81f52801aa5727552241818fc15a4b1c21d13f622a4ead7" | 2026-01-01 13:51:59+00 |         838 |      9838 | success
 199671 |  19201 | last=1h service=fixture-16 message="row-99836 key-19201 marker_common_192 payload-4b0b5b4a2116c7e0193a641d4471a856c34f3238caeef64080af50a95b3c0e1d74d124edd212e28e36041008aa7325b906373739231032808f8374873b36e3dbe583d0a5f8adf1213f0ca8a1385b1fe3c749833e16c1948504733cd45a4105377f5935a72acf039cd357d16dd4346130" | 2026-01-01 13:51:58+00 |         836 |      9836 | success
 199667 |  19201 | last=1h service=fixture-14 message="row-99834 key-19201 marker_common_192 payload-9c648ffdd245f3400f6ac0bcb780d4df6edf0f9ed8f57c8350304f15c24d5f68ebb3daab07b23a62f58833a789ede99a2405f605418bbf73c8845e5e6201ac651deecd9605fefb871fa553a6c434b201e9b832a744857c752012211a5b086b98149ad31344910d86d10dcc3ed3061914" | 2026-01-01 13:51:57+00 |         834 |      9834 | success
 199663 |  19201 | last=1h service=fixture-12 message="row-99832 key-19201 marker_common_192 payload-10c3b455d0088f27dde575f9017c88de219f564117bcf4853b74259a3dcceb6838b22e39cb76925e6099fb87661e00796ffb1a0f2370f09ffd6479b17386c539f4b41a6c03376c1418d4aef365a1be81316dd6705d431960c664b99a7c818b14f93032c3ad0b8a6edda9e4d86526173c" | 2026-01-01 13:51:56+00 |         832 |      9832 | success
 199659 |  19201 | last=1h service=fixture-10 message="row-99830 key-19201 marker_common_192 payload-2c261a2de4f0bf0714dc11873204f38c7844b3e390c9f92e16fb2ba8d22e9b6480f19272287ddf93601a72a93283f44f018235b093eb5130e557d5ccdf9ba67138b0bba73fd3a6ce30fd86fbeba716eb81e727bcd73000aa420a3a72d636eac8af3c477c53d7b1d6137ff9011397e142" | 2026-01-01 13:51:55+00 |         830 |      9830 | success
 199655 |  19201 | last=1h service=fixture-8 message="row-99828 key-19201 marker_common_192 payload-a8d37f28474bec0ddb05829b7ea90d424d964fc978f763c329b2fef2ddbb130b4afe0b7e96d537b8c4f486caff0e5921cd09d122b7cc049f9e7cdae66bf74ca09bf65515b1c64998404b793656ba5fcbe75b2375944d18b092f5a748a9ff186ce1ec064274432f11d2cb2914fd381bf2"  | 2026-01-01 13:51:54+00 |         828 |      9828 | success
 199651 |  19201 | last=1h service=fixture-6 message="row-99826 key-19201 marker_common_192 payload-db23451a68dfc8d66e0f2c03ea7bbee7ada4d4bcde3aa964f6573c4ac9bb4356d139c0873670cbabe4fa8578502040f72632d77f4ae7786035087f49fc9c8308cce1db0b5261f37da45c741499bfbe052ca805989952fe1de16e0c85335361b44fb0ca40fd740beaa368528cb061a0d3"  | 2026-01-01 13:51:53+00 |         826 |      9826 | success
 199647 |  19201 | last=1h service=fixture-4 message="row-99824 key-19201 marker_common_192 payload-6edbfff650c552e5e50ebbaba9520881d0537dac39657a0bf21938d0d6232ae89f043a6bbd420edbe726b6abf91f4a13839baf41e12b9d4814b1b240cbdae8a30fbab739dbaaf4eb768dc735bc2b7359942da44b73841aaf77fee5dff5e87404c30d2eca8f01c7561aa8ae9d9c86d8bc"  | 2026-01-01 13:51:52+00 |         824 |      9824 | success
 199643 |  19201 | last=1h service=fixture-2 message="row-99822 key-19201 marker_common_192 payload-e3fa53c63f0f9cb4e70d39b22148c4f8026764605a84193b885087b33eab6cc6430b59fce1be1833fce466f19b8de6a0fc0d05e4f1593c4a6fcd3da43a84070bcd0b38a96c83ffeb96deda5d42858ee02d8a2756b496b52739ca79ec668eb90252ab37cca227be727ba2908e4e370d16"  | 2026-01-01 13:51:51+00 |         822 |      9822 | success
 199639 |  19201 | last=1h service=fixture-0 message="row-99820 key-19201 marker_common_192 payload-63853bd48b65faffc6be097b78d77cc084b20e53434f36744e703cf233f2bf6d97f8cbb013fdbce6695b7aeaaf57e53dc58cfcb6cfe44bd42d7d3340fcfa56c265e036ca0077a469e652b52f99c2a2fd1fdd98eb193bd6eda2a4ec84f23c0c42968ef41b4e820b70b4f3de01882f4329"  | 2026-01-01 13:51:50+00 |         820 |      9820 | success
 199635 |  19201 | last=1h service=fixture-29 message="row-99818 key-19201 marker_common_192 payload-5f1704847ccbb00005643fed7d275fc07a9f5e0e2f811cf222cb2bab3542faeaf0c9a67ada3f7002886c96173f845f641eebf8cc95a61b9cfa16ff830f53b0000f1e971fd4fa661f228944bcaad3f4c98a111a37c861270f6594a20be6977c9dfd65de0a65dcc3a960cced348a1afe1c" | 2026-01-01 13:51:49+00 |         818 |      9818 | success
 199631 |  19201 | last=1h service=fixture-27 message="row-99816 key-19201 marker_common_192 payload-7f398b96637d35be0e91ee453849528e2b9aaf11dd103342ee6700b4fc1446d90f1467f4245f374a94cd8a7196456b286747018c661684d6e22e96cc92fb22608cf10ae5aa3be07735bdf67fdbb01e93fc2586fbbd1c093b2993989b79e8da00d983c90dd08d72e33d01574374483ab7" | 2026-01-01 13:51:48+00 |         816 |      9816 | success
 199627 |  19201 | last=1h service=fixture-25 message="row-99814 key-19201 marker_common_192 payload-d4fbf8b3b7976d9d3dee366d49a5bb62ccfa152d87dbcd286aa80cf34c3a8aa9fa928d62cb27a8b336de4b29d19de0777a81016696eba99b5021d5a4c9b06b4a4d6722da84668a7099fae17755146c54d6817ff50e2dc9c19f138034dd9f413512773a4c4fa97a20894aa80580db5f6f" | 2026-01-01 13:51:47+00 |         814 |      9814 | success
 199623 |  19201 | last=1h service=fixture-23 message="row-99812 key-19201 marker_common_192 payload-21b3d813e68240d13435a9d33a7b1275c23c53d04c5aa10dbd1c05b906dd8930bd2c6294902cacab97e7244db548141e370db948e2172cdee9eea38d6ad9648dedfbda4eba8a292adb47bf009e378e455024fe1144cfbdc99b5305f42ff59bc559b3830606860e447caee64a893ae5f0" | 2026-01-01 13:51:46+00 |         812 |      9812 | success
 199619 |  19201 | last=1h service=fixture-21 message="row-99810 key-19201 marker_common_192 payload-e63e381fb40ccab930b04dad88b5c671a1f5f82d5021db0b0e21cbbc9b12874274958c9881fb395ffa0d394ac1d1373692021124eaedf66b784a65e29a91e41f926734d7a57d45a3a3308c4b2c0a4504657f841e56cc0cad33c57b3f0f460c64dff90dfc3bd6e89dd4d112412c5265c1" | 2026-01-01 13:51:45+00 |         810 |      9810 | success
 199615 |  19201 | last=1h service=fixture-19 message="row-99808 key-19201 marker_common_192 payload-b5c531320ab113d1f575517be92c567a9c32140250b5c9bc9f2d4575be216e4c4dd08b40600b871b26bb76c5f10ed83c8cb6171035b3b18acdab7675b6f5f60c3a93bba5e4c8262eda9c2fa812edd1ee624b7ed91520936e82286edacead59cfd8c5d857d5529304e31061a8a151c255" | 2026-01-01 13:51:44+00 |         808 |      9808 | success
 199611 |  19201 | last=1h service=fixture-17 message="row-99806 key-19201 marker_common_192 payload-e5f58b748f4c6d576201e9aa51dd7ffa542a58d19b285795c57d03f417511fafc95b46026dc428f2ad3bb0199ed15804579efb7fd4bc6f42cef90c78457f9bafa29cf4e39a91c77d3d684c9194364f973f9f675f3e518c933152a96472bf03f1704a281406b7f0e68b812f0fc2e066e4" | 2026-01-01 13:51:43+00 |         806 |      9806 | success
 199607 |  19201 | last=1h service=fixture-15 message="row-99804 key-19201 marker_common_192 payload-9c96e1f92d6a4f84bfbb8f88e95527aa28dfe7e70f2f99241ade8b8f4ca87fa60297c40a7e9f7978ed106f9bae1bb3c3e636646ac3f51f6d7acff220e415ef353ac7b944cefe80863507f1e3d1546602105aa3cb8fb83535d3fe8be2ba9b36296c1c24589ed617a21d9bcaa70bd143a0" | 2026-01-01 13:51:42+00 |         804 |      9804 | success
 199603 |  19201 | last=1h service=fixture-13 message="row-99802 key-19201 marker_common_192 payload-41136cfa5c232e9fbe5a38ed6834e538f0ed142962758af58c4f70220eb885a6d00209992891965704f82454c98bdfb1f876badc4ccb4f2cb7829b6c2301237fb0dd2cdb2158ea6484f31debe000351146ea898c3d0b59ea2c675991d844aba63792502508f0ac9c8d82679fa0c9e2f3" | 2026-01-01 13:51:41+00 |         802 |      9802 | success
(50 rows)

Time: 0.394 ms
COMMIT
Time: 0.057 ms
SAMPLE 3
BEGIN
Time: 0.038 ms
SET
Time: 0.038 ms
 count 
-------
 50000
(1 row)

Time: 47.142 ms
   id   | key_id |                                                                                                                                                        query                                                                                                                                                        |      executed_at       | duration_ms | row_count | status  
--------+--------+---------------------------------------------------------------------------------------------------------------------------------------------------------------------------------------------------------------------------------------------------------------------------------------------------------------------+------------------------+-------------+-----------+---------
 199799 |  19201 | last=1h service=fixture-18 message="row-99900 key-19201 marker_common_192 payload-747eb715c540ff320bd37279e51aa0476bed33fbb83deae9e9a658df24535ac182d6ec4b8e219feb21b6a7bfd4cdf2412df6eb66843afe833772565b7436f5deb01bc72072a4eb8c9a09549604329c7787159786733efc68ffce721b25ca03c4f185e3d6b753a5e0381241940e70347f" | 2026-01-01 13:52:30+00 |         900 |      9900 | success
 199795 |  19201 | last=1h service=fixture-16 message="row-99898 key-19201 marker_common_192 payload-ccf2fa819e3d0504b61233ae85c0769cd391ab6c2e90b068f74178f473469bd8ffc5159432196b773e031075c9ea4e0ef9f2468dcf2dd2620e1b3933fde278d83b8c8c67022e881f64a905090d1febc9c27b1f282fae8bfd82658db8e488128247981cf791626a630a94138153fde8a1" | 2026-01-01 13:52:29+00 |         898 |      9898 | success
 199791 |  19201 | last=1h service=fixture-14 message="row-99896 key-19201 marker_common_192 payload-f0e235ee11b5b62739b22dc58d48a8353e8637103eac63e83507f0a0d21716fadea0852e7356df472d4564d572ddfdbe7aff9b3f4890b80bcccd2fead08e64588ac38338ed7c93d09558296e22a5505aab31585ff5d4597849c4e345883cadd38760709a76ef41974acee8a8bb4f08fe" | 2026-01-01 13:52:28+00 |         896 |      9896 | success
 199787 |  19201 | last=1h service=fixture-12 message="row-99894 key-19201 marker_common_192 payload-663fb010a47f53f1c7b9b43498fee99e563e26d69c19438c74b96e56d47c52007ea3f5e31f9086d21d573698fb1307a59295eae91ea726e6cf1e5e27d552f57c0a386b515168941b436736723eb95181b97d6626c2aa209b5e1530102c558524130e5952d58aadc3a45e14723fc3fdca" | 2026-01-01 13:52:27+00 |         894 |      9894 | success
 199783 |  19201 | last=1h service=fixture-10 message="row-99892 key-19201 marker_common_192 payload-571cf5750996590b151c163577dc86293c01013a3cb0399e13af8dc439bcc90fc2b0d02f6ee10b95b4abad5b2f5d4983c4b1ffbe3c263d24b4305c5b04a18b6b9a7677c383f1ea4965f1506012c8dc7df2fbeb50da189644dee87a46154ebf8d024ee8af5aba1512c938becbc1eef4be" | 2026-01-01 13:52:26+00 |         892 |      9892 | success
 199779 |  19201 | last=1h service=fixture-8 message="row-99890 key-19201 marker_common_192 payload-627eeae2840ee39e98d05fc293f72f8e1c9aabbc9f43faa84725f8baf3ceb52a853306f7e879b45a14ee04a57425dc90c84031898bb6bbefa3a0337007e198164bcb464e70371334ed1ebcbafb4a329fa35ec96b7aaa01bab65c39dd26254552b632a95df92016afbd0ce33d5312d111"  | 2026-01-01 13:52:25+00 |         890 |      9890 | success
 199775 |  19201 | last=1h service=fixture-6 message="row-99888 key-19201 marker_common_192 payload-12c654f4a05be096527bf6f5555f591f558266d826b729b24734b2036e68782890e7045f4c926a18d01bc51907c02c2d8308a3bd5915668e7e1f28ebc1b68c8fda99afbe211b8f5dd62f7e43d4057c3ea60dbd83f83a0678a30cbded108fc88843b2898da3c6f4b87ba6768f3b4f6b9b"  | 2026-01-01 13:52:24+00 |         888 |      9888 | success
 199771 |  19201 | last=1h service=fixture-4 message="row-99886 key-19201 marker_common_192 payload-ab095ae8246c3baba4d097b766a8a174b471a538583f30ed38183bab38b8903e6fdea31fb1c7b2b78e079caf51decfe5e07d9cd70fce1e0de1aee327b2363496ae816ba8d3839abf0dddd208fda07a769708ce996e00028bd95062ef75fe06b0ceddfa1b587d01f1bec04bc8dc7f7818"  | 2026-01-01 13:52:23+00 |         886 |      9886 | success
 199767 |  19201 | last=1h service=fixture-2 message="row-99884 key-19201 marker_common_192 payload-0930c27e5e6cdf6e31dac4ab01449378daa5a050ad3898966b8420fb98b386af4f60b0eaeaa1e37b49e60a38c304b41b2cfb1a976b6c9ecc9b2d905ced123cf8f12ae014f46a6d334bb591a184cb59b11add31015a863ebda2178881111212e312b42fbe8c9f04f8977cc698cd7fff22"  | 2026-01-01 13:52:22+00 |         884 |      9884 | success
 199763 |  19201 | last=1h service=fixture-0 message="row-99882 key-19201 marker_common_192 payload-ad2667c5584247eda547ffb2ff64e71dfae0dce52fbf2af7bce0e17b9b945f53b89212f1db53d88795529222b2c7bc9dc6affb6b914b9ed9a5b27090b08cb4d0ba2d8eba2095821c895247e10fd0379151ca69c120cc2d06bd95f9eb2ce3d5b5c5a5d24a05e6883952ac57d20809ac4a"  | 2026-01-01 13:52:21+00 |         882 |      9882 | success
 199759 |  19201 | last=1h service=fixture-29 message="row-99880 key-19201 marker_common_192 payload-73af17df132f13dbdc2a778f69522f743be4eebf9e814b2c6ffe886dc18a86dcf8f94691feb603099e45a41deb1afeb91fdc273234e9190d067e533027c1922819c11015790332774ea7ea1600e0222cb1db778178b7545488f0dcc8371c204151dd4e1710a874769d3b868c4e1553e9" | 2026-01-01 13:52:20+00 |         880 |      9880 | success
 199755 |  19201 | last=1h service=fixture-27 message="row-99878 key-19201 marker_common_192 payload-8fe612206616dbf8091743e85204e4cfcf267775e775456d31fed64b9fe75b174cf43579627a61a31b58e68beed68f26a49e1858248b29d1d92f4414ca081c40c9065a8f12f878f4f27e46bc2c89a219fdf33befab6558b4bc4bf11940de1956a0e849da8c1648e23edbd647aeef993d" | 2026-01-01 13:52:19+00 |         878 |      9878 | success
 199751 |  19201 | last=1h service=fixture-25 message="row-99876 key-19201 marker_common_192 payload-722992307738b0cdf60f8fa7b28e3022716709c74bbcedcc53e6ed88bdae34d8fdfa3286c21ded91ea0ee22a4e73407c979f0a4fb15cd525e7e323caefc1cb6314580c3d5238fb3ee0db7818eb281ff8f5ce12e4959322d1729dc22b0357db699f914e177d2d8e686d852b2896f23287" | 2026-01-01 13:52:18+00 |         876 |      9876 | success
 199747 |  19201 | last=1h service=fixture-23 message="row-99874 key-19201 marker_common_192 payload-90e024f17a094c16221ac03abf4e76b40589741593189360e62406927a92f744c101c186a253594e21b64893ea33a7423c600fb7528da02ed24e5ffc55976180c5cae4a426db995e4e2dd5e08d597b382fdc79711287bf0bd17fe5f179d62197654924bf3bb2fa78297f25bf99cb4fd7" | 2026-01-01 13:52:17+00 |         874 |      9874 | success
 199743 |  19201 | last=1h service=fixture-21 message="row-99872 key-19201 marker_common_192 payload-324f727e74386b239ded0079c96d68f822ed7798e5d15685c13f0f2de3cd105bccf313383bf788c38c1a5493762d17e68fd22942964086c4335cd53e89b798ea70065577987ffe12fe086ff34d659dfec9c4625f595fc2901924a8de5a3da294198e4b733dcd312836a127b2215c24a9" | 2026-01-01 13:52:16+00 |         872 |      9872 | success
 199739 |  19201 | last=1h service=fixture-19 message="row-99870 key-19201 marker_common_192 payload-11b26b08363fe8538fa196128a46c283b3b39a684c203c43b77e76f0d96e7b5e29f6bb49b1d6814fa379e1234aa9943cd1c7de89c900949418cd50c3d87c00d060a23b6e3d270ba30f0e7c61f557cb7e0525c1eb8a4061a12a86329875c37b0f9c343e78b45c7a69fb50c3c91a72eb61" | 2026-01-01 13:52:15+00 |         870 |      9870 | success
 199735 |  19201 | last=1h service=fixture-17 message="row-99868 key-19201 marker_common_192 payload-b3c7eafb8850597882e48269223fbd532caa4420eb37eb16fea5b2bfca168335f653357e23e8017295ff2e821bdacbf5d6f145dbf20e8c57053a3f1dbff321c4fd84e2419a7f3f8e067ae3aa455d6333b2b2892905dbbe3ce0f67e0fd6722c41d3c4b50da0d0f0a7528a4ec0940be3bc" | 2026-01-01 13:52:14+00 |         868 |      9868 | success
 199731 |  19201 | last=1h service=fixture-15 message="row-99866 key-19201 marker_common_192 payload-b6c8143d9a13ea99e43972329d92fe6063cba54c49b062c50ed7bf97090323134bfba144c71b673bc3f4a771216b9a83711412aaa05cb93f09a3528333caf99fd441618dd2b0f8f62f9d9a869abd54cd609bf040c4ae66004951109cc555610d35eb71a308ae6bc56632a96a30534f7d" | 2026-01-01 13:52:13+00 |         866 |      9866 | success
 199727 |  19201 | last=1h service=fixture-13 message="row-99864 key-19201 marker_common_192 payload-663e274e15ae2ef39bebd565dc9f8ffb428e0126e7f92dc72f7f0ee0186f26a3c549c814c7d340505961f08ba30bb1ebca8f406976a0014c191760ed345bbc89f3ed3401df3603d4013cd2d2e201ab6f72a93b2d83621cb674467ac479ad7aa087e0f6102f84bf30dc4e6265344cd60f" | 2026-01-01 13:52:12+00 |         864 |      9864 | success
 199723 |  19201 | last=1h service=fixture-11 message="row-99862 key-19201 marker_common_192 payload-b48b857fe1e8c3519ffb6b578ec7776de1fb8346c3b5f18c32bb0373bf0d38b084451f7406025214d7848a6c3642d36a75de6f89f5fd9be0fcc8550566c1dc6207188701a9d26d5205f3baf55e172d9cc546fa2c713fdb984eb9529da2ecbabe4d0b7e2401340294696d04b705d9690f" | 2026-01-01 13:52:11+00 |         862 |      9862 | success
 199719 |  19201 | last=1h service=fixture-9 message="row-99860 key-19201 marker_common_192 payload-325839fd6293e8d157790e73cc95028e77dcbf1b0966ef03adb1a7c17930fb34579b97f72c181c5238a617186d512c3e1ccc30c70298cba6c5b8cdc2b51e0b5eb0defa1bed57756a6375dcf6fa9a53e6af3b0a69f439dcd55150b70e3ad64d904d25a478db7ec7fff85585bab042cf8d"  | 2026-01-01 13:52:10+00 |         860 |      9860 | success
 199715 |  19201 | last=1h service=fixture-7 message="row-99858 key-19201 marker_common_192 payload-e76a7f8dc7723263017da86c99cb4a90b52d132f1a353341b945616e900eb9261084bf2cb01f3b9c3ef3efd0d975a19a5e07521033cd3a8584b54cc19b33a5d9b18b7bb10bf04743d79a8615334be06d183a26f79b4e90e3a82a59a210b1ed4faeb2e42b7e5dc100ae9ddfb0cadef321"  | 2026-01-01 13:52:09+00 |         858 |      9858 | success
 199711 |  19201 | last=1h service=fixture-5 message="row-99856 key-19201 marker_common_192 payload-bbcf43830ec32d1e8557db2cdb0f631c8303179c03d0be296ef5da974f6686c43e3f69a2d7d615fc83b6a488579f09f8ef97e6871bac5f08d9df864adb7ef0eba0c2abdec9bbc82eae25edb21851d5f54b93f35e79864048202d356f270857200d720132fbea3ef29edbd9b0f2d8a194"  | 2026-01-01 13:52:08+00 |         856 |      9856 | success
 199707 |  19201 | last=1h service=fixture-3 message="row-99854 key-19201 marker_common_192 payload-765e43a877c7ec8dcdb4bd5517e837a938f2092e4f80e02fcfa02a1acc87abdbfae4d2fbf4f5b641d711130e35a388c2815e320a6ec8a1105531fd525d65141604257cd2f76a5e4bb17cc8c61726df16139584045093dd5811a8a8ab8d5886dd4119ffce956fa419aa8af0ab68d943f5"  | 2026-01-01 13:52:07+00 |         854 |      9854 | success
 199703 |  19201 | last=1h service=fixture-1 message="row-99852 key-19201 marker_common_192 payload-5e831bbff497b463fbc0fc5d884fd62b2a05fc5afe8f1542afa72a4ba0933cd415993b25696f3c191ac6116a60c3bdad7428fafbecac754e9fe43de980abf8b2399c5244f3ff6a372455205af03bd1a1b1d968c303432868f20368430ea31c76be5448dc1cf69a501b709e86c942b99e"  | 2026-01-01 13:52:06+00 |         852 |      9852 | success
 199699 |  19201 | last=1h service=fixture-30 message="row-99850 key-19201 marker_common_192 payload-476aafefa19b5914226fc2ab2da94aa751928c9691d4ab0df91c68ba53eb556be22832153f803b12a5220d0771c1f99dddd6da0e5a80249332c41d9f2610ae33c7052b186718805447ce861f87c4af8349aab1d67b5a2ecb60ef0fa1107db9d032483b253c469da6cf68f58798c30e4e" | 2026-01-01 13:52:05+00 |         850 |      9850 | success
 199695 |  19201 | last=1h service=fixture-28 message="row-99848 key-19201 marker_common_192 payload-da4e69515f00d135e25222a6471858dea210aae75ec62b14dc405b8ab4d014f1b00e3c43054e2cbe36579c135f40158df669111898836061ce4a5baaf3ad8e89b3519834bd0dfb74eb94291cda5d387679e0e339a19b7ac3c3c9ab477928c495d47eae61261b8d3025a10be1e4a95922" | 2026-01-01 13:52:04+00 |         848 |      9848 | success
 199691 |  19201 | last=1h service=fixture-26 message="row-99846 key-19201 marker_common_192 payload-dcb057974d02eee23d8a77593300e8bfe5f5f80e6549208494f69cedd7d719d3929cc9d203f5cde6921a07e4b4b417cc7b8c00fafff553d29b4cad88e3e5b55a71a51c96c1ada82a8d9e3cb1bf98180ef1247623bc01faf9aeda00b54a376e60f4add7aecef44e794c4ebdbd3dbd1b41" | 2026-01-01 13:52:03+00 |         846 |      9846 | success
 199687 |  19201 | last=1h service=fixture-24 message="row-99844 key-19201 marker_common_192 payload-39af1bb6a5165835b45122a1787e2c1e8e88cfeaa0d5beebdfd4245c2aaa3130b1daa540a3b8ea94deaf397b04ae404afc216e9bfb4a9342d3eed17736ad130c731676e7476b7d335e89415e1bc18ec9c327dc3452835ff092ecab890b279dba1619ffa8cfb23f34c67db33b8520ece0" | 2026-01-01 13:52:02+00 |         844 |      9844 | success
 199683 |  19201 | last=1h service=fixture-22 message="row-99842 key-19201 marker_common_192 payload-682672decb98e4ec28acfc20077100484298713e10e5e01ec9e9e731aff85749c2256b554e5bb758a5995b3db1e289b2423cc7a9c93f20cb73d92c6128c2f351be09cb1475b52565a078d6c80cbfda765e54b9791266e42850fdd6016bde355387f3d257e457bd593e95e921a63c4425" | 2026-01-01 13:52:01+00 |         842 |      9842 | success
 199679 |  19201 | last=1h service=fixture-20 message="row-99840 key-19201 marker_common_192 payload-e8ab0a8fa591819f4b8c6708b89ca56dc0925cc594d60eb8963de301abd4344a1d446dd05a3daa10b6b2d93d54a187c7eae4d4142dc37e38262371a326e1ad672d2e639b42fc1ffe5185117a341ee3ce82542b436b357a99d94f50ca66c9df4a8871b0299be59f227130e657714246c7" | 2026-01-01 13:52:00+00 |         840 |      9840 | success
 199675 |  19201 | last=1h service=fixture-18 message="row-99838 key-19201 marker_common_192 payload-2fdae0270b570e922d84a267bf69f65cc47292afac50a460a783e1b5ace3ed386c3cdecebe568a4f10e944d094a6f18d67e9305457d9cb59829c9656c2cf1ef78614d681efdb1c2ddfa5f475a7b9a40eeb426a5c7936889da81f52801aa5727552241818fc15a4b1c21d13f622a4ead7" | 2026-01-01 13:51:59+00 |         838 |      9838 | success
 199671 |  19201 | last=1h service=fixture-16 message="row-99836 key-19201 marker_common_192 payload-4b0b5b4a2116c7e0193a641d4471a856c34f3238caeef64080af50a95b3c0e1d74d124edd212e28e36041008aa7325b906373739231032808f8374873b36e3dbe583d0a5f8adf1213f0ca8a1385b1fe3c749833e16c1948504733cd45a4105377f5935a72acf039cd357d16dd4346130" | 2026-01-01 13:51:58+00 |         836 |      9836 | success
 199667 |  19201 | last=1h service=fixture-14 message="row-99834 key-19201 marker_common_192 payload-9c648ffdd245f3400f6ac0bcb780d4df6edf0f9ed8f57c8350304f15c24d5f68ebb3daab07b23a62f58833a789ede99a2405f605418bbf73c8845e5e6201ac651deecd9605fefb871fa553a6c434b201e9b832a744857c752012211a5b086b98149ad31344910d86d10dcc3ed3061914" | 2026-01-01 13:51:57+00 |         834 |      9834 | success
 199663 |  19201 | last=1h service=fixture-12 message="row-99832 key-19201 marker_common_192 payload-10c3b455d0088f27dde575f9017c88de219f564117bcf4853b74259a3dcceb6838b22e39cb76925e6099fb87661e00796ffb1a0f2370f09ffd6479b17386c539f4b41a6c03376c1418d4aef365a1be81316dd6705d431960c664b99a7c818b14f93032c3ad0b8a6edda9e4d86526173c" | 2026-01-01 13:51:56+00 |         832 |      9832 | success
 199659 |  19201 | last=1h service=fixture-10 message="row-99830 key-19201 marker_common_192 payload-2c261a2de4f0bf0714dc11873204f38c7844b3e390c9f92e16fb2ba8d22e9b6480f19272287ddf93601a72a93283f44f018235b093eb5130e557d5ccdf9ba67138b0bba73fd3a6ce30fd86fbeba716eb81e727bcd73000aa420a3a72d636eac8af3c477c53d7b1d6137ff9011397e142" | 2026-01-01 13:51:55+00 |         830 |      9830 | success
 199655 |  19201 | last=1h service=fixture-8 message="row-99828 key-19201 marker_common_192 payload-a8d37f28474bec0ddb05829b7ea90d424d964fc978f763c329b2fef2ddbb130b4afe0b7e96d537b8c4f486caff0e5921cd09d122b7cc049f9e7cdae66bf74ca09bf65515b1c64998404b793656ba5fcbe75b2375944d18b092f5a748a9ff186ce1ec064274432f11d2cb2914fd381bf2"  | 2026-01-01 13:51:54+00 |         828 |      9828 | success
 199651 |  19201 | last=1h service=fixture-6 message="row-99826 key-19201 marker_common_192 payload-db23451a68dfc8d66e0f2c03ea7bbee7ada4d4bcde3aa964f6573c4ac9bb4356d139c0873670cbabe4fa8578502040f72632d77f4ae7786035087f49fc9c8308cce1db0b5261f37da45c741499bfbe052ca805989952fe1de16e0c85335361b44fb0ca40fd740beaa368528cb061a0d3"  | 2026-01-01 13:51:53+00 |         826 |      9826 | success
 199647 |  19201 | last=1h service=fixture-4 message="row-99824 key-19201 marker_common_192 payload-6edbfff650c552e5e50ebbaba9520881d0537dac39657a0bf21938d0d6232ae89f043a6bbd420edbe726b6abf91f4a13839baf41e12b9d4814b1b240cbdae8a30fbab739dbaaf4eb768dc735bc2b7359942da44b73841aaf77fee5dff5e87404c30d2eca8f01c7561aa8ae9d9c86d8bc"  | 2026-01-01 13:51:52+00 |         824 |      9824 | success
 199643 |  19201 | last=1h service=fixture-2 message="row-99822 key-19201 marker_common_192 payload-e3fa53c63f0f9cb4e70d39b22148c4f8026764605a84193b885087b33eab6cc6430b59fce1be1833fce466f19b8de6a0fc0d05e4f1593c4a6fcd3da43a84070bcd0b38a96c83ffeb96deda5d42858ee02d8a2756b496b52739ca79ec668eb90252ab37cca227be727ba2908e4e370d16"  | 2026-01-01 13:51:51+00 |         822 |      9822 | success
 199639 |  19201 | last=1h service=fixture-0 message="row-99820 key-19201 marker_common_192 payload-63853bd48b65faffc6be097b78d77cc084b20e53434f36744e703cf233f2bf6d97f8cbb013fdbce6695b7aeaaf57e53dc58cfcb6cfe44bd42d7d3340fcfa56c265e036ca0077a469e652b52f99c2a2fd1fdd98eb193bd6eda2a4ec84f23c0c42968ef41b4e820b70b4f3de01882f4329"  | 2026-01-01 13:51:50+00 |         820 |      9820 | success
 199635 |  19201 | last=1h service=fixture-29 message="row-99818 key-19201 marker_common_192 payload-5f1704847ccbb00005643fed7d275fc07a9f5e0e2f811cf222cb2bab3542faeaf0c9a67ada3f7002886c96173f845f641eebf8cc95a61b9cfa16ff830f53b0000f1e971fd4fa661f228944bcaad3f4c98a111a37c861270f6594a20be6977c9dfd65de0a65dcc3a960cced348a1afe1c" | 2026-01-01 13:51:49+00 |         818 |      9818 | success
 199631 |  19201 | last=1h service=fixture-27 message="row-99816 key-19201 marker_common_192 payload-7f398b96637d35be0e91ee453849528e2b9aaf11dd103342ee6700b4fc1446d90f1467f4245f374a94cd8a7196456b286747018c661684d6e22e96cc92fb22608cf10ae5aa3be07735bdf67fdbb01e93fc2586fbbd1c093b2993989b79e8da00d983c90dd08d72e33d01574374483ab7" | 2026-01-01 13:51:48+00 |         816 |      9816 | success
 199627 |  19201 | last=1h service=fixture-25 message="row-99814 key-19201 marker_common_192 payload-d4fbf8b3b7976d9d3dee366d49a5bb62ccfa152d87dbcd286aa80cf34c3a8aa9fa928d62cb27a8b336de4b29d19de0777a81016696eba99b5021d5a4c9b06b4a4d6722da84668a7099fae17755146c54d6817ff50e2dc9c19f138034dd9f413512773a4c4fa97a20894aa80580db5f6f" | 2026-01-01 13:51:47+00 |         814 |      9814 | success
 199623 |  19201 | last=1h service=fixture-23 message="row-99812 key-19201 marker_common_192 payload-21b3d813e68240d13435a9d33a7b1275c23c53d04c5aa10dbd1c05b906dd8930bd2c6294902cacab97e7244db548141e370db948e2172cdee9eea38d6ad9648dedfbda4eba8a292adb47bf009e378e455024fe1144cfbdc99b5305f42ff59bc559b3830606860e447caee64a893ae5f0" | 2026-01-01 13:51:46+00 |         812 |      9812 | success
 199619 |  19201 | last=1h service=fixture-21 message="row-99810 key-19201 marker_common_192 payload-e63e381fb40ccab930b04dad88b5c671a1f5f82d5021db0b0e21cbbc9b12874274958c9881fb395ffa0d394ac1d1373692021124eaedf66b784a65e29a91e41f926734d7a57d45a3a3308c4b2c0a4504657f841e56cc0cad33c57b3f0f460c64dff90dfc3bd6e89dd4d112412c5265c1" | 2026-01-01 13:51:45+00 |         810 |      9810 | success
 199615 |  19201 | last=1h service=fixture-19 message="row-99808 key-19201 marker_common_192 payload-b5c531320ab113d1f575517be92c567a9c32140250b5c9bc9f2d4575be216e4c4dd08b40600b871b26bb76c5f10ed83c8cb6171035b3b18acdab7675b6f5f60c3a93bba5e4c8262eda9c2fa812edd1ee624b7ed91520936e82286edacead59cfd8c5d857d5529304e31061a8a151c255" | 2026-01-01 13:51:44+00 |         808 |      9808 | success
 199611 |  19201 | last=1h service=fixture-17 message="row-99806 key-19201 marker_common_192 payload-e5f58b748f4c6d576201e9aa51dd7ffa542a58d19b285795c57d03f417511fafc95b46026dc428f2ad3bb0199ed15804579efb7fd4bc6f42cef90c78457f9bafa29cf4e39a91c77d3d684c9194364f973f9f675f3e518c933152a96472bf03f1704a281406b7f0e68b812f0fc2e066e4" | 2026-01-01 13:51:43+00 |         806 |      9806 | success
 199607 |  19201 | last=1h service=fixture-15 message="row-99804 key-19201 marker_common_192 payload-9c96e1f92d6a4f84bfbb8f88e95527aa28dfe7e70f2f99241ade8b8f4ca87fa60297c40a7e9f7978ed106f9bae1bb3c3e636646ac3f51f6d7acff220e415ef353ac7b944cefe80863507f1e3d1546602105aa3cb8fb83535d3fe8be2ba9b36296c1c24589ed617a21d9bcaa70bd143a0" | 2026-01-01 13:51:42+00 |         804 |      9804 | success
 199603 |  19201 | last=1h service=fixture-13 message="row-99802 key-19201 marker_common_192 payload-41136cfa5c232e9fbe5a38ed6834e538f0ed142962758af58c4f70220eb885a6d00209992891965704f82454c98bdfb1f876badc4ccb4f2cb7829b6c2301237fb0dd2cdb2158ea6484f31debe000351146ea898c3d0b59ea2c675991d844aba63792502508f0ac9c8d82679fa0c9e2f3" | 2026-01-01 13:51:41+00 |         802 |      9802 | success
(50 rows)

Time: 0.437 ms
COMMIT
Time: 0.075 ms
SAMPLE 4
BEGIN
Time: 0.037 ms
SET
Time: 0.038 ms
 count 
-------
 50000
(1 row)

Time: 46.991 ms
   id   | key_id |                                                                                                                                                        query                                                                                                                                                        |      executed_at       | duration_ms | row_count | status  
--------+--------+---------------------------------------------------------------------------------------------------------------------------------------------------------------------------------------------------------------------------------------------------------------------------------------------------------------------+------------------------+-------------+-----------+---------
 199799 |  19201 | last=1h service=fixture-18 message="row-99900 key-19201 marker_common_192 payload-747eb715c540ff320bd37279e51aa0476bed33fbb83deae9e9a658df24535ac182d6ec4b8e219feb21b6a7bfd4cdf2412df6eb66843afe833772565b7436f5deb01bc72072a4eb8c9a09549604329c7787159786733efc68ffce721b25ca03c4f185e3d6b753a5e0381241940e70347f" | 2026-01-01 13:52:30+00 |         900 |      9900 | success
 199795 |  19201 | last=1h service=fixture-16 message="row-99898 key-19201 marker_common_192 payload-ccf2fa819e3d0504b61233ae85c0769cd391ab6c2e90b068f74178f473469bd8ffc5159432196b773e031075c9ea4e0ef9f2468dcf2dd2620e1b3933fde278d83b8c8c67022e881f64a905090d1febc9c27b1f282fae8bfd82658db8e488128247981cf791626a630a94138153fde8a1" | 2026-01-01 13:52:29+00 |         898 |      9898 | success
 199791 |  19201 | last=1h service=fixture-14 message="row-99896 key-19201 marker_common_192 payload-f0e235ee11b5b62739b22dc58d48a8353e8637103eac63e83507f0a0d21716fadea0852e7356df472d4564d572ddfdbe7aff9b3f4890b80bcccd2fead08e64588ac38338ed7c93d09558296e22a5505aab31585ff5d4597849c4e345883cadd38760709a76ef41974acee8a8bb4f08fe" | 2026-01-01 13:52:28+00 |         896 |      9896 | success
 199787 |  19201 | last=1h service=fixture-12 message="row-99894 key-19201 marker_common_192 payload-663fb010a47f53f1c7b9b43498fee99e563e26d69c19438c74b96e56d47c52007ea3f5e31f9086d21d573698fb1307a59295eae91ea726e6cf1e5e27d552f57c0a386b515168941b436736723eb95181b97d6626c2aa209b5e1530102c558524130e5952d58aadc3a45e14723fc3fdca" | 2026-01-01 13:52:27+00 |         894 |      9894 | success
 199783 |  19201 | last=1h service=fixture-10 message="row-99892 key-19201 marker_common_192 payload-571cf5750996590b151c163577dc86293c01013a3cb0399e13af8dc439bcc90fc2b0d02f6ee10b95b4abad5b2f5d4983c4b1ffbe3c263d24b4305c5b04a18b6b9a7677c383f1ea4965f1506012c8dc7df2fbeb50da189644dee87a46154ebf8d024ee8af5aba1512c938becbc1eef4be" | 2026-01-01 13:52:26+00 |         892 |      9892 | success
 199779 |  19201 | last=1h service=fixture-8 message="row-99890 key-19201 marker_common_192 payload-627eeae2840ee39e98d05fc293f72f8e1c9aabbc9f43faa84725f8baf3ceb52a853306f7e879b45a14ee04a57425dc90c84031898bb6bbefa3a0337007e198164bcb464e70371334ed1ebcbafb4a329fa35ec96b7aaa01bab65c39dd26254552b632a95df92016afbd0ce33d5312d111"  | 2026-01-01 13:52:25+00 |         890 |      9890 | success
 199775 |  19201 | last=1h service=fixture-6 message="row-99888 key-19201 marker_common_192 payload-12c654f4a05be096527bf6f5555f591f558266d826b729b24734b2036e68782890e7045f4c926a18d01bc51907c02c2d8308a3bd5915668e7e1f28ebc1b68c8fda99afbe211b8f5dd62f7e43d4057c3ea60dbd83f83a0678a30cbded108fc88843b2898da3c6f4b87ba6768f3b4f6b9b"  | 2026-01-01 13:52:24+00 |         888 |      9888 | success
 199771 |  19201 | last=1h service=fixture-4 message="row-99886 key-19201 marker_common_192 payload-ab095ae8246c3baba4d097b766a8a174b471a538583f30ed38183bab38b8903e6fdea31fb1c7b2b78e079caf51decfe5e07d9cd70fce1e0de1aee327b2363496ae816ba8d3839abf0dddd208fda07a769708ce996e00028bd95062ef75fe06b0ceddfa1b587d01f1bec04bc8dc7f7818"  | 2026-01-01 13:52:23+00 |         886 |      9886 | success
 199767 |  19201 | last=1h service=fixture-2 message="row-99884 key-19201 marker_common_192 payload-0930c27e5e6cdf6e31dac4ab01449378daa5a050ad3898966b8420fb98b386af4f60b0eaeaa1e37b49e60a38c304b41b2cfb1a976b6c9ecc9b2d905ced123cf8f12ae014f46a6d334bb591a184cb59b11add31015a863ebda2178881111212e312b42fbe8c9f04f8977cc698cd7fff22"  | 2026-01-01 13:52:22+00 |         884 |      9884 | success
 199763 |  19201 | last=1h service=fixture-0 message="row-99882 key-19201 marker_common_192 payload-ad2667c5584247eda547ffb2ff64e71dfae0dce52fbf2af7bce0e17b9b945f53b89212f1db53d88795529222b2c7bc9dc6affb6b914b9ed9a5b27090b08cb4d0ba2d8eba2095821c895247e10fd0379151ca69c120cc2d06bd95f9eb2ce3d5b5c5a5d24a05e6883952ac57d20809ac4a"  | 2026-01-01 13:52:21+00 |         882 |      9882 | success
 199759 |  19201 | last=1h service=fixture-29 message="row-99880 key-19201 marker_common_192 payload-73af17df132f13dbdc2a778f69522f743be4eebf9e814b2c6ffe886dc18a86dcf8f94691feb603099e45a41deb1afeb91fdc273234e9190d067e533027c1922819c11015790332774ea7ea1600e0222cb1db778178b7545488f0dcc8371c204151dd4e1710a874769d3b868c4e1553e9" | 2026-01-01 13:52:20+00 |         880 |      9880 | success
 199755 |  19201 | last=1h service=fixture-27 message="row-99878 key-19201 marker_common_192 payload-8fe612206616dbf8091743e85204e4cfcf267775e775456d31fed64b9fe75b174cf43579627a61a31b58e68beed68f26a49e1858248b29d1d92f4414ca081c40c9065a8f12f878f4f27e46bc2c89a219fdf33befab6558b4bc4bf11940de1956a0e849da8c1648e23edbd647aeef993d" | 2026-01-01 13:52:19+00 |         878 |      9878 | success
 199751 |  19201 | last=1h service=fixture-25 message="row-99876 key-19201 marker_common_192 payload-722992307738b0cdf60f8fa7b28e3022716709c74bbcedcc53e6ed88bdae34d8fdfa3286c21ded91ea0ee22a4e73407c979f0a4fb15cd525e7e323caefc1cb6314580c3d5238fb3ee0db7818eb281ff8f5ce12e4959322d1729dc22b0357db699f914e177d2d8e686d852b2896f23287" | 2026-01-01 13:52:18+00 |         876 |      9876 | success
 199747 |  19201 | last=1h service=fixture-23 message="row-99874 key-19201 marker_common_192 payload-90e024f17a094c16221ac03abf4e76b40589741593189360e62406927a92f744c101c186a253594e21b64893ea33a7423c600fb7528da02ed24e5ffc55976180c5cae4a426db995e4e2dd5e08d597b382fdc79711287bf0bd17fe5f179d62197654924bf3bb2fa78297f25bf99cb4fd7" | 2026-01-01 13:52:17+00 |         874 |      9874 | success
 199743 |  19201 | last=1h service=fixture-21 message="row-99872 key-19201 marker_common_192 payload-324f727e74386b239ded0079c96d68f822ed7798e5d15685c13f0f2de3cd105bccf313383bf788c38c1a5493762d17e68fd22942964086c4335cd53e89b798ea70065577987ffe12fe086ff34d659dfec9c4625f595fc2901924a8de5a3da294198e4b733dcd312836a127b2215c24a9" | 2026-01-01 13:52:16+00 |         872 |      9872 | success
 199739 |  19201 | last=1h service=fixture-19 message="row-99870 key-19201 marker_common_192 payload-11b26b08363fe8538fa196128a46c283b3b39a684c203c43b77e76f0d96e7b5e29f6bb49b1d6814fa379e1234aa9943cd1c7de89c900949418cd50c3d87c00d060a23b6e3d270ba30f0e7c61f557cb7e0525c1eb8a4061a12a86329875c37b0f9c343e78b45c7a69fb50c3c91a72eb61" | 2026-01-01 13:52:15+00 |         870 |      9870 | success
 199735 |  19201 | last=1h service=fixture-17 message="row-99868 key-19201 marker_common_192 payload-b3c7eafb8850597882e48269223fbd532caa4420eb37eb16fea5b2bfca168335f653357e23e8017295ff2e821bdacbf5d6f145dbf20e8c57053a3f1dbff321c4fd84e2419a7f3f8e067ae3aa455d6333b2b2892905dbbe3ce0f67e0fd6722c41d3c4b50da0d0f0a7528a4ec0940be3bc" | 2026-01-01 13:52:14+00 |         868 |      9868 | success
 199731 |  19201 | last=1h service=fixture-15 message="row-99866 key-19201 marker_common_192 payload-b6c8143d9a13ea99e43972329d92fe6063cba54c49b062c50ed7bf97090323134bfba144c71b673bc3f4a771216b9a83711412aaa05cb93f09a3528333caf99fd441618dd2b0f8f62f9d9a869abd54cd609bf040c4ae66004951109cc555610d35eb71a308ae6bc56632a96a30534f7d" | 2026-01-01 13:52:13+00 |         866 |      9866 | success
 199727 |  19201 | last=1h service=fixture-13 message="row-99864 key-19201 marker_common_192 payload-663e274e15ae2ef39bebd565dc9f8ffb428e0126e7f92dc72f7f0ee0186f26a3c549c814c7d340505961f08ba30bb1ebca8f406976a0014c191760ed345bbc89f3ed3401df3603d4013cd2d2e201ab6f72a93b2d83621cb674467ac479ad7aa087e0f6102f84bf30dc4e6265344cd60f" | 2026-01-01 13:52:12+00 |         864 |      9864 | success
 199723 |  19201 | last=1h service=fixture-11 message="row-99862 key-19201 marker_common_192 payload-b48b857fe1e8c3519ffb6b578ec7776de1fb8346c3b5f18c32bb0373bf0d38b084451f7406025214d7848a6c3642d36a75de6f89f5fd9be0fcc8550566c1dc6207188701a9d26d5205f3baf55e172d9cc546fa2c713fdb984eb9529da2ecbabe4d0b7e2401340294696d04b705d9690f" | 2026-01-01 13:52:11+00 |         862 |      9862 | success
 199719 |  19201 | last=1h service=fixture-9 message="row-99860 key-19201 marker_common_192 payload-325839fd6293e8d157790e73cc95028e77dcbf1b0966ef03adb1a7c17930fb34579b97f72c181c5238a617186d512c3e1ccc30c70298cba6c5b8cdc2b51e0b5eb0defa1bed57756a6375dcf6fa9a53e6af3b0a69f439dcd55150b70e3ad64d904d25a478db7ec7fff85585bab042cf8d"  | 2026-01-01 13:52:10+00 |         860 |      9860 | success
 199715 |  19201 | last=1h service=fixture-7 message="row-99858 key-19201 marker_common_192 payload-e76a7f8dc7723263017da86c99cb4a90b52d132f1a353341b945616e900eb9261084bf2cb01f3b9c3ef3efd0d975a19a5e07521033cd3a8584b54cc19b33a5d9b18b7bb10bf04743d79a8615334be06d183a26f79b4e90e3a82a59a210b1ed4faeb2e42b7e5dc100ae9ddfb0cadef321"  | 2026-01-01 13:52:09+00 |         858 |      9858 | success
 199711 |  19201 | last=1h service=fixture-5 message="row-99856 key-19201 marker_common_192 payload-bbcf43830ec32d1e8557db2cdb0f631c8303179c03d0be296ef5da974f6686c43e3f69a2d7d615fc83b6a488579f09f8ef97e6871bac5f08d9df864adb7ef0eba0c2abdec9bbc82eae25edb21851d5f54b93f35e79864048202d356f270857200d720132fbea3ef29edbd9b0f2d8a194"  | 2026-01-01 13:52:08+00 |         856 |      9856 | success
 199707 |  19201 | last=1h service=fixture-3 message="row-99854 key-19201 marker_common_192 payload-765e43a877c7ec8dcdb4bd5517e837a938f2092e4f80e02fcfa02a1acc87abdbfae4d2fbf4f5b641d711130e35a388c2815e320a6ec8a1105531fd525d65141604257cd2f76a5e4bb17cc8c61726df16139584045093dd5811a8a8ab8d5886dd4119ffce956fa419aa8af0ab68d943f5"  | 2026-01-01 13:52:07+00 |         854 |      9854 | success
 199703 |  19201 | last=1h service=fixture-1 message="row-99852 key-19201 marker_common_192 payload-5e831bbff497b463fbc0fc5d884fd62b2a05fc5afe8f1542afa72a4ba0933cd415993b25696f3c191ac6116a60c3bdad7428fafbecac754e9fe43de980abf8b2399c5244f3ff6a372455205af03bd1a1b1d968c303432868f20368430ea31c76be5448dc1cf69a501b709e86c942b99e"  | 2026-01-01 13:52:06+00 |         852 |      9852 | success
 199699 |  19201 | last=1h service=fixture-30 message="row-99850 key-19201 marker_common_192 payload-476aafefa19b5914226fc2ab2da94aa751928c9691d4ab0df91c68ba53eb556be22832153f803b12a5220d0771c1f99dddd6da0e5a80249332c41d9f2610ae33c7052b186718805447ce861f87c4af8349aab1d67b5a2ecb60ef0fa1107db9d032483b253c469da6cf68f58798c30e4e" | 2026-01-01 13:52:05+00 |         850 |      9850 | success
 199695 |  19201 | last=1h service=fixture-28 message="row-99848 key-19201 marker_common_192 payload-da4e69515f00d135e25222a6471858dea210aae75ec62b14dc405b8ab4d014f1b00e3c43054e2cbe36579c135f40158df669111898836061ce4a5baaf3ad8e89b3519834bd0dfb74eb94291cda5d387679e0e339a19b7ac3c3c9ab477928c495d47eae61261b8d3025a10be1e4a95922" | 2026-01-01 13:52:04+00 |         848 |      9848 | success
 199691 |  19201 | last=1h service=fixture-26 message="row-99846 key-19201 marker_common_192 payload-dcb057974d02eee23d8a77593300e8bfe5f5f80e6549208494f69cedd7d719d3929cc9d203f5cde6921a07e4b4b417cc7b8c00fafff553d29b4cad88e3e5b55a71a51c96c1ada82a8d9e3cb1bf98180ef1247623bc01faf9aeda00b54a376e60f4add7aecef44e794c4ebdbd3dbd1b41" | 2026-01-01 13:52:03+00 |         846 |      9846 | success
 199687 |  19201 | last=1h service=fixture-24 message="row-99844 key-19201 marker_common_192 payload-39af1bb6a5165835b45122a1787e2c1e8e88cfeaa0d5beebdfd4245c2aaa3130b1daa540a3b8ea94deaf397b04ae404afc216e9bfb4a9342d3eed17736ad130c731676e7476b7d335e89415e1bc18ec9c327dc3452835ff092ecab890b279dba1619ffa8cfb23f34c67db33b8520ece0" | 2026-01-01 13:52:02+00 |         844 |      9844 | success
 199683 |  19201 | last=1h service=fixture-22 message="row-99842 key-19201 marker_common_192 payload-682672decb98e4ec28acfc20077100484298713e10e5e01ec9e9e731aff85749c2256b554e5bb758a5995b3db1e289b2423cc7a9c93f20cb73d92c6128c2f351be09cb1475b52565a078d6c80cbfda765e54b9791266e42850fdd6016bde355387f3d257e457bd593e95e921a63c4425" | 2026-01-01 13:52:01+00 |         842 |      9842 | success
 199679 |  19201 | last=1h service=fixture-20 message="row-99840 key-19201 marker_common_192 payload-e8ab0a8fa591819f4b8c6708b89ca56dc0925cc594d60eb8963de301abd4344a1d446dd05a3daa10b6b2d93d54a187c7eae4d4142dc37e38262371a326e1ad672d2e639b42fc1ffe5185117a341ee3ce82542b436b357a99d94f50ca66c9df4a8871b0299be59f227130e657714246c7" | 2026-01-01 13:52:00+00 |         840 |      9840 | success
 199675 |  19201 | last=1h service=fixture-18 message="row-99838 key-19201 marker_common_192 payload-2fdae0270b570e922d84a267bf69f65cc47292afac50a460a783e1b5ace3ed386c3cdecebe568a4f10e944d094a6f18d67e9305457d9cb59829c9656c2cf1ef78614d681efdb1c2ddfa5f475a7b9a40eeb426a5c7936889da81f52801aa5727552241818fc15a4b1c21d13f622a4ead7" | 2026-01-01 13:51:59+00 |         838 |      9838 | success
 199671 |  19201 | last=1h service=fixture-16 message="row-99836 key-19201 marker_common_192 payload-4b0b5b4a2116c7e0193a641d4471a856c34f3238caeef64080af50a95b3c0e1d74d124edd212e28e36041008aa7325b906373739231032808f8374873b36e3dbe583d0a5f8adf1213f0ca8a1385b1fe3c749833e16c1948504733cd45a4105377f5935a72acf039cd357d16dd4346130" | 2026-01-01 13:51:58+00 |         836 |      9836 | success
 199667 |  19201 | last=1h service=fixture-14 message="row-99834 key-19201 marker_common_192 payload-9c648ffdd245f3400f6ac0bcb780d4df6edf0f9ed8f57c8350304f15c24d5f68ebb3daab07b23a62f58833a789ede99a2405f605418bbf73c8845e5e6201ac651deecd9605fefb871fa553a6c434b201e9b832a744857c752012211a5b086b98149ad31344910d86d10dcc3ed3061914" | 2026-01-01 13:51:57+00 |         834 |      9834 | success
 199663 |  19201 | last=1h service=fixture-12 message="row-99832 key-19201 marker_common_192 payload-10c3b455d0088f27dde575f9017c88de219f564117bcf4853b74259a3dcceb6838b22e39cb76925e6099fb87661e00796ffb1a0f2370f09ffd6479b17386c539f4b41a6c03376c1418d4aef365a1be81316dd6705d431960c664b99a7c818b14f93032c3ad0b8a6edda9e4d86526173c" | 2026-01-01 13:51:56+00 |         832 |      9832 | success
 199659 |  19201 | last=1h service=fixture-10 message="row-99830 key-19201 marker_common_192 payload-2c261a2de4f0bf0714dc11873204f38c7844b3e390c9f92e16fb2ba8d22e9b6480f19272287ddf93601a72a93283f44f018235b093eb5130e557d5ccdf9ba67138b0bba73fd3a6ce30fd86fbeba716eb81e727bcd73000aa420a3a72d636eac8af3c477c53d7b1d6137ff9011397e142" | 2026-01-01 13:51:55+00 |         830 |      9830 | success
 199655 |  19201 | last=1h service=fixture-8 message="row-99828 key-19201 marker_common_192 payload-a8d37f28474bec0ddb05829b7ea90d424d964fc978f763c329b2fef2ddbb130b4afe0b7e96d537b8c4f486caff0e5921cd09d122b7cc049f9e7cdae66bf74ca09bf65515b1c64998404b793656ba5fcbe75b2375944d18b092f5a748a9ff186ce1ec064274432f11d2cb2914fd381bf2"  | 2026-01-01 13:51:54+00 |         828 |      9828 | success
 199651 |  19201 | last=1h service=fixture-6 message="row-99826 key-19201 marker_common_192 payload-db23451a68dfc8d66e0f2c03ea7bbee7ada4d4bcde3aa964f6573c4ac9bb4356d139c0873670cbabe4fa8578502040f72632d77f4ae7786035087f49fc9c8308cce1db0b5261f37da45c741499bfbe052ca805989952fe1de16e0c85335361b44fb0ca40fd740beaa368528cb061a0d3"  | 2026-01-01 13:51:53+00 |         826 |      9826 | success
 199647 |  19201 | last=1h service=fixture-4 message="row-99824 key-19201 marker_common_192 payload-6edbfff650c552e5e50ebbaba9520881d0537dac39657a0bf21938d0d6232ae89f043a6bbd420edbe726b6abf91f4a13839baf41e12b9d4814b1b240cbdae8a30fbab739dbaaf4eb768dc735bc2b7359942da44b73841aaf77fee5dff5e87404c30d2eca8f01c7561aa8ae9d9c86d8bc"  | 2026-01-01 13:51:52+00 |         824 |      9824 | success
 199643 |  19201 | last=1h service=fixture-2 message="row-99822 key-19201 marker_common_192 payload-e3fa53c63f0f9cb4e70d39b22148c4f8026764605a84193b885087b33eab6cc6430b59fce1be1833fce466f19b8de6a0fc0d05e4f1593c4a6fcd3da43a84070bcd0b38a96c83ffeb96deda5d42858ee02d8a2756b496b52739ca79ec668eb90252ab37cca227be727ba2908e4e370d16"  | 2026-01-01 13:51:51+00 |         822 |      9822 | success
 199639 |  19201 | last=1h service=fixture-0 message="row-99820 key-19201 marker_common_192 payload-63853bd48b65faffc6be097b78d77cc084b20e53434f36744e703cf233f2bf6d97f8cbb013fdbce6695b7aeaaf57e53dc58cfcb6cfe44bd42d7d3340fcfa56c265e036ca0077a469e652b52f99c2a2fd1fdd98eb193bd6eda2a4ec84f23c0c42968ef41b4e820b70b4f3de01882f4329"  | 2026-01-01 13:51:50+00 |         820 |      9820 | success
 199635 |  19201 | last=1h service=fixture-29 message="row-99818 key-19201 marker_common_192 payload-5f1704847ccbb00005643fed7d275fc07a9f5e0e2f811cf222cb2bab3542faeaf0c9a67ada3f7002886c96173f845f641eebf8cc95a61b9cfa16ff830f53b0000f1e971fd4fa661f228944bcaad3f4c98a111a37c861270f6594a20be6977c9dfd65de0a65dcc3a960cced348a1afe1c" | 2026-01-01 13:51:49+00 |         818 |      9818 | success
 199631 |  19201 | last=1h service=fixture-27 message="row-99816 key-19201 marker_common_192 payload-7f398b96637d35be0e91ee453849528e2b9aaf11dd103342ee6700b4fc1446d90f1467f4245f374a94cd8a7196456b286747018c661684d6e22e96cc92fb22608cf10ae5aa3be07735bdf67fdbb01e93fc2586fbbd1c093b2993989b79e8da00d983c90dd08d72e33d01574374483ab7" | 2026-01-01 13:51:48+00 |         816 |      9816 | success
 199627 |  19201 | last=1h service=fixture-25 message="row-99814 key-19201 marker_common_192 payload-d4fbf8b3b7976d9d3dee366d49a5bb62ccfa152d87dbcd286aa80cf34c3a8aa9fa928d62cb27a8b336de4b29d19de0777a81016696eba99b5021d5a4c9b06b4a4d6722da84668a7099fae17755146c54d6817ff50e2dc9c19f138034dd9f413512773a4c4fa97a20894aa80580db5f6f" | 2026-01-01 13:51:47+00 |         814 |      9814 | success
 199623 |  19201 | last=1h service=fixture-23 message="row-99812 key-19201 marker_common_192 payload-21b3d813e68240d13435a9d33a7b1275c23c53d04c5aa10dbd1c05b906dd8930bd2c6294902cacab97e7244db548141e370db948e2172cdee9eea38d6ad9648dedfbda4eba8a292adb47bf009e378e455024fe1144cfbdc99b5305f42ff59bc559b3830606860e447caee64a893ae5f0" | 2026-01-01 13:51:46+00 |         812 |      9812 | success
 199619 |  19201 | last=1h service=fixture-21 message="row-99810 key-19201 marker_common_192 payload-e63e381fb40ccab930b04dad88b5c671a1f5f82d5021db0b0e21cbbc9b12874274958c9881fb395ffa0d394ac1d1373692021124eaedf66b784a65e29a91e41f926734d7a57d45a3a3308c4b2c0a4504657f841e56cc0cad33c57b3f0f460c64dff90dfc3bd6e89dd4d112412c5265c1" | 2026-01-01 13:51:45+00 |         810 |      9810 | success
 199615 |  19201 | last=1h service=fixture-19 message="row-99808 key-19201 marker_common_192 payload-b5c531320ab113d1f575517be92c567a9c32140250b5c9bc9f2d4575be216e4c4dd08b40600b871b26bb76c5f10ed83c8cb6171035b3b18acdab7675b6f5f60c3a93bba5e4c8262eda9c2fa812edd1ee624b7ed91520936e82286edacead59cfd8c5d857d5529304e31061a8a151c255" | 2026-01-01 13:51:44+00 |         808 |      9808 | success
 199611 |  19201 | last=1h service=fixture-17 message="row-99806 key-19201 marker_common_192 payload-e5f58b748f4c6d576201e9aa51dd7ffa542a58d19b285795c57d03f417511fafc95b46026dc428f2ad3bb0199ed15804579efb7fd4bc6f42cef90c78457f9bafa29cf4e39a91c77d3d684c9194364f973f9f675f3e518c933152a96472bf03f1704a281406b7f0e68b812f0fc2e066e4" | 2026-01-01 13:51:43+00 |         806 |      9806 | success
 199607 |  19201 | last=1h service=fixture-15 message="row-99804 key-19201 marker_common_192 payload-9c96e1f92d6a4f84bfbb8f88e95527aa28dfe7e70f2f99241ade8b8f4ca87fa60297c40a7e9f7978ed106f9bae1bb3c3e636646ac3f51f6d7acff220e415ef353ac7b944cefe80863507f1e3d1546602105aa3cb8fb83535d3fe8be2ba9b36296c1c24589ed617a21d9bcaa70bd143a0" | 2026-01-01 13:51:42+00 |         804 |      9804 | success
 199603 |  19201 | last=1h service=fixture-13 message="row-99802 key-19201 marker_common_192 payload-41136cfa5c232e9fbe5a38ed6834e538f0ed142962758af58c4f70220eb885a6d00209992891965704f82454c98bdfb1f876badc4ccb4f2cb7829b6c2301237fb0dd2cdb2158ea6484f31debe000351146ea898c3d0b59ea2c675991d844aba63792502508f0ac9c8d82679fa0c9e2f3" | 2026-01-01 13:51:41+00 |         802 |      9802 | success
(50 rows)

Time: 0.435 ms
COMMIT
Time: 0.048 ms
SAMPLE 5
BEGIN
Time: 0.036 ms
SET
Time: 0.039 ms
 count 
-------
 50000
(1 row)

Time: 48.233 ms
   id   | key_id |                                                                                                                                                        query                                                                                                                                                        |      executed_at       | duration_ms | row_count | status  
--------+--------+---------------------------------------------------------------------------------------------------------------------------------------------------------------------------------------------------------------------------------------------------------------------------------------------------------------------+------------------------+-------------+-----------+---------
 199799 |  19201 | last=1h service=fixture-18 message="row-99900 key-19201 marker_common_192 payload-747eb715c540ff320bd37279e51aa0476bed33fbb83deae9e9a658df24535ac182d6ec4b8e219feb21b6a7bfd4cdf2412df6eb66843afe833772565b7436f5deb01bc72072a4eb8c9a09549604329c7787159786733efc68ffce721b25ca03c4f185e3d6b753a5e0381241940e70347f" | 2026-01-01 13:52:30+00 |         900 |      9900 | success
 199795 |  19201 | last=1h service=fixture-16 message="row-99898 key-19201 marker_common_192 payload-ccf2fa819e3d0504b61233ae85c0769cd391ab6c2e90b068f74178f473469bd8ffc5159432196b773e031075c9ea4e0ef9f2468dcf2dd2620e1b3933fde278d83b8c8c67022e881f64a905090d1febc9c27b1f282fae8bfd82658db8e488128247981cf791626a630a94138153fde8a1" | 2026-01-01 13:52:29+00 |         898 |      9898 | success
 199791 |  19201 | last=1h service=fixture-14 message="row-99896 key-19201 marker_common_192 payload-f0e235ee11b5b62739b22dc58d48a8353e8637103eac63e83507f0a0d21716fadea0852e7356df472d4564d572ddfdbe7aff9b3f4890b80bcccd2fead08e64588ac38338ed7c93d09558296e22a5505aab31585ff5d4597849c4e345883cadd38760709a76ef41974acee8a8bb4f08fe" | 2026-01-01 13:52:28+00 |         896 |      9896 | success
 199787 |  19201 | last=1h service=fixture-12 message="row-99894 key-19201 marker_common_192 payload-663fb010a47f53f1c7b9b43498fee99e563e26d69c19438c74b96e56d47c52007ea3f5e31f9086d21d573698fb1307a59295eae91ea726e6cf1e5e27d552f57c0a386b515168941b436736723eb95181b97d6626c2aa209b5e1530102c558524130e5952d58aadc3a45e14723fc3fdca" | 2026-01-01 13:52:27+00 |         894 |      9894 | success
 199783 |  19201 | last=1h service=fixture-10 message="row-99892 key-19201 marker_common_192 payload-571cf5750996590b151c163577dc86293c01013a3cb0399e13af8dc439bcc90fc2b0d02f6ee10b95b4abad5b2f5d4983c4b1ffbe3c263d24b4305c5b04a18b6b9a7677c383f1ea4965f1506012c8dc7df2fbeb50da189644dee87a46154ebf8d024ee8af5aba1512c938becbc1eef4be" | 2026-01-01 13:52:26+00 |         892 |      9892 | success
 199779 |  19201 | last=1h service=fixture-8 message="row-99890 key-19201 marker_common_192 payload-627eeae2840ee39e98d05fc293f72f8e1c9aabbc9f43faa84725f8baf3ceb52a853306f7e879b45a14ee04a57425dc90c84031898bb6bbefa3a0337007e198164bcb464e70371334ed1ebcbafb4a329fa35ec96b7aaa01bab65c39dd26254552b632a95df92016afbd0ce33d5312d111"  | 2026-01-01 13:52:25+00 |         890 |      9890 | success
 199775 |  19201 | last=1h service=fixture-6 message="row-99888 key-19201 marker_common_192 payload-12c654f4a05be096527bf6f5555f591f558266d826b729b24734b2036e68782890e7045f4c926a18d01bc51907c02c2d8308a3bd5915668e7e1f28ebc1b68c8fda99afbe211b8f5dd62f7e43d4057c3ea60dbd83f83a0678a30cbded108fc88843b2898da3c6f4b87ba6768f3b4f6b9b"  | 2026-01-01 13:52:24+00 |         888 |      9888 | success
 199771 |  19201 | last=1h service=fixture-4 message="row-99886 key-19201 marker_common_192 payload-ab095ae8246c3baba4d097b766a8a174b471a538583f30ed38183bab38b8903e6fdea31fb1c7b2b78e079caf51decfe5e07d9cd70fce1e0de1aee327b2363496ae816ba8d3839abf0dddd208fda07a769708ce996e00028bd95062ef75fe06b0ceddfa1b587d01f1bec04bc8dc7f7818"  | 2026-01-01 13:52:23+00 |         886 |      9886 | success
 199767 |  19201 | last=1h service=fixture-2 message="row-99884 key-19201 marker_common_192 payload-0930c27e5e6cdf6e31dac4ab01449378daa5a050ad3898966b8420fb98b386af4f60b0eaeaa1e37b49e60a38c304b41b2cfb1a976b6c9ecc9b2d905ced123cf8f12ae014f46a6d334bb591a184cb59b11add31015a863ebda2178881111212e312b42fbe8c9f04f8977cc698cd7fff22"  | 2026-01-01 13:52:22+00 |         884 |      9884 | success
 199763 |  19201 | last=1h service=fixture-0 message="row-99882 key-19201 marker_common_192 payload-ad2667c5584247eda547ffb2ff64e71dfae0dce52fbf2af7bce0e17b9b945f53b89212f1db53d88795529222b2c7bc9dc6affb6b914b9ed9a5b27090b08cb4d0ba2d8eba2095821c895247e10fd0379151ca69c120cc2d06bd95f9eb2ce3d5b5c5a5d24a05e6883952ac57d20809ac4a"  | 2026-01-01 13:52:21+00 |         882 |      9882 | success
 199759 |  19201 | last=1h service=fixture-29 message="row-99880 key-19201 marker_common_192 payload-73af17df132f13dbdc2a778f69522f743be4eebf9e814b2c6ffe886dc18a86dcf8f94691feb603099e45a41deb1afeb91fdc273234e9190d067e533027c1922819c11015790332774ea7ea1600e0222cb1db778178b7545488f0dcc8371c204151dd4e1710a874769d3b868c4e1553e9" | 2026-01-01 13:52:20+00 |         880 |      9880 | success
 199755 |  19201 | last=1h service=fixture-27 message="row-99878 key-19201 marker_common_192 payload-8fe612206616dbf8091743e85204e4cfcf267775e775456d31fed64b9fe75b174cf43579627a61a31b58e68beed68f26a49e1858248b29d1d92f4414ca081c40c9065a8f12f878f4f27e46bc2c89a219fdf33befab6558b4bc4bf11940de1956a0e849da8c1648e23edbd647aeef993d" | 2026-01-01 13:52:19+00 |         878 |      9878 | success
 199751 |  19201 | last=1h service=fixture-25 message="row-99876 key-19201 marker_common_192 payload-722992307738b0cdf60f8fa7b28e3022716709c74bbcedcc53e6ed88bdae34d8fdfa3286c21ded91ea0ee22a4e73407c979f0a4fb15cd525e7e323caefc1cb6314580c3d5238fb3ee0db7818eb281ff8f5ce12e4959322d1729dc22b0357db699f914e177d2d8e686d852b2896f23287" | 2026-01-01 13:52:18+00 |         876 |      9876 | success
 199747 |  19201 | last=1h service=fixture-23 message="row-99874 key-19201 marker_common_192 payload-90e024f17a094c16221ac03abf4e76b40589741593189360e62406927a92f744c101c186a253594e21b64893ea33a7423c600fb7528da02ed24e5ffc55976180c5cae4a426db995e4e2dd5e08d597b382fdc79711287bf0bd17fe5f179d62197654924bf3bb2fa78297f25bf99cb4fd7" | 2026-01-01 13:52:17+00 |         874 |      9874 | success
 199743 |  19201 | last=1h service=fixture-21 message="row-99872 key-19201 marker_common_192 payload-324f727e74386b239ded0079c96d68f822ed7798e5d15685c13f0f2de3cd105bccf313383bf788c38c1a5493762d17e68fd22942964086c4335cd53e89b798ea70065577987ffe12fe086ff34d659dfec9c4625f595fc2901924a8de5a3da294198e4b733dcd312836a127b2215c24a9" | 2026-01-01 13:52:16+00 |         872 |      9872 | success
 199739 |  19201 | last=1h service=fixture-19 message="row-99870 key-19201 marker_common_192 payload-11b26b08363fe8538fa196128a46c283b3b39a684c203c43b77e76f0d96e7b5e29f6bb49b1d6814fa379e1234aa9943cd1c7de89c900949418cd50c3d87c00d060a23b6e3d270ba30f0e7c61f557cb7e0525c1eb8a4061a12a86329875c37b0f9c343e78b45c7a69fb50c3c91a72eb61" | 2026-01-01 13:52:15+00 |         870 |      9870 | success
 199735 |  19201 | last=1h service=fixture-17 message="row-99868 key-19201 marker_common_192 payload-b3c7eafb8850597882e48269223fbd532caa4420eb37eb16fea5b2bfca168335f653357e23e8017295ff2e821bdacbf5d6f145dbf20e8c57053a3f1dbff321c4fd84e2419a7f3f8e067ae3aa455d6333b2b2892905dbbe3ce0f67e0fd6722c41d3c4b50da0d0f0a7528a4ec0940be3bc" | 2026-01-01 13:52:14+00 |         868 |      9868 | success
 199731 |  19201 | last=1h service=fixture-15 message="row-99866 key-19201 marker_common_192 payload-b6c8143d9a13ea99e43972329d92fe6063cba54c49b062c50ed7bf97090323134bfba144c71b673bc3f4a771216b9a83711412aaa05cb93f09a3528333caf99fd441618dd2b0f8f62f9d9a869abd54cd609bf040c4ae66004951109cc555610d35eb71a308ae6bc56632a96a30534f7d" | 2026-01-01 13:52:13+00 |         866 |      9866 | success
 199727 |  19201 | last=1h service=fixture-13 message="row-99864 key-19201 marker_common_192 payload-663e274e15ae2ef39bebd565dc9f8ffb428e0126e7f92dc72f7f0ee0186f26a3c549c814c7d340505961f08ba30bb1ebca8f406976a0014c191760ed345bbc89f3ed3401df3603d4013cd2d2e201ab6f72a93b2d83621cb674467ac479ad7aa087e0f6102f84bf30dc4e6265344cd60f" | 2026-01-01 13:52:12+00 |         864 |      9864 | success
 199723 |  19201 | last=1h service=fixture-11 message="row-99862 key-19201 marker_common_192 payload-b48b857fe1e8c3519ffb6b578ec7776de1fb8346c3b5f18c32bb0373bf0d38b084451f7406025214d7848a6c3642d36a75de6f89f5fd9be0fcc8550566c1dc6207188701a9d26d5205f3baf55e172d9cc546fa2c713fdb984eb9529da2ecbabe4d0b7e2401340294696d04b705d9690f" | 2026-01-01 13:52:11+00 |         862 |      9862 | success
 199719 |  19201 | last=1h service=fixture-9 message="row-99860 key-19201 marker_common_192 payload-325839fd6293e8d157790e73cc95028e77dcbf1b0966ef03adb1a7c17930fb34579b97f72c181c5238a617186d512c3e1ccc30c70298cba6c5b8cdc2b51e0b5eb0defa1bed57756a6375dcf6fa9a53e6af3b0a69f439dcd55150b70e3ad64d904d25a478db7ec7fff85585bab042cf8d"  | 2026-01-01 13:52:10+00 |         860 |      9860 | success
 199715 |  19201 | last=1h service=fixture-7 message="row-99858 key-19201 marker_common_192 payload-e76a7f8dc7723263017da86c99cb4a90b52d132f1a353341b945616e900eb9261084bf2cb01f3b9c3ef3efd0d975a19a5e07521033cd3a8584b54cc19b33a5d9b18b7bb10bf04743d79a8615334be06d183a26f79b4e90e3a82a59a210b1ed4faeb2e42b7e5dc100ae9ddfb0cadef321"  | 2026-01-01 13:52:09+00 |         858 |      9858 | success
 199711 |  19201 | last=1h service=fixture-5 message="row-99856 key-19201 marker_common_192 payload-bbcf43830ec32d1e8557db2cdb0f631c8303179c03d0be296ef5da974f6686c43e3f69a2d7d615fc83b6a488579f09f8ef97e6871bac5f08d9df864adb7ef0eba0c2abdec9bbc82eae25edb21851d5f54b93f35e79864048202d356f270857200d720132fbea3ef29edbd9b0f2d8a194"  | 2026-01-01 13:52:08+00 |         856 |      9856 | success
 199707 |  19201 | last=1h service=fixture-3 message="row-99854 key-19201 marker_common_192 payload-765e43a877c7ec8dcdb4bd5517e837a938f2092e4f80e02fcfa02a1acc87abdbfae4d2fbf4f5b641d711130e35a388c2815e320a6ec8a1105531fd525d65141604257cd2f76a5e4bb17cc8c61726df16139584045093dd5811a8a8ab8d5886dd4119ffce956fa419aa8af0ab68d943f5"  | 2026-01-01 13:52:07+00 |         854 |      9854 | success
 199703 |  19201 | last=1h service=fixture-1 message="row-99852 key-19201 marker_common_192 payload-5e831bbff497b463fbc0fc5d884fd62b2a05fc5afe8f1542afa72a4ba0933cd415993b25696f3c191ac6116a60c3bdad7428fafbecac754e9fe43de980abf8b2399c5244f3ff6a372455205af03bd1a1b1d968c303432868f20368430ea31c76be5448dc1cf69a501b709e86c942b99e"  | 2026-01-01 13:52:06+00 |         852 |      9852 | success
 199699 |  19201 | last=1h service=fixture-30 message="row-99850 key-19201 marker_common_192 payload-476aafefa19b5914226fc2ab2da94aa751928c9691d4ab0df91c68ba53eb556be22832153f803b12a5220d0771c1f99dddd6da0e5a80249332c41d9f2610ae33c7052b186718805447ce861f87c4af8349aab1d67b5a2ecb60ef0fa1107db9d032483b253c469da6cf68f58798c30e4e" | 2026-01-01 13:52:05+00 |         850 |      9850 | success
 199695 |  19201 | last=1h service=fixture-28 message="row-99848 key-19201 marker_common_192 payload-da4e69515f00d135e25222a6471858dea210aae75ec62b14dc405b8ab4d014f1b00e3c43054e2cbe36579c135f40158df669111898836061ce4a5baaf3ad8e89b3519834bd0dfb74eb94291cda5d387679e0e339a19b7ac3c3c9ab477928c495d47eae61261b8d3025a10be1e4a95922" | 2026-01-01 13:52:04+00 |         848 |      9848 | success
 199691 |  19201 | last=1h service=fixture-26 message="row-99846 key-19201 marker_common_192 payload-dcb057974d02eee23d8a77593300e8bfe5f5f80e6549208494f69cedd7d719d3929cc9d203f5cde6921a07e4b4b417cc7b8c00fafff553d29b4cad88e3e5b55a71a51c96c1ada82a8d9e3cb1bf98180ef1247623bc01faf9aeda00b54a376e60f4add7aecef44e794c4ebdbd3dbd1b41" | 2026-01-01 13:52:03+00 |         846 |      9846 | success
 199687 |  19201 | last=1h service=fixture-24 message="row-99844 key-19201 marker_common_192 payload-39af1bb6a5165835b45122a1787e2c1e8e88cfeaa0d5beebdfd4245c2aaa3130b1daa540a3b8ea94deaf397b04ae404afc216e9bfb4a9342d3eed17736ad130c731676e7476b7d335e89415e1bc18ec9c327dc3452835ff092ecab890b279dba1619ffa8cfb23f34c67db33b8520ece0" | 2026-01-01 13:52:02+00 |         844 |      9844 | success
 199683 |  19201 | last=1h service=fixture-22 message="row-99842 key-19201 marker_common_192 payload-682672decb98e4ec28acfc20077100484298713e10e5e01ec9e9e731aff85749c2256b554e5bb758a5995b3db1e289b2423cc7a9c93f20cb73d92c6128c2f351be09cb1475b52565a078d6c80cbfda765e54b9791266e42850fdd6016bde355387f3d257e457bd593e95e921a63c4425" | 2026-01-01 13:52:01+00 |         842 |      9842 | success
 199679 |  19201 | last=1h service=fixture-20 message="row-99840 key-19201 marker_common_192 payload-e8ab0a8fa591819f4b8c6708b89ca56dc0925cc594d60eb8963de301abd4344a1d446dd05a3daa10b6b2d93d54a187c7eae4d4142dc37e38262371a326e1ad672d2e639b42fc1ffe5185117a341ee3ce82542b436b357a99d94f50ca66c9df4a8871b0299be59f227130e657714246c7" | 2026-01-01 13:52:00+00 |         840 |      9840 | success
 199675 |  19201 | last=1h service=fixture-18 message="row-99838 key-19201 marker_common_192 payload-2fdae0270b570e922d84a267bf69f65cc47292afac50a460a783e1b5ace3ed386c3cdecebe568a4f10e944d094a6f18d67e9305457d9cb59829c9656c2cf1ef78614d681efdb1c2ddfa5f475a7b9a40eeb426a5c7936889da81f52801aa5727552241818fc15a4b1c21d13f622a4ead7" | 2026-01-01 13:51:59+00 |         838 |      9838 | success
 199671 |  19201 | last=1h service=fixture-16 message="row-99836 key-19201 marker_common_192 payload-4b0b5b4a2116c7e0193a641d4471a856c34f3238caeef64080af50a95b3c0e1d74d124edd212e28e36041008aa7325b906373739231032808f8374873b36e3dbe583d0a5f8adf1213f0ca8a1385b1fe3c749833e16c1948504733cd45a4105377f5935a72acf039cd357d16dd4346130" | 2026-01-01 13:51:58+00 |         836 |      9836 | success
 199667 |  19201 | last=1h service=fixture-14 message="row-99834 key-19201 marker_common_192 payload-9c648ffdd245f3400f6ac0bcb780d4df6edf0f9ed8f57c8350304f15c24d5f68ebb3daab07b23a62f58833a789ede99a2405f605418bbf73c8845e5e6201ac651deecd9605fefb871fa553a6c434b201e9b832a744857c752012211a5b086b98149ad31344910d86d10dcc3ed3061914" | 2026-01-01 13:51:57+00 |         834 |      9834 | success
 199663 |  19201 | last=1h service=fixture-12 message="row-99832 key-19201 marker_common_192 payload-10c3b455d0088f27dde575f9017c88de219f564117bcf4853b74259a3dcceb6838b22e39cb76925e6099fb87661e00796ffb1a0f2370f09ffd6479b17386c539f4b41a6c03376c1418d4aef365a1be81316dd6705d431960c664b99a7c818b14f93032c3ad0b8a6edda9e4d86526173c" | 2026-01-01 13:51:56+00 |         832 |      9832 | success
 199659 |  19201 | last=1h service=fixture-10 message="row-99830 key-19201 marker_common_192 payload-2c261a2de4f0bf0714dc11873204f38c7844b3e390c9f92e16fb2ba8d22e9b6480f19272287ddf93601a72a93283f44f018235b093eb5130e557d5ccdf9ba67138b0bba73fd3a6ce30fd86fbeba716eb81e727bcd73000aa420a3a72d636eac8af3c477c53d7b1d6137ff9011397e142" | 2026-01-01 13:51:55+00 |         830 |      9830 | success
 199655 |  19201 | last=1h service=fixture-8 message="row-99828 key-19201 marker_common_192 payload-a8d37f28474bec0ddb05829b7ea90d424d964fc978f763c329b2fef2ddbb130b4afe0b7e96d537b8c4f486caff0e5921cd09d122b7cc049f9e7cdae66bf74ca09bf65515b1c64998404b793656ba5fcbe75b2375944d18b092f5a748a9ff186ce1ec064274432f11d2cb2914fd381bf2"  | 2026-01-01 13:51:54+00 |         828 |      9828 | success
 199651 |  19201 | last=1h service=fixture-6 message="row-99826 key-19201 marker_common_192 payload-db23451a68dfc8d66e0f2c03ea7bbee7ada4d4bcde3aa964f6573c4ac9bb4356d139c0873670cbabe4fa8578502040f72632d77f4ae7786035087f49fc9c8308cce1db0b5261f37da45c741499bfbe052ca805989952fe1de16e0c85335361b44fb0ca40fd740beaa368528cb061a0d3"  | 2026-01-01 13:51:53+00 |         826 |      9826 | success
 199647 |  19201 | last=1h service=fixture-4 message="row-99824 key-19201 marker_common_192 payload-6edbfff650c552e5e50ebbaba9520881d0537dac39657a0bf21938d0d6232ae89f043a6bbd420edbe726b6abf91f4a13839baf41e12b9d4814b1b240cbdae8a30fbab739dbaaf4eb768dc735bc2b7359942da44b73841aaf77fee5dff5e87404c30d2eca8f01c7561aa8ae9d9c86d8bc"  | 2026-01-01 13:51:52+00 |         824 |      9824 | success
 199643 |  19201 | last=1h service=fixture-2 message="row-99822 key-19201 marker_common_192 payload-e3fa53c63f0f9cb4e70d39b22148c4f8026764605a84193b885087b33eab6cc6430b59fce1be1833fce466f19b8de6a0fc0d05e4f1593c4a6fcd3da43a84070bcd0b38a96c83ffeb96deda5d42858ee02d8a2756b496b52739ca79ec668eb90252ab37cca227be727ba2908e4e370d16"  | 2026-01-01 13:51:51+00 |         822 |      9822 | success
 199639 |  19201 | last=1h service=fixture-0 message="row-99820 key-19201 marker_common_192 payload-63853bd48b65faffc6be097b78d77cc084b20e53434f36744e703cf233f2bf6d97f8cbb013fdbce6695b7aeaaf57e53dc58cfcb6cfe44bd42d7d3340fcfa56c265e036ca0077a469e652b52f99c2a2fd1fdd98eb193bd6eda2a4ec84f23c0c42968ef41b4e820b70b4f3de01882f4329"  | 2026-01-01 13:51:50+00 |         820 |      9820 | success
 199635 |  19201 | last=1h service=fixture-29 message="row-99818 key-19201 marker_common_192 payload-5f1704847ccbb00005643fed7d275fc07a9f5e0e2f811cf222cb2bab3542faeaf0c9a67ada3f7002886c96173f845f641eebf8cc95a61b9cfa16ff830f53b0000f1e971fd4fa661f228944bcaad3f4c98a111a37c861270f6594a20be6977c9dfd65de0a65dcc3a960cced348a1afe1c" | 2026-01-01 13:51:49+00 |         818 |      9818 | success
 199631 |  19201 | last=1h service=fixture-27 message="row-99816 key-19201 marker_common_192 payload-7f398b96637d35be0e91ee453849528e2b9aaf11dd103342ee6700b4fc1446d90f1467f4245f374a94cd8a7196456b286747018c661684d6e22e96cc92fb22608cf10ae5aa3be07735bdf67fdbb01e93fc2586fbbd1c093b2993989b79e8da00d983c90dd08d72e33d01574374483ab7" | 2026-01-01 13:51:48+00 |         816 |      9816 | success
 199627 |  19201 | last=1h service=fixture-25 message="row-99814 key-19201 marker_common_192 payload-d4fbf8b3b7976d9d3dee366d49a5bb62ccfa152d87dbcd286aa80cf34c3a8aa9fa928d62cb27a8b336de4b29d19de0777a81016696eba99b5021d5a4c9b06b4a4d6722da84668a7099fae17755146c54d6817ff50e2dc9c19f138034dd9f413512773a4c4fa97a20894aa80580db5f6f" | 2026-01-01 13:51:47+00 |         814 |      9814 | success
 199623 |  19201 | last=1h service=fixture-23 message="row-99812 key-19201 marker_common_192 payload-21b3d813e68240d13435a9d33a7b1275c23c53d04c5aa10dbd1c05b906dd8930bd2c6294902cacab97e7244db548141e370db948e2172cdee9eea38d6ad9648dedfbda4eba8a292adb47bf009e378e455024fe1144cfbdc99b5305f42ff59bc559b3830606860e447caee64a893ae5f0" | 2026-01-01 13:51:46+00 |         812 |      9812 | success
 199619 |  19201 | last=1h service=fixture-21 message="row-99810 key-19201 marker_common_192 payload-e63e381fb40ccab930b04dad88b5c671a1f5f82d5021db0b0e21cbbc9b12874274958c9881fb395ffa0d394ac1d1373692021124eaedf66b784a65e29a91e41f926734d7a57d45a3a3308c4b2c0a4504657f841e56cc0cad33c57b3f0f460c64dff90dfc3bd6e89dd4d112412c5265c1" | 2026-01-01 13:51:45+00 |         810 |      9810 | success
 199615 |  19201 | last=1h service=fixture-19 message="row-99808 key-19201 marker_common_192 payload-b5c531320ab113d1f575517be92c567a9c32140250b5c9bc9f2d4575be216e4c4dd08b40600b871b26bb76c5f10ed83c8cb6171035b3b18acdab7675b6f5f60c3a93bba5e4c8262eda9c2fa812edd1ee624b7ed91520936e82286edacead59cfd8c5d857d5529304e31061a8a151c255" | 2026-01-01 13:51:44+00 |         808 |      9808 | success
 199611 |  19201 | last=1h service=fixture-17 message="row-99806 key-19201 marker_common_192 payload-e5f58b748f4c6d576201e9aa51dd7ffa542a58d19b285795c57d03f417511fafc95b46026dc428f2ad3bb0199ed15804579efb7fd4bc6f42cef90c78457f9bafa29cf4e39a91c77d3d684c9194364f973f9f675f3e518c933152a96472bf03f1704a281406b7f0e68b812f0fc2e066e4" | 2026-01-01 13:51:43+00 |         806 |      9806 | success
 199607 |  19201 | last=1h service=fixture-15 message="row-99804 key-19201 marker_common_192 payload-9c96e1f92d6a4f84bfbb8f88e95527aa28dfe7e70f2f99241ade8b8f4ca87fa60297c40a7e9f7978ed106f9bae1bb3c3e636646ac3f51f6d7acff220e415ef353ac7b944cefe80863507f1e3d1546602105aa3cb8fb83535d3fe8be2ba9b36296c1c24589ed617a21d9bcaa70bd143a0" | 2026-01-01 13:51:42+00 |         804 |      9804 | success
 199603 |  19201 | last=1h service=fixture-13 message="row-99802 key-19201 marker_common_192 payload-41136cfa5c232e9fbe5a38ed6834e538f0ed142962758af58c4f70220eb885a6d00209992891965704f82454c98bdfb1f876badc4ccb4f2cb7829b6c2301237fb0dd2cdb2158ea6484f31debe000351146ea898c3d0b59ea2c675991d844aba63792502508f0ac9c8d82679fa0c9e2f3" | 2026-01-01 13:51:41+00 |         802 |      9802 | success
(50 rows)

Time: 0.485 ms
COMMIT
Time: 0.069 ms
Timing is off.
END_SAMPLES
     name      | generic_plans | custom_plans 
---------------+---------------+--------------
 history_count |             0 |           11
 history_page  |             0 |           11
(2 rows)

BEGIN
SET
                                                                    QUERY PLAN                                                                    
--------------------------------------------------------------------------------------------------------------------------------------------------
 Finalize Aggregate  (cost=12225.93..12225.94 rows=1 width=8) (actual time=45.109..47.988 rows=1.00 loops=1)
   Buffers: shared hit=9524
   ->  Gather  (cost=12225.72..12225.93 rows=2 width=8) (actual time=45.081..47.986 rows=3.00 loops=1)
         Workers Planned: 2
         Workers Launched: 2
         Buffers: shared hit=9524
         ->  Partial Aggregate  (cost=11225.72..11225.73 rows=1 width=8) (actual time=43.585..43.586 rows=1.00 loops=3)
               Buffers: shared hit=9524
               ->  Parallel Seq Scan on query_history  (cost=0.00..11190.67 rows=14021 width=0) (actual time=0.026..43.015 rows=16666.67 loops=3)
                     Filter: ((key_id = '19201'::bigint) AND (strpos(lower(query), 'marker_common_192'::text) > 0))
                     Rows Removed by Filter: 50000
                     Buffers: shared hit=9524
 Planning Time: 0.038 ms
 Execution Time: 47.997 ms
(14 rows)

                                                                            QUERY PLAN                                                                             
-------------------------------------------------------------------------------------------------------------------------------------------------------------------
 Limit  (cost=59.04..117.65 rows=50 width=349) (actual time=0.166..0.288 rows=50.00 loops=1)
   Buffers: shared hit=24
   ->  Index Scan using query_history_key_executed_idx on query_history  (cost=0.42..39449.82 rows=33651 width=349) (actual time=0.013..0.284 rows=100.00 loops=1)
         Index Cond: (key_id = '19201'::bigint)
         Filter: (strpos(lower(query), 'marker_common_192'::text) > 0)
         Rows Removed by Filter: 99
         Index Searches: 1
         Buffers: shared hit=24
 Planning Time: 0.048 ms
 Execution Time: 0.297 ms
(10 rows)

COMMIT
     name      | generic_plans | custom_plans 
---------------+---------------+--------------
 history_count |             0 |           12
 history_page  |             0 |           12
(2 rows)

