SET
PREPARE
PREPARE
BEGIN
SET
 transaction_isolation 
-----------------------
 repeatable read
(1 row)

 transaction_read_only 
-----------------------
 on
(1 row)

 pg_backend_pid 
----------------
          41363
(1 row)

COMMIT
BEGIN
SET
 count  
--------
 100000
(1 row)

   id   | key_id |                                                                                                                                                        query                                                                                                                                                        |      executed_at       | duration_ms | row_count | status  
--------+--------+---------------------------------------------------------------------------------------------------------------------------------------------------------------------------------------------------------------------------------------------------------------------------------------------------------------------+------------------------+-------------+-----------+---------
 199899 |  19201 | last=1h service=fixture-6 message="row-99950 key-19201 marker_common_192 payload-3da877f2cd753a6577b8a3ab09caac44767b490eac50c7077c576bbe2113c5a9df03f45d04fff0370aaf1c0b187c2192a7b64c67fe4e4f6dc293d058cc617236a4c6b83b1d66326750c045949048eddb109d53f2a470998598ffab20b5f912b66585b6739afe0a3a4add431dedce2b0b"  | 2026-01-01 13:52:55+00 |         950 |      9950 | success
 199897 |  19201 | last=1h service=fixture-5 message="row-99949 key-19201 payload-02bc0c2e6904055ac55576877cba9066661f078261387af294925c1e1330aefaa37f368262d7efb4867ee50b94afd0628ec890f1465fbc51f19f2aef82ac6116fb406ba753e1ec39f67168289febe0ab8e9fac503b360498a7bcb504b6f4b2e5f66c170b795dd320e6cc3a4562591120"                    | 2026-01-01 13:52:54+00 |         949 |      9949 | success
 199895 |  19201 | last=1h service=fixture-4 message="row-99948 key-19201 marker_common_192 payload-a6e7edc5c59dc0e34ed5b7869cecb025444f90e7fdaba13680e517b9697eccc21c261d9121375a0ba931e37b5047c81c53a0f1b15661be1cd0a73dae25e1d7110d72d5125b5df9a31d2fc5987ac2a77f731f6b8c745a7394aa49f0e47f0d0af3148e0f71304e8a4e777771d4162b1016"  | 2026-01-01 13:52:54+00 |         948 |      9948 | success
 199893 |  19201 | last=1h service=fixture-3 message="row-99947 key-19201 payload-fff98161490278f06cf58817bd798878fc03605b11ab5b267042f6ab8eec8de5e1cd4ebf6cbbe79199af715dd8b18e76301cab6ab0367193755eb8a496dc858633b4fbc1bd6c0e7841b618fb80b577d3dbb8a307042be5c9ec75cfcb4b9ee8b99095a88f07a929d405ac7f53cb94f0f6"                    | 2026-01-01 13:52:53+00 |         947 |      9947 | success
 199891 |  19201 | last=1h service=fixture-2 message="row-99946 key-19201 marker_common_192 payload-8a98888f759a192974dc5f142995cd318ccac56a6048de586a57ae55e903010229d396faf729d23e70db55d4b444feb9f858ee63c7ff6d01ed0d4f19f89d8cb4e0e427f4342c3e38b8137e9a287e7cb3c367b22283dc5fa5fcf068df00cc8682d8df743f4e862ee3d02435d23087f596"  | 2026-01-01 13:52:53+00 |         946 |      9946 | success
 199889 |  19201 | last=1h service=fixture-1 message="row-99945 key-19201 payload-30b15839e34b895532a897f45e814b6eb46d7990fd97cac15b11aed0778d23e5c2b051a9f6b088c9c829c9262139305b0ce328263c532786a2c6117b277c7debf67191efc1bb1f575749048b4033ac1277333ee76585404c28808973387fcaea6c954550228ca043320f2b2381b5036d"                    | 2026-01-01 13:52:52+00 |         945 |      9945 | success
 199887 |  19201 | last=1h service=fixture-0 message="row-99944 key-19201 marker_common_192 payload-36aa9843152e6b44fe5a22fdc7005a01eaa405f0c439c78f1533648811bf1c9273c967c3d7c3feee0d66ac142929608017be32ce941a2879ab3bfb75d5b6851892e4aca709385f8b430a6398e474a31df4dd2bfaed8f437586d20b44e5778b692e0397f88a0c132bec5e7917ebb68d30"  | 2026-01-01 13:52:52+00 |         944 |      9944 | success
 199885 |  19201 | last=1h service=fixture-30 message="row-99943 key-19201 payload-b307c4433890209caf0a1c16d20fe74d9d2844b002cd56f9062142ccd2c6cf886a035ba18bf4e007b0da3f1666277322a42159e055b9b32da16b832eb0fd6ec3967b52c2d280925eda87920e4496369035e1b80775bd9dbd0d6944260aa599f0d4ee956467943837558483bd6811f9e1"                   | 2026-01-01 13:52:51+00 |         943 |      9943 | success
 199883 |  19201 | last=1h service=fixture-29 message="row-99942 key-19201 marker_common_192 payload-3a20b4dafbacdf678d6cf838394edcfa7d64923715382429265c2e26d67a7f921d9d68ef6c1b14a2407aa3f070900d06f445da383b2413e950463ed82f33793fc1efed2a1ed65578fc814ff67520457fa44d373ca7c1f6d503e7688792b2d3f40637e3608fbcf8a6d238a0ee80549e93" | 2026-01-01 13:52:51+00 |         942 |      9942 | success
 199881 |  19201 | last=1h service=fixture-28 message="row-99941 key-19201 payload-dfa044e3e49d92d24dd704ab915a0a8d9820a1d605ab862ca49b0fb584127b37322e189ebac39701584c582de6b445f0a532b7a53122493109114ba408efd6cbaa6fb862caf57b475c87d4042a3222e491ac30dd66e444d5f8ca24cd37be985661bbafe4d01b47facdf4d4afa6ed7801"                   | 2026-01-01 13:52:50+00 |         941 |      9941 | success
 199879 |  19201 | last=1h service=fixture-27 message="row-99940 key-19201 marker_common_192 payload-e85e65feaa5a4619973ace278ba45c7aa5eadf3fa92a3f85272bcc2ba457deffbbe60039fc1d8e65d5a48a3ca2d7576d2c83539a108d63d141f95e845772b8b1c509eb8b83053f7fd0a7215850b4c985e918d3bec9ff65f2d16d11c8973485dffdedd74a80b5ab53c096271e3d7eb6bf" | 2026-01-01 13:52:50+00 |         940 |      9940 | success
 199877 |  19201 | last=1h service=fixture-26 message="row-99939 key-19201 payload-531eea1b137dd2d7e28dd610f76b7ba450a7664ce5ad475dda0074ac5eb703f482dcfa055178756a678bd4bf87164fa697ef5817d83371313585e1a11ec8cc8b4a805ebb1fa5f2f687d31923138224a1549f330440c755fad7ab4e4a2901b87876a7d8c3d3f1ad91790e459488f69eaa"                   | 2026-01-01 13:52:49+00 |         939 |      9939 | success
 199875 |  19201 | last=1h service=fixture-25 message="row-99938 key-19201 marker_common_192 payload-4c109257805118d78f615ca8d0006455e5ec0a4d12755cf651245b6373be8ab66dcc54a6d296df5c1537cb9eb47c7e39bc3822831d14ae7206251b9196c879de427a41439907505aaa6b98c0f26b94f70164cdf71614f3dc7e0d2c710ed819e497e121cf11ce72a2e0d21a6eb6a6ea48" | 2026-01-01 13:52:49+00 |         938 |      9938 | success
 199873 |  19201 | last=1h service=fixture-24 message="row-99937 key-19201 payload-fcbbb945c6aeb43c3c5fdceff68ff98a1b0c6a8f31518b7c3d746480946f5798a7d064e0ed260d822aa43b595c2458213b20159ecd2161d8c69ba81324ae05ecc7c9d5c4f2442fedd151e6dbf234c2c32c5b3f387448b055cf42cce2a15227b9c7f9cb800b5a56e22816b98a88874350"                   | 2026-01-01 13:52:48+00 |         937 |      9937 | success
 199871 |  19201 | last=1h service=fixture-23 message="row-99936 key-19201 marker_common_192 payload-ad29ca29172ef783002c2970d62e42d1863b7d7681d81b917b9db8455fc6f2df0ad27a9434a116141d52bd49842c236d58154faaea7d2981ad3964eae3e82e369616bbb17d6f93cecc2fa9e00cd361d865065193a2bb4b826dadc01c4f801873c44bbe18f3d178aa470fd1372ead59aa" | 2026-01-01 13:52:48+00 |         936 |      9936 | success
 199869 |  19201 | last=1h service=fixture-22 message="row-99935 key-19201 payload-29c9c7d66d464963913db75297482c9ab167d51bef373788f8a1a26df46141300cd54065e4f3ac2e1ad103b7fa6cc036135bb16f49f80faa6d1e06e0e88b3e9fdaae4354b3586f613fc7c7acf41deb313792f4e3da765a319c741a36a35c836f8be978a6a130b6aceb2f6dc757184bff"                   | 2026-01-01 13:52:47+00 |         935 |      9935 | success
 199867 |  19201 | last=1h service=fixture-21 message="row-99934 key-19201 marker_common_192 payload-4b557244bf68beae25c00948622584957029aaf2b56a6b971912b940b1613a90f39163188064e9b79d0bd0ecb969bffd8e9840cc1ef34ea1eb6c2643e72da455a215087a1443c764625586a16f57af18fb18828e5008ba5f2d0287e69ebca4663234a3f5299bf214e1410f66afad42e9" | 2026-01-01 13:52:47+00 |         934 |      9934 | success
 199865 |  19201 | last=1h service=fixture-20 message="row-99933 key-19201 payload-8dd7e8c71c5833faff3fd8359046d98e68d0fa3af4089f1ad7c9646bf795accb2aed02dd4a9edfd79dd4cd73aeffe794efe02d0520309b46b349a9f27c6c49f0c85ad37e5cdb8c588bb4cc01fbcb418f52a31b340815f6ca0305f0315441cf674bc5052a64acf874d58ccbecdb58b452"                   | 2026-01-01 13:52:46+00 |         933 |      9933 | success
 199863 |  19201 | last=1h service=fixture-19 message="row-99932 key-19201 marker_common_192 payload-0ed19be8ff3fc40a657b059fed5a3a71220359da69702de1f2deb04148548f5ec70f382d358270cd383b1facb1a73bf4e38313022c8586fcc26fab026888647d56715aec3f37fdfe1d0b9de439d299603f1e3365a3901c23a6752c9b830672ea426d5ad423509b48381eafe66298c16d" | 2026-01-01 13:52:46+00 |         932 |      9932 | success
 199861 |  19201 | last=1h service=fixture-18 message="row-99931 key-19201 payload-4e0c42a6c19ceecd0bc8591d6580fa2f348b2bdd96bb20db0d6f621930dfd11735da8b9a2befd359bafa823b66ddb1b51b7c250f70a522723ecb861751f9edd03f47560a2a93469e734e190cb86a8e2bc5a0d0f62d1805a4e890508d0c73927d482fe91635b04c881c93e3fe1c17085d"                   | 2026-01-01 13:52:45+00 |         931 |      9931 | success
 199859 |  19201 | last=1h service=fixture-17 message="row-99930 key-19201 marker_common_192 payload-62118f025e554c25ebeef33f58e8a058ba9617455ce84279da2f7ab20194a758166bd0fe65ad69ebbfc2193016f5fd5cb03b9bb4e96a703c095e1cb4c8c4e70644589179cd107e0083ee4849b23cff2d40f9db8a5960e5de36919237a1cba92bf38190308ffed92b16eac2e12295319d" | 2026-01-01 13:52:45+00 |         930 |      9930 | success
 199857 |  19201 | last=1h service=fixture-16 message="row-99929 key-19201 payload-d0525d9d766ffbaf4bc90717ff275b7f036ec2845179b0aea17698f4cdc881b2e3cda7898cc216abca66f8be590b0020b76cfe6f5029124b75ab08f43d7f281d023b5540bac6112f914db7fd1b3b97c256c951e43f202a308aa543ab6d272378152b2e03ffa44e6d03fd16dc88750f7d"                   | 2026-01-01 13:52:44+00 |         929 |      9929 | success
 199855 |  19201 | last=1h service=fixture-15 message="row-99928 key-19201 marker_common_192 payload-a641fc12ccc99a6cf674dca47ef2ec25551c00a235b95853ba0bc94fb398ef2590e30c63b03323f4a2d96417d50b8957e9bf19c6e9e5a774398b63d3de9948804e0254c7b0ea19e598b26fb6982f165f3048cf8010420d583e2eceb7c3397b62434ff433f39447427cd5033ca0762b44" | 2026-01-01 13:52:44+00 |         928 |      9928 | success
 199853 |  19201 | last=1h service=fixture-14 message="row-99927 key-19201 payload-69da942a7ff91da14d326d92162ddfcd1854a0f1abf8fc609dab2c9d45ce6c0ba530141443c74180f6347afd110d9ef0f56885d08842813e2242765757478642577eaf7a2b409ee4ad315a4ca6ff1182790abbaa089820ffceae823d72b68ac31d13a05eb968989bbb7bcf78abcb0c0a"                   | 2026-01-01 13:52:43+00 |         927 |      9927 | success
 199851 |  19201 | last=1h service=fixture-13 message="row-99926 key-19201 marker_common_192 payload-c8634f69d5f5baac78aae18a10b9c1daa0e004bd72a4b5ef1b802568945139dbc51fcbdaf26a6cb082eb5a31a1f2353d6b6c3dfe7cbc0e0d3eda89d7224808b14165424e6082b7c4e27dcf6675f243d5d4f9a1ab04b99aba2909c969442058438eddc18445706edf1ba3f29c84efd807" | 2026-01-01 13:52:43+00 |         926 |      9926 | success
 199849 |  19201 | last=1h service=fixture-12 message="row-99925 key-19201 payload-8bc322a49fb6e391ec88c720d99478764175f6da89ef2e05e62b8be058774e90311897e05f1e6bdfea16355cd6aa120f0967bced827c98ffc32f4f04f8a6d324021848127b7479681bdd8f34e351de0728fd69c5a1c9dc1c522cbb157e5e1d043d02f16bf9743d53b7b8bf6c37bab6bc"                   | 2026-01-01 13:52:42+00 |         925 |      9925 | success
 199847 |  19201 | last=1h service=fixture-11 message="row-99924 key-19201 marker_common_192 payload-ee4897a3624aa9ee8df91245b4752b2080f9e5ad1d07bec00ebfb6e32318dc5544cf7a7c20cdb9ab7288ee3c33c95b42fc589190e058e4920e3ab36868c517cd3130f747a97f34435013b9a2be9a14a2a3b3c75ee1198452e2e6d42051bab5758be65ea9f2fdac27de25df92dda31e4a" | 2026-01-01 13:52:42+00 |         924 |      9924 | success
 199845 |  19201 | last=1h service=fixture-10 message="row-99923 key-19201 payload-28ab1b1ce1a778578b8041268c45ac60dcc5cbd9ba076a218f081969325e6bf42e281944c2ecec027dd38bbfe99d62e87828733b907cad019e0a1ae1a40e01e8b984d2786116446fd7b527ea2e7fefff5ed45d387ee3700d9a873a45aced3e5eccb325946ffda0305adb4adaeefb4a24"                   | 2026-01-01 13:52:41+00 |         923 |      9923 | success
 199843 |  19201 | last=1h service=fixture-9 message="row-99922 key-19201 marker_common_192 payload-fa86abfaa7dac87ccdb495ee366b3cfadf4aeb0384767f80a2e10bf62282f6e88e5c7dad034b650bd18ada1627256f8153464f7773c7ed81d81c30aa65d4d94deae7651a717d46f2ba3e1537f90cce58d23a20b7a7f28de42c74944c635954b97c4d5f89f3dbd443f5b3ad158ebfe5ea"  | 2026-01-01 13:52:41+00 |         922 |      9922 | success
 199841 |  19201 | last=1h service=fixture-8 message="row-99921 key-19201 payload-f5e1c9819cf2dc338571424805f51a27bc0bf286fd0b6174c26144e92f3f0ac72111eaac97d2c0108cda0e7798e017e0e35f5285bf8367a9b2d504dd483489f4d5336b2f7606cbbddd8c695e30bb64680aa925e15b8f0e379f2cbb8b44970e96f84192807ce2fa27b2ee73d58d3bf7d8"                    | 2026-01-01 13:52:40+00 |         921 |      9921 | success
 199839 |  19201 | last=1h service=fixture-7 message="row-99920 key-19201 marker_common_192 payload-c4617b1b60be9f8845971f5a3dd8d14afe066197580dfe10b1957e55c1070b93b1ba24d0901dec6a064f099f4d8441d089dfebf619460cb8c072aad84af2a3c3acea304206d51ab86a1473dc4a9b664c5e0ba55c4c6571b07e995775bed92e214dfb2f091ecffbeab1a5e4787eabd104"  | 2026-01-01 13:52:40+00 |         920 |      9920 | success
 199837 |  19201 | last=1h service=fixture-6 message="row-99919 key-19201 payload-ae5bd9f323524c5231e2358d0fffc77ad40d02ce1e7b07877e425ec631bda7fe3672db5b1af0ba6b0ce12331d3630f8c2a7b5e686805ae5361af09132923b6dc61332f86c9749e193ec4d8c51d38cea9aa74b23b5d3c419d6f9e3cc008c6747ad9a86d6d52ae9dff80504ffce0b18352"                    | 2026-01-01 13:52:39+00 |         919 |      9919 | success
 199835 |  19201 | last=1h service=fixture-5 message="row-99918 key-19201 marker_common_192 payload-301008764b9022008cc2bf397b7a03e4e4ea3ed206e7e37e9f6c6311abc97fb2da30860b895572b748369b0b2477633db574e432ca23becb6f4f7a67b30f5c2f1074cbebfc81e5d6c960603bf17d319e347f15d99015073d57f7ce588b065a545b30a8fedd9ac9a579aad7bdab0a5d4c"  | 2026-01-01 13:52:39+00 |         918 |      9918 | success
 199833 |  19201 | last=1h service=fixture-4 message="row-99917 key-19201 payload-5b790530dab41d2e58637dbe4e06f72d9ba17da75caf41f29d1eca3f932533866b3a18e481a0969e2ace0f386761d6167ccf8fda33704bfb05e3b2685d487d22b5e1488d9686ca8da394d4ddbbefcee750b02d8b8b620c201e92fc3b6cad14e2093344ecf080827ef72b2caa160b5c80"                    | 2026-01-01 13:52:38+00 |         917 |      9917 | success
 199831 |  19201 | last=1h service=fixture-3 message="row-99916 key-19201 marker_common_192 payload-57245e5a359b98280b5719f1bfb2fa03b5db0a2e8f21cf4039b92c5476ab2dc98a2d611a9938c4294c7426726b5a7767ace799bf019afe85feb07494052196553684d2c45a60339355ff15fc4137cfd88825618cd16ea4efc311883d8399642964479f132193d467ef2c477dec6dbdd9"  | 2026-01-01 13:52:38+00 |         916 |      9916 | success
 199829 |  19201 | last=1h service=fixture-2 message="row-99915 key-19201 payload-c4f4c95ea2dc17f4b6ef647b1bc69caff3f1c2f0a9e521b0d24bc9346b5f866cdc7999a47fdbc4812a361d7480472d60499cd30191313f4a3a0db0f35e62d967d6ff1e3187027562f98c1650a60d0d4603a3cf63f2e6a73861dfbca6b346c1ab55bc979b72420e01539fa617b37790c8"                    | 2026-01-01 13:52:37+00 |         915 |      9915 | success
 199827 |  19201 | last=1h service=fixture-1 message="row-99914 key-19201 marker_common_192 payload-8f2db8df42f62c96dbeba49b583f5f829a8c0898add7cba2f9d387b14ea7b3718a0a234918e5f4e0511c4902b5154432edd181fbbf53c4e8fa9a8201dbc75de7fd3ead48220b459108b4596b0437e35fa5ccf6fc8bc6267d5d11663e2dcb71db8c832012f4814b10927e4601c769fb56"  | 2026-01-01 13:52:37+00 |         914 |      9914 | success
 199825 |  19201 | last=1h service=fixture-0 message="row-99913 key-19201 payload-d82c174c256f182e8c06cf03e2f1340192cca4c567af431d3f96e1875430ee630b2b7e3c3cd0b64ccf7a760865d4dd4cfd8e5acfad9d93e4a87432176ec0e2dbcdd7c96070447dcc8558756927f49afa85e45ae0ff6dda2f62f37690d62840459b983e765a15abb4e3164e7a6266445b"                    | 2026-01-01 13:52:36+00 |         913 |      9913 | success
 199823 |  19201 | last=1h service=fixture-30 message="row-99912 key-19201 marker_common_192 payload-c7de5d0cbd79e1c7d261ac71e0818347ae522d96c76cf81e86ea0711fbd525c96a6ab3f4d19bb2cd9e1dc3d2c8501604cd1864467600bbd120e3503d8b3fcd74140f83bf37e932fbaa2935b4cc932ca4cfb0106e8e93129362198e9e0d9de7b9c4503c9880a13a2231d55aa366c3387c" | 2026-01-01 13:52:36+00 |         912 |      9912 | success
 199821 |  19201 | last=1h service=fixture-29 message="row-99911 key-19201 payload-34e310afb5ad03addc758dd0be97b5af164cdccbbfaa43ed27897d344490fc7b8660dd9cda32306a4842e183ea2b52678703ebfb664e7ff319e8dd328d2e4fc3d54a952fde8649fa322976d8e3405ec1b2d82c574c977ad6ab6755853367a24d189c6f17b55eff823d41f1c2b95dffe4"                   | 2026-01-01 13:52:35+00 |         911 |      9911 | success
 199819 |  19201 | last=1h service=fixture-28 message="row-99910 key-19201 marker_common_192 payload-01053c8b90988674aecaf9dfb22de1b4f4788d810f352f603dab337e3cd2685938a732cece5f213108e4bec1db3f5ee7eb1226ebca79060decc1d34cb82e2b44e13b19be5960f857121c3ba449e2987a62a8a68a91218d1be5aa1dad64f1d5e9a20bca9591552a1153eee06899b5caef" | 2026-01-01 13:52:35+00 |         910 |      9910 | success
 199817 |  19201 | last=1h service=fixture-27 message="row-99909 key-19201 payload-814032bb6b7d7a632c1c6a1966871a8b6111aea0d0515ddd1dd7f547d619aaaf096f57bd17dd306271c54a83b495220bb90059ff0fdec98c51bd5c30eb19f9902b6017e04e5b673f41bbdea469db2ffea9a0ca04049a5916cfd53935f85de20699c7f829eda1895eb197b6f8eb48113e"                   | 2026-01-01 13:52:34+00 |         909 |      9909 | success
 199815 |  19201 | last=1h service=fixture-26 message="row-99908 key-19201 marker_common_192 payload-90d432b2f5d7e55b1a95347af93825d7ab03a980decb3db42caba3795557c97fb458f20e8bf2b21efd7380487a352d5ba9b1c246e6f38114b955ee58e8b7c50ed9ecfeb23d63330d54c15ceb44d8c1a80c553bf8e007df6aa5a14368e68a65f2966edb09aebc5757f5c8e11d2c6d25e3" | 2026-01-01 13:52:34+00 |         908 |      9908 | success
 199813 |  19201 | last=1h service=fixture-25 message="row-99907 key-19201 payload-ecd56b6d0bc933715670158ad9b6bd3d0bd845914e4be55fb2fbbc9b70511a483daf78a26503bd7cadbe6c99744993f56d12aa6effc6230100880f920c072f32a94bf7dd6d5f941220a7771ba77ed3bb0906e26a9e8883f93e6472d3a93affe33524c1a2287d1386bf74407074a9f7c0"                   | 2026-01-01 13:52:33+00 |         907 |      9907 | success
 199811 |  19201 | last=1h service=fixture-24 message="row-99906 key-19201 marker_common_192 payload-1d5080b9a52187bf67e139186dc4b0c933b00fdd2dae2d7cdba4e84f54d5bc5463f7b408e24991830c336151dc6408247238a9521cbe61c804784d629030925773c950a9ab54be8fa27d65801fc93b99863eb3248368af4659296140c765909371f650678efc2c8518ee37d95241de39" | 2026-01-01 13:52:33+00 |         906 |      9906 | success
 199809 |  19201 | last=1h service=fixture-23 message="row-99905 key-19201 payload-8c7a35cb4453095b94375ead03db6c733f5f0fcbad57258df989a6208dfd7f96f1d4eb072409634a148587f879171977eb980b0901949c4d4dc9241ce4245c1519d6e79a78630fd06416fca185e1487fcd3bab511e179c18759fd7037e8db26a5c0bb9946b2da2b2ec6a6e146f95628e"                   | 2026-01-01 13:52:32+00 |         905 |      9905 | success
 199807 |  19201 | last=1h service=fixture-22 message="row-99904 key-19201 marker_common_192 payload-1a7e1954f9005b7149eb0d116b677e93798140dfd9750bef6a74c8622b919741a31bcc9cf48b2c50f21362268d2b35caf17ea45542a48304c925c592e62d7e5fdac9cb376c7a9d7f0a067022bda8c8adce659fac214dbca9c7b6d06de39d9886e6d6d0c859eb8d12064ef7970c5a3da7" | 2026-01-01 13:52:32+00 |         904 |      9904 | success
 199805 |  19201 | last=1h service=fixture-21 message="row-99903 key-19201 payload-4cf8cb1e5b8c49a9285a7d262366e74ac7baa40a94666a5d74f7e97631663c44d1e9cd115bee010d842c687099f0f6944698b92974ab88ff7821e9be5abc032889f5a080adbc679c1ae807cb3f3376f315169864289a9a4fab92abe79065a4e16a61aed90abb0551db85bae7e8045c4b"                   | 2026-01-01 13:52:31+00 |         903 |      9903 | success
 199803 |  19201 | last=1h service=fixture-20 message="row-99902 key-19201 marker_common_192 payload-9a4fc18ad6808441d97f74ceaefe575ddce7c77efbe27d500fbd5a7122746e9e18e49dc073e5a3491fa3d14cc110073894a27e58e3215acd8ee082b3fd2873a1dc914bae03f3580a4780dbd545f1d50169b3f6355942995b6057d10501d0184b261f4677eb678cefc5cec65053835436" | 2026-01-01 13:52:31+00 |         902 |      9902 | success
 199801 |  19201 | last=1h service=fixture-19 message="row-99901 key-19201 payload-3621e57bbaebbd1e44fb643de7259fc55d984f5221fc88f086460f472d1e5281df8cfcac5857097bbee87efc8fd250da72fb30268e359e335a477e5ccadf87a46ee16cd14f832bcf35f4d138423df4bf3a10348dc7726e6030b4de79b9cdafb65419ca6f835ebbdda203cbb5346711ae"                   | 2026-01-01 13:52:30+00 |         901 |      9901 | success
(50 rows)

COMMIT
BEGIN
SET
 count  
--------
 100000
(1 row)

   id   | key_id |                                                                                                                                                        query                                                                                                                                                        |      executed_at       | duration_ms | row_count | status  
--------+--------+---------------------------------------------------------------------------------------------------------------------------------------------------------------------------------------------------------------------------------------------------------------------------------------------------------------------+------------------------+-------------+-----------+---------
 199899 |  19201 | last=1h service=fixture-6 message="row-99950 key-19201 marker_common_192 payload-3da877f2cd753a6577b8a3ab09caac44767b490eac50c7077c576bbe2113c5a9df03f45d04fff0370aaf1c0b187c2192a7b64c67fe4e4f6dc293d058cc617236a4c6b83b1d66326750c045949048eddb109d53f2a470998598ffab20b5f912b66585b6739afe0a3a4add431dedce2b0b"  | 2026-01-01 13:52:55+00 |         950 |      9950 | success
 199897 |  19201 | last=1h service=fixture-5 message="row-99949 key-19201 payload-02bc0c2e6904055ac55576877cba9066661f078261387af294925c1e1330aefaa37f368262d7efb4867ee50b94afd0628ec890f1465fbc51f19f2aef82ac6116fb406ba753e1ec39f67168289febe0ab8e9fac503b360498a7bcb504b6f4b2e5f66c170b795dd320e6cc3a4562591120"                    | 2026-01-01 13:52:54+00 |         949 |      9949 | success
 199895 |  19201 | last=1h service=fixture-4 message="row-99948 key-19201 marker_common_192 payload-a6e7edc5c59dc0e34ed5b7869cecb025444f90e7fdaba13680e517b9697eccc21c261d9121375a0ba931e37b5047c81c53a0f1b15661be1cd0a73dae25e1d7110d72d5125b5df9a31d2fc5987ac2a77f731f6b8c745a7394aa49f0e47f0d0af3148e0f71304e8a4e777771d4162b1016"  | 2026-01-01 13:52:54+00 |         948 |      9948 | success
 199893 |  19201 | last=1h service=fixture-3 message="row-99947 key-19201 payload-fff98161490278f06cf58817bd798878fc03605b11ab5b267042f6ab8eec8de5e1cd4ebf6cbbe79199af715dd8b18e76301cab6ab0367193755eb8a496dc858633b4fbc1bd6c0e7841b618fb80b577d3dbb8a307042be5c9ec75cfcb4b9ee8b99095a88f07a929d405ac7f53cb94f0f6"                    | 2026-01-01 13:52:53+00 |         947 |      9947 | success
 199891 |  19201 | last=1h service=fixture-2 message="row-99946 key-19201 marker_common_192 payload-8a98888f759a192974dc5f142995cd318ccac56a6048de586a57ae55e903010229d396faf729d23e70db55d4b444feb9f858ee63c7ff6d01ed0d4f19f89d8cb4e0e427f4342c3e38b8137e9a287e7cb3c367b22283dc5fa5fcf068df00cc8682d8df743f4e862ee3d02435d23087f596"  | 2026-01-01 13:52:53+00 |         946 |      9946 | success
 199889 |  19201 | last=1h service=fixture-1 message="row-99945 key-19201 payload-30b15839e34b895532a897f45e814b6eb46d7990fd97cac15b11aed0778d23e5c2b051a9f6b088c9c829c9262139305b0ce328263c532786a2c6117b277c7debf67191efc1bb1f575749048b4033ac1277333ee76585404c28808973387fcaea6c954550228ca043320f2b2381b5036d"                    | 2026-01-01 13:52:52+00 |         945 |      9945 | success
 199887 |  19201 | last=1h service=fixture-0 message="row-99944 key-19201 marker_common_192 payload-36aa9843152e6b44fe5a22fdc7005a01eaa405f0c439c78f1533648811bf1c9273c967c3d7c3feee0d66ac142929608017be32ce941a2879ab3bfb75d5b6851892e4aca709385f8b430a6398e474a31df4dd2bfaed8f437586d20b44e5778b692e0397f88a0c132bec5e7917ebb68d30"  | 2026-01-01 13:52:52+00 |         944 |      9944 | success
 199885 |  19201 | last=1h service=fixture-30 message="row-99943 key-19201 payload-b307c4433890209caf0a1c16d20fe74d9d2844b002cd56f9062142ccd2c6cf886a035ba18bf4e007b0da3f1666277322a42159e055b9b32da16b832eb0fd6ec3967b52c2d280925eda87920e4496369035e1b80775bd9dbd0d6944260aa599f0d4ee956467943837558483bd6811f9e1"                   | 2026-01-01 13:52:51+00 |         943 |      9943 | success
 199883 |  19201 | last=1h service=fixture-29 message="row-99942 key-19201 marker_common_192 payload-3a20b4dafbacdf678d6cf838394edcfa7d64923715382429265c2e26d67a7f921d9d68ef6c1b14a2407aa3f070900d06f445da383b2413e950463ed82f33793fc1efed2a1ed65578fc814ff67520457fa44d373ca7c1f6d503e7688792b2d3f40637e3608fbcf8a6d238a0ee80549e93" | 2026-01-01 13:52:51+00 |         942 |      9942 | success
 199881 |  19201 | last=1h service=fixture-28 message="row-99941 key-19201 payload-dfa044e3e49d92d24dd704ab915a0a8d9820a1d605ab862ca49b0fb584127b37322e189ebac39701584c582de6b445f0a532b7a53122493109114ba408efd6cbaa6fb862caf57b475c87d4042a3222e491ac30dd66e444d5f8ca24cd37be985661bbafe4d01b47facdf4d4afa6ed7801"                   | 2026-01-01 13:52:50+00 |         941 |      9941 | success
 199879 |  19201 | last=1h service=fixture-27 message="row-99940 key-19201 marker_common_192 payload-e85e65feaa5a4619973ace278ba45c7aa5eadf3fa92a3f85272bcc2ba457deffbbe60039fc1d8e65d5a48a3ca2d7576d2c83539a108d63d141f95e845772b8b1c509eb8b83053f7fd0a7215850b4c985e918d3bec9ff65f2d16d11c8973485dffdedd74a80b5ab53c096271e3d7eb6bf" | 2026-01-01 13:52:50+00 |         940 |      9940 | success
 199877 |  19201 | last=1h service=fixture-26 message="row-99939 key-19201 payload-531eea1b137dd2d7e28dd610f76b7ba450a7664ce5ad475dda0074ac5eb703f482dcfa055178756a678bd4bf87164fa697ef5817d83371313585e1a11ec8cc8b4a805ebb1fa5f2f687d31923138224a1549f330440c755fad7ab4e4a2901b87876a7d8c3d3f1ad91790e459488f69eaa"                   | 2026-01-01 13:52:49+00 |         939 |      9939 | success
 199875 |  19201 | last=1h service=fixture-25 message="row-99938 key-19201 marker_common_192 payload-4c109257805118d78f615ca8d0006455e5ec0a4d12755cf651245b6373be8ab66dcc54a6d296df5c1537cb9eb47c7e39bc3822831d14ae7206251b9196c879de427a41439907505aaa6b98c0f26b94f70164cdf71614f3dc7e0d2c710ed819e497e121cf11ce72a2e0d21a6eb6a6ea48" | 2026-01-01 13:52:49+00 |         938 |      9938 | success
 199873 |  19201 | last=1h service=fixture-24 message="row-99937 key-19201 payload-fcbbb945c6aeb43c3c5fdceff68ff98a1b0c6a8f31518b7c3d746480946f5798a7d064e0ed260d822aa43b595c2458213b20159ecd2161d8c69ba81324ae05ecc7c9d5c4f2442fedd151e6dbf234c2c32c5b3f387448b055cf42cce2a15227b9c7f9cb800b5a56e22816b98a88874350"                   | 2026-01-01 13:52:48+00 |         937 |      9937 | success
 199871 |  19201 | last=1h service=fixture-23 message="row-99936 key-19201 marker_common_192 payload-ad29ca29172ef783002c2970d62e42d1863b7d7681d81b917b9db8455fc6f2df0ad27a9434a116141d52bd49842c236d58154faaea7d2981ad3964eae3e82e369616bbb17d6f93cecc2fa9e00cd361d865065193a2bb4b826dadc01c4f801873c44bbe18f3d178aa470fd1372ead59aa" | 2026-01-01 13:52:48+00 |         936 |      9936 | success
 199869 |  19201 | last=1h service=fixture-22 message="row-99935 key-19201 payload-29c9c7d66d464963913db75297482c9ab167d51bef373788f8a1a26df46141300cd54065e4f3ac2e1ad103b7fa6cc036135bb16f49f80faa6d1e06e0e88b3e9fdaae4354b3586f613fc7c7acf41deb313792f4e3da765a319c741a36a35c836f8be978a6a130b6aceb2f6dc757184bff"                   | 2026-01-01 13:52:47+00 |         935 |      9935 | success
 199867 |  19201 | last=1h service=fixture-21 message="row-99934 key-19201 marker_common_192 payload-4b557244bf68beae25c00948622584957029aaf2b56a6b971912b940b1613a90f39163188064e9b79d0bd0ecb969bffd8e9840cc1ef34ea1eb6c2643e72da455a215087a1443c764625586a16f57af18fb18828e5008ba5f2d0287e69ebca4663234a3f5299bf214e1410f66afad42e9" | 2026-01-01 13:52:47+00 |         934 |      9934 | success
 199865 |  19201 | last=1h service=fixture-20 message="row-99933 key-19201 payload-8dd7e8c71c5833faff3fd8359046d98e68d0fa3af4089f1ad7c9646bf795accb2aed02dd4a9edfd79dd4cd73aeffe794efe02d0520309b46b349a9f27c6c49f0c85ad37e5cdb8c588bb4cc01fbcb418f52a31b340815f6ca0305f0315441cf674bc5052a64acf874d58ccbecdb58b452"                   | 2026-01-01 13:52:46+00 |         933 |      9933 | success
 199863 |  19201 | last=1h service=fixture-19 message="row-99932 key-19201 marker_common_192 payload-0ed19be8ff3fc40a657b059fed5a3a71220359da69702de1f2deb04148548f5ec70f382d358270cd383b1facb1a73bf4e38313022c8586fcc26fab026888647d56715aec3f37fdfe1d0b9de439d299603f1e3365a3901c23a6752c9b830672ea426d5ad423509b48381eafe66298c16d" | 2026-01-01 13:52:46+00 |         932 |      9932 | success
 199861 |  19201 | last=1h service=fixture-18 message="row-99931 key-19201 payload-4e0c42a6c19ceecd0bc8591d6580fa2f348b2bdd96bb20db0d6f621930dfd11735da8b9a2befd359bafa823b66ddb1b51b7c250f70a522723ecb861751f9edd03f47560a2a93469e734e190cb86a8e2bc5a0d0f62d1805a4e890508d0c73927d482fe91635b04c881c93e3fe1c17085d"                   | 2026-01-01 13:52:45+00 |         931 |      9931 | success
 199859 |  19201 | last=1h service=fixture-17 message="row-99930 key-19201 marker_common_192 payload-62118f025e554c25ebeef33f58e8a058ba9617455ce84279da2f7ab20194a758166bd0fe65ad69ebbfc2193016f5fd5cb03b9bb4e96a703c095e1cb4c8c4e70644589179cd107e0083ee4849b23cff2d40f9db8a5960e5de36919237a1cba92bf38190308ffed92b16eac2e12295319d" | 2026-01-01 13:52:45+00 |         930 |      9930 | success
 199857 |  19201 | last=1h service=fixture-16 message="row-99929 key-19201 payload-d0525d9d766ffbaf4bc90717ff275b7f036ec2845179b0aea17698f4cdc881b2e3cda7898cc216abca66f8be590b0020b76cfe6f5029124b75ab08f43d7f281d023b5540bac6112f914db7fd1b3b97c256c951e43f202a308aa543ab6d272378152b2e03ffa44e6d03fd16dc88750f7d"                   | 2026-01-01 13:52:44+00 |         929 |      9929 | success
 199855 |  19201 | last=1h service=fixture-15 message="row-99928 key-19201 marker_common_192 payload-a641fc12ccc99a6cf674dca47ef2ec25551c00a235b95853ba0bc94fb398ef2590e30c63b03323f4a2d96417d50b8957e9bf19c6e9e5a774398b63d3de9948804e0254c7b0ea19e598b26fb6982f165f3048cf8010420d583e2eceb7c3397b62434ff433f39447427cd5033ca0762b44" | 2026-01-01 13:52:44+00 |         928 |      9928 | success
 199853 |  19201 | last=1h service=fixture-14 message="row-99927 key-19201 payload-69da942a7ff91da14d326d92162ddfcd1854a0f1abf8fc609dab2c9d45ce6c0ba530141443c74180f6347afd110d9ef0f56885d08842813e2242765757478642577eaf7a2b409ee4ad315a4ca6ff1182790abbaa089820ffceae823d72b68ac31d13a05eb968989bbb7bcf78abcb0c0a"                   | 2026-01-01 13:52:43+00 |         927 |      9927 | success
 199851 |  19201 | last=1h service=fixture-13 message="row-99926 key-19201 marker_common_192 payload-c8634f69d5f5baac78aae18a10b9c1daa0e004bd72a4b5ef1b802568945139dbc51fcbdaf26a6cb082eb5a31a1f2353d6b6c3dfe7cbc0e0d3eda89d7224808b14165424e6082b7c4e27dcf6675f243d5d4f9a1ab04b99aba2909c969442058438eddc18445706edf1ba3f29c84efd807" | 2026-01-01 13:52:43+00 |         926 |      9926 | success
 199849 |  19201 | last=1h service=fixture-12 message="row-99925 key-19201 payload-8bc322a49fb6e391ec88c720d99478764175f6da89ef2e05e62b8be058774e90311897e05f1e6bdfea16355cd6aa120f0967bced827c98ffc32f4f04f8a6d324021848127b7479681bdd8f34e351de0728fd69c5a1c9dc1c522cbb157e5e1d043d02f16bf9743d53b7b8bf6c37bab6bc"                   | 2026-01-01 13:52:42+00 |         925 |      9925 | success
 199847 |  19201 | last=1h service=fixture-11 message="row-99924 key-19201 marker_common_192 payload-ee4897a3624aa9ee8df91245b4752b2080f9e5ad1d07bec00ebfb6e32318dc5544cf7a7c20cdb9ab7288ee3c33c95b42fc589190e058e4920e3ab36868c517cd3130f747a97f34435013b9a2be9a14a2a3b3c75ee1198452e2e6d42051bab5758be65ea9f2fdac27de25df92dda31e4a" | 2026-01-01 13:52:42+00 |         924 |      9924 | success
 199845 |  19201 | last=1h service=fixture-10 message="row-99923 key-19201 payload-28ab1b1ce1a778578b8041268c45ac60dcc5cbd9ba076a218f081969325e6bf42e281944c2ecec027dd38bbfe99d62e87828733b907cad019e0a1ae1a40e01e8b984d2786116446fd7b527ea2e7fefff5ed45d387ee3700d9a873a45aced3e5eccb325946ffda0305adb4adaeefb4a24"                   | 2026-01-01 13:52:41+00 |         923 |      9923 | success
 199843 |  19201 | last=1h service=fixture-9 message="row-99922 key-19201 marker_common_192 payload-fa86abfaa7dac87ccdb495ee366b3cfadf4aeb0384767f80a2e10bf62282f6e88e5c7dad034b650bd18ada1627256f8153464f7773c7ed81d81c30aa65d4d94deae7651a717d46f2ba3e1537f90cce58d23a20b7a7f28de42c74944c635954b97c4d5f89f3dbd443f5b3ad158ebfe5ea"  | 2026-01-01 13:52:41+00 |         922 |      9922 | success
 199841 |  19201 | last=1h service=fixture-8 message="row-99921 key-19201 payload-f5e1c9819cf2dc338571424805f51a27bc0bf286fd0b6174c26144e92f3f0ac72111eaac97d2c0108cda0e7798e017e0e35f5285bf8367a9b2d504dd483489f4d5336b2f7606cbbddd8c695e30bb64680aa925e15b8f0e379f2cbb8b44970e96f84192807ce2fa27b2ee73d58d3bf7d8"                    | 2026-01-01 13:52:40+00 |         921 |      9921 | success
 199839 |  19201 | last=1h service=fixture-7 message="row-99920 key-19201 marker_common_192 payload-c4617b1b60be9f8845971f5a3dd8d14afe066197580dfe10b1957e55c1070b93b1ba24d0901dec6a064f099f4d8441d089dfebf619460cb8c072aad84af2a3c3acea304206d51ab86a1473dc4a9b664c5e0ba55c4c6571b07e995775bed92e214dfb2f091ecffbeab1a5e4787eabd104"  | 2026-01-01 13:52:40+00 |         920 |      9920 | success
 199837 |  19201 | last=1h service=fixture-6 message="row-99919 key-19201 payload-ae5bd9f323524c5231e2358d0fffc77ad40d02ce1e7b07877e425ec631bda7fe3672db5b1af0ba6b0ce12331d3630f8c2a7b5e686805ae5361af09132923b6dc61332f86c9749e193ec4d8c51d38cea9aa74b23b5d3c419d6f9e3cc008c6747ad9a86d6d52ae9dff80504ffce0b18352"                    | 2026-01-01 13:52:39+00 |         919 |      9919 | success
 199835 |  19201 | last=1h service=fixture-5 message="row-99918 key-19201 marker_common_192 payload-301008764b9022008cc2bf397b7a03e4e4ea3ed206e7e37e9f6c6311abc97fb2da30860b895572b748369b0b2477633db574e432ca23becb6f4f7a67b30f5c2f1074cbebfc81e5d6c960603bf17d319e347f15d99015073d57f7ce588b065a545b30a8fedd9ac9a579aad7bdab0a5d4c"  | 2026-01-01 13:52:39+00 |         918 |      9918 | success
 199833 |  19201 | last=1h service=fixture-4 message="row-99917 key-19201 payload-5b790530dab41d2e58637dbe4e06f72d9ba17da75caf41f29d1eca3f932533866b3a18e481a0969e2ace0f386761d6167ccf8fda33704bfb05e3b2685d487d22b5e1488d9686ca8da394d4ddbbefcee750b02d8b8b620c201e92fc3b6cad14e2093344ecf080827ef72b2caa160b5c80"                    | 2026-01-01 13:52:38+00 |         917 |      9917 | success
 199831 |  19201 | last=1h service=fixture-3 message="row-99916 key-19201 marker_common_192 payload-57245e5a359b98280b5719f1bfb2fa03b5db0a2e8f21cf4039b92c5476ab2dc98a2d611a9938c4294c7426726b5a7767ace799bf019afe85feb07494052196553684d2c45a60339355ff15fc4137cfd88825618cd16ea4efc311883d8399642964479f132193d467ef2c477dec6dbdd9"  | 2026-01-01 13:52:38+00 |         916 |      9916 | success
 199829 |  19201 | last=1h service=fixture-2 message="row-99915 key-19201 payload-c4f4c95ea2dc17f4b6ef647b1bc69caff3f1c2f0a9e521b0d24bc9346b5f866cdc7999a47fdbc4812a361d7480472d60499cd30191313f4a3a0db0f35e62d967d6ff1e3187027562f98c1650a60d0d4603a3cf63f2e6a73861dfbca6b346c1ab55bc979b72420e01539fa617b37790c8"                    | 2026-01-01 13:52:37+00 |         915 |      9915 | success
 199827 |  19201 | last=1h service=fixture-1 message="row-99914 key-19201 marker_common_192 payload-8f2db8df42f62c96dbeba49b583f5f829a8c0898add7cba2f9d387b14ea7b3718a0a234918e5f4e0511c4902b5154432edd181fbbf53c4e8fa9a8201dbc75de7fd3ead48220b459108b4596b0437e35fa5ccf6fc8bc6267d5d11663e2dcb71db8c832012f4814b10927e4601c769fb56"  | 2026-01-01 13:52:37+00 |         914 |      9914 | success
 199825 |  19201 | last=1h service=fixture-0 message="row-99913 key-19201 payload-d82c174c256f182e8c06cf03e2f1340192cca4c567af431d3f96e1875430ee630b2b7e3c3cd0b64ccf7a760865d4dd4cfd8e5acfad9d93e4a87432176ec0e2dbcdd7c96070447dcc8558756927f49afa85e45ae0ff6dda2f62f37690d62840459b983e765a15abb4e3164e7a6266445b"                    | 2026-01-01 13:52:36+00 |         913 |      9913 | success
 199823 |  19201 | last=1h service=fixture-30 message="row-99912 key-19201 marker_common_192 payload-c7de5d0cbd79e1c7d261ac71e0818347ae522d96c76cf81e86ea0711fbd525c96a6ab3f4d19bb2cd9e1dc3d2c8501604cd1864467600bbd120e3503d8b3fcd74140f83bf37e932fbaa2935b4cc932ca4cfb0106e8e93129362198e9e0d9de7b9c4503c9880a13a2231d55aa366c3387c" | 2026-01-01 13:52:36+00 |         912 |      9912 | success
 199821 |  19201 | last=1h service=fixture-29 message="row-99911 key-19201 payload-34e310afb5ad03addc758dd0be97b5af164cdccbbfaa43ed27897d344490fc7b8660dd9cda32306a4842e183ea2b52678703ebfb664e7ff319e8dd328d2e4fc3d54a952fde8649fa322976d8e3405ec1b2d82c574c977ad6ab6755853367a24d189c6f17b55eff823d41f1c2b95dffe4"                   | 2026-01-01 13:52:35+00 |         911 |      9911 | success
 199819 |  19201 | last=1h service=fixture-28 message="row-99910 key-19201 marker_common_192 payload-01053c8b90988674aecaf9dfb22de1b4f4788d810f352f603dab337e3cd2685938a732cece5f213108e4bec1db3f5ee7eb1226ebca79060decc1d34cb82e2b44e13b19be5960f857121c3ba449e2987a62a8a68a91218d1be5aa1dad64f1d5e9a20bca9591552a1153eee06899b5caef" | 2026-01-01 13:52:35+00 |         910 |      9910 | success
 199817 |  19201 | last=1h service=fixture-27 message="row-99909 key-19201 payload-814032bb6b7d7a632c1c6a1966871a8b6111aea0d0515ddd1dd7f547d619aaaf096f57bd17dd306271c54a83b495220bb90059ff0fdec98c51bd5c30eb19f9902b6017e04e5b673f41bbdea469db2ffea9a0ca04049a5916cfd53935f85de20699c7f829eda1895eb197b6f8eb48113e"                   | 2026-01-01 13:52:34+00 |         909 |      9909 | success
 199815 |  19201 | last=1h service=fixture-26 message="row-99908 key-19201 marker_common_192 payload-90d432b2f5d7e55b1a95347af93825d7ab03a980decb3db42caba3795557c97fb458f20e8bf2b21efd7380487a352d5ba9b1c246e6f38114b955ee58e8b7c50ed9ecfeb23d63330d54c15ceb44d8c1a80c553bf8e007df6aa5a14368e68a65f2966edb09aebc5757f5c8e11d2c6d25e3" | 2026-01-01 13:52:34+00 |         908 |      9908 | success
 199813 |  19201 | last=1h service=fixture-25 message="row-99907 key-19201 payload-ecd56b6d0bc933715670158ad9b6bd3d0bd845914e4be55fb2fbbc9b70511a483daf78a26503bd7cadbe6c99744993f56d12aa6effc6230100880f920c072f32a94bf7dd6d5f941220a7771ba77ed3bb0906e26a9e8883f93e6472d3a93affe33524c1a2287d1386bf74407074a9f7c0"                   | 2026-01-01 13:52:33+00 |         907 |      9907 | success
 199811 |  19201 | last=1h service=fixture-24 message="row-99906 key-19201 marker_common_192 payload-1d5080b9a52187bf67e139186dc4b0c933b00fdd2dae2d7cdba4e84f54d5bc5463f7b408e24991830c336151dc6408247238a9521cbe61c804784d629030925773c950a9ab54be8fa27d65801fc93b99863eb3248368af4659296140c765909371f650678efc2c8518ee37d95241de39" | 2026-01-01 13:52:33+00 |         906 |      9906 | success
 199809 |  19201 | last=1h service=fixture-23 message="row-99905 key-19201 payload-8c7a35cb4453095b94375ead03db6c733f5f0fcbad57258df989a6208dfd7f96f1d4eb072409634a148587f879171977eb980b0901949c4d4dc9241ce4245c1519d6e79a78630fd06416fca185e1487fcd3bab511e179c18759fd7037e8db26a5c0bb9946b2da2b2ec6a6e146f95628e"                   | 2026-01-01 13:52:32+00 |         905 |      9905 | success
 199807 |  19201 | last=1h service=fixture-22 message="row-99904 key-19201 marker_common_192 payload-1a7e1954f9005b7149eb0d116b677e93798140dfd9750bef6a74c8622b919741a31bcc9cf48b2c50f21362268d2b35caf17ea45542a48304c925c592e62d7e5fdac9cb376c7a9d7f0a067022bda8c8adce659fac214dbca9c7b6d06de39d9886e6d6d0c859eb8d12064ef7970c5a3da7" | 2026-01-01 13:52:32+00 |         904 |      9904 | success
 199805 |  19201 | last=1h service=fixture-21 message="row-99903 key-19201 payload-4cf8cb1e5b8c49a9285a7d262366e74ac7baa40a94666a5d74f7e97631663c44d1e9cd115bee010d842c687099f0f6944698b92974ab88ff7821e9be5abc032889f5a080adbc679c1ae807cb3f3376f315169864289a9a4fab92abe79065a4e16a61aed90abb0551db85bae7e8045c4b"                   | 2026-01-01 13:52:31+00 |         903 |      9903 | success
 199803 |  19201 | last=1h service=fixture-20 message="row-99902 key-19201 marker_common_192 payload-9a4fc18ad6808441d97f74ceaefe575ddce7c77efbe27d500fbd5a7122746e9e18e49dc073e5a3491fa3d14cc110073894a27e58e3215acd8ee082b3fd2873a1dc914bae03f3580a4780dbd545f1d50169b3f6355942995b6057d10501d0184b261f4677eb678cefc5cec65053835436" | 2026-01-01 13:52:31+00 |         902 |      9902 | success
 199801 |  19201 | last=1h service=fixture-19 message="row-99901 key-19201 payload-3621e57bbaebbd1e44fb643de7259fc55d984f5221fc88f086460f472d1e5281df8cfcac5857097bbee87efc8fd250da72fb30268e359e335a477e5ccadf87a46ee16cd14f832bcf35f4d138423df4bf3a10348dc7726e6030b4de79b9cdafb65419ca6f835ebbdda203cbb5346711ae"                   | 2026-01-01 13:52:30+00 |         901 |      9901 | success
(50 rows)

COMMIT
BEGIN
SET
 count  
--------
 100000
(1 row)

   id   | key_id |                                                                                                                                                        query                                                                                                                                                        |      executed_at       | duration_ms | row_count | status  
--------+--------+---------------------------------------------------------------------------------------------------------------------------------------------------------------------------------------------------------------------------------------------------------------------------------------------------------------------+------------------------+-------------+-----------+---------
 199899 |  19201 | last=1h service=fixture-6 message="row-99950 key-19201 marker_common_192 payload-3da877f2cd753a6577b8a3ab09caac44767b490eac50c7077c576bbe2113c5a9df03f45d04fff0370aaf1c0b187c2192a7b64c67fe4e4f6dc293d058cc617236a4c6b83b1d66326750c045949048eddb109d53f2a470998598ffab20b5f912b66585b6739afe0a3a4add431dedce2b0b"  | 2026-01-01 13:52:55+00 |         950 |      9950 | success
 199897 |  19201 | last=1h service=fixture-5 message="row-99949 key-19201 payload-02bc0c2e6904055ac55576877cba9066661f078261387af294925c1e1330aefaa37f368262d7efb4867ee50b94afd0628ec890f1465fbc51f19f2aef82ac6116fb406ba753e1ec39f67168289febe0ab8e9fac503b360498a7bcb504b6f4b2e5f66c170b795dd320e6cc3a4562591120"                    | 2026-01-01 13:52:54+00 |         949 |      9949 | success
 199895 |  19201 | last=1h service=fixture-4 message="row-99948 key-19201 marker_common_192 payload-a6e7edc5c59dc0e34ed5b7869cecb025444f90e7fdaba13680e517b9697eccc21c261d9121375a0ba931e37b5047c81c53a0f1b15661be1cd0a73dae25e1d7110d72d5125b5df9a31d2fc5987ac2a77f731f6b8c745a7394aa49f0e47f0d0af3148e0f71304e8a4e777771d4162b1016"  | 2026-01-01 13:52:54+00 |         948 |      9948 | success
 199893 |  19201 | last=1h service=fixture-3 message="row-99947 key-19201 payload-fff98161490278f06cf58817bd798878fc03605b11ab5b267042f6ab8eec8de5e1cd4ebf6cbbe79199af715dd8b18e76301cab6ab0367193755eb8a496dc858633b4fbc1bd6c0e7841b618fb80b577d3dbb8a307042be5c9ec75cfcb4b9ee8b99095a88f07a929d405ac7f53cb94f0f6"                    | 2026-01-01 13:52:53+00 |         947 |      9947 | success
 199891 |  19201 | last=1h service=fixture-2 message="row-99946 key-19201 marker_common_192 payload-8a98888f759a192974dc5f142995cd318ccac56a6048de586a57ae55e903010229d396faf729d23e70db55d4b444feb9f858ee63c7ff6d01ed0d4f19f89d8cb4e0e427f4342c3e38b8137e9a287e7cb3c367b22283dc5fa5fcf068df00cc8682d8df743f4e862ee3d02435d23087f596"  | 2026-01-01 13:52:53+00 |         946 |      9946 | success
 199889 |  19201 | last=1h service=fixture-1 message="row-99945 key-19201 payload-30b15839e34b895532a897f45e814b6eb46d7990fd97cac15b11aed0778d23e5c2b051a9f6b088c9c829c9262139305b0ce328263c532786a2c6117b277c7debf67191efc1bb1f575749048b4033ac1277333ee76585404c28808973387fcaea6c954550228ca043320f2b2381b5036d"                    | 2026-01-01 13:52:52+00 |         945 |      9945 | success
 199887 |  19201 | last=1h service=fixture-0 message="row-99944 key-19201 marker_common_192 payload-36aa9843152e6b44fe5a22fdc7005a01eaa405f0c439c78f1533648811bf1c9273c967c3d7c3feee0d66ac142929608017be32ce941a2879ab3bfb75d5b6851892e4aca709385f8b430a6398e474a31df4dd2bfaed8f437586d20b44e5778b692e0397f88a0c132bec5e7917ebb68d30"  | 2026-01-01 13:52:52+00 |         944 |      9944 | success
 199885 |  19201 | last=1h service=fixture-30 message="row-99943 key-19201 payload-b307c4433890209caf0a1c16d20fe74d9d2844b002cd56f9062142ccd2c6cf886a035ba18bf4e007b0da3f1666277322a42159e055b9b32da16b832eb0fd6ec3967b52c2d280925eda87920e4496369035e1b80775bd9dbd0d6944260aa599f0d4ee956467943837558483bd6811f9e1"                   | 2026-01-01 13:52:51+00 |         943 |      9943 | success
 199883 |  19201 | last=1h service=fixture-29 message="row-99942 key-19201 marker_common_192 payload-3a20b4dafbacdf678d6cf838394edcfa7d64923715382429265c2e26d67a7f921d9d68ef6c1b14a2407aa3f070900d06f445da383b2413e950463ed82f33793fc1efed2a1ed65578fc814ff67520457fa44d373ca7c1f6d503e7688792b2d3f40637e3608fbcf8a6d238a0ee80549e93" | 2026-01-01 13:52:51+00 |         942 |      9942 | success
 199881 |  19201 | last=1h service=fixture-28 message="row-99941 key-19201 payload-dfa044e3e49d92d24dd704ab915a0a8d9820a1d605ab862ca49b0fb584127b37322e189ebac39701584c582de6b445f0a532b7a53122493109114ba408efd6cbaa6fb862caf57b475c87d4042a3222e491ac30dd66e444d5f8ca24cd37be985661bbafe4d01b47facdf4d4afa6ed7801"                   | 2026-01-01 13:52:50+00 |         941 |      9941 | success
 199879 |  19201 | last=1h service=fixture-27 message="row-99940 key-19201 marker_common_192 payload-e85e65feaa5a4619973ace278ba45c7aa5eadf3fa92a3f85272bcc2ba457deffbbe60039fc1d8e65d5a48a3ca2d7576d2c83539a108d63d141f95e845772b8b1c509eb8b83053f7fd0a7215850b4c985e918d3bec9ff65f2d16d11c8973485dffdedd74a80b5ab53c096271e3d7eb6bf" | 2026-01-01 13:52:50+00 |         940 |      9940 | success
 199877 |  19201 | last=1h service=fixture-26 message="row-99939 key-19201 payload-531eea1b137dd2d7e28dd610f76b7ba450a7664ce5ad475dda0074ac5eb703f482dcfa055178756a678bd4bf87164fa697ef5817d83371313585e1a11ec8cc8b4a805ebb1fa5f2f687d31923138224a1549f330440c755fad7ab4e4a2901b87876a7d8c3d3f1ad91790e459488f69eaa"                   | 2026-01-01 13:52:49+00 |         939 |      9939 | success
 199875 |  19201 | last=1h service=fixture-25 message="row-99938 key-19201 marker_common_192 payload-4c109257805118d78f615ca8d0006455e5ec0a4d12755cf651245b6373be8ab66dcc54a6d296df5c1537cb9eb47c7e39bc3822831d14ae7206251b9196c879de427a41439907505aaa6b98c0f26b94f70164cdf71614f3dc7e0d2c710ed819e497e121cf11ce72a2e0d21a6eb6a6ea48" | 2026-01-01 13:52:49+00 |         938 |      9938 | success
 199873 |  19201 | last=1h service=fixture-24 message="row-99937 key-19201 payload-fcbbb945c6aeb43c3c5fdceff68ff98a1b0c6a8f31518b7c3d746480946f5798a7d064e0ed260d822aa43b595c2458213b20159ecd2161d8c69ba81324ae05ecc7c9d5c4f2442fedd151e6dbf234c2c32c5b3f387448b055cf42cce2a15227b9c7f9cb800b5a56e22816b98a88874350"                   | 2026-01-01 13:52:48+00 |         937 |      9937 | success
 199871 |  19201 | last=1h service=fixture-23 message="row-99936 key-19201 marker_common_192 payload-ad29ca29172ef783002c2970d62e42d1863b7d7681d81b917b9db8455fc6f2df0ad27a9434a116141d52bd49842c236d58154faaea7d2981ad3964eae3e82e369616bbb17d6f93cecc2fa9e00cd361d865065193a2bb4b826dadc01c4f801873c44bbe18f3d178aa470fd1372ead59aa" | 2026-01-01 13:52:48+00 |         936 |      9936 | success
 199869 |  19201 | last=1h service=fixture-22 message="row-99935 key-19201 payload-29c9c7d66d464963913db75297482c9ab167d51bef373788f8a1a26df46141300cd54065e4f3ac2e1ad103b7fa6cc036135bb16f49f80faa6d1e06e0e88b3e9fdaae4354b3586f613fc7c7acf41deb313792f4e3da765a319c741a36a35c836f8be978a6a130b6aceb2f6dc757184bff"                   | 2026-01-01 13:52:47+00 |         935 |      9935 | success
 199867 |  19201 | last=1h service=fixture-21 message="row-99934 key-19201 marker_common_192 payload-4b557244bf68beae25c00948622584957029aaf2b56a6b971912b940b1613a90f39163188064e9b79d0bd0ecb969bffd8e9840cc1ef34ea1eb6c2643e72da455a215087a1443c764625586a16f57af18fb18828e5008ba5f2d0287e69ebca4663234a3f5299bf214e1410f66afad42e9" | 2026-01-01 13:52:47+00 |         934 |      9934 | success
 199865 |  19201 | last=1h service=fixture-20 message="row-99933 key-19201 payload-8dd7e8c71c5833faff3fd8359046d98e68d0fa3af4089f1ad7c9646bf795accb2aed02dd4a9edfd79dd4cd73aeffe794efe02d0520309b46b349a9f27c6c49f0c85ad37e5cdb8c588bb4cc01fbcb418f52a31b340815f6ca0305f0315441cf674bc5052a64acf874d58ccbecdb58b452"                   | 2026-01-01 13:52:46+00 |         933 |      9933 | success
 199863 |  19201 | last=1h service=fixture-19 message="row-99932 key-19201 marker_common_192 payload-0ed19be8ff3fc40a657b059fed5a3a71220359da69702de1f2deb04148548f5ec70f382d358270cd383b1facb1a73bf4e38313022c8586fcc26fab026888647d56715aec3f37fdfe1d0b9de439d299603f1e3365a3901c23a6752c9b830672ea426d5ad423509b48381eafe66298c16d" | 2026-01-01 13:52:46+00 |         932 |      9932 | success
 199861 |  19201 | last=1h service=fixture-18 message="row-99931 key-19201 payload-4e0c42a6c19ceecd0bc8591d6580fa2f348b2bdd96bb20db0d6f621930dfd11735da8b9a2befd359bafa823b66ddb1b51b7c250f70a522723ecb861751f9edd03f47560a2a93469e734e190cb86a8e2bc5a0d0f62d1805a4e890508d0c73927d482fe91635b04c881c93e3fe1c17085d"                   | 2026-01-01 13:52:45+00 |         931 |      9931 | success
 199859 |  19201 | last=1h service=fixture-17 message="row-99930 key-19201 marker_common_192 payload-62118f025e554c25ebeef33f58e8a058ba9617455ce84279da2f7ab20194a758166bd0fe65ad69ebbfc2193016f5fd5cb03b9bb4e96a703c095e1cb4c8c4e70644589179cd107e0083ee4849b23cff2d40f9db8a5960e5de36919237a1cba92bf38190308ffed92b16eac2e12295319d" | 2026-01-01 13:52:45+00 |         930 |      9930 | success
 199857 |  19201 | last=1h service=fixture-16 message="row-99929 key-19201 payload-d0525d9d766ffbaf4bc90717ff275b7f036ec2845179b0aea17698f4cdc881b2e3cda7898cc216abca66f8be590b0020b76cfe6f5029124b75ab08f43d7f281d023b5540bac6112f914db7fd1b3b97c256c951e43f202a308aa543ab6d272378152b2e03ffa44e6d03fd16dc88750f7d"                   | 2026-01-01 13:52:44+00 |         929 |      9929 | success
 199855 |  19201 | last=1h service=fixture-15 message="row-99928 key-19201 marker_common_192 payload-a641fc12ccc99a6cf674dca47ef2ec25551c00a235b95853ba0bc94fb398ef2590e30c63b03323f4a2d96417d50b8957e9bf19c6e9e5a774398b63d3de9948804e0254c7b0ea19e598b26fb6982f165f3048cf8010420d583e2eceb7c3397b62434ff433f39447427cd5033ca0762b44" | 2026-01-01 13:52:44+00 |         928 |      9928 | success
 199853 |  19201 | last=1h service=fixture-14 message="row-99927 key-19201 payload-69da942a7ff91da14d326d92162ddfcd1854a0f1abf8fc609dab2c9d45ce6c0ba530141443c74180f6347afd110d9ef0f56885d08842813e2242765757478642577eaf7a2b409ee4ad315a4ca6ff1182790abbaa089820ffceae823d72b68ac31d13a05eb968989bbb7bcf78abcb0c0a"                   | 2026-01-01 13:52:43+00 |         927 |      9927 | success
 199851 |  19201 | last=1h service=fixture-13 message="row-99926 key-19201 marker_common_192 payload-c8634f69d5f5baac78aae18a10b9c1daa0e004bd72a4b5ef1b802568945139dbc51fcbdaf26a6cb082eb5a31a1f2353d6b6c3dfe7cbc0e0d3eda89d7224808b14165424e6082b7c4e27dcf6675f243d5d4f9a1ab04b99aba2909c969442058438eddc18445706edf1ba3f29c84efd807" | 2026-01-01 13:52:43+00 |         926 |      9926 | success
 199849 |  19201 | last=1h service=fixture-12 message="row-99925 key-19201 payload-8bc322a49fb6e391ec88c720d99478764175f6da89ef2e05e62b8be058774e90311897e05f1e6bdfea16355cd6aa120f0967bced827c98ffc32f4f04f8a6d324021848127b7479681bdd8f34e351de0728fd69c5a1c9dc1c522cbb157e5e1d043d02f16bf9743d53b7b8bf6c37bab6bc"                   | 2026-01-01 13:52:42+00 |         925 |      9925 | success
 199847 |  19201 | last=1h service=fixture-11 message="row-99924 key-19201 marker_common_192 payload-ee4897a3624aa9ee8df91245b4752b2080f9e5ad1d07bec00ebfb6e32318dc5544cf7a7c20cdb9ab7288ee3c33c95b42fc589190e058e4920e3ab36868c517cd3130f747a97f34435013b9a2be9a14a2a3b3c75ee1198452e2e6d42051bab5758be65ea9f2fdac27de25df92dda31e4a" | 2026-01-01 13:52:42+00 |         924 |      9924 | success
 199845 |  19201 | last=1h service=fixture-10 message="row-99923 key-19201 payload-28ab1b1ce1a778578b8041268c45ac60dcc5cbd9ba076a218f081969325e6bf42e281944c2ecec027dd38bbfe99d62e87828733b907cad019e0a1ae1a40e01e8b984d2786116446fd7b527ea2e7fefff5ed45d387ee3700d9a873a45aced3e5eccb325946ffda0305adb4adaeefb4a24"                   | 2026-01-01 13:52:41+00 |         923 |      9923 | success
 199843 |  19201 | last=1h service=fixture-9 message="row-99922 key-19201 marker_common_192 payload-fa86abfaa7dac87ccdb495ee366b3cfadf4aeb0384767f80a2e10bf62282f6e88e5c7dad034b650bd18ada1627256f8153464f7773c7ed81d81c30aa65d4d94deae7651a717d46f2ba3e1537f90cce58d23a20b7a7f28de42c74944c635954b97c4d5f89f3dbd443f5b3ad158ebfe5ea"  | 2026-01-01 13:52:41+00 |         922 |      9922 | success
 199841 |  19201 | last=1h service=fixture-8 message="row-99921 key-19201 payload-f5e1c9819cf2dc338571424805f51a27bc0bf286fd0b6174c26144e92f3f0ac72111eaac97d2c0108cda0e7798e017e0e35f5285bf8367a9b2d504dd483489f4d5336b2f7606cbbddd8c695e30bb64680aa925e15b8f0e379f2cbb8b44970e96f84192807ce2fa27b2ee73d58d3bf7d8"                    | 2026-01-01 13:52:40+00 |         921 |      9921 | success
 199839 |  19201 | last=1h service=fixture-7 message="row-99920 key-19201 marker_common_192 payload-c4617b1b60be9f8845971f5a3dd8d14afe066197580dfe10b1957e55c1070b93b1ba24d0901dec6a064f099f4d8441d089dfebf619460cb8c072aad84af2a3c3acea304206d51ab86a1473dc4a9b664c5e0ba55c4c6571b07e995775bed92e214dfb2f091ecffbeab1a5e4787eabd104"  | 2026-01-01 13:52:40+00 |         920 |      9920 | success
 199837 |  19201 | last=1h service=fixture-6 message="row-99919 key-19201 payload-ae5bd9f323524c5231e2358d0fffc77ad40d02ce1e7b07877e425ec631bda7fe3672db5b1af0ba6b0ce12331d3630f8c2a7b5e686805ae5361af09132923b6dc61332f86c9749e193ec4d8c51d38cea9aa74b23b5d3c419d6f9e3cc008c6747ad9a86d6d52ae9dff80504ffce0b18352"                    | 2026-01-01 13:52:39+00 |         919 |      9919 | success
 199835 |  19201 | last=1h service=fixture-5 message="row-99918 key-19201 marker_common_192 payload-301008764b9022008cc2bf397b7a03e4e4ea3ed206e7e37e9f6c6311abc97fb2da30860b895572b748369b0b2477633db574e432ca23becb6f4f7a67b30f5c2f1074cbebfc81e5d6c960603bf17d319e347f15d99015073d57f7ce588b065a545b30a8fedd9ac9a579aad7bdab0a5d4c"  | 2026-01-01 13:52:39+00 |         918 |      9918 | success
 199833 |  19201 | last=1h service=fixture-4 message="row-99917 key-19201 payload-5b790530dab41d2e58637dbe4e06f72d9ba17da75caf41f29d1eca3f932533866b3a18e481a0969e2ace0f386761d6167ccf8fda33704bfb05e3b2685d487d22b5e1488d9686ca8da394d4ddbbefcee750b02d8b8b620c201e92fc3b6cad14e2093344ecf080827ef72b2caa160b5c80"                    | 2026-01-01 13:52:38+00 |         917 |      9917 | success
 199831 |  19201 | last=1h service=fixture-3 message="row-99916 key-19201 marker_common_192 payload-57245e5a359b98280b5719f1bfb2fa03b5db0a2e8f21cf4039b92c5476ab2dc98a2d611a9938c4294c7426726b5a7767ace799bf019afe85feb07494052196553684d2c45a60339355ff15fc4137cfd88825618cd16ea4efc311883d8399642964479f132193d467ef2c477dec6dbdd9"  | 2026-01-01 13:52:38+00 |         916 |      9916 | success
 199829 |  19201 | last=1h service=fixture-2 message="row-99915 key-19201 payload-c4f4c95ea2dc17f4b6ef647b1bc69caff3f1c2f0a9e521b0d24bc9346b5f866cdc7999a47fdbc4812a361d7480472d60499cd30191313f4a3a0db0f35e62d967d6ff1e3187027562f98c1650a60d0d4603a3cf63f2e6a73861dfbca6b346c1ab55bc979b72420e01539fa617b37790c8"                    | 2026-01-01 13:52:37+00 |         915 |      9915 | success
 199827 |  19201 | last=1h service=fixture-1 message="row-99914 key-19201 marker_common_192 payload-8f2db8df42f62c96dbeba49b583f5f829a8c0898add7cba2f9d387b14ea7b3718a0a234918e5f4e0511c4902b5154432edd181fbbf53c4e8fa9a8201dbc75de7fd3ead48220b459108b4596b0437e35fa5ccf6fc8bc6267d5d11663e2dcb71db8c832012f4814b10927e4601c769fb56"  | 2026-01-01 13:52:37+00 |         914 |      9914 | success
 199825 |  19201 | last=1h service=fixture-0 message="row-99913 key-19201 payload-d82c174c256f182e8c06cf03e2f1340192cca4c567af431d3f96e1875430ee630b2b7e3c3cd0b64ccf7a760865d4dd4cfd8e5acfad9d93e4a87432176ec0e2dbcdd7c96070447dcc8558756927f49afa85e45ae0ff6dda2f62f37690d62840459b983e765a15abb4e3164e7a6266445b"                    | 2026-01-01 13:52:36+00 |         913 |      9913 | success
 199823 |  19201 | last=1h service=fixture-30 message="row-99912 key-19201 marker_common_192 payload-c7de5d0cbd79e1c7d261ac71e0818347ae522d96c76cf81e86ea0711fbd525c96a6ab3f4d19bb2cd9e1dc3d2c8501604cd1864467600bbd120e3503d8b3fcd74140f83bf37e932fbaa2935b4cc932ca4cfb0106e8e93129362198e9e0d9de7b9c4503c9880a13a2231d55aa366c3387c" | 2026-01-01 13:52:36+00 |         912 |      9912 | success
 199821 |  19201 | last=1h service=fixture-29 message="row-99911 key-19201 payload-34e310afb5ad03addc758dd0be97b5af164cdccbbfaa43ed27897d344490fc7b8660dd9cda32306a4842e183ea2b52678703ebfb664e7ff319e8dd328d2e4fc3d54a952fde8649fa322976d8e3405ec1b2d82c574c977ad6ab6755853367a24d189c6f17b55eff823d41f1c2b95dffe4"                   | 2026-01-01 13:52:35+00 |         911 |      9911 | success
 199819 |  19201 | last=1h service=fixture-28 message="row-99910 key-19201 marker_common_192 payload-01053c8b90988674aecaf9dfb22de1b4f4788d810f352f603dab337e3cd2685938a732cece5f213108e4bec1db3f5ee7eb1226ebca79060decc1d34cb82e2b44e13b19be5960f857121c3ba449e2987a62a8a68a91218d1be5aa1dad64f1d5e9a20bca9591552a1153eee06899b5caef" | 2026-01-01 13:52:35+00 |         910 |      9910 | success
 199817 |  19201 | last=1h service=fixture-27 message="row-99909 key-19201 payload-814032bb6b7d7a632c1c6a1966871a8b6111aea0d0515ddd1dd7f547d619aaaf096f57bd17dd306271c54a83b495220bb90059ff0fdec98c51bd5c30eb19f9902b6017e04e5b673f41bbdea469db2ffea9a0ca04049a5916cfd53935f85de20699c7f829eda1895eb197b6f8eb48113e"                   | 2026-01-01 13:52:34+00 |         909 |      9909 | success
 199815 |  19201 | last=1h service=fixture-26 message="row-99908 key-19201 marker_common_192 payload-90d432b2f5d7e55b1a95347af93825d7ab03a980decb3db42caba3795557c97fb458f20e8bf2b21efd7380487a352d5ba9b1c246e6f38114b955ee58e8b7c50ed9ecfeb23d63330d54c15ceb44d8c1a80c553bf8e007df6aa5a14368e68a65f2966edb09aebc5757f5c8e11d2c6d25e3" | 2026-01-01 13:52:34+00 |         908 |      9908 | success
 199813 |  19201 | last=1h service=fixture-25 message="row-99907 key-19201 payload-ecd56b6d0bc933715670158ad9b6bd3d0bd845914e4be55fb2fbbc9b70511a483daf78a26503bd7cadbe6c99744993f56d12aa6effc6230100880f920c072f32a94bf7dd6d5f941220a7771ba77ed3bb0906e26a9e8883f93e6472d3a93affe33524c1a2287d1386bf74407074a9f7c0"                   | 2026-01-01 13:52:33+00 |         907 |      9907 | success
 199811 |  19201 | last=1h service=fixture-24 message="row-99906 key-19201 marker_common_192 payload-1d5080b9a52187bf67e139186dc4b0c933b00fdd2dae2d7cdba4e84f54d5bc5463f7b408e24991830c336151dc6408247238a9521cbe61c804784d629030925773c950a9ab54be8fa27d65801fc93b99863eb3248368af4659296140c765909371f650678efc2c8518ee37d95241de39" | 2026-01-01 13:52:33+00 |         906 |      9906 | success
 199809 |  19201 | last=1h service=fixture-23 message="row-99905 key-19201 payload-8c7a35cb4453095b94375ead03db6c733f5f0fcbad57258df989a6208dfd7f96f1d4eb072409634a148587f879171977eb980b0901949c4d4dc9241ce4245c1519d6e79a78630fd06416fca185e1487fcd3bab511e179c18759fd7037e8db26a5c0bb9946b2da2b2ec6a6e146f95628e"                   | 2026-01-01 13:52:32+00 |         905 |      9905 | success
 199807 |  19201 | last=1h service=fixture-22 message="row-99904 key-19201 marker_common_192 payload-1a7e1954f9005b7149eb0d116b677e93798140dfd9750bef6a74c8622b919741a31bcc9cf48b2c50f21362268d2b35caf17ea45542a48304c925c592e62d7e5fdac9cb376c7a9d7f0a067022bda8c8adce659fac214dbca9c7b6d06de39d9886e6d6d0c859eb8d12064ef7970c5a3da7" | 2026-01-01 13:52:32+00 |         904 |      9904 | success
 199805 |  19201 | last=1h service=fixture-21 message="row-99903 key-19201 payload-4cf8cb1e5b8c49a9285a7d262366e74ac7baa40a94666a5d74f7e97631663c44d1e9cd115bee010d842c687099f0f6944698b92974ab88ff7821e9be5abc032889f5a080adbc679c1ae807cb3f3376f315169864289a9a4fab92abe79065a4e16a61aed90abb0551db85bae7e8045c4b"                   | 2026-01-01 13:52:31+00 |         903 |      9903 | success
 199803 |  19201 | last=1h service=fixture-20 message="row-99902 key-19201 marker_common_192 payload-9a4fc18ad6808441d97f74ceaefe575ddce7c77efbe27d500fbd5a7122746e9e18e49dc073e5a3491fa3d14cc110073894a27e58e3215acd8ee082b3fd2873a1dc914bae03f3580a4780dbd545f1d50169b3f6355942995b6057d10501d0184b261f4677eb678cefc5cec65053835436" | 2026-01-01 13:52:31+00 |         902 |      9902 | success
 199801 |  19201 | last=1h service=fixture-19 message="row-99901 key-19201 payload-3621e57bbaebbd1e44fb643de7259fc55d984f5221fc88f086460f472d1e5281df8cfcac5857097bbee87efc8fd250da72fb30268e359e335a477e5ccadf87a46ee16cd14f832bcf35f4d138423df4bf3a10348dc7726e6030b4de79b9cdafb65419ca6f835ebbdda203cbb5346711ae"                   | 2026-01-01 13:52:30+00 |         901 |      9901 | success
(50 rows)

COMMIT
BEGIN
SET
 count  
--------
 100000
(1 row)

   id   | key_id |                                                                                                                                                        query                                                                                                                                                        |      executed_at       | duration_ms | row_count | status  
--------+--------+---------------------------------------------------------------------------------------------------------------------------------------------------------------------------------------------------------------------------------------------------------------------------------------------------------------------+------------------------+-------------+-----------+---------
 199899 |  19201 | last=1h service=fixture-6 message="row-99950 key-19201 marker_common_192 payload-3da877f2cd753a6577b8a3ab09caac44767b490eac50c7077c576bbe2113c5a9df03f45d04fff0370aaf1c0b187c2192a7b64c67fe4e4f6dc293d058cc617236a4c6b83b1d66326750c045949048eddb109d53f2a470998598ffab20b5f912b66585b6739afe0a3a4add431dedce2b0b"  | 2026-01-01 13:52:55+00 |         950 |      9950 | success
 199897 |  19201 | last=1h service=fixture-5 message="row-99949 key-19201 payload-02bc0c2e6904055ac55576877cba9066661f078261387af294925c1e1330aefaa37f368262d7efb4867ee50b94afd0628ec890f1465fbc51f19f2aef82ac6116fb406ba753e1ec39f67168289febe0ab8e9fac503b360498a7bcb504b6f4b2e5f66c170b795dd320e6cc3a4562591120"                    | 2026-01-01 13:52:54+00 |         949 |      9949 | success
 199895 |  19201 | last=1h service=fixture-4 message="row-99948 key-19201 marker_common_192 payload-a6e7edc5c59dc0e34ed5b7869cecb025444f90e7fdaba13680e517b9697eccc21c261d9121375a0ba931e37b5047c81c53a0f1b15661be1cd0a73dae25e1d7110d72d5125b5df9a31d2fc5987ac2a77f731f6b8c745a7394aa49f0e47f0d0af3148e0f71304e8a4e777771d4162b1016"  | 2026-01-01 13:52:54+00 |         948 |      9948 | success
 199893 |  19201 | last=1h service=fixture-3 message="row-99947 key-19201 payload-fff98161490278f06cf58817bd798878fc03605b11ab5b267042f6ab8eec8de5e1cd4ebf6cbbe79199af715dd8b18e76301cab6ab0367193755eb8a496dc858633b4fbc1bd6c0e7841b618fb80b577d3dbb8a307042be5c9ec75cfcb4b9ee8b99095a88f07a929d405ac7f53cb94f0f6"                    | 2026-01-01 13:52:53+00 |         947 |      9947 | success
 199891 |  19201 | last=1h service=fixture-2 message="row-99946 key-19201 marker_common_192 payload-8a98888f759a192974dc5f142995cd318ccac56a6048de586a57ae55e903010229d396faf729d23e70db55d4b444feb9f858ee63c7ff6d01ed0d4f19f89d8cb4e0e427f4342c3e38b8137e9a287e7cb3c367b22283dc5fa5fcf068df00cc8682d8df743f4e862ee3d02435d23087f596"  | 2026-01-01 13:52:53+00 |         946 |      9946 | success
 199889 |  19201 | last=1h service=fixture-1 message="row-99945 key-19201 payload-30b15839e34b895532a897f45e814b6eb46d7990fd97cac15b11aed0778d23e5c2b051a9f6b088c9c829c9262139305b0ce328263c532786a2c6117b277c7debf67191efc1bb1f575749048b4033ac1277333ee76585404c28808973387fcaea6c954550228ca043320f2b2381b5036d"                    | 2026-01-01 13:52:52+00 |         945 |      9945 | success
 199887 |  19201 | last=1h service=fixture-0 message="row-99944 key-19201 marker_common_192 payload-36aa9843152e6b44fe5a22fdc7005a01eaa405f0c439c78f1533648811bf1c9273c967c3d7c3feee0d66ac142929608017be32ce941a2879ab3bfb75d5b6851892e4aca709385f8b430a6398e474a31df4dd2bfaed8f437586d20b44e5778b692e0397f88a0c132bec5e7917ebb68d30"  | 2026-01-01 13:52:52+00 |         944 |      9944 | success
 199885 |  19201 | last=1h service=fixture-30 message="row-99943 key-19201 payload-b307c4433890209caf0a1c16d20fe74d9d2844b002cd56f9062142ccd2c6cf886a035ba18bf4e007b0da3f1666277322a42159e055b9b32da16b832eb0fd6ec3967b52c2d280925eda87920e4496369035e1b80775bd9dbd0d6944260aa599f0d4ee956467943837558483bd6811f9e1"                   | 2026-01-01 13:52:51+00 |         943 |      9943 | success
 199883 |  19201 | last=1h service=fixture-29 message="row-99942 key-19201 marker_common_192 payload-3a20b4dafbacdf678d6cf838394edcfa7d64923715382429265c2e26d67a7f921d9d68ef6c1b14a2407aa3f070900d06f445da383b2413e950463ed82f33793fc1efed2a1ed65578fc814ff67520457fa44d373ca7c1f6d503e7688792b2d3f40637e3608fbcf8a6d238a0ee80549e93" | 2026-01-01 13:52:51+00 |         942 |      9942 | success
 199881 |  19201 | last=1h service=fixture-28 message="row-99941 key-19201 payload-dfa044e3e49d92d24dd704ab915a0a8d9820a1d605ab862ca49b0fb584127b37322e189ebac39701584c582de6b445f0a532b7a53122493109114ba408efd6cbaa6fb862caf57b475c87d4042a3222e491ac30dd66e444d5f8ca24cd37be985661bbafe4d01b47facdf4d4afa6ed7801"                   | 2026-01-01 13:52:50+00 |         941 |      9941 | success
 199879 |  19201 | last=1h service=fixture-27 message="row-99940 key-19201 marker_common_192 payload-e85e65feaa5a4619973ace278ba45c7aa5eadf3fa92a3f85272bcc2ba457deffbbe60039fc1d8e65d5a48a3ca2d7576d2c83539a108d63d141f95e845772b8b1c509eb8b83053f7fd0a7215850b4c985e918d3bec9ff65f2d16d11c8973485dffdedd74a80b5ab53c096271e3d7eb6bf" | 2026-01-01 13:52:50+00 |         940 |      9940 | success
 199877 |  19201 | last=1h service=fixture-26 message="row-99939 key-19201 payload-531eea1b137dd2d7e28dd610f76b7ba450a7664ce5ad475dda0074ac5eb703f482dcfa055178756a678bd4bf87164fa697ef5817d83371313585e1a11ec8cc8b4a805ebb1fa5f2f687d31923138224a1549f330440c755fad7ab4e4a2901b87876a7d8c3d3f1ad91790e459488f69eaa"                   | 2026-01-01 13:52:49+00 |         939 |      9939 | success
 199875 |  19201 | last=1h service=fixture-25 message="row-99938 key-19201 marker_common_192 payload-4c109257805118d78f615ca8d0006455e5ec0a4d12755cf651245b6373be8ab66dcc54a6d296df5c1537cb9eb47c7e39bc3822831d14ae7206251b9196c879de427a41439907505aaa6b98c0f26b94f70164cdf71614f3dc7e0d2c710ed819e497e121cf11ce72a2e0d21a6eb6a6ea48" | 2026-01-01 13:52:49+00 |         938 |      9938 | success
 199873 |  19201 | last=1h service=fixture-24 message="row-99937 key-19201 payload-fcbbb945c6aeb43c3c5fdceff68ff98a1b0c6a8f31518b7c3d746480946f5798a7d064e0ed260d822aa43b595c2458213b20159ecd2161d8c69ba81324ae05ecc7c9d5c4f2442fedd151e6dbf234c2c32c5b3f387448b055cf42cce2a15227b9c7f9cb800b5a56e22816b98a88874350"                   | 2026-01-01 13:52:48+00 |         937 |      9937 | success
 199871 |  19201 | last=1h service=fixture-23 message="row-99936 key-19201 marker_common_192 payload-ad29ca29172ef783002c2970d62e42d1863b7d7681d81b917b9db8455fc6f2df0ad27a9434a116141d52bd49842c236d58154faaea7d2981ad3964eae3e82e369616bbb17d6f93cecc2fa9e00cd361d865065193a2bb4b826dadc01c4f801873c44bbe18f3d178aa470fd1372ead59aa" | 2026-01-01 13:52:48+00 |         936 |      9936 | success
 199869 |  19201 | last=1h service=fixture-22 message="row-99935 key-19201 payload-29c9c7d66d464963913db75297482c9ab167d51bef373788f8a1a26df46141300cd54065e4f3ac2e1ad103b7fa6cc036135bb16f49f80faa6d1e06e0e88b3e9fdaae4354b3586f613fc7c7acf41deb313792f4e3da765a319c741a36a35c836f8be978a6a130b6aceb2f6dc757184bff"                   | 2026-01-01 13:52:47+00 |         935 |      9935 | success
 199867 |  19201 | last=1h service=fixture-21 message="row-99934 key-19201 marker_common_192 payload-4b557244bf68beae25c00948622584957029aaf2b56a6b971912b940b1613a90f39163188064e9b79d0bd0ecb969bffd8e9840cc1ef34ea1eb6c2643e72da455a215087a1443c764625586a16f57af18fb18828e5008ba5f2d0287e69ebca4663234a3f5299bf214e1410f66afad42e9" | 2026-01-01 13:52:47+00 |         934 |      9934 | success
 199865 |  19201 | last=1h service=fixture-20 message="row-99933 key-19201 payload-8dd7e8c71c5833faff3fd8359046d98e68d0fa3af4089f1ad7c9646bf795accb2aed02dd4a9edfd79dd4cd73aeffe794efe02d0520309b46b349a9f27c6c49f0c85ad37e5cdb8c588bb4cc01fbcb418f52a31b340815f6ca0305f0315441cf674bc5052a64acf874d58ccbecdb58b452"                   | 2026-01-01 13:52:46+00 |         933 |      9933 | success
 199863 |  19201 | last=1h service=fixture-19 message="row-99932 key-19201 marker_common_192 payload-0ed19be8ff3fc40a657b059fed5a3a71220359da69702de1f2deb04148548f5ec70f382d358270cd383b1facb1a73bf4e38313022c8586fcc26fab026888647d56715aec3f37fdfe1d0b9de439d299603f1e3365a3901c23a6752c9b830672ea426d5ad423509b48381eafe66298c16d" | 2026-01-01 13:52:46+00 |         932 |      9932 | success
 199861 |  19201 | last=1h service=fixture-18 message="row-99931 key-19201 payload-4e0c42a6c19ceecd0bc8591d6580fa2f348b2bdd96bb20db0d6f621930dfd11735da8b9a2befd359bafa823b66ddb1b51b7c250f70a522723ecb861751f9edd03f47560a2a93469e734e190cb86a8e2bc5a0d0f62d1805a4e890508d0c73927d482fe91635b04c881c93e3fe1c17085d"                   | 2026-01-01 13:52:45+00 |         931 |      9931 | success
 199859 |  19201 | last=1h service=fixture-17 message="row-99930 key-19201 marker_common_192 payload-62118f025e554c25ebeef33f58e8a058ba9617455ce84279da2f7ab20194a758166bd0fe65ad69ebbfc2193016f5fd5cb03b9bb4e96a703c095e1cb4c8c4e70644589179cd107e0083ee4849b23cff2d40f9db8a5960e5de36919237a1cba92bf38190308ffed92b16eac2e12295319d" | 2026-01-01 13:52:45+00 |         930 |      9930 | success
 199857 |  19201 | last=1h service=fixture-16 message="row-99929 key-19201 payload-d0525d9d766ffbaf4bc90717ff275b7f036ec2845179b0aea17698f4cdc881b2e3cda7898cc216abca66f8be590b0020b76cfe6f5029124b75ab08f43d7f281d023b5540bac6112f914db7fd1b3b97c256c951e43f202a308aa543ab6d272378152b2e03ffa44e6d03fd16dc88750f7d"                   | 2026-01-01 13:52:44+00 |         929 |      9929 | success
 199855 |  19201 | last=1h service=fixture-15 message="row-99928 key-19201 marker_common_192 payload-a641fc12ccc99a6cf674dca47ef2ec25551c00a235b95853ba0bc94fb398ef2590e30c63b03323f4a2d96417d50b8957e9bf19c6e9e5a774398b63d3de9948804e0254c7b0ea19e598b26fb6982f165f3048cf8010420d583e2eceb7c3397b62434ff433f39447427cd5033ca0762b44" | 2026-01-01 13:52:44+00 |         928 |      9928 | success
 199853 |  19201 | last=1h service=fixture-14 message="row-99927 key-19201 payload-69da942a7ff91da14d326d92162ddfcd1854a0f1abf8fc609dab2c9d45ce6c0ba530141443c74180f6347afd110d9ef0f56885d08842813e2242765757478642577eaf7a2b409ee4ad315a4ca6ff1182790abbaa089820ffceae823d72b68ac31d13a05eb968989bbb7bcf78abcb0c0a"                   | 2026-01-01 13:52:43+00 |         927 |      9927 | success
 199851 |  19201 | last=1h service=fixture-13 message="row-99926 key-19201 marker_common_192 payload-c8634f69d5f5baac78aae18a10b9c1daa0e004bd72a4b5ef1b802568945139dbc51fcbdaf26a6cb082eb5a31a1f2353d6b6c3dfe7cbc0e0d3eda89d7224808b14165424e6082b7c4e27dcf6675f243d5d4f9a1ab04b99aba2909c969442058438eddc18445706edf1ba3f29c84efd807" | 2026-01-01 13:52:43+00 |         926 |      9926 | success
 199849 |  19201 | last=1h service=fixture-12 message="row-99925 key-19201 payload-8bc322a49fb6e391ec88c720d99478764175f6da89ef2e05e62b8be058774e90311897e05f1e6bdfea16355cd6aa120f0967bced827c98ffc32f4f04f8a6d324021848127b7479681bdd8f34e351de0728fd69c5a1c9dc1c522cbb157e5e1d043d02f16bf9743d53b7b8bf6c37bab6bc"                   | 2026-01-01 13:52:42+00 |         925 |      9925 | success
 199847 |  19201 | last=1h service=fixture-11 message="row-99924 key-19201 marker_common_192 payload-ee4897a3624aa9ee8df91245b4752b2080f9e5ad1d07bec00ebfb6e32318dc5544cf7a7c20cdb9ab7288ee3c33c95b42fc589190e058e4920e3ab36868c517cd3130f747a97f34435013b9a2be9a14a2a3b3c75ee1198452e2e6d42051bab5758be65ea9f2fdac27de25df92dda31e4a" | 2026-01-01 13:52:42+00 |         924 |      9924 | success
 199845 |  19201 | last=1h service=fixture-10 message="row-99923 key-19201 payload-28ab1b1ce1a778578b8041268c45ac60dcc5cbd9ba076a218f081969325e6bf42e281944c2ecec027dd38bbfe99d62e87828733b907cad019e0a1ae1a40e01e8b984d2786116446fd7b527ea2e7fefff5ed45d387ee3700d9a873a45aced3e5eccb325946ffda0305adb4adaeefb4a24"                   | 2026-01-01 13:52:41+00 |         923 |      9923 | success
 199843 |  19201 | last=1h service=fixture-9 message="row-99922 key-19201 marker_common_192 payload-fa86abfaa7dac87ccdb495ee366b3cfadf4aeb0384767f80a2e10bf62282f6e88e5c7dad034b650bd18ada1627256f8153464f7773c7ed81d81c30aa65d4d94deae7651a717d46f2ba3e1537f90cce58d23a20b7a7f28de42c74944c635954b97c4d5f89f3dbd443f5b3ad158ebfe5ea"  | 2026-01-01 13:52:41+00 |         922 |      9922 | success
 199841 |  19201 | last=1h service=fixture-8 message="row-99921 key-19201 payload-f5e1c9819cf2dc338571424805f51a27bc0bf286fd0b6174c26144e92f3f0ac72111eaac97d2c0108cda0e7798e017e0e35f5285bf8367a9b2d504dd483489f4d5336b2f7606cbbddd8c695e30bb64680aa925e15b8f0e379f2cbb8b44970e96f84192807ce2fa27b2ee73d58d3bf7d8"                    | 2026-01-01 13:52:40+00 |         921 |      9921 | success
 199839 |  19201 | last=1h service=fixture-7 message="row-99920 key-19201 marker_common_192 payload-c4617b1b60be9f8845971f5a3dd8d14afe066197580dfe10b1957e55c1070b93b1ba24d0901dec6a064f099f4d8441d089dfebf619460cb8c072aad84af2a3c3acea304206d51ab86a1473dc4a9b664c5e0ba55c4c6571b07e995775bed92e214dfb2f091ecffbeab1a5e4787eabd104"  | 2026-01-01 13:52:40+00 |         920 |      9920 | success
 199837 |  19201 | last=1h service=fixture-6 message="row-99919 key-19201 payload-ae5bd9f323524c5231e2358d0fffc77ad40d02ce1e7b07877e425ec631bda7fe3672db5b1af0ba6b0ce12331d3630f8c2a7b5e686805ae5361af09132923b6dc61332f86c9749e193ec4d8c51d38cea9aa74b23b5d3c419d6f9e3cc008c6747ad9a86d6d52ae9dff80504ffce0b18352"                    | 2026-01-01 13:52:39+00 |         919 |      9919 | success
 199835 |  19201 | last=1h service=fixture-5 message="row-99918 key-19201 marker_common_192 payload-301008764b9022008cc2bf397b7a03e4e4ea3ed206e7e37e9f6c6311abc97fb2da30860b895572b748369b0b2477633db574e432ca23becb6f4f7a67b30f5c2f1074cbebfc81e5d6c960603bf17d319e347f15d99015073d57f7ce588b065a545b30a8fedd9ac9a579aad7bdab0a5d4c"  | 2026-01-01 13:52:39+00 |         918 |      9918 | success
 199833 |  19201 | last=1h service=fixture-4 message="row-99917 key-19201 payload-5b790530dab41d2e58637dbe4e06f72d9ba17da75caf41f29d1eca3f932533866b3a18e481a0969e2ace0f386761d6167ccf8fda33704bfb05e3b2685d487d22b5e1488d9686ca8da394d4ddbbefcee750b02d8b8b620c201e92fc3b6cad14e2093344ecf080827ef72b2caa160b5c80"                    | 2026-01-01 13:52:38+00 |         917 |      9917 | success
 199831 |  19201 | last=1h service=fixture-3 message="row-99916 key-19201 marker_common_192 payload-57245e5a359b98280b5719f1bfb2fa03b5db0a2e8f21cf4039b92c5476ab2dc98a2d611a9938c4294c7426726b5a7767ace799bf019afe85feb07494052196553684d2c45a60339355ff15fc4137cfd88825618cd16ea4efc311883d8399642964479f132193d467ef2c477dec6dbdd9"  | 2026-01-01 13:52:38+00 |         916 |      9916 | success
 199829 |  19201 | last=1h service=fixture-2 message="row-99915 key-19201 payload-c4f4c95ea2dc17f4b6ef647b1bc69caff3f1c2f0a9e521b0d24bc9346b5f866cdc7999a47fdbc4812a361d7480472d60499cd30191313f4a3a0db0f35e62d967d6ff1e3187027562f98c1650a60d0d4603a3cf63f2e6a73861dfbca6b346c1ab55bc979b72420e01539fa617b37790c8"                    | 2026-01-01 13:52:37+00 |         915 |      9915 | success
 199827 |  19201 | last=1h service=fixture-1 message="row-99914 key-19201 marker_common_192 payload-8f2db8df42f62c96dbeba49b583f5f829a8c0898add7cba2f9d387b14ea7b3718a0a234918e5f4e0511c4902b5154432edd181fbbf53c4e8fa9a8201dbc75de7fd3ead48220b459108b4596b0437e35fa5ccf6fc8bc6267d5d11663e2dcb71db8c832012f4814b10927e4601c769fb56"  | 2026-01-01 13:52:37+00 |         914 |      9914 | success
 199825 |  19201 | last=1h service=fixture-0 message="row-99913 key-19201 payload-d82c174c256f182e8c06cf03e2f1340192cca4c567af431d3f96e1875430ee630b2b7e3c3cd0b64ccf7a760865d4dd4cfd8e5acfad9d93e4a87432176ec0e2dbcdd7c96070447dcc8558756927f49afa85e45ae0ff6dda2f62f37690d62840459b983e765a15abb4e3164e7a6266445b"                    | 2026-01-01 13:52:36+00 |         913 |      9913 | success
 199823 |  19201 | last=1h service=fixture-30 message="row-99912 key-19201 marker_common_192 payload-c7de5d0cbd79e1c7d261ac71e0818347ae522d96c76cf81e86ea0711fbd525c96a6ab3f4d19bb2cd9e1dc3d2c8501604cd1864467600bbd120e3503d8b3fcd74140f83bf37e932fbaa2935b4cc932ca4cfb0106e8e93129362198e9e0d9de7b9c4503c9880a13a2231d55aa366c3387c" | 2026-01-01 13:52:36+00 |         912 |      9912 | success
 199821 |  19201 | last=1h service=fixture-29 message="row-99911 key-19201 payload-34e310afb5ad03addc758dd0be97b5af164cdccbbfaa43ed27897d344490fc7b8660dd9cda32306a4842e183ea2b52678703ebfb664e7ff319e8dd328d2e4fc3d54a952fde8649fa322976d8e3405ec1b2d82c574c977ad6ab6755853367a24d189c6f17b55eff823d41f1c2b95dffe4"                   | 2026-01-01 13:52:35+00 |         911 |      9911 | success
 199819 |  19201 | last=1h service=fixture-28 message="row-99910 key-19201 marker_common_192 payload-01053c8b90988674aecaf9dfb22de1b4f4788d810f352f603dab337e3cd2685938a732cece5f213108e4bec1db3f5ee7eb1226ebca79060decc1d34cb82e2b44e13b19be5960f857121c3ba449e2987a62a8a68a91218d1be5aa1dad64f1d5e9a20bca9591552a1153eee06899b5caef" | 2026-01-01 13:52:35+00 |         910 |      9910 | success
 199817 |  19201 | last=1h service=fixture-27 message="row-99909 key-19201 payload-814032bb6b7d7a632c1c6a1966871a8b6111aea0d0515ddd1dd7f547d619aaaf096f57bd17dd306271c54a83b495220bb90059ff0fdec98c51bd5c30eb19f9902b6017e04e5b673f41bbdea469db2ffea9a0ca04049a5916cfd53935f85de20699c7f829eda1895eb197b6f8eb48113e"                   | 2026-01-01 13:52:34+00 |         909 |      9909 | success
 199815 |  19201 | last=1h service=fixture-26 message="row-99908 key-19201 marker_common_192 payload-90d432b2f5d7e55b1a95347af93825d7ab03a980decb3db42caba3795557c97fb458f20e8bf2b21efd7380487a352d5ba9b1c246e6f38114b955ee58e8b7c50ed9ecfeb23d63330d54c15ceb44d8c1a80c553bf8e007df6aa5a14368e68a65f2966edb09aebc5757f5c8e11d2c6d25e3" | 2026-01-01 13:52:34+00 |         908 |      9908 | success
 199813 |  19201 | last=1h service=fixture-25 message="row-99907 key-19201 payload-ecd56b6d0bc933715670158ad9b6bd3d0bd845914e4be55fb2fbbc9b70511a483daf78a26503bd7cadbe6c99744993f56d12aa6effc6230100880f920c072f32a94bf7dd6d5f941220a7771ba77ed3bb0906e26a9e8883f93e6472d3a93affe33524c1a2287d1386bf74407074a9f7c0"                   | 2026-01-01 13:52:33+00 |         907 |      9907 | success
 199811 |  19201 | last=1h service=fixture-24 message="row-99906 key-19201 marker_common_192 payload-1d5080b9a52187bf67e139186dc4b0c933b00fdd2dae2d7cdba4e84f54d5bc5463f7b408e24991830c336151dc6408247238a9521cbe61c804784d629030925773c950a9ab54be8fa27d65801fc93b99863eb3248368af4659296140c765909371f650678efc2c8518ee37d95241de39" | 2026-01-01 13:52:33+00 |         906 |      9906 | success
 199809 |  19201 | last=1h service=fixture-23 message="row-99905 key-19201 payload-8c7a35cb4453095b94375ead03db6c733f5f0fcbad57258df989a6208dfd7f96f1d4eb072409634a148587f879171977eb980b0901949c4d4dc9241ce4245c1519d6e79a78630fd06416fca185e1487fcd3bab511e179c18759fd7037e8db26a5c0bb9946b2da2b2ec6a6e146f95628e"                   | 2026-01-01 13:52:32+00 |         905 |      9905 | success
 199807 |  19201 | last=1h service=fixture-22 message="row-99904 key-19201 marker_common_192 payload-1a7e1954f9005b7149eb0d116b677e93798140dfd9750bef6a74c8622b919741a31bcc9cf48b2c50f21362268d2b35caf17ea45542a48304c925c592e62d7e5fdac9cb376c7a9d7f0a067022bda8c8adce659fac214dbca9c7b6d06de39d9886e6d6d0c859eb8d12064ef7970c5a3da7" | 2026-01-01 13:52:32+00 |         904 |      9904 | success
 199805 |  19201 | last=1h service=fixture-21 message="row-99903 key-19201 payload-4cf8cb1e5b8c49a9285a7d262366e74ac7baa40a94666a5d74f7e97631663c44d1e9cd115bee010d842c687099f0f6944698b92974ab88ff7821e9be5abc032889f5a080adbc679c1ae807cb3f3376f315169864289a9a4fab92abe79065a4e16a61aed90abb0551db85bae7e8045c4b"                   | 2026-01-01 13:52:31+00 |         903 |      9903 | success
 199803 |  19201 | last=1h service=fixture-20 message="row-99902 key-19201 marker_common_192 payload-9a4fc18ad6808441d97f74ceaefe575ddce7c77efbe27d500fbd5a7122746e9e18e49dc073e5a3491fa3d14cc110073894a27e58e3215acd8ee082b3fd2873a1dc914bae03f3580a4780dbd545f1d50169b3f6355942995b6057d10501d0184b261f4677eb678cefc5cec65053835436" | 2026-01-01 13:52:31+00 |         902 |      9902 | success
 199801 |  19201 | last=1h service=fixture-19 message="row-99901 key-19201 payload-3621e57bbaebbd1e44fb643de7259fc55d984f5221fc88f086460f472d1e5281df8cfcac5857097bbee87efc8fd250da72fb30268e359e335a477e5ccadf87a46ee16cd14f832bcf35f4d138423df4bf3a10348dc7726e6030b4de79b9cdafb65419ca6f835ebbdda203cbb5346711ae"                   | 2026-01-01 13:52:30+00 |         901 |      9901 | success
(50 rows)

COMMIT
BEGIN
SET
 count  
--------
 100000
(1 row)

   id   | key_id |                                                                                                                                                        query                                                                                                                                                        |      executed_at       | duration_ms | row_count | status  
--------+--------+---------------------------------------------------------------------------------------------------------------------------------------------------------------------------------------------------------------------------------------------------------------------------------------------------------------------+------------------------+-------------+-----------+---------
 199899 |  19201 | last=1h service=fixture-6 message="row-99950 key-19201 marker_common_192 payload-3da877f2cd753a6577b8a3ab09caac44767b490eac50c7077c576bbe2113c5a9df03f45d04fff0370aaf1c0b187c2192a7b64c67fe4e4f6dc293d058cc617236a4c6b83b1d66326750c045949048eddb109d53f2a470998598ffab20b5f912b66585b6739afe0a3a4add431dedce2b0b"  | 2026-01-01 13:52:55+00 |         950 |      9950 | success
 199897 |  19201 | last=1h service=fixture-5 message="row-99949 key-19201 payload-02bc0c2e6904055ac55576877cba9066661f078261387af294925c1e1330aefaa37f368262d7efb4867ee50b94afd0628ec890f1465fbc51f19f2aef82ac6116fb406ba753e1ec39f67168289febe0ab8e9fac503b360498a7bcb504b6f4b2e5f66c170b795dd320e6cc3a4562591120"                    | 2026-01-01 13:52:54+00 |         949 |      9949 | success
 199895 |  19201 | last=1h service=fixture-4 message="row-99948 key-19201 marker_common_192 payload-a6e7edc5c59dc0e34ed5b7869cecb025444f90e7fdaba13680e517b9697eccc21c261d9121375a0ba931e37b5047c81c53a0f1b15661be1cd0a73dae25e1d7110d72d5125b5df9a31d2fc5987ac2a77f731f6b8c745a7394aa49f0e47f0d0af3148e0f71304e8a4e777771d4162b1016"  | 2026-01-01 13:52:54+00 |         948 |      9948 | success
 199893 |  19201 | last=1h service=fixture-3 message="row-99947 key-19201 payload-fff98161490278f06cf58817bd798878fc03605b11ab5b267042f6ab8eec8de5e1cd4ebf6cbbe79199af715dd8b18e76301cab6ab0367193755eb8a496dc858633b4fbc1bd6c0e7841b618fb80b577d3dbb8a307042be5c9ec75cfcb4b9ee8b99095a88f07a929d405ac7f53cb94f0f6"                    | 2026-01-01 13:52:53+00 |         947 |      9947 | success
 199891 |  19201 | last=1h service=fixture-2 message="row-99946 key-19201 marker_common_192 payload-8a98888f759a192974dc5f142995cd318ccac56a6048de586a57ae55e903010229d396faf729d23e70db55d4b444feb9f858ee63c7ff6d01ed0d4f19f89d8cb4e0e427f4342c3e38b8137e9a287e7cb3c367b22283dc5fa5fcf068df00cc8682d8df743f4e862ee3d02435d23087f596"  | 2026-01-01 13:52:53+00 |         946 |      9946 | success
 199889 |  19201 | last=1h service=fixture-1 message="row-99945 key-19201 payload-30b15839e34b895532a897f45e814b6eb46d7990fd97cac15b11aed0778d23e5c2b051a9f6b088c9c829c9262139305b0ce328263c532786a2c6117b277c7debf67191efc1bb1f575749048b4033ac1277333ee76585404c28808973387fcaea6c954550228ca043320f2b2381b5036d"                    | 2026-01-01 13:52:52+00 |         945 |      9945 | success
 199887 |  19201 | last=1h service=fixture-0 message="row-99944 key-19201 marker_common_192 payload-36aa9843152e6b44fe5a22fdc7005a01eaa405f0c439c78f1533648811bf1c9273c967c3d7c3feee0d66ac142929608017be32ce941a2879ab3bfb75d5b6851892e4aca709385f8b430a6398e474a31df4dd2bfaed8f437586d20b44e5778b692e0397f88a0c132bec5e7917ebb68d30"  | 2026-01-01 13:52:52+00 |         944 |      9944 | success
 199885 |  19201 | last=1h service=fixture-30 message="row-99943 key-19201 payload-b307c4433890209caf0a1c16d20fe74d9d2844b002cd56f9062142ccd2c6cf886a035ba18bf4e007b0da3f1666277322a42159e055b9b32da16b832eb0fd6ec3967b52c2d280925eda87920e4496369035e1b80775bd9dbd0d6944260aa599f0d4ee956467943837558483bd6811f9e1"                   | 2026-01-01 13:52:51+00 |         943 |      9943 | success
 199883 |  19201 | last=1h service=fixture-29 message="row-99942 key-19201 marker_common_192 payload-3a20b4dafbacdf678d6cf838394edcfa7d64923715382429265c2e26d67a7f921d9d68ef6c1b14a2407aa3f070900d06f445da383b2413e950463ed82f33793fc1efed2a1ed65578fc814ff67520457fa44d373ca7c1f6d503e7688792b2d3f40637e3608fbcf8a6d238a0ee80549e93" | 2026-01-01 13:52:51+00 |         942 |      9942 | success
 199881 |  19201 | last=1h service=fixture-28 message="row-99941 key-19201 payload-dfa044e3e49d92d24dd704ab915a0a8d9820a1d605ab862ca49b0fb584127b37322e189ebac39701584c582de6b445f0a532b7a53122493109114ba408efd6cbaa6fb862caf57b475c87d4042a3222e491ac30dd66e444d5f8ca24cd37be985661bbafe4d01b47facdf4d4afa6ed7801"                   | 2026-01-01 13:52:50+00 |         941 |      9941 | success
 199879 |  19201 | last=1h service=fixture-27 message="row-99940 key-19201 marker_common_192 payload-e85e65feaa5a4619973ace278ba45c7aa5eadf3fa92a3f85272bcc2ba457deffbbe60039fc1d8e65d5a48a3ca2d7576d2c83539a108d63d141f95e845772b8b1c509eb8b83053f7fd0a7215850b4c985e918d3bec9ff65f2d16d11c8973485dffdedd74a80b5ab53c096271e3d7eb6bf" | 2026-01-01 13:52:50+00 |         940 |      9940 | success
 199877 |  19201 | last=1h service=fixture-26 message="row-99939 key-19201 payload-531eea1b137dd2d7e28dd610f76b7ba450a7664ce5ad475dda0074ac5eb703f482dcfa055178756a678bd4bf87164fa697ef5817d83371313585e1a11ec8cc8b4a805ebb1fa5f2f687d31923138224a1549f330440c755fad7ab4e4a2901b87876a7d8c3d3f1ad91790e459488f69eaa"                   | 2026-01-01 13:52:49+00 |         939 |      9939 | success
 199875 |  19201 | last=1h service=fixture-25 message="row-99938 key-19201 marker_common_192 payload-4c109257805118d78f615ca8d0006455e5ec0a4d12755cf651245b6373be8ab66dcc54a6d296df5c1537cb9eb47c7e39bc3822831d14ae7206251b9196c879de427a41439907505aaa6b98c0f26b94f70164cdf71614f3dc7e0d2c710ed819e497e121cf11ce72a2e0d21a6eb6a6ea48" | 2026-01-01 13:52:49+00 |         938 |      9938 | success
 199873 |  19201 | last=1h service=fixture-24 message="row-99937 key-19201 payload-fcbbb945c6aeb43c3c5fdceff68ff98a1b0c6a8f31518b7c3d746480946f5798a7d064e0ed260d822aa43b595c2458213b20159ecd2161d8c69ba81324ae05ecc7c9d5c4f2442fedd151e6dbf234c2c32c5b3f387448b055cf42cce2a15227b9c7f9cb800b5a56e22816b98a88874350"                   | 2026-01-01 13:52:48+00 |         937 |      9937 | success
 199871 |  19201 | last=1h service=fixture-23 message="row-99936 key-19201 marker_common_192 payload-ad29ca29172ef783002c2970d62e42d1863b7d7681d81b917b9db8455fc6f2df0ad27a9434a116141d52bd49842c236d58154faaea7d2981ad3964eae3e82e369616bbb17d6f93cecc2fa9e00cd361d865065193a2bb4b826dadc01c4f801873c44bbe18f3d178aa470fd1372ead59aa" | 2026-01-01 13:52:48+00 |         936 |      9936 | success
 199869 |  19201 | last=1h service=fixture-22 message="row-99935 key-19201 payload-29c9c7d66d464963913db75297482c9ab167d51bef373788f8a1a26df46141300cd54065e4f3ac2e1ad103b7fa6cc036135bb16f49f80faa6d1e06e0e88b3e9fdaae4354b3586f613fc7c7acf41deb313792f4e3da765a319c741a36a35c836f8be978a6a130b6aceb2f6dc757184bff"                   | 2026-01-01 13:52:47+00 |         935 |      9935 | success
 199867 |  19201 | last=1h service=fixture-21 message="row-99934 key-19201 marker_common_192 payload-4b557244bf68beae25c00948622584957029aaf2b56a6b971912b940b1613a90f39163188064e9b79d0bd0ecb969bffd8e9840cc1ef34ea1eb6c2643e72da455a215087a1443c764625586a16f57af18fb18828e5008ba5f2d0287e69ebca4663234a3f5299bf214e1410f66afad42e9" | 2026-01-01 13:52:47+00 |         934 |      9934 | success
 199865 |  19201 | last=1h service=fixture-20 message="row-99933 key-19201 payload-8dd7e8c71c5833faff3fd8359046d98e68d0fa3af4089f1ad7c9646bf795accb2aed02dd4a9edfd79dd4cd73aeffe794efe02d0520309b46b349a9f27c6c49f0c85ad37e5cdb8c588bb4cc01fbcb418f52a31b340815f6ca0305f0315441cf674bc5052a64acf874d58ccbecdb58b452"                   | 2026-01-01 13:52:46+00 |         933 |      9933 | success
 199863 |  19201 | last=1h service=fixture-19 message="row-99932 key-19201 marker_common_192 payload-0ed19be8ff3fc40a657b059fed5a3a71220359da69702de1f2deb04148548f5ec70f382d358270cd383b1facb1a73bf4e38313022c8586fcc26fab026888647d56715aec3f37fdfe1d0b9de439d299603f1e3365a3901c23a6752c9b830672ea426d5ad423509b48381eafe66298c16d" | 2026-01-01 13:52:46+00 |         932 |      9932 | success
 199861 |  19201 | last=1h service=fixture-18 message="row-99931 key-19201 payload-4e0c42a6c19ceecd0bc8591d6580fa2f348b2bdd96bb20db0d6f621930dfd11735da8b9a2befd359bafa823b66ddb1b51b7c250f70a522723ecb861751f9edd03f47560a2a93469e734e190cb86a8e2bc5a0d0f62d1805a4e890508d0c73927d482fe91635b04c881c93e3fe1c17085d"                   | 2026-01-01 13:52:45+00 |         931 |      9931 | success
 199859 |  19201 | last=1h service=fixture-17 message="row-99930 key-19201 marker_common_192 payload-62118f025e554c25ebeef33f58e8a058ba9617455ce84279da2f7ab20194a758166bd0fe65ad69ebbfc2193016f5fd5cb03b9bb4e96a703c095e1cb4c8c4e70644589179cd107e0083ee4849b23cff2d40f9db8a5960e5de36919237a1cba92bf38190308ffed92b16eac2e12295319d" | 2026-01-01 13:52:45+00 |         930 |      9930 | success
 199857 |  19201 | last=1h service=fixture-16 message="row-99929 key-19201 payload-d0525d9d766ffbaf4bc90717ff275b7f036ec2845179b0aea17698f4cdc881b2e3cda7898cc216abca66f8be590b0020b76cfe6f5029124b75ab08f43d7f281d023b5540bac6112f914db7fd1b3b97c256c951e43f202a308aa543ab6d272378152b2e03ffa44e6d03fd16dc88750f7d"                   | 2026-01-01 13:52:44+00 |         929 |      9929 | success
 199855 |  19201 | last=1h service=fixture-15 message="row-99928 key-19201 marker_common_192 payload-a641fc12ccc99a6cf674dca47ef2ec25551c00a235b95853ba0bc94fb398ef2590e30c63b03323f4a2d96417d50b8957e9bf19c6e9e5a774398b63d3de9948804e0254c7b0ea19e598b26fb6982f165f3048cf8010420d583e2eceb7c3397b62434ff433f39447427cd5033ca0762b44" | 2026-01-01 13:52:44+00 |         928 |      9928 | success
 199853 |  19201 | last=1h service=fixture-14 message="row-99927 key-19201 payload-69da942a7ff91da14d326d92162ddfcd1854a0f1abf8fc609dab2c9d45ce6c0ba530141443c74180f6347afd110d9ef0f56885d08842813e2242765757478642577eaf7a2b409ee4ad315a4ca6ff1182790abbaa089820ffceae823d72b68ac31d13a05eb968989bbb7bcf78abcb0c0a"                   | 2026-01-01 13:52:43+00 |         927 |      9927 | success
 199851 |  19201 | last=1h service=fixture-13 message="row-99926 key-19201 marker_common_192 payload-c8634f69d5f5baac78aae18a10b9c1daa0e004bd72a4b5ef1b802568945139dbc51fcbdaf26a6cb082eb5a31a1f2353d6b6c3dfe7cbc0e0d3eda89d7224808b14165424e6082b7c4e27dcf6675f243d5d4f9a1ab04b99aba2909c969442058438eddc18445706edf1ba3f29c84efd807" | 2026-01-01 13:52:43+00 |         926 |      9926 | success
 199849 |  19201 | last=1h service=fixture-12 message="row-99925 key-19201 payload-8bc322a49fb6e391ec88c720d99478764175f6da89ef2e05e62b8be058774e90311897e05f1e6bdfea16355cd6aa120f0967bced827c98ffc32f4f04f8a6d324021848127b7479681bdd8f34e351de0728fd69c5a1c9dc1c522cbb157e5e1d043d02f16bf9743d53b7b8bf6c37bab6bc"                   | 2026-01-01 13:52:42+00 |         925 |      9925 | success
 199847 |  19201 | last=1h service=fixture-11 message="row-99924 key-19201 marker_common_192 payload-ee4897a3624aa9ee8df91245b4752b2080f9e5ad1d07bec00ebfb6e32318dc5544cf7a7c20cdb9ab7288ee3c33c95b42fc589190e058e4920e3ab36868c517cd3130f747a97f34435013b9a2be9a14a2a3b3c75ee1198452e2e6d42051bab5758be65ea9f2fdac27de25df92dda31e4a" | 2026-01-01 13:52:42+00 |         924 |      9924 | success
 199845 |  19201 | last=1h service=fixture-10 message="row-99923 key-19201 payload-28ab1b1ce1a778578b8041268c45ac60dcc5cbd9ba076a218f081969325e6bf42e281944c2ecec027dd38bbfe99d62e87828733b907cad019e0a1ae1a40e01e8b984d2786116446fd7b527ea2e7fefff5ed45d387ee3700d9a873a45aced3e5eccb325946ffda0305adb4adaeefb4a24"                   | 2026-01-01 13:52:41+00 |         923 |      9923 | success
 199843 |  19201 | last=1h service=fixture-9 message="row-99922 key-19201 marker_common_192 payload-fa86abfaa7dac87ccdb495ee366b3cfadf4aeb0384767f80a2e10bf62282f6e88e5c7dad034b650bd18ada1627256f8153464f7773c7ed81d81c30aa65d4d94deae7651a717d46f2ba3e1537f90cce58d23a20b7a7f28de42c74944c635954b97c4d5f89f3dbd443f5b3ad158ebfe5ea"  | 2026-01-01 13:52:41+00 |         922 |      9922 | success
 199841 |  19201 | last=1h service=fixture-8 message="row-99921 key-19201 payload-f5e1c9819cf2dc338571424805f51a27bc0bf286fd0b6174c26144e92f3f0ac72111eaac97d2c0108cda0e7798e017e0e35f5285bf8367a9b2d504dd483489f4d5336b2f7606cbbddd8c695e30bb64680aa925e15b8f0e379f2cbb8b44970e96f84192807ce2fa27b2ee73d58d3bf7d8"                    | 2026-01-01 13:52:40+00 |         921 |      9921 | success
 199839 |  19201 | last=1h service=fixture-7 message="row-99920 key-19201 marker_common_192 payload-c4617b1b60be9f8845971f5a3dd8d14afe066197580dfe10b1957e55c1070b93b1ba24d0901dec6a064f099f4d8441d089dfebf619460cb8c072aad84af2a3c3acea304206d51ab86a1473dc4a9b664c5e0ba55c4c6571b07e995775bed92e214dfb2f091ecffbeab1a5e4787eabd104"  | 2026-01-01 13:52:40+00 |         920 |      9920 | success
 199837 |  19201 | last=1h service=fixture-6 message="row-99919 key-19201 payload-ae5bd9f323524c5231e2358d0fffc77ad40d02ce1e7b07877e425ec631bda7fe3672db5b1af0ba6b0ce12331d3630f8c2a7b5e686805ae5361af09132923b6dc61332f86c9749e193ec4d8c51d38cea9aa74b23b5d3c419d6f9e3cc008c6747ad9a86d6d52ae9dff80504ffce0b18352"                    | 2026-01-01 13:52:39+00 |         919 |      9919 | success
 199835 |  19201 | last=1h service=fixture-5 message="row-99918 key-19201 marker_common_192 payload-301008764b9022008cc2bf397b7a03e4e4ea3ed206e7e37e9f6c6311abc97fb2da30860b895572b748369b0b2477633db574e432ca23becb6f4f7a67b30f5c2f1074cbebfc81e5d6c960603bf17d319e347f15d99015073d57f7ce588b065a545b30a8fedd9ac9a579aad7bdab0a5d4c"  | 2026-01-01 13:52:39+00 |         918 |      9918 | success
 199833 |  19201 | last=1h service=fixture-4 message="row-99917 key-19201 payload-5b790530dab41d2e58637dbe4e06f72d9ba17da75caf41f29d1eca3f932533866b3a18e481a0969e2ace0f386761d6167ccf8fda33704bfb05e3b2685d487d22b5e1488d9686ca8da394d4ddbbefcee750b02d8b8b620c201e92fc3b6cad14e2093344ecf080827ef72b2caa160b5c80"                    | 2026-01-01 13:52:38+00 |         917 |      9917 | success
 199831 |  19201 | last=1h service=fixture-3 message="row-99916 key-19201 marker_common_192 payload-57245e5a359b98280b5719f1bfb2fa03b5db0a2e8f21cf4039b92c5476ab2dc98a2d611a9938c4294c7426726b5a7767ace799bf019afe85feb07494052196553684d2c45a60339355ff15fc4137cfd88825618cd16ea4efc311883d8399642964479f132193d467ef2c477dec6dbdd9"  | 2026-01-01 13:52:38+00 |         916 |      9916 | success
 199829 |  19201 | last=1h service=fixture-2 message="row-99915 key-19201 payload-c4f4c95ea2dc17f4b6ef647b1bc69caff3f1c2f0a9e521b0d24bc9346b5f866cdc7999a47fdbc4812a361d7480472d60499cd30191313f4a3a0db0f35e62d967d6ff1e3187027562f98c1650a60d0d4603a3cf63f2e6a73861dfbca6b346c1ab55bc979b72420e01539fa617b37790c8"                    | 2026-01-01 13:52:37+00 |         915 |      9915 | success
 199827 |  19201 | last=1h service=fixture-1 message="row-99914 key-19201 marker_common_192 payload-8f2db8df42f62c96dbeba49b583f5f829a8c0898add7cba2f9d387b14ea7b3718a0a234918e5f4e0511c4902b5154432edd181fbbf53c4e8fa9a8201dbc75de7fd3ead48220b459108b4596b0437e35fa5ccf6fc8bc6267d5d11663e2dcb71db8c832012f4814b10927e4601c769fb56"  | 2026-01-01 13:52:37+00 |         914 |      9914 | success
 199825 |  19201 | last=1h service=fixture-0 message="row-99913 key-19201 payload-d82c174c256f182e8c06cf03e2f1340192cca4c567af431d3f96e1875430ee630b2b7e3c3cd0b64ccf7a760865d4dd4cfd8e5acfad9d93e4a87432176ec0e2dbcdd7c96070447dcc8558756927f49afa85e45ae0ff6dda2f62f37690d62840459b983e765a15abb4e3164e7a6266445b"                    | 2026-01-01 13:52:36+00 |         913 |      9913 | success
 199823 |  19201 | last=1h service=fixture-30 message="row-99912 key-19201 marker_common_192 payload-c7de5d0cbd79e1c7d261ac71e0818347ae522d96c76cf81e86ea0711fbd525c96a6ab3f4d19bb2cd9e1dc3d2c8501604cd1864467600bbd120e3503d8b3fcd74140f83bf37e932fbaa2935b4cc932ca4cfb0106e8e93129362198e9e0d9de7b9c4503c9880a13a2231d55aa366c3387c" | 2026-01-01 13:52:36+00 |         912 |      9912 | success
 199821 |  19201 | last=1h service=fixture-29 message="row-99911 key-19201 payload-34e310afb5ad03addc758dd0be97b5af164cdccbbfaa43ed27897d344490fc7b8660dd9cda32306a4842e183ea2b52678703ebfb664e7ff319e8dd328d2e4fc3d54a952fde8649fa322976d8e3405ec1b2d82c574c977ad6ab6755853367a24d189c6f17b55eff823d41f1c2b95dffe4"                   | 2026-01-01 13:52:35+00 |         911 |      9911 | success
 199819 |  19201 | last=1h service=fixture-28 message="row-99910 key-19201 marker_common_192 payload-01053c8b90988674aecaf9dfb22de1b4f4788d810f352f603dab337e3cd2685938a732cece5f213108e4bec1db3f5ee7eb1226ebca79060decc1d34cb82e2b44e13b19be5960f857121c3ba449e2987a62a8a68a91218d1be5aa1dad64f1d5e9a20bca9591552a1153eee06899b5caef" | 2026-01-01 13:52:35+00 |         910 |      9910 | success
 199817 |  19201 | last=1h service=fixture-27 message="row-99909 key-19201 payload-814032bb6b7d7a632c1c6a1966871a8b6111aea0d0515ddd1dd7f547d619aaaf096f57bd17dd306271c54a83b495220bb90059ff0fdec98c51bd5c30eb19f9902b6017e04e5b673f41bbdea469db2ffea9a0ca04049a5916cfd53935f85de20699c7f829eda1895eb197b6f8eb48113e"                   | 2026-01-01 13:52:34+00 |         909 |      9909 | success
 199815 |  19201 | last=1h service=fixture-26 message="row-99908 key-19201 marker_common_192 payload-90d432b2f5d7e55b1a95347af93825d7ab03a980decb3db42caba3795557c97fb458f20e8bf2b21efd7380487a352d5ba9b1c246e6f38114b955ee58e8b7c50ed9ecfeb23d63330d54c15ceb44d8c1a80c553bf8e007df6aa5a14368e68a65f2966edb09aebc5757f5c8e11d2c6d25e3" | 2026-01-01 13:52:34+00 |         908 |      9908 | success
 199813 |  19201 | last=1h service=fixture-25 message="row-99907 key-19201 payload-ecd56b6d0bc933715670158ad9b6bd3d0bd845914e4be55fb2fbbc9b70511a483daf78a26503bd7cadbe6c99744993f56d12aa6effc6230100880f920c072f32a94bf7dd6d5f941220a7771ba77ed3bb0906e26a9e8883f93e6472d3a93affe33524c1a2287d1386bf74407074a9f7c0"                   | 2026-01-01 13:52:33+00 |         907 |      9907 | success
 199811 |  19201 | last=1h service=fixture-24 message="row-99906 key-19201 marker_common_192 payload-1d5080b9a52187bf67e139186dc4b0c933b00fdd2dae2d7cdba4e84f54d5bc5463f7b408e24991830c336151dc6408247238a9521cbe61c804784d629030925773c950a9ab54be8fa27d65801fc93b99863eb3248368af4659296140c765909371f650678efc2c8518ee37d95241de39" | 2026-01-01 13:52:33+00 |         906 |      9906 | success
 199809 |  19201 | last=1h service=fixture-23 message="row-99905 key-19201 payload-8c7a35cb4453095b94375ead03db6c733f5f0fcbad57258df989a6208dfd7f96f1d4eb072409634a148587f879171977eb980b0901949c4d4dc9241ce4245c1519d6e79a78630fd06416fca185e1487fcd3bab511e179c18759fd7037e8db26a5c0bb9946b2da2b2ec6a6e146f95628e"                   | 2026-01-01 13:52:32+00 |         905 |      9905 | success
 199807 |  19201 | last=1h service=fixture-22 message="row-99904 key-19201 marker_common_192 payload-1a7e1954f9005b7149eb0d116b677e93798140dfd9750bef6a74c8622b919741a31bcc9cf48b2c50f21362268d2b35caf17ea45542a48304c925c592e62d7e5fdac9cb376c7a9d7f0a067022bda8c8adce659fac214dbca9c7b6d06de39d9886e6d6d0c859eb8d12064ef7970c5a3da7" | 2026-01-01 13:52:32+00 |         904 |      9904 | success
 199805 |  19201 | last=1h service=fixture-21 message="row-99903 key-19201 payload-4cf8cb1e5b8c49a9285a7d262366e74ac7baa40a94666a5d74f7e97631663c44d1e9cd115bee010d842c687099f0f6944698b92974ab88ff7821e9be5abc032889f5a080adbc679c1ae807cb3f3376f315169864289a9a4fab92abe79065a4e16a61aed90abb0551db85bae7e8045c4b"                   | 2026-01-01 13:52:31+00 |         903 |      9903 | success
 199803 |  19201 | last=1h service=fixture-20 message="row-99902 key-19201 marker_common_192 payload-9a4fc18ad6808441d97f74ceaefe575ddce7c77efbe27d500fbd5a7122746e9e18e49dc073e5a3491fa3d14cc110073894a27e58e3215acd8ee082b3fd2873a1dc914bae03f3580a4780dbd545f1d50169b3f6355942995b6057d10501d0184b261f4677eb678cefc5cec65053835436" | 2026-01-01 13:52:31+00 |         902 |      9902 | success
 199801 |  19201 | last=1h service=fixture-19 message="row-99901 key-19201 payload-3621e57bbaebbd1e44fb643de7259fc55d984f5221fc88f086460f472d1e5281df8cfcac5857097bbee87efc8fd250da72fb30268e359e335a477e5ccadf87a46ee16cd14f832bcf35f4d138423df4bf3a10348dc7726e6030b4de79b9cdafb65419ca6f835ebbdda203cbb5346711ae"                   | 2026-01-01 13:52:30+00 |         901 |      9901 | success
(50 rows)

COMMIT
BEGIN
SET
 count  
--------
 100000
(1 row)

   id   | key_id |                                                                                                                                                        query                                                                                                                                                        |      executed_at       | duration_ms | row_count | status  
--------+--------+---------------------------------------------------------------------------------------------------------------------------------------------------------------------------------------------------------------------------------------------------------------------------------------------------------------------+------------------------+-------------+-----------+---------
 199899 |  19201 | last=1h service=fixture-6 message="row-99950 key-19201 marker_common_192 payload-3da877f2cd753a6577b8a3ab09caac44767b490eac50c7077c576bbe2113c5a9df03f45d04fff0370aaf1c0b187c2192a7b64c67fe4e4f6dc293d058cc617236a4c6b83b1d66326750c045949048eddb109d53f2a470998598ffab20b5f912b66585b6739afe0a3a4add431dedce2b0b"  | 2026-01-01 13:52:55+00 |         950 |      9950 | success
 199897 |  19201 | last=1h service=fixture-5 message="row-99949 key-19201 payload-02bc0c2e6904055ac55576877cba9066661f078261387af294925c1e1330aefaa37f368262d7efb4867ee50b94afd0628ec890f1465fbc51f19f2aef82ac6116fb406ba753e1ec39f67168289febe0ab8e9fac503b360498a7bcb504b6f4b2e5f66c170b795dd320e6cc3a4562591120"                    | 2026-01-01 13:52:54+00 |         949 |      9949 | success
 199895 |  19201 | last=1h service=fixture-4 message="row-99948 key-19201 marker_common_192 payload-a6e7edc5c59dc0e34ed5b7869cecb025444f90e7fdaba13680e517b9697eccc21c261d9121375a0ba931e37b5047c81c53a0f1b15661be1cd0a73dae25e1d7110d72d5125b5df9a31d2fc5987ac2a77f731f6b8c745a7394aa49f0e47f0d0af3148e0f71304e8a4e777771d4162b1016"  | 2026-01-01 13:52:54+00 |         948 |      9948 | success
 199893 |  19201 | last=1h service=fixture-3 message="row-99947 key-19201 payload-fff98161490278f06cf58817bd798878fc03605b11ab5b267042f6ab8eec8de5e1cd4ebf6cbbe79199af715dd8b18e76301cab6ab0367193755eb8a496dc858633b4fbc1bd6c0e7841b618fb80b577d3dbb8a307042be5c9ec75cfcb4b9ee8b99095a88f07a929d405ac7f53cb94f0f6"                    | 2026-01-01 13:52:53+00 |         947 |      9947 | success
 199891 |  19201 | last=1h service=fixture-2 message="row-99946 key-19201 marker_common_192 payload-8a98888f759a192974dc5f142995cd318ccac56a6048de586a57ae55e903010229d396faf729d23e70db55d4b444feb9f858ee63c7ff6d01ed0d4f19f89d8cb4e0e427f4342c3e38b8137e9a287e7cb3c367b22283dc5fa5fcf068df00cc8682d8df743f4e862ee3d02435d23087f596"  | 2026-01-01 13:52:53+00 |         946 |      9946 | success
 199889 |  19201 | last=1h service=fixture-1 message="row-99945 key-19201 payload-30b15839e34b895532a897f45e814b6eb46d7990fd97cac15b11aed0778d23e5c2b051a9f6b088c9c829c9262139305b0ce328263c532786a2c6117b277c7debf67191efc1bb1f575749048b4033ac1277333ee76585404c28808973387fcaea6c954550228ca043320f2b2381b5036d"                    | 2026-01-01 13:52:52+00 |         945 |      9945 | success
 199887 |  19201 | last=1h service=fixture-0 message="row-99944 key-19201 marker_common_192 payload-36aa9843152e6b44fe5a22fdc7005a01eaa405f0c439c78f1533648811bf1c9273c967c3d7c3feee0d66ac142929608017be32ce941a2879ab3bfb75d5b6851892e4aca709385f8b430a6398e474a31df4dd2bfaed8f437586d20b44e5778b692e0397f88a0c132bec5e7917ebb68d30"  | 2026-01-01 13:52:52+00 |         944 |      9944 | success
 199885 |  19201 | last=1h service=fixture-30 message="row-99943 key-19201 payload-b307c4433890209caf0a1c16d20fe74d9d2844b002cd56f9062142ccd2c6cf886a035ba18bf4e007b0da3f1666277322a42159e055b9b32da16b832eb0fd6ec3967b52c2d280925eda87920e4496369035e1b80775bd9dbd0d6944260aa599f0d4ee956467943837558483bd6811f9e1"                   | 2026-01-01 13:52:51+00 |         943 |      9943 | success
 199883 |  19201 | last=1h service=fixture-29 message="row-99942 key-19201 marker_common_192 payload-3a20b4dafbacdf678d6cf838394edcfa7d64923715382429265c2e26d67a7f921d9d68ef6c1b14a2407aa3f070900d06f445da383b2413e950463ed82f33793fc1efed2a1ed65578fc814ff67520457fa44d373ca7c1f6d503e7688792b2d3f40637e3608fbcf8a6d238a0ee80549e93" | 2026-01-01 13:52:51+00 |         942 |      9942 | success
 199881 |  19201 | last=1h service=fixture-28 message="row-99941 key-19201 payload-dfa044e3e49d92d24dd704ab915a0a8d9820a1d605ab862ca49b0fb584127b37322e189ebac39701584c582de6b445f0a532b7a53122493109114ba408efd6cbaa6fb862caf57b475c87d4042a3222e491ac30dd66e444d5f8ca24cd37be985661bbafe4d01b47facdf4d4afa6ed7801"                   | 2026-01-01 13:52:50+00 |         941 |      9941 | success
 199879 |  19201 | last=1h service=fixture-27 message="row-99940 key-19201 marker_common_192 payload-e85e65feaa5a4619973ace278ba45c7aa5eadf3fa92a3f85272bcc2ba457deffbbe60039fc1d8e65d5a48a3ca2d7576d2c83539a108d63d141f95e845772b8b1c509eb8b83053f7fd0a7215850b4c985e918d3bec9ff65f2d16d11c8973485dffdedd74a80b5ab53c096271e3d7eb6bf" | 2026-01-01 13:52:50+00 |         940 |      9940 | success
 199877 |  19201 | last=1h service=fixture-26 message="row-99939 key-19201 payload-531eea1b137dd2d7e28dd610f76b7ba450a7664ce5ad475dda0074ac5eb703f482dcfa055178756a678bd4bf87164fa697ef5817d83371313585e1a11ec8cc8b4a805ebb1fa5f2f687d31923138224a1549f330440c755fad7ab4e4a2901b87876a7d8c3d3f1ad91790e459488f69eaa"                   | 2026-01-01 13:52:49+00 |         939 |      9939 | success
 199875 |  19201 | last=1h service=fixture-25 message="row-99938 key-19201 marker_common_192 payload-4c109257805118d78f615ca8d0006455e5ec0a4d12755cf651245b6373be8ab66dcc54a6d296df5c1537cb9eb47c7e39bc3822831d14ae7206251b9196c879de427a41439907505aaa6b98c0f26b94f70164cdf71614f3dc7e0d2c710ed819e497e121cf11ce72a2e0d21a6eb6a6ea48" | 2026-01-01 13:52:49+00 |         938 |      9938 | success
 199873 |  19201 | last=1h service=fixture-24 message="row-99937 key-19201 payload-fcbbb945c6aeb43c3c5fdceff68ff98a1b0c6a8f31518b7c3d746480946f5798a7d064e0ed260d822aa43b595c2458213b20159ecd2161d8c69ba81324ae05ecc7c9d5c4f2442fedd151e6dbf234c2c32c5b3f387448b055cf42cce2a15227b9c7f9cb800b5a56e22816b98a88874350"                   | 2026-01-01 13:52:48+00 |         937 |      9937 | success
 199871 |  19201 | last=1h service=fixture-23 message="row-99936 key-19201 marker_common_192 payload-ad29ca29172ef783002c2970d62e42d1863b7d7681d81b917b9db8455fc6f2df0ad27a9434a116141d52bd49842c236d58154faaea7d2981ad3964eae3e82e369616bbb17d6f93cecc2fa9e00cd361d865065193a2bb4b826dadc01c4f801873c44bbe18f3d178aa470fd1372ead59aa" | 2026-01-01 13:52:48+00 |         936 |      9936 | success
 199869 |  19201 | last=1h service=fixture-22 message="row-99935 key-19201 payload-29c9c7d66d464963913db75297482c9ab167d51bef373788f8a1a26df46141300cd54065e4f3ac2e1ad103b7fa6cc036135bb16f49f80faa6d1e06e0e88b3e9fdaae4354b3586f613fc7c7acf41deb313792f4e3da765a319c741a36a35c836f8be978a6a130b6aceb2f6dc757184bff"                   | 2026-01-01 13:52:47+00 |         935 |      9935 | success
 199867 |  19201 | last=1h service=fixture-21 message="row-99934 key-19201 marker_common_192 payload-4b557244bf68beae25c00948622584957029aaf2b56a6b971912b940b1613a90f39163188064e9b79d0bd0ecb969bffd8e9840cc1ef34ea1eb6c2643e72da455a215087a1443c764625586a16f57af18fb18828e5008ba5f2d0287e69ebca4663234a3f5299bf214e1410f66afad42e9" | 2026-01-01 13:52:47+00 |         934 |      9934 | success
 199865 |  19201 | last=1h service=fixture-20 message="row-99933 key-19201 payload-8dd7e8c71c5833faff3fd8359046d98e68d0fa3af4089f1ad7c9646bf795accb2aed02dd4a9edfd79dd4cd73aeffe794efe02d0520309b46b349a9f27c6c49f0c85ad37e5cdb8c588bb4cc01fbcb418f52a31b340815f6ca0305f0315441cf674bc5052a64acf874d58ccbecdb58b452"                   | 2026-01-01 13:52:46+00 |         933 |      9933 | success
 199863 |  19201 | last=1h service=fixture-19 message="row-99932 key-19201 marker_common_192 payload-0ed19be8ff3fc40a657b059fed5a3a71220359da69702de1f2deb04148548f5ec70f382d358270cd383b1facb1a73bf4e38313022c8586fcc26fab026888647d56715aec3f37fdfe1d0b9de439d299603f1e3365a3901c23a6752c9b830672ea426d5ad423509b48381eafe66298c16d" | 2026-01-01 13:52:46+00 |         932 |      9932 | success
 199861 |  19201 | last=1h service=fixture-18 message="row-99931 key-19201 payload-4e0c42a6c19ceecd0bc8591d6580fa2f348b2bdd96bb20db0d6f621930dfd11735da8b9a2befd359bafa823b66ddb1b51b7c250f70a522723ecb861751f9edd03f47560a2a93469e734e190cb86a8e2bc5a0d0f62d1805a4e890508d0c73927d482fe91635b04c881c93e3fe1c17085d"                   | 2026-01-01 13:52:45+00 |         931 |      9931 | success
 199859 |  19201 | last=1h service=fixture-17 message="row-99930 key-19201 marker_common_192 payload-62118f025e554c25ebeef33f58e8a058ba9617455ce84279da2f7ab20194a758166bd0fe65ad69ebbfc2193016f5fd5cb03b9bb4e96a703c095e1cb4c8c4e70644589179cd107e0083ee4849b23cff2d40f9db8a5960e5de36919237a1cba92bf38190308ffed92b16eac2e12295319d" | 2026-01-01 13:52:45+00 |         930 |      9930 | success
 199857 |  19201 | last=1h service=fixture-16 message="row-99929 key-19201 payload-d0525d9d766ffbaf4bc90717ff275b7f036ec2845179b0aea17698f4cdc881b2e3cda7898cc216abca66f8be590b0020b76cfe6f5029124b75ab08f43d7f281d023b5540bac6112f914db7fd1b3b97c256c951e43f202a308aa543ab6d272378152b2e03ffa44e6d03fd16dc88750f7d"                   | 2026-01-01 13:52:44+00 |         929 |      9929 | success
 199855 |  19201 | last=1h service=fixture-15 message="row-99928 key-19201 marker_common_192 payload-a641fc12ccc99a6cf674dca47ef2ec25551c00a235b95853ba0bc94fb398ef2590e30c63b03323f4a2d96417d50b8957e9bf19c6e9e5a774398b63d3de9948804e0254c7b0ea19e598b26fb6982f165f3048cf8010420d583e2eceb7c3397b62434ff433f39447427cd5033ca0762b44" | 2026-01-01 13:52:44+00 |         928 |      9928 | success
 199853 |  19201 | last=1h service=fixture-14 message="row-99927 key-19201 payload-69da942a7ff91da14d326d92162ddfcd1854a0f1abf8fc609dab2c9d45ce6c0ba530141443c74180f6347afd110d9ef0f56885d08842813e2242765757478642577eaf7a2b409ee4ad315a4ca6ff1182790abbaa089820ffceae823d72b68ac31d13a05eb968989bbb7bcf78abcb0c0a"                   | 2026-01-01 13:52:43+00 |         927 |      9927 | success
 199851 |  19201 | last=1h service=fixture-13 message="row-99926 key-19201 marker_common_192 payload-c8634f69d5f5baac78aae18a10b9c1daa0e004bd72a4b5ef1b802568945139dbc51fcbdaf26a6cb082eb5a31a1f2353d6b6c3dfe7cbc0e0d3eda89d7224808b14165424e6082b7c4e27dcf6675f243d5d4f9a1ab04b99aba2909c969442058438eddc18445706edf1ba3f29c84efd807" | 2026-01-01 13:52:43+00 |         926 |      9926 | success
 199849 |  19201 | last=1h service=fixture-12 message="row-99925 key-19201 payload-8bc322a49fb6e391ec88c720d99478764175f6da89ef2e05e62b8be058774e90311897e05f1e6bdfea16355cd6aa120f0967bced827c98ffc32f4f04f8a6d324021848127b7479681bdd8f34e351de0728fd69c5a1c9dc1c522cbb157e5e1d043d02f16bf9743d53b7b8bf6c37bab6bc"                   | 2026-01-01 13:52:42+00 |         925 |      9925 | success
 199847 |  19201 | last=1h service=fixture-11 message="row-99924 key-19201 marker_common_192 payload-ee4897a3624aa9ee8df91245b4752b2080f9e5ad1d07bec00ebfb6e32318dc5544cf7a7c20cdb9ab7288ee3c33c95b42fc589190e058e4920e3ab36868c517cd3130f747a97f34435013b9a2be9a14a2a3b3c75ee1198452e2e6d42051bab5758be65ea9f2fdac27de25df92dda31e4a" | 2026-01-01 13:52:42+00 |         924 |      9924 | success
 199845 |  19201 | last=1h service=fixture-10 message="row-99923 key-19201 payload-28ab1b1ce1a778578b8041268c45ac60dcc5cbd9ba076a218f081969325e6bf42e281944c2ecec027dd38bbfe99d62e87828733b907cad019e0a1ae1a40e01e8b984d2786116446fd7b527ea2e7fefff5ed45d387ee3700d9a873a45aced3e5eccb325946ffda0305adb4adaeefb4a24"                   | 2026-01-01 13:52:41+00 |         923 |      9923 | success
 199843 |  19201 | last=1h service=fixture-9 message="row-99922 key-19201 marker_common_192 payload-fa86abfaa7dac87ccdb495ee366b3cfadf4aeb0384767f80a2e10bf62282f6e88e5c7dad034b650bd18ada1627256f8153464f7773c7ed81d81c30aa65d4d94deae7651a717d46f2ba3e1537f90cce58d23a20b7a7f28de42c74944c635954b97c4d5f89f3dbd443f5b3ad158ebfe5ea"  | 2026-01-01 13:52:41+00 |         922 |      9922 | success
 199841 |  19201 | last=1h service=fixture-8 message="row-99921 key-19201 payload-f5e1c9819cf2dc338571424805f51a27bc0bf286fd0b6174c26144e92f3f0ac72111eaac97d2c0108cda0e7798e017e0e35f5285bf8367a9b2d504dd483489f4d5336b2f7606cbbddd8c695e30bb64680aa925e15b8f0e379f2cbb8b44970e96f84192807ce2fa27b2ee73d58d3bf7d8"                    | 2026-01-01 13:52:40+00 |         921 |      9921 | success
 199839 |  19201 | last=1h service=fixture-7 message="row-99920 key-19201 marker_common_192 payload-c4617b1b60be9f8845971f5a3dd8d14afe066197580dfe10b1957e55c1070b93b1ba24d0901dec6a064f099f4d8441d089dfebf619460cb8c072aad84af2a3c3acea304206d51ab86a1473dc4a9b664c5e0ba55c4c6571b07e995775bed92e214dfb2f091ecffbeab1a5e4787eabd104"  | 2026-01-01 13:52:40+00 |         920 |      9920 | success
 199837 |  19201 | last=1h service=fixture-6 message="row-99919 key-19201 payload-ae5bd9f323524c5231e2358d0fffc77ad40d02ce1e7b07877e425ec631bda7fe3672db5b1af0ba6b0ce12331d3630f8c2a7b5e686805ae5361af09132923b6dc61332f86c9749e193ec4d8c51d38cea9aa74b23b5d3c419d6f9e3cc008c6747ad9a86d6d52ae9dff80504ffce0b18352"                    | 2026-01-01 13:52:39+00 |         919 |      9919 | success
 199835 |  19201 | last=1h service=fixture-5 message="row-99918 key-19201 marker_common_192 payload-301008764b9022008cc2bf397b7a03e4e4ea3ed206e7e37e9f6c6311abc97fb2da30860b895572b748369b0b2477633db574e432ca23becb6f4f7a67b30f5c2f1074cbebfc81e5d6c960603bf17d319e347f15d99015073d57f7ce588b065a545b30a8fedd9ac9a579aad7bdab0a5d4c"  | 2026-01-01 13:52:39+00 |         918 |      9918 | success
 199833 |  19201 | last=1h service=fixture-4 message="row-99917 key-19201 payload-5b790530dab41d2e58637dbe4e06f72d9ba17da75caf41f29d1eca3f932533866b3a18e481a0969e2ace0f386761d6167ccf8fda33704bfb05e3b2685d487d22b5e1488d9686ca8da394d4ddbbefcee750b02d8b8b620c201e92fc3b6cad14e2093344ecf080827ef72b2caa160b5c80"                    | 2026-01-01 13:52:38+00 |         917 |      9917 | success
 199831 |  19201 | last=1h service=fixture-3 message="row-99916 key-19201 marker_common_192 payload-57245e5a359b98280b5719f1bfb2fa03b5db0a2e8f21cf4039b92c5476ab2dc98a2d611a9938c4294c7426726b5a7767ace799bf019afe85feb07494052196553684d2c45a60339355ff15fc4137cfd88825618cd16ea4efc311883d8399642964479f132193d467ef2c477dec6dbdd9"  | 2026-01-01 13:52:38+00 |         916 |      9916 | success
 199829 |  19201 | last=1h service=fixture-2 message="row-99915 key-19201 payload-c4f4c95ea2dc17f4b6ef647b1bc69caff3f1c2f0a9e521b0d24bc9346b5f866cdc7999a47fdbc4812a361d7480472d60499cd30191313f4a3a0db0f35e62d967d6ff1e3187027562f98c1650a60d0d4603a3cf63f2e6a73861dfbca6b346c1ab55bc979b72420e01539fa617b37790c8"                    | 2026-01-01 13:52:37+00 |         915 |      9915 | success
 199827 |  19201 | last=1h service=fixture-1 message="row-99914 key-19201 marker_common_192 payload-8f2db8df42f62c96dbeba49b583f5f829a8c0898add7cba2f9d387b14ea7b3718a0a234918e5f4e0511c4902b5154432edd181fbbf53c4e8fa9a8201dbc75de7fd3ead48220b459108b4596b0437e35fa5ccf6fc8bc6267d5d11663e2dcb71db8c832012f4814b10927e4601c769fb56"  | 2026-01-01 13:52:37+00 |         914 |      9914 | success
 199825 |  19201 | last=1h service=fixture-0 message="row-99913 key-19201 payload-d82c174c256f182e8c06cf03e2f1340192cca4c567af431d3f96e1875430ee630b2b7e3c3cd0b64ccf7a760865d4dd4cfd8e5acfad9d93e4a87432176ec0e2dbcdd7c96070447dcc8558756927f49afa85e45ae0ff6dda2f62f37690d62840459b983e765a15abb4e3164e7a6266445b"                    | 2026-01-01 13:52:36+00 |         913 |      9913 | success
 199823 |  19201 | last=1h service=fixture-30 message="row-99912 key-19201 marker_common_192 payload-c7de5d0cbd79e1c7d261ac71e0818347ae522d96c76cf81e86ea0711fbd525c96a6ab3f4d19bb2cd9e1dc3d2c8501604cd1864467600bbd120e3503d8b3fcd74140f83bf37e932fbaa2935b4cc932ca4cfb0106e8e93129362198e9e0d9de7b9c4503c9880a13a2231d55aa366c3387c" | 2026-01-01 13:52:36+00 |         912 |      9912 | success
 199821 |  19201 | last=1h service=fixture-29 message="row-99911 key-19201 payload-34e310afb5ad03addc758dd0be97b5af164cdccbbfaa43ed27897d344490fc7b8660dd9cda32306a4842e183ea2b52678703ebfb664e7ff319e8dd328d2e4fc3d54a952fde8649fa322976d8e3405ec1b2d82c574c977ad6ab6755853367a24d189c6f17b55eff823d41f1c2b95dffe4"                   | 2026-01-01 13:52:35+00 |         911 |      9911 | success
 199819 |  19201 | last=1h service=fixture-28 message="row-99910 key-19201 marker_common_192 payload-01053c8b90988674aecaf9dfb22de1b4f4788d810f352f603dab337e3cd2685938a732cece5f213108e4bec1db3f5ee7eb1226ebca79060decc1d34cb82e2b44e13b19be5960f857121c3ba449e2987a62a8a68a91218d1be5aa1dad64f1d5e9a20bca9591552a1153eee06899b5caef" | 2026-01-01 13:52:35+00 |         910 |      9910 | success
 199817 |  19201 | last=1h service=fixture-27 message="row-99909 key-19201 payload-814032bb6b7d7a632c1c6a1966871a8b6111aea0d0515ddd1dd7f547d619aaaf096f57bd17dd306271c54a83b495220bb90059ff0fdec98c51bd5c30eb19f9902b6017e04e5b673f41bbdea469db2ffea9a0ca04049a5916cfd53935f85de20699c7f829eda1895eb197b6f8eb48113e"                   | 2026-01-01 13:52:34+00 |         909 |      9909 | success
 199815 |  19201 | last=1h service=fixture-26 message="row-99908 key-19201 marker_common_192 payload-90d432b2f5d7e55b1a95347af93825d7ab03a980decb3db42caba3795557c97fb458f20e8bf2b21efd7380487a352d5ba9b1c246e6f38114b955ee58e8b7c50ed9ecfeb23d63330d54c15ceb44d8c1a80c553bf8e007df6aa5a14368e68a65f2966edb09aebc5757f5c8e11d2c6d25e3" | 2026-01-01 13:52:34+00 |         908 |      9908 | success
 199813 |  19201 | last=1h service=fixture-25 message="row-99907 key-19201 payload-ecd56b6d0bc933715670158ad9b6bd3d0bd845914e4be55fb2fbbc9b70511a483daf78a26503bd7cadbe6c99744993f56d12aa6effc6230100880f920c072f32a94bf7dd6d5f941220a7771ba77ed3bb0906e26a9e8883f93e6472d3a93affe33524c1a2287d1386bf74407074a9f7c0"                   | 2026-01-01 13:52:33+00 |         907 |      9907 | success
 199811 |  19201 | last=1h service=fixture-24 message="row-99906 key-19201 marker_common_192 payload-1d5080b9a52187bf67e139186dc4b0c933b00fdd2dae2d7cdba4e84f54d5bc5463f7b408e24991830c336151dc6408247238a9521cbe61c804784d629030925773c950a9ab54be8fa27d65801fc93b99863eb3248368af4659296140c765909371f650678efc2c8518ee37d95241de39" | 2026-01-01 13:52:33+00 |         906 |      9906 | success
 199809 |  19201 | last=1h service=fixture-23 message="row-99905 key-19201 payload-8c7a35cb4453095b94375ead03db6c733f5f0fcbad57258df989a6208dfd7f96f1d4eb072409634a148587f879171977eb980b0901949c4d4dc9241ce4245c1519d6e79a78630fd06416fca185e1487fcd3bab511e179c18759fd7037e8db26a5c0bb9946b2da2b2ec6a6e146f95628e"                   | 2026-01-01 13:52:32+00 |         905 |      9905 | success
 199807 |  19201 | last=1h service=fixture-22 message="row-99904 key-19201 marker_common_192 payload-1a7e1954f9005b7149eb0d116b677e93798140dfd9750bef6a74c8622b919741a31bcc9cf48b2c50f21362268d2b35caf17ea45542a48304c925c592e62d7e5fdac9cb376c7a9d7f0a067022bda8c8adce659fac214dbca9c7b6d06de39d9886e6d6d0c859eb8d12064ef7970c5a3da7" | 2026-01-01 13:52:32+00 |         904 |      9904 | success
 199805 |  19201 | last=1h service=fixture-21 message="row-99903 key-19201 payload-4cf8cb1e5b8c49a9285a7d262366e74ac7baa40a94666a5d74f7e97631663c44d1e9cd115bee010d842c687099f0f6944698b92974ab88ff7821e9be5abc032889f5a080adbc679c1ae807cb3f3376f315169864289a9a4fab92abe79065a4e16a61aed90abb0551db85bae7e8045c4b"                   | 2026-01-01 13:52:31+00 |         903 |      9903 | success
 199803 |  19201 | last=1h service=fixture-20 message="row-99902 key-19201 marker_common_192 payload-9a4fc18ad6808441d97f74ceaefe575ddce7c77efbe27d500fbd5a7122746e9e18e49dc073e5a3491fa3d14cc110073894a27e58e3215acd8ee082b3fd2873a1dc914bae03f3580a4780dbd545f1d50169b3f6355942995b6057d10501d0184b261f4677eb678cefc5cec65053835436" | 2026-01-01 13:52:31+00 |         902 |      9902 | success
 199801 |  19201 | last=1h service=fixture-19 message="row-99901 key-19201 payload-3621e57bbaebbd1e44fb643de7259fc55d984f5221fc88f086460f472d1e5281df8cfcac5857097bbee87efc8fd250da72fb30268e359e335a477e5ccadf87a46ee16cd14f832bcf35f4d138423df4bf3a10348dc7726e6030b4de79b9cdafb65419ca6f835ebbdda203cbb5346711ae"                   | 2026-01-01 13:52:30+00 |         901 |      9901 | success
(50 rows)

COMMIT
Timing is on.
SAMPLE 1
BEGIN
Time: 0.031 ms
SET
Time: 0.033 ms
 count  
--------
 100000
(1 row)

Time: 8.933 ms
   id   | key_id |                                                                                                                                                        query                                                                                                                                                        |      executed_at       | duration_ms | row_count | status  
--------+--------+---------------------------------------------------------------------------------------------------------------------------------------------------------------------------------------------------------------------------------------------------------------------------------------------------------------------+------------------------+-------------+-----------+---------
 199899 |  19201 | last=1h service=fixture-6 message="row-99950 key-19201 marker_common_192 payload-3da877f2cd753a6577b8a3ab09caac44767b490eac50c7077c576bbe2113c5a9df03f45d04fff0370aaf1c0b187c2192a7b64c67fe4e4f6dc293d058cc617236a4c6b83b1d66326750c045949048eddb109d53f2a470998598ffab20b5f912b66585b6739afe0a3a4add431dedce2b0b"  | 2026-01-01 13:52:55+00 |         950 |      9950 | success
 199897 |  19201 | last=1h service=fixture-5 message="row-99949 key-19201 payload-02bc0c2e6904055ac55576877cba9066661f078261387af294925c1e1330aefaa37f368262d7efb4867ee50b94afd0628ec890f1465fbc51f19f2aef82ac6116fb406ba753e1ec39f67168289febe0ab8e9fac503b360498a7bcb504b6f4b2e5f66c170b795dd320e6cc3a4562591120"                    | 2026-01-01 13:52:54+00 |         949 |      9949 | success
 199895 |  19201 | last=1h service=fixture-4 message="row-99948 key-19201 marker_common_192 payload-a6e7edc5c59dc0e34ed5b7869cecb025444f90e7fdaba13680e517b9697eccc21c261d9121375a0ba931e37b5047c81c53a0f1b15661be1cd0a73dae25e1d7110d72d5125b5df9a31d2fc5987ac2a77f731f6b8c745a7394aa49f0e47f0d0af3148e0f71304e8a4e777771d4162b1016"  | 2026-01-01 13:52:54+00 |         948 |      9948 | success
 199893 |  19201 | last=1h service=fixture-3 message="row-99947 key-19201 payload-fff98161490278f06cf58817bd798878fc03605b11ab5b267042f6ab8eec8de5e1cd4ebf6cbbe79199af715dd8b18e76301cab6ab0367193755eb8a496dc858633b4fbc1bd6c0e7841b618fb80b577d3dbb8a307042be5c9ec75cfcb4b9ee8b99095a88f07a929d405ac7f53cb94f0f6"                    | 2026-01-01 13:52:53+00 |         947 |      9947 | success
 199891 |  19201 | last=1h service=fixture-2 message="row-99946 key-19201 marker_common_192 payload-8a98888f759a192974dc5f142995cd318ccac56a6048de586a57ae55e903010229d396faf729d23e70db55d4b444feb9f858ee63c7ff6d01ed0d4f19f89d8cb4e0e427f4342c3e38b8137e9a287e7cb3c367b22283dc5fa5fcf068df00cc8682d8df743f4e862ee3d02435d23087f596"  | 2026-01-01 13:52:53+00 |         946 |      9946 | success
 199889 |  19201 | last=1h service=fixture-1 message="row-99945 key-19201 payload-30b15839e34b895532a897f45e814b6eb46d7990fd97cac15b11aed0778d23e5c2b051a9f6b088c9c829c9262139305b0ce328263c532786a2c6117b277c7debf67191efc1bb1f575749048b4033ac1277333ee76585404c28808973387fcaea6c954550228ca043320f2b2381b5036d"                    | 2026-01-01 13:52:52+00 |         945 |      9945 | success
 199887 |  19201 | last=1h service=fixture-0 message="row-99944 key-19201 marker_common_192 payload-36aa9843152e6b44fe5a22fdc7005a01eaa405f0c439c78f1533648811bf1c9273c967c3d7c3feee0d66ac142929608017be32ce941a2879ab3bfb75d5b6851892e4aca709385f8b430a6398e474a31df4dd2bfaed8f437586d20b44e5778b692e0397f88a0c132bec5e7917ebb68d30"  | 2026-01-01 13:52:52+00 |         944 |      9944 | success
 199885 |  19201 | last=1h service=fixture-30 message="row-99943 key-19201 payload-b307c4433890209caf0a1c16d20fe74d9d2844b002cd56f9062142ccd2c6cf886a035ba18bf4e007b0da3f1666277322a42159e055b9b32da16b832eb0fd6ec3967b52c2d280925eda87920e4496369035e1b80775bd9dbd0d6944260aa599f0d4ee956467943837558483bd6811f9e1"                   | 2026-01-01 13:52:51+00 |         943 |      9943 | success
 199883 |  19201 | last=1h service=fixture-29 message="row-99942 key-19201 marker_common_192 payload-3a20b4dafbacdf678d6cf838394edcfa7d64923715382429265c2e26d67a7f921d9d68ef6c1b14a2407aa3f070900d06f445da383b2413e950463ed82f33793fc1efed2a1ed65578fc814ff67520457fa44d373ca7c1f6d503e7688792b2d3f40637e3608fbcf8a6d238a0ee80549e93" | 2026-01-01 13:52:51+00 |         942 |      9942 | success
 199881 |  19201 | last=1h service=fixture-28 message="row-99941 key-19201 payload-dfa044e3e49d92d24dd704ab915a0a8d9820a1d605ab862ca49b0fb584127b37322e189ebac39701584c582de6b445f0a532b7a53122493109114ba408efd6cbaa6fb862caf57b475c87d4042a3222e491ac30dd66e444d5f8ca24cd37be985661bbafe4d01b47facdf4d4afa6ed7801"                   | 2026-01-01 13:52:50+00 |         941 |      9941 | success
 199879 |  19201 | last=1h service=fixture-27 message="row-99940 key-19201 marker_common_192 payload-e85e65feaa5a4619973ace278ba45c7aa5eadf3fa92a3f85272bcc2ba457deffbbe60039fc1d8e65d5a48a3ca2d7576d2c83539a108d63d141f95e845772b8b1c509eb8b83053f7fd0a7215850b4c985e918d3bec9ff65f2d16d11c8973485dffdedd74a80b5ab53c096271e3d7eb6bf" | 2026-01-01 13:52:50+00 |         940 |      9940 | success
 199877 |  19201 | last=1h service=fixture-26 message="row-99939 key-19201 payload-531eea1b137dd2d7e28dd610f76b7ba450a7664ce5ad475dda0074ac5eb703f482dcfa055178756a678bd4bf87164fa697ef5817d83371313585e1a11ec8cc8b4a805ebb1fa5f2f687d31923138224a1549f330440c755fad7ab4e4a2901b87876a7d8c3d3f1ad91790e459488f69eaa"                   | 2026-01-01 13:52:49+00 |         939 |      9939 | success
 199875 |  19201 | last=1h service=fixture-25 message="row-99938 key-19201 marker_common_192 payload-4c109257805118d78f615ca8d0006455e5ec0a4d12755cf651245b6373be8ab66dcc54a6d296df5c1537cb9eb47c7e39bc3822831d14ae7206251b9196c879de427a41439907505aaa6b98c0f26b94f70164cdf71614f3dc7e0d2c710ed819e497e121cf11ce72a2e0d21a6eb6a6ea48" | 2026-01-01 13:52:49+00 |         938 |      9938 | success
 199873 |  19201 | last=1h service=fixture-24 message="row-99937 key-19201 payload-fcbbb945c6aeb43c3c5fdceff68ff98a1b0c6a8f31518b7c3d746480946f5798a7d064e0ed260d822aa43b595c2458213b20159ecd2161d8c69ba81324ae05ecc7c9d5c4f2442fedd151e6dbf234c2c32c5b3f387448b055cf42cce2a15227b9c7f9cb800b5a56e22816b98a88874350"                   | 2026-01-01 13:52:48+00 |         937 |      9937 | success
 199871 |  19201 | last=1h service=fixture-23 message="row-99936 key-19201 marker_common_192 payload-ad29ca29172ef783002c2970d62e42d1863b7d7681d81b917b9db8455fc6f2df0ad27a9434a116141d52bd49842c236d58154faaea7d2981ad3964eae3e82e369616bbb17d6f93cecc2fa9e00cd361d865065193a2bb4b826dadc01c4f801873c44bbe18f3d178aa470fd1372ead59aa" | 2026-01-01 13:52:48+00 |         936 |      9936 | success
 199869 |  19201 | last=1h service=fixture-22 message="row-99935 key-19201 payload-29c9c7d66d464963913db75297482c9ab167d51bef373788f8a1a26df46141300cd54065e4f3ac2e1ad103b7fa6cc036135bb16f49f80faa6d1e06e0e88b3e9fdaae4354b3586f613fc7c7acf41deb313792f4e3da765a319c741a36a35c836f8be978a6a130b6aceb2f6dc757184bff"                   | 2026-01-01 13:52:47+00 |         935 |      9935 | success
 199867 |  19201 | last=1h service=fixture-21 message="row-99934 key-19201 marker_common_192 payload-4b557244bf68beae25c00948622584957029aaf2b56a6b971912b940b1613a90f39163188064e9b79d0bd0ecb969bffd8e9840cc1ef34ea1eb6c2643e72da455a215087a1443c764625586a16f57af18fb18828e5008ba5f2d0287e69ebca4663234a3f5299bf214e1410f66afad42e9" | 2026-01-01 13:52:47+00 |         934 |      9934 | success
 199865 |  19201 | last=1h service=fixture-20 message="row-99933 key-19201 payload-8dd7e8c71c5833faff3fd8359046d98e68d0fa3af4089f1ad7c9646bf795accb2aed02dd4a9edfd79dd4cd73aeffe794efe02d0520309b46b349a9f27c6c49f0c85ad37e5cdb8c588bb4cc01fbcb418f52a31b340815f6ca0305f0315441cf674bc5052a64acf874d58ccbecdb58b452"                   | 2026-01-01 13:52:46+00 |         933 |      9933 | success
 199863 |  19201 | last=1h service=fixture-19 message="row-99932 key-19201 marker_common_192 payload-0ed19be8ff3fc40a657b059fed5a3a71220359da69702de1f2deb04148548f5ec70f382d358270cd383b1facb1a73bf4e38313022c8586fcc26fab026888647d56715aec3f37fdfe1d0b9de439d299603f1e3365a3901c23a6752c9b830672ea426d5ad423509b48381eafe66298c16d" | 2026-01-01 13:52:46+00 |         932 |      9932 | success
 199861 |  19201 | last=1h service=fixture-18 message="row-99931 key-19201 payload-4e0c42a6c19ceecd0bc8591d6580fa2f348b2bdd96bb20db0d6f621930dfd11735da8b9a2befd359bafa823b66ddb1b51b7c250f70a522723ecb861751f9edd03f47560a2a93469e734e190cb86a8e2bc5a0d0f62d1805a4e890508d0c73927d482fe91635b04c881c93e3fe1c17085d"                   | 2026-01-01 13:52:45+00 |         931 |      9931 | success
 199859 |  19201 | last=1h service=fixture-17 message="row-99930 key-19201 marker_common_192 payload-62118f025e554c25ebeef33f58e8a058ba9617455ce84279da2f7ab20194a758166bd0fe65ad69ebbfc2193016f5fd5cb03b9bb4e96a703c095e1cb4c8c4e70644589179cd107e0083ee4849b23cff2d40f9db8a5960e5de36919237a1cba92bf38190308ffed92b16eac2e12295319d" | 2026-01-01 13:52:45+00 |         930 |      9930 | success
 199857 |  19201 | last=1h service=fixture-16 message="row-99929 key-19201 payload-d0525d9d766ffbaf4bc90717ff275b7f036ec2845179b0aea17698f4cdc881b2e3cda7898cc216abca66f8be590b0020b76cfe6f5029124b75ab08f43d7f281d023b5540bac6112f914db7fd1b3b97c256c951e43f202a308aa543ab6d272378152b2e03ffa44e6d03fd16dc88750f7d"                   | 2026-01-01 13:52:44+00 |         929 |      9929 | success
 199855 |  19201 | last=1h service=fixture-15 message="row-99928 key-19201 marker_common_192 payload-a641fc12ccc99a6cf674dca47ef2ec25551c00a235b95853ba0bc94fb398ef2590e30c63b03323f4a2d96417d50b8957e9bf19c6e9e5a774398b63d3de9948804e0254c7b0ea19e598b26fb6982f165f3048cf8010420d583e2eceb7c3397b62434ff433f39447427cd5033ca0762b44" | 2026-01-01 13:52:44+00 |         928 |      9928 | success
 199853 |  19201 | last=1h service=fixture-14 message="row-99927 key-19201 payload-69da942a7ff91da14d326d92162ddfcd1854a0f1abf8fc609dab2c9d45ce6c0ba530141443c74180f6347afd110d9ef0f56885d08842813e2242765757478642577eaf7a2b409ee4ad315a4ca6ff1182790abbaa089820ffceae823d72b68ac31d13a05eb968989bbb7bcf78abcb0c0a"                   | 2026-01-01 13:52:43+00 |         927 |      9927 | success
 199851 |  19201 | last=1h service=fixture-13 message="row-99926 key-19201 marker_common_192 payload-c8634f69d5f5baac78aae18a10b9c1daa0e004bd72a4b5ef1b802568945139dbc51fcbdaf26a6cb082eb5a31a1f2353d6b6c3dfe7cbc0e0d3eda89d7224808b14165424e6082b7c4e27dcf6675f243d5d4f9a1ab04b99aba2909c969442058438eddc18445706edf1ba3f29c84efd807" | 2026-01-01 13:52:43+00 |         926 |      9926 | success
 199849 |  19201 | last=1h service=fixture-12 message="row-99925 key-19201 payload-8bc322a49fb6e391ec88c720d99478764175f6da89ef2e05e62b8be058774e90311897e05f1e6bdfea16355cd6aa120f0967bced827c98ffc32f4f04f8a6d324021848127b7479681bdd8f34e351de0728fd69c5a1c9dc1c522cbb157e5e1d043d02f16bf9743d53b7b8bf6c37bab6bc"                   | 2026-01-01 13:52:42+00 |         925 |      9925 | success
 199847 |  19201 | last=1h service=fixture-11 message="row-99924 key-19201 marker_common_192 payload-ee4897a3624aa9ee8df91245b4752b2080f9e5ad1d07bec00ebfb6e32318dc5544cf7a7c20cdb9ab7288ee3c33c95b42fc589190e058e4920e3ab36868c517cd3130f747a97f34435013b9a2be9a14a2a3b3c75ee1198452e2e6d42051bab5758be65ea9f2fdac27de25df92dda31e4a" | 2026-01-01 13:52:42+00 |         924 |      9924 | success
 199845 |  19201 | last=1h service=fixture-10 message="row-99923 key-19201 payload-28ab1b1ce1a778578b8041268c45ac60dcc5cbd9ba076a218f081969325e6bf42e281944c2ecec027dd38bbfe99d62e87828733b907cad019e0a1ae1a40e01e8b984d2786116446fd7b527ea2e7fefff5ed45d387ee3700d9a873a45aced3e5eccb325946ffda0305adb4adaeefb4a24"                   | 2026-01-01 13:52:41+00 |         923 |      9923 | success
 199843 |  19201 | last=1h service=fixture-9 message="row-99922 key-19201 marker_common_192 payload-fa86abfaa7dac87ccdb495ee366b3cfadf4aeb0384767f80a2e10bf62282f6e88e5c7dad034b650bd18ada1627256f8153464f7773c7ed81d81c30aa65d4d94deae7651a717d46f2ba3e1537f90cce58d23a20b7a7f28de42c74944c635954b97c4d5f89f3dbd443f5b3ad158ebfe5ea"  | 2026-01-01 13:52:41+00 |         922 |      9922 | success
 199841 |  19201 | last=1h service=fixture-8 message="row-99921 key-19201 payload-f5e1c9819cf2dc338571424805f51a27bc0bf286fd0b6174c26144e92f3f0ac72111eaac97d2c0108cda0e7798e017e0e35f5285bf8367a9b2d504dd483489f4d5336b2f7606cbbddd8c695e30bb64680aa925e15b8f0e379f2cbb8b44970e96f84192807ce2fa27b2ee73d58d3bf7d8"                    | 2026-01-01 13:52:40+00 |         921 |      9921 | success
 199839 |  19201 | last=1h service=fixture-7 message="row-99920 key-19201 marker_common_192 payload-c4617b1b60be9f8845971f5a3dd8d14afe066197580dfe10b1957e55c1070b93b1ba24d0901dec6a064f099f4d8441d089dfebf619460cb8c072aad84af2a3c3acea304206d51ab86a1473dc4a9b664c5e0ba55c4c6571b07e995775bed92e214dfb2f091ecffbeab1a5e4787eabd104"  | 2026-01-01 13:52:40+00 |         920 |      9920 | success
 199837 |  19201 | last=1h service=fixture-6 message="row-99919 key-19201 payload-ae5bd9f323524c5231e2358d0fffc77ad40d02ce1e7b07877e425ec631bda7fe3672db5b1af0ba6b0ce12331d3630f8c2a7b5e686805ae5361af09132923b6dc61332f86c9749e193ec4d8c51d38cea9aa74b23b5d3c419d6f9e3cc008c6747ad9a86d6d52ae9dff80504ffce0b18352"                    | 2026-01-01 13:52:39+00 |         919 |      9919 | success
 199835 |  19201 | last=1h service=fixture-5 message="row-99918 key-19201 marker_common_192 payload-301008764b9022008cc2bf397b7a03e4e4ea3ed206e7e37e9f6c6311abc97fb2da30860b895572b748369b0b2477633db574e432ca23becb6f4f7a67b30f5c2f1074cbebfc81e5d6c960603bf17d319e347f15d99015073d57f7ce588b065a545b30a8fedd9ac9a579aad7bdab0a5d4c"  | 2026-01-01 13:52:39+00 |         918 |      9918 | success
 199833 |  19201 | last=1h service=fixture-4 message="row-99917 key-19201 payload-5b790530dab41d2e58637dbe4e06f72d9ba17da75caf41f29d1eca3f932533866b3a18e481a0969e2ace0f386761d6167ccf8fda33704bfb05e3b2685d487d22b5e1488d9686ca8da394d4ddbbefcee750b02d8b8b620c201e92fc3b6cad14e2093344ecf080827ef72b2caa160b5c80"                    | 2026-01-01 13:52:38+00 |         917 |      9917 | success
 199831 |  19201 | last=1h service=fixture-3 message="row-99916 key-19201 marker_common_192 payload-57245e5a359b98280b5719f1bfb2fa03b5db0a2e8f21cf4039b92c5476ab2dc98a2d611a9938c4294c7426726b5a7767ace799bf019afe85feb07494052196553684d2c45a60339355ff15fc4137cfd88825618cd16ea4efc311883d8399642964479f132193d467ef2c477dec6dbdd9"  | 2026-01-01 13:52:38+00 |         916 |      9916 | success
 199829 |  19201 | last=1h service=fixture-2 message="row-99915 key-19201 payload-c4f4c95ea2dc17f4b6ef647b1bc69caff3f1c2f0a9e521b0d24bc9346b5f866cdc7999a47fdbc4812a361d7480472d60499cd30191313f4a3a0db0f35e62d967d6ff1e3187027562f98c1650a60d0d4603a3cf63f2e6a73861dfbca6b346c1ab55bc979b72420e01539fa617b37790c8"                    | 2026-01-01 13:52:37+00 |         915 |      9915 | success
 199827 |  19201 | last=1h service=fixture-1 message="row-99914 key-19201 marker_common_192 payload-8f2db8df42f62c96dbeba49b583f5f829a8c0898add7cba2f9d387b14ea7b3718a0a234918e5f4e0511c4902b5154432edd181fbbf53c4e8fa9a8201dbc75de7fd3ead48220b459108b4596b0437e35fa5ccf6fc8bc6267d5d11663e2dcb71db8c832012f4814b10927e4601c769fb56"  | 2026-01-01 13:52:37+00 |         914 |      9914 | success
 199825 |  19201 | last=1h service=fixture-0 message="row-99913 key-19201 payload-d82c174c256f182e8c06cf03e2f1340192cca4c567af431d3f96e1875430ee630b2b7e3c3cd0b64ccf7a760865d4dd4cfd8e5acfad9d93e4a87432176ec0e2dbcdd7c96070447dcc8558756927f49afa85e45ae0ff6dda2f62f37690d62840459b983e765a15abb4e3164e7a6266445b"                    | 2026-01-01 13:52:36+00 |         913 |      9913 | success
 199823 |  19201 | last=1h service=fixture-30 message="row-99912 key-19201 marker_common_192 payload-c7de5d0cbd79e1c7d261ac71e0818347ae522d96c76cf81e86ea0711fbd525c96a6ab3f4d19bb2cd9e1dc3d2c8501604cd1864467600bbd120e3503d8b3fcd74140f83bf37e932fbaa2935b4cc932ca4cfb0106e8e93129362198e9e0d9de7b9c4503c9880a13a2231d55aa366c3387c" | 2026-01-01 13:52:36+00 |         912 |      9912 | success
 199821 |  19201 | last=1h service=fixture-29 message="row-99911 key-19201 payload-34e310afb5ad03addc758dd0be97b5af164cdccbbfaa43ed27897d344490fc7b8660dd9cda32306a4842e183ea2b52678703ebfb664e7ff319e8dd328d2e4fc3d54a952fde8649fa322976d8e3405ec1b2d82c574c977ad6ab6755853367a24d189c6f17b55eff823d41f1c2b95dffe4"                   | 2026-01-01 13:52:35+00 |         911 |      9911 | success
 199819 |  19201 | last=1h service=fixture-28 message="row-99910 key-19201 marker_common_192 payload-01053c8b90988674aecaf9dfb22de1b4f4788d810f352f603dab337e3cd2685938a732cece5f213108e4bec1db3f5ee7eb1226ebca79060decc1d34cb82e2b44e13b19be5960f857121c3ba449e2987a62a8a68a91218d1be5aa1dad64f1d5e9a20bca9591552a1153eee06899b5caef" | 2026-01-01 13:52:35+00 |         910 |      9910 | success
 199817 |  19201 | last=1h service=fixture-27 message="row-99909 key-19201 payload-814032bb6b7d7a632c1c6a1966871a8b6111aea0d0515ddd1dd7f547d619aaaf096f57bd17dd306271c54a83b495220bb90059ff0fdec98c51bd5c30eb19f9902b6017e04e5b673f41bbdea469db2ffea9a0ca04049a5916cfd53935f85de20699c7f829eda1895eb197b6f8eb48113e"                   | 2026-01-01 13:52:34+00 |         909 |      9909 | success
 199815 |  19201 | last=1h service=fixture-26 message="row-99908 key-19201 marker_common_192 payload-90d432b2f5d7e55b1a95347af93825d7ab03a980decb3db42caba3795557c97fb458f20e8bf2b21efd7380487a352d5ba9b1c246e6f38114b955ee58e8b7c50ed9ecfeb23d63330d54c15ceb44d8c1a80c553bf8e007df6aa5a14368e68a65f2966edb09aebc5757f5c8e11d2c6d25e3" | 2026-01-01 13:52:34+00 |         908 |      9908 | success
 199813 |  19201 | last=1h service=fixture-25 message="row-99907 key-19201 payload-ecd56b6d0bc933715670158ad9b6bd3d0bd845914e4be55fb2fbbc9b70511a483daf78a26503bd7cadbe6c99744993f56d12aa6effc6230100880f920c072f32a94bf7dd6d5f941220a7771ba77ed3bb0906e26a9e8883f93e6472d3a93affe33524c1a2287d1386bf74407074a9f7c0"                   | 2026-01-01 13:52:33+00 |         907 |      9907 | success
 199811 |  19201 | last=1h service=fixture-24 message="row-99906 key-19201 marker_common_192 payload-1d5080b9a52187bf67e139186dc4b0c933b00fdd2dae2d7cdba4e84f54d5bc5463f7b408e24991830c336151dc6408247238a9521cbe61c804784d629030925773c950a9ab54be8fa27d65801fc93b99863eb3248368af4659296140c765909371f650678efc2c8518ee37d95241de39" | 2026-01-01 13:52:33+00 |         906 |      9906 | success
 199809 |  19201 | last=1h service=fixture-23 message="row-99905 key-19201 payload-8c7a35cb4453095b94375ead03db6c733f5f0fcbad57258df989a6208dfd7f96f1d4eb072409634a148587f879171977eb980b0901949c4d4dc9241ce4245c1519d6e79a78630fd06416fca185e1487fcd3bab511e179c18759fd7037e8db26a5c0bb9946b2da2b2ec6a6e146f95628e"                   | 2026-01-01 13:52:32+00 |         905 |      9905 | success
 199807 |  19201 | last=1h service=fixture-22 message="row-99904 key-19201 marker_common_192 payload-1a7e1954f9005b7149eb0d116b677e93798140dfd9750bef6a74c8622b919741a31bcc9cf48b2c50f21362268d2b35caf17ea45542a48304c925c592e62d7e5fdac9cb376c7a9d7f0a067022bda8c8adce659fac214dbca9c7b6d06de39d9886e6d6d0c859eb8d12064ef7970c5a3da7" | 2026-01-01 13:52:32+00 |         904 |      9904 | success
 199805 |  19201 | last=1h service=fixture-21 message="row-99903 key-19201 payload-4cf8cb1e5b8c49a9285a7d262366e74ac7baa40a94666a5d74f7e97631663c44d1e9cd115bee010d842c687099f0f6944698b92974ab88ff7821e9be5abc032889f5a080adbc679c1ae807cb3f3376f315169864289a9a4fab92abe79065a4e16a61aed90abb0551db85bae7e8045c4b"                   | 2026-01-01 13:52:31+00 |         903 |      9903 | success
 199803 |  19201 | last=1h service=fixture-20 message="row-99902 key-19201 marker_common_192 payload-9a4fc18ad6808441d97f74ceaefe575ddce7c77efbe27d500fbd5a7122746e9e18e49dc073e5a3491fa3d14cc110073894a27e58e3215acd8ee082b3fd2873a1dc914bae03f3580a4780dbd545f1d50169b3f6355942995b6057d10501d0184b261f4677eb678cefc5cec65053835436" | 2026-01-01 13:52:31+00 |         902 |      9902 | success
 199801 |  19201 | last=1h service=fixture-19 message="row-99901 key-19201 payload-3621e57bbaebbd1e44fb643de7259fc55d984f5221fc88f086460f472d1e5281df8cfcac5857097bbee87efc8fd250da72fb30268e359e335a477e5ccadf87a46ee16cd14f832bcf35f4d138423df4bf3a10348dc7726e6030b4de79b9cdafb65419ca6f835ebbdda203cbb5346711ae"                   | 2026-01-01 13:52:30+00 |         901 |      9901 | success
(50 rows)

Time: 0.140 ms
COMMIT
Time: 0.043 ms
SAMPLE 2
BEGIN
Time: 0.034 ms
SET
Time: 0.036 ms
 count  
--------
 100000
(1 row)

Time: 9.053 ms
   id   | key_id |                                                                                                                                                        query                                                                                                                                                        |      executed_at       | duration_ms | row_count | status  
--------+--------+---------------------------------------------------------------------------------------------------------------------------------------------------------------------------------------------------------------------------------------------------------------------------------------------------------------------+------------------------+-------------+-----------+---------
 199899 |  19201 | last=1h service=fixture-6 message="row-99950 key-19201 marker_common_192 payload-3da877f2cd753a6577b8a3ab09caac44767b490eac50c7077c576bbe2113c5a9df03f45d04fff0370aaf1c0b187c2192a7b64c67fe4e4f6dc293d058cc617236a4c6b83b1d66326750c045949048eddb109d53f2a470998598ffab20b5f912b66585b6739afe0a3a4add431dedce2b0b"  | 2026-01-01 13:52:55+00 |         950 |      9950 | success
 199897 |  19201 | last=1h service=fixture-5 message="row-99949 key-19201 payload-02bc0c2e6904055ac55576877cba9066661f078261387af294925c1e1330aefaa37f368262d7efb4867ee50b94afd0628ec890f1465fbc51f19f2aef82ac6116fb406ba753e1ec39f67168289febe0ab8e9fac503b360498a7bcb504b6f4b2e5f66c170b795dd320e6cc3a4562591120"                    | 2026-01-01 13:52:54+00 |         949 |      9949 | success
 199895 |  19201 | last=1h service=fixture-4 message="row-99948 key-19201 marker_common_192 payload-a6e7edc5c59dc0e34ed5b7869cecb025444f90e7fdaba13680e517b9697eccc21c261d9121375a0ba931e37b5047c81c53a0f1b15661be1cd0a73dae25e1d7110d72d5125b5df9a31d2fc5987ac2a77f731f6b8c745a7394aa49f0e47f0d0af3148e0f71304e8a4e777771d4162b1016"  | 2026-01-01 13:52:54+00 |         948 |      9948 | success
 199893 |  19201 | last=1h service=fixture-3 message="row-99947 key-19201 payload-fff98161490278f06cf58817bd798878fc03605b11ab5b267042f6ab8eec8de5e1cd4ebf6cbbe79199af715dd8b18e76301cab6ab0367193755eb8a496dc858633b4fbc1bd6c0e7841b618fb80b577d3dbb8a307042be5c9ec75cfcb4b9ee8b99095a88f07a929d405ac7f53cb94f0f6"                    | 2026-01-01 13:52:53+00 |         947 |      9947 | success
 199891 |  19201 | last=1h service=fixture-2 message="row-99946 key-19201 marker_common_192 payload-8a98888f759a192974dc5f142995cd318ccac56a6048de586a57ae55e903010229d396faf729d23e70db55d4b444feb9f858ee63c7ff6d01ed0d4f19f89d8cb4e0e427f4342c3e38b8137e9a287e7cb3c367b22283dc5fa5fcf068df00cc8682d8df743f4e862ee3d02435d23087f596"  | 2026-01-01 13:52:53+00 |         946 |      9946 | success
 199889 |  19201 | last=1h service=fixture-1 message="row-99945 key-19201 payload-30b15839e34b895532a897f45e814b6eb46d7990fd97cac15b11aed0778d23e5c2b051a9f6b088c9c829c9262139305b0ce328263c532786a2c6117b277c7debf67191efc1bb1f575749048b4033ac1277333ee76585404c28808973387fcaea6c954550228ca043320f2b2381b5036d"                    | 2026-01-01 13:52:52+00 |         945 |      9945 | success
 199887 |  19201 | last=1h service=fixture-0 message="row-99944 key-19201 marker_common_192 payload-36aa9843152e6b44fe5a22fdc7005a01eaa405f0c439c78f1533648811bf1c9273c967c3d7c3feee0d66ac142929608017be32ce941a2879ab3bfb75d5b6851892e4aca709385f8b430a6398e474a31df4dd2bfaed8f437586d20b44e5778b692e0397f88a0c132bec5e7917ebb68d30"  | 2026-01-01 13:52:52+00 |         944 |      9944 | success
 199885 |  19201 | last=1h service=fixture-30 message="row-99943 key-19201 payload-b307c4433890209caf0a1c16d20fe74d9d2844b002cd56f9062142ccd2c6cf886a035ba18bf4e007b0da3f1666277322a42159e055b9b32da16b832eb0fd6ec3967b52c2d280925eda87920e4496369035e1b80775bd9dbd0d6944260aa599f0d4ee956467943837558483bd6811f9e1"                   | 2026-01-01 13:52:51+00 |         943 |      9943 | success
 199883 |  19201 | last=1h service=fixture-29 message="row-99942 key-19201 marker_common_192 payload-3a20b4dafbacdf678d6cf838394edcfa7d64923715382429265c2e26d67a7f921d9d68ef6c1b14a2407aa3f070900d06f445da383b2413e950463ed82f33793fc1efed2a1ed65578fc814ff67520457fa44d373ca7c1f6d503e7688792b2d3f40637e3608fbcf8a6d238a0ee80549e93" | 2026-01-01 13:52:51+00 |         942 |      9942 | success
 199881 |  19201 | last=1h service=fixture-28 message="row-99941 key-19201 payload-dfa044e3e49d92d24dd704ab915a0a8d9820a1d605ab862ca49b0fb584127b37322e189ebac39701584c582de6b445f0a532b7a53122493109114ba408efd6cbaa6fb862caf57b475c87d4042a3222e491ac30dd66e444d5f8ca24cd37be985661bbafe4d01b47facdf4d4afa6ed7801"                   | 2026-01-01 13:52:50+00 |         941 |      9941 | success
 199879 |  19201 | last=1h service=fixture-27 message="row-99940 key-19201 marker_common_192 payload-e85e65feaa5a4619973ace278ba45c7aa5eadf3fa92a3f85272bcc2ba457deffbbe60039fc1d8e65d5a48a3ca2d7576d2c83539a108d63d141f95e845772b8b1c509eb8b83053f7fd0a7215850b4c985e918d3bec9ff65f2d16d11c8973485dffdedd74a80b5ab53c096271e3d7eb6bf" | 2026-01-01 13:52:50+00 |         940 |      9940 | success
 199877 |  19201 | last=1h service=fixture-26 message="row-99939 key-19201 payload-531eea1b137dd2d7e28dd610f76b7ba450a7664ce5ad475dda0074ac5eb703f482dcfa055178756a678bd4bf87164fa697ef5817d83371313585e1a11ec8cc8b4a805ebb1fa5f2f687d31923138224a1549f330440c755fad7ab4e4a2901b87876a7d8c3d3f1ad91790e459488f69eaa"                   | 2026-01-01 13:52:49+00 |         939 |      9939 | success
 199875 |  19201 | last=1h service=fixture-25 message="row-99938 key-19201 marker_common_192 payload-4c109257805118d78f615ca8d0006455e5ec0a4d12755cf651245b6373be8ab66dcc54a6d296df5c1537cb9eb47c7e39bc3822831d14ae7206251b9196c879de427a41439907505aaa6b98c0f26b94f70164cdf71614f3dc7e0d2c710ed819e497e121cf11ce72a2e0d21a6eb6a6ea48" | 2026-01-01 13:52:49+00 |         938 |      9938 | success
 199873 |  19201 | last=1h service=fixture-24 message="row-99937 key-19201 payload-fcbbb945c6aeb43c3c5fdceff68ff98a1b0c6a8f31518b7c3d746480946f5798a7d064e0ed260d822aa43b595c2458213b20159ecd2161d8c69ba81324ae05ecc7c9d5c4f2442fedd151e6dbf234c2c32c5b3f387448b055cf42cce2a15227b9c7f9cb800b5a56e22816b98a88874350"                   | 2026-01-01 13:52:48+00 |         937 |      9937 | success
 199871 |  19201 | last=1h service=fixture-23 message="row-99936 key-19201 marker_common_192 payload-ad29ca29172ef783002c2970d62e42d1863b7d7681d81b917b9db8455fc6f2df0ad27a9434a116141d52bd49842c236d58154faaea7d2981ad3964eae3e82e369616bbb17d6f93cecc2fa9e00cd361d865065193a2bb4b826dadc01c4f801873c44bbe18f3d178aa470fd1372ead59aa" | 2026-01-01 13:52:48+00 |         936 |      9936 | success
 199869 |  19201 | last=1h service=fixture-22 message="row-99935 key-19201 payload-29c9c7d66d464963913db75297482c9ab167d51bef373788f8a1a26df46141300cd54065e4f3ac2e1ad103b7fa6cc036135bb16f49f80faa6d1e06e0e88b3e9fdaae4354b3586f613fc7c7acf41deb313792f4e3da765a319c741a36a35c836f8be978a6a130b6aceb2f6dc757184bff"                   | 2026-01-01 13:52:47+00 |         935 |      9935 | success
 199867 |  19201 | last=1h service=fixture-21 message="row-99934 key-19201 marker_common_192 payload-4b557244bf68beae25c00948622584957029aaf2b56a6b971912b940b1613a90f39163188064e9b79d0bd0ecb969bffd8e9840cc1ef34ea1eb6c2643e72da455a215087a1443c764625586a16f57af18fb18828e5008ba5f2d0287e69ebca4663234a3f5299bf214e1410f66afad42e9" | 2026-01-01 13:52:47+00 |         934 |      9934 | success
 199865 |  19201 | last=1h service=fixture-20 message="row-99933 key-19201 payload-8dd7e8c71c5833faff3fd8359046d98e68d0fa3af4089f1ad7c9646bf795accb2aed02dd4a9edfd79dd4cd73aeffe794efe02d0520309b46b349a9f27c6c49f0c85ad37e5cdb8c588bb4cc01fbcb418f52a31b340815f6ca0305f0315441cf674bc5052a64acf874d58ccbecdb58b452"                   | 2026-01-01 13:52:46+00 |         933 |      9933 | success
 199863 |  19201 | last=1h service=fixture-19 message="row-99932 key-19201 marker_common_192 payload-0ed19be8ff3fc40a657b059fed5a3a71220359da69702de1f2deb04148548f5ec70f382d358270cd383b1facb1a73bf4e38313022c8586fcc26fab026888647d56715aec3f37fdfe1d0b9de439d299603f1e3365a3901c23a6752c9b830672ea426d5ad423509b48381eafe66298c16d" | 2026-01-01 13:52:46+00 |         932 |      9932 | success
 199861 |  19201 | last=1h service=fixture-18 message="row-99931 key-19201 payload-4e0c42a6c19ceecd0bc8591d6580fa2f348b2bdd96bb20db0d6f621930dfd11735da8b9a2befd359bafa823b66ddb1b51b7c250f70a522723ecb861751f9edd03f47560a2a93469e734e190cb86a8e2bc5a0d0f62d1805a4e890508d0c73927d482fe91635b04c881c93e3fe1c17085d"                   | 2026-01-01 13:52:45+00 |         931 |      9931 | success
 199859 |  19201 | last=1h service=fixture-17 message="row-99930 key-19201 marker_common_192 payload-62118f025e554c25ebeef33f58e8a058ba9617455ce84279da2f7ab20194a758166bd0fe65ad69ebbfc2193016f5fd5cb03b9bb4e96a703c095e1cb4c8c4e70644589179cd107e0083ee4849b23cff2d40f9db8a5960e5de36919237a1cba92bf38190308ffed92b16eac2e12295319d" | 2026-01-01 13:52:45+00 |         930 |      9930 | success
 199857 |  19201 | last=1h service=fixture-16 message="row-99929 key-19201 payload-d0525d9d766ffbaf4bc90717ff275b7f036ec2845179b0aea17698f4cdc881b2e3cda7898cc216abca66f8be590b0020b76cfe6f5029124b75ab08f43d7f281d023b5540bac6112f914db7fd1b3b97c256c951e43f202a308aa543ab6d272378152b2e03ffa44e6d03fd16dc88750f7d"                   | 2026-01-01 13:52:44+00 |         929 |      9929 | success
 199855 |  19201 | last=1h service=fixture-15 message="row-99928 key-19201 marker_common_192 payload-a641fc12ccc99a6cf674dca47ef2ec25551c00a235b95853ba0bc94fb398ef2590e30c63b03323f4a2d96417d50b8957e9bf19c6e9e5a774398b63d3de9948804e0254c7b0ea19e598b26fb6982f165f3048cf8010420d583e2eceb7c3397b62434ff433f39447427cd5033ca0762b44" | 2026-01-01 13:52:44+00 |         928 |      9928 | success
 199853 |  19201 | last=1h service=fixture-14 message="row-99927 key-19201 payload-69da942a7ff91da14d326d92162ddfcd1854a0f1abf8fc609dab2c9d45ce6c0ba530141443c74180f6347afd110d9ef0f56885d08842813e2242765757478642577eaf7a2b409ee4ad315a4ca6ff1182790abbaa089820ffceae823d72b68ac31d13a05eb968989bbb7bcf78abcb0c0a"                   | 2026-01-01 13:52:43+00 |         927 |      9927 | success
 199851 |  19201 | last=1h service=fixture-13 message="row-99926 key-19201 marker_common_192 payload-c8634f69d5f5baac78aae18a10b9c1daa0e004bd72a4b5ef1b802568945139dbc51fcbdaf26a6cb082eb5a31a1f2353d6b6c3dfe7cbc0e0d3eda89d7224808b14165424e6082b7c4e27dcf6675f243d5d4f9a1ab04b99aba2909c969442058438eddc18445706edf1ba3f29c84efd807" | 2026-01-01 13:52:43+00 |         926 |      9926 | success
 199849 |  19201 | last=1h service=fixture-12 message="row-99925 key-19201 payload-8bc322a49fb6e391ec88c720d99478764175f6da89ef2e05e62b8be058774e90311897e05f1e6bdfea16355cd6aa120f0967bced827c98ffc32f4f04f8a6d324021848127b7479681bdd8f34e351de0728fd69c5a1c9dc1c522cbb157e5e1d043d02f16bf9743d53b7b8bf6c37bab6bc"                   | 2026-01-01 13:52:42+00 |         925 |      9925 | success
 199847 |  19201 | last=1h service=fixture-11 message="row-99924 key-19201 marker_common_192 payload-ee4897a3624aa9ee8df91245b4752b2080f9e5ad1d07bec00ebfb6e32318dc5544cf7a7c20cdb9ab7288ee3c33c95b42fc589190e058e4920e3ab36868c517cd3130f747a97f34435013b9a2be9a14a2a3b3c75ee1198452e2e6d42051bab5758be65ea9f2fdac27de25df92dda31e4a" | 2026-01-01 13:52:42+00 |         924 |      9924 | success
 199845 |  19201 | last=1h service=fixture-10 message="row-99923 key-19201 payload-28ab1b1ce1a778578b8041268c45ac60dcc5cbd9ba076a218f081969325e6bf42e281944c2ecec027dd38bbfe99d62e87828733b907cad019e0a1ae1a40e01e8b984d2786116446fd7b527ea2e7fefff5ed45d387ee3700d9a873a45aced3e5eccb325946ffda0305adb4adaeefb4a24"                   | 2026-01-01 13:52:41+00 |         923 |      9923 | success
 199843 |  19201 | last=1h service=fixture-9 message="row-99922 key-19201 marker_common_192 payload-fa86abfaa7dac87ccdb495ee366b3cfadf4aeb0384767f80a2e10bf62282f6e88e5c7dad034b650bd18ada1627256f8153464f7773c7ed81d81c30aa65d4d94deae7651a717d46f2ba3e1537f90cce58d23a20b7a7f28de42c74944c635954b97c4d5f89f3dbd443f5b3ad158ebfe5ea"  | 2026-01-01 13:52:41+00 |         922 |      9922 | success
 199841 |  19201 | last=1h service=fixture-8 message="row-99921 key-19201 payload-f5e1c9819cf2dc338571424805f51a27bc0bf286fd0b6174c26144e92f3f0ac72111eaac97d2c0108cda0e7798e017e0e35f5285bf8367a9b2d504dd483489f4d5336b2f7606cbbddd8c695e30bb64680aa925e15b8f0e379f2cbb8b44970e96f84192807ce2fa27b2ee73d58d3bf7d8"                    | 2026-01-01 13:52:40+00 |         921 |      9921 | success
 199839 |  19201 | last=1h service=fixture-7 message="row-99920 key-19201 marker_common_192 payload-c4617b1b60be9f8845971f5a3dd8d14afe066197580dfe10b1957e55c1070b93b1ba24d0901dec6a064f099f4d8441d089dfebf619460cb8c072aad84af2a3c3acea304206d51ab86a1473dc4a9b664c5e0ba55c4c6571b07e995775bed92e214dfb2f091ecffbeab1a5e4787eabd104"  | 2026-01-01 13:52:40+00 |         920 |      9920 | success
 199837 |  19201 | last=1h service=fixture-6 message="row-99919 key-19201 payload-ae5bd9f323524c5231e2358d0fffc77ad40d02ce1e7b07877e425ec631bda7fe3672db5b1af0ba6b0ce12331d3630f8c2a7b5e686805ae5361af09132923b6dc61332f86c9749e193ec4d8c51d38cea9aa74b23b5d3c419d6f9e3cc008c6747ad9a86d6d52ae9dff80504ffce0b18352"                    | 2026-01-01 13:52:39+00 |         919 |      9919 | success
 199835 |  19201 | last=1h service=fixture-5 message="row-99918 key-19201 marker_common_192 payload-301008764b9022008cc2bf397b7a03e4e4ea3ed206e7e37e9f6c6311abc97fb2da30860b895572b748369b0b2477633db574e432ca23becb6f4f7a67b30f5c2f1074cbebfc81e5d6c960603bf17d319e347f15d99015073d57f7ce588b065a545b30a8fedd9ac9a579aad7bdab0a5d4c"  | 2026-01-01 13:52:39+00 |         918 |      9918 | success
 199833 |  19201 | last=1h service=fixture-4 message="row-99917 key-19201 payload-5b790530dab41d2e58637dbe4e06f72d9ba17da75caf41f29d1eca3f932533866b3a18e481a0969e2ace0f386761d6167ccf8fda33704bfb05e3b2685d487d22b5e1488d9686ca8da394d4ddbbefcee750b02d8b8b620c201e92fc3b6cad14e2093344ecf080827ef72b2caa160b5c80"                    | 2026-01-01 13:52:38+00 |         917 |      9917 | success
 199831 |  19201 | last=1h service=fixture-3 message="row-99916 key-19201 marker_common_192 payload-57245e5a359b98280b5719f1bfb2fa03b5db0a2e8f21cf4039b92c5476ab2dc98a2d611a9938c4294c7426726b5a7767ace799bf019afe85feb07494052196553684d2c45a60339355ff15fc4137cfd88825618cd16ea4efc311883d8399642964479f132193d467ef2c477dec6dbdd9"  | 2026-01-01 13:52:38+00 |         916 |      9916 | success
 199829 |  19201 | last=1h service=fixture-2 message="row-99915 key-19201 payload-c4f4c95ea2dc17f4b6ef647b1bc69caff3f1c2f0a9e521b0d24bc9346b5f866cdc7999a47fdbc4812a361d7480472d60499cd30191313f4a3a0db0f35e62d967d6ff1e3187027562f98c1650a60d0d4603a3cf63f2e6a73861dfbca6b346c1ab55bc979b72420e01539fa617b37790c8"                    | 2026-01-01 13:52:37+00 |         915 |      9915 | success
 199827 |  19201 | last=1h service=fixture-1 message="row-99914 key-19201 marker_common_192 payload-8f2db8df42f62c96dbeba49b583f5f829a8c0898add7cba2f9d387b14ea7b3718a0a234918e5f4e0511c4902b5154432edd181fbbf53c4e8fa9a8201dbc75de7fd3ead48220b459108b4596b0437e35fa5ccf6fc8bc6267d5d11663e2dcb71db8c832012f4814b10927e4601c769fb56"  | 2026-01-01 13:52:37+00 |         914 |      9914 | success
 199825 |  19201 | last=1h service=fixture-0 message="row-99913 key-19201 payload-d82c174c256f182e8c06cf03e2f1340192cca4c567af431d3f96e1875430ee630b2b7e3c3cd0b64ccf7a760865d4dd4cfd8e5acfad9d93e4a87432176ec0e2dbcdd7c96070447dcc8558756927f49afa85e45ae0ff6dda2f62f37690d62840459b983e765a15abb4e3164e7a6266445b"                    | 2026-01-01 13:52:36+00 |         913 |      9913 | success
 199823 |  19201 | last=1h service=fixture-30 message="row-99912 key-19201 marker_common_192 payload-c7de5d0cbd79e1c7d261ac71e0818347ae522d96c76cf81e86ea0711fbd525c96a6ab3f4d19bb2cd9e1dc3d2c8501604cd1864467600bbd120e3503d8b3fcd74140f83bf37e932fbaa2935b4cc932ca4cfb0106e8e93129362198e9e0d9de7b9c4503c9880a13a2231d55aa366c3387c" | 2026-01-01 13:52:36+00 |         912 |      9912 | success
 199821 |  19201 | last=1h service=fixture-29 message="row-99911 key-19201 payload-34e310afb5ad03addc758dd0be97b5af164cdccbbfaa43ed27897d344490fc7b8660dd9cda32306a4842e183ea2b52678703ebfb664e7ff319e8dd328d2e4fc3d54a952fde8649fa322976d8e3405ec1b2d82c574c977ad6ab6755853367a24d189c6f17b55eff823d41f1c2b95dffe4"                   | 2026-01-01 13:52:35+00 |         911 |      9911 | success
 199819 |  19201 | last=1h service=fixture-28 message="row-99910 key-19201 marker_common_192 payload-01053c8b90988674aecaf9dfb22de1b4f4788d810f352f603dab337e3cd2685938a732cece5f213108e4bec1db3f5ee7eb1226ebca79060decc1d34cb82e2b44e13b19be5960f857121c3ba449e2987a62a8a68a91218d1be5aa1dad64f1d5e9a20bca9591552a1153eee06899b5caef" | 2026-01-01 13:52:35+00 |         910 |      9910 | success
 199817 |  19201 | last=1h service=fixture-27 message="row-99909 key-19201 payload-814032bb6b7d7a632c1c6a1966871a8b6111aea0d0515ddd1dd7f547d619aaaf096f57bd17dd306271c54a83b495220bb90059ff0fdec98c51bd5c30eb19f9902b6017e04e5b673f41bbdea469db2ffea9a0ca04049a5916cfd53935f85de20699c7f829eda1895eb197b6f8eb48113e"                   | 2026-01-01 13:52:34+00 |         909 |      9909 | success
 199815 |  19201 | last=1h service=fixture-26 message="row-99908 key-19201 marker_common_192 payload-90d432b2f5d7e55b1a95347af93825d7ab03a980decb3db42caba3795557c97fb458f20e8bf2b21efd7380487a352d5ba9b1c246e6f38114b955ee58e8b7c50ed9ecfeb23d63330d54c15ceb44d8c1a80c553bf8e007df6aa5a14368e68a65f2966edb09aebc5757f5c8e11d2c6d25e3" | 2026-01-01 13:52:34+00 |         908 |      9908 | success
 199813 |  19201 | last=1h service=fixture-25 message="row-99907 key-19201 payload-ecd56b6d0bc933715670158ad9b6bd3d0bd845914e4be55fb2fbbc9b70511a483daf78a26503bd7cadbe6c99744993f56d12aa6effc6230100880f920c072f32a94bf7dd6d5f941220a7771ba77ed3bb0906e26a9e8883f93e6472d3a93affe33524c1a2287d1386bf74407074a9f7c0"                   | 2026-01-01 13:52:33+00 |         907 |      9907 | success
 199811 |  19201 | last=1h service=fixture-24 message="row-99906 key-19201 marker_common_192 payload-1d5080b9a52187bf67e139186dc4b0c933b00fdd2dae2d7cdba4e84f54d5bc5463f7b408e24991830c336151dc6408247238a9521cbe61c804784d629030925773c950a9ab54be8fa27d65801fc93b99863eb3248368af4659296140c765909371f650678efc2c8518ee37d95241de39" | 2026-01-01 13:52:33+00 |         906 |      9906 | success
 199809 |  19201 | last=1h service=fixture-23 message="row-99905 key-19201 payload-8c7a35cb4453095b94375ead03db6c733f5f0fcbad57258df989a6208dfd7f96f1d4eb072409634a148587f879171977eb980b0901949c4d4dc9241ce4245c1519d6e79a78630fd06416fca185e1487fcd3bab511e179c18759fd7037e8db26a5c0bb9946b2da2b2ec6a6e146f95628e"                   | 2026-01-01 13:52:32+00 |         905 |      9905 | success
 199807 |  19201 | last=1h service=fixture-22 message="row-99904 key-19201 marker_common_192 payload-1a7e1954f9005b7149eb0d116b677e93798140dfd9750bef6a74c8622b919741a31bcc9cf48b2c50f21362268d2b35caf17ea45542a48304c925c592e62d7e5fdac9cb376c7a9d7f0a067022bda8c8adce659fac214dbca9c7b6d06de39d9886e6d6d0c859eb8d12064ef7970c5a3da7" | 2026-01-01 13:52:32+00 |         904 |      9904 | success
 199805 |  19201 | last=1h service=fixture-21 message="row-99903 key-19201 payload-4cf8cb1e5b8c49a9285a7d262366e74ac7baa40a94666a5d74f7e97631663c44d1e9cd115bee010d842c687099f0f6944698b92974ab88ff7821e9be5abc032889f5a080adbc679c1ae807cb3f3376f315169864289a9a4fab92abe79065a4e16a61aed90abb0551db85bae7e8045c4b"                   | 2026-01-01 13:52:31+00 |         903 |      9903 | success
 199803 |  19201 | last=1h service=fixture-20 message="row-99902 key-19201 marker_common_192 payload-9a4fc18ad6808441d97f74ceaefe575ddce7c77efbe27d500fbd5a7122746e9e18e49dc073e5a3491fa3d14cc110073894a27e58e3215acd8ee082b3fd2873a1dc914bae03f3580a4780dbd545f1d50169b3f6355942995b6057d10501d0184b261f4677eb678cefc5cec65053835436" | 2026-01-01 13:52:31+00 |         902 |      9902 | success
 199801 |  19201 | last=1h service=fixture-19 message="row-99901 key-19201 payload-3621e57bbaebbd1e44fb643de7259fc55d984f5221fc88f086460f472d1e5281df8cfcac5857097bbee87efc8fd250da72fb30268e359e335a477e5ccadf87a46ee16cd14f832bcf35f4d138423df4bf3a10348dc7726e6030b4de79b9cdafb65419ca6f835ebbdda203cbb5346711ae"                   | 2026-01-01 13:52:30+00 |         901 |      9901 | success
(50 rows)

Time: 0.146 ms
COMMIT
Time: 0.040 ms
SAMPLE 3
BEGIN
Time: 0.031 ms
SET
Time: 0.033 ms
 count  
--------
 100000
(1 row)

Time: 8.760 ms
   id   | key_id |                                                                                                                                                        query                                                                                                                                                        |      executed_at       | duration_ms | row_count | status  
--------+--------+---------------------------------------------------------------------------------------------------------------------------------------------------------------------------------------------------------------------------------------------------------------------------------------------------------------------+------------------------+-------------+-----------+---------
 199899 |  19201 | last=1h service=fixture-6 message="row-99950 key-19201 marker_common_192 payload-3da877f2cd753a6577b8a3ab09caac44767b490eac50c7077c576bbe2113c5a9df03f45d04fff0370aaf1c0b187c2192a7b64c67fe4e4f6dc293d058cc617236a4c6b83b1d66326750c045949048eddb109d53f2a470998598ffab20b5f912b66585b6739afe0a3a4add431dedce2b0b"  | 2026-01-01 13:52:55+00 |         950 |      9950 | success
 199897 |  19201 | last=1h service=fixture-5 message="row-99949 key-19201 payload-02bc0c2e6904055ac55576877cba9066661f078261387af294925c1e1330aefaa37f368262d7efb4867ee50b94afd0628ec890f1465fbc51f19f2aef82ac6116fb406ba753e1ec39f67168289febe0ab8e9fac503b360498a7bcb504b6f4b2e5f66c170b795dd320e6cc3a4562591120"                    | 2026-01-01 13:52:54+00 |         949 |      9949 | success
 199895 |  19201 | last=1h service=fixture-4 message="row-99948 key-19201 marker_common_192 payload-a6e7edc5c59dc0e34ed5b7869cecb025444f90e7fdaba13680e517b9697eccc21c261d9121375a0ba931e37b5047c81c53a0f1b15661be1cd0a73dae25e1d7110d72d5125b5df9a31d2fc5987ac2a77f731f6b8c745a7394aa49f0e47f0d0af3148e0f71304e8a4e777771d4162b1016"  | 2026-01-01 13:52:54+00 |         948 |      9948 | success
 199893 |  19201 | last=1h service=fixture-3 message="row-99947 key-19201 payload-fff98161490278f06cf58817bd798878fc03605b11ab5b267042f6ab8eec8de5e1cd4ebf6cbbe79199af715dd8b18e76301cab6ab0367193755eb8a496dc858633b4fbc1bd6c0e7841b618fb80b577d3dbb8a307042be5c9ec75cfcb4b9ee8b99095a88f07a929d405ac7f53cb94f0f6"                    | 2026-01-01 13:52:53+00 |         947 |      9947 | success
 199891 |  19201 | last=1h service=fixture-2 message="row-99946 key-19201 marker_common_192 payload-8a98888f759a192974dc5f142995cd318ccac56a6048de586a57ae55e903010229d396faf729d23e70db55d4b444feb9f858ee63c7ff6d01ed0d4f19f89d8cb4e0e427f4342c3e38b8137e9a287e7cb3c367b22283dc5fa5fcf068df00cc8682d8df743f4e862ee3d02435d23087f596"  | 2026-01-01 13:52:53+00 |         946 |      9946 | success
 199889 |  19201 | last=1h service=fixture-1 message="row-99945 key-19201 payload-30b15839e34b895532a897f45e814b6eb46d7990fd97cac15b11aed0778d23e5c2b051a9f6b088c9c829c9262139305b0ce328263c532786a2c6117b277c7debf67191efc1bb1f575749048b4033ac1277333ee76585404c28808973387fcaea6c954550228ca043320f2b2381b5036d"                    | 2026-01-01 13:52:52+00 |         945 |      9945 | success
 199887 |  19201 | last=1h service=fixture-0 message="row-99944 key-19201 marker_common_192 payload-36aa9843152e6b44fe5a22fdc7005a01eaa405f0c439c78f1533648811bf1c9273c967c3d7c3feee0d66ac142929608017be32ce941a2879ab3bfb75d5b6851892e4aca709385f8b430a6398e474a31df4dd2bfaed8f437586d20b44e5778b692e0397f88a0c132bec5e7917ebb68d30"  | 2026-01-01 13:52:52+00 |         944 |      9944 | success
 199885 |  19201 | last=1h service=fixture-30 message="row-99943 key-19201 payload-b307c4433890209caf0a1c16d20fe74d9d2844b002cd56f9062142ccd2c6cf886a035ba18bf4e007b0da3f1666277322a42159e055b9b32da16b832eb0fd6ec3967b52c2d280925eda87920e4496369035e1b80775bd9dbd0d6944260aa599f0d4ee956467943837558483bd6811f9e1"                   | 2026-01-01 13:52:51+00 |         943 |      9943 | success
 199883 |  19201 | last=1h service=fixture-29 message="row-99942 key-19201 marker_common_192 payload-3a20b4dafbacdf678d6cf838394edcfa7d64923715382429265c2e26d67a7f921d9d68ef6c1b14a2407aa3f070900d06f445da383b2413e950463ed82f33793fc1efed2a1ed65578fc814ff67520457fa44d373ca7c1f6d503e7688792b2d3f40637e3608fbcf8a6d238a0ee80549e93" | 2026-01-01 13:52:51+00 |         942 |      9942 | success
 199881 |  19201 | last=1h service=fixture-28 message="row-99941 key-19201 payload-dfa044e3e49d92d24dd704ab915a0a8d9820a1d605ab862ca49b0fb584127b37322e189ebac39701584c582de6b445f0a532b7a53122493109114ba408efd6cbaa6fb862caf57b475c87d4042a3222e491ac30dd66e444d5f8ca24cd37be985661bbafe4d01b47facdf4d4afa6ed7801"                   | 2026-01-01 13:52:50+00 |         941 |      9941 | success
 199879 |  19201 | last=1h service=fixture-27 message="row-99940 key-19201 marker_common_192 payload-e85e65feaa5a4619973ace278ba45c7aa5eadf3fa92a3f85272bcc2ba457deffbbe60039fc1d8e65d5a48a3ca2d7576d2c83539a108d63d141f95e845772b8b1c509eb8b83053f7fd0a7215850b4c985e918d3bec9ff65f2d16d11c8973485dffdedd74a80b5ab53c096271e3d7eb6bf" | 2026-01-01 13:52:50+00 |         940 |      9940 | success
 199877 |  19201 | last=1h service=fixture-26 message="row-99939 key-19201 payload-531eea1b137dd2d7e28dd610f76b7ba450a7664ce5ad475dda0074ac5eb703f482dcfa055178756a678bd4bf87164fa697ef5817d83371313585e1a11ec8cc8b4a805ebb1fa5f2f687d31923138224a1549f330440c755fad7ab4e4a2901b87876a7d8c3d3f1ad91790e459488f69eaa"                   | 2026-01-01 13:52:49+00 |         939 |      9939 | success
 199875 |  19201 | last=1h service=fixture-25 message="row-99938 key-19201 marker_common_192 payload-4c109257805118d78f615ca8d0006455e5ec0a4d12755cf651245b6373be8ab66dcc54a6d296df5c1537cb9eb47c7e39bc3822831d14ae7206251b9196c879de427a41439907505aaa6b98c0f26b94f70164cdf71614f3dc7e0d2c710ed819e497e121cf11ce72a2e0d21a6eb6a6ea48" | 2026-01-01 13:52:49+00 |         938 |      9938 | success
 199873 |  19201 | last=1h service=fixture-24 message="row-99937 key-19201 payload-fcbbb945c6aeb43c3c5fdceff68ff98a1b0c6a8f31518b7c3d746480946f5798a7d064e0ed260d822aa43b595c2458213b20159ecd2161d8c69ba81324ae05ecc7c9d5c4f2442fedd151e6dbf234c2c32c5b3f387448b055cf42cce2a15227b9c7f9cb800b5a56e22816b98a88874350"                   | 2026-01-01 13:52:48+00 |         937 |      9937 | success
 199871 |  19201 | last=1h service=fixture-23 message="row-99936 key-19201 marker_common_192 payload-ad29ca29172ef783002c2970d62e42d1863b7d7681d81b917b9db8455fc6f2df0ad27a9434a116141d52bd49842c236d58154faaea7d2981ad3964eae3e82e369616bbb17d6f93cecc2fa9e00cd361d865065193a2bb4b826dadc01c4f801873c44bbe18f3d178aa470fd1372ead59aa" | 2026-01-01 13:52:48+00 |         936 |      9936 | success
 199869 |  19201 | last=1h service=fixture-22 message="row-99935 key-19201 payload-29c9c7d66d464963913db75297482c9ab167d51bef373788f8a1a26df46141300cd54065e4f3ac2e1ad103b7fa6cc036135bb16f49f80faa6d1e06e0e88b3e9fdaae4354b3586f613fc7c7acf41deb313792f4e3da765a319c741a36a35c836f8be978a6a130b6aceb2f6dc757184bff"                   | 2026-01-01 13:52:47+00 |         935 |      9935 | success
 199867 |  19201 | last=1h service=fixture-21 message="row-99934 key-19201 marker_common_192 payload-4b557244bf68beae25c00948622584957029aaf2b56a6b971912b940b1613a90f39163188064e9b79d0bd0ecb969bffd8e9840cc1ef34ea1eb6c2643e72da455a215087a1443c764625586a16f57af18fb18828e5008ba5f2d0287e69ebca4663234a3f5299bf214e1410f66afad42e9" | 2026-01-01 13:52:47+00 |         934 |      9934 | success
 199865 |  19201 | last=1h service=fixture-20 message="row-99933 key-19201 payload-8dd7e8c71c5833faff3fd8359046d98e68d0fa3af4089f1ad7c9646bf795accb2aed02dd4a9edfd79dd4cd73aeffe794efe02d0520309b46b349a9f27c6c49f0c85ad37e5cdb8c588bb4cc01fbcb418f52a31b340815f6ca0305f0315441cf674bc5052a64acf874d58ccbecdb58b452"                   | 2026-01-01 13:52:46+00 |         933 |      9933 | success
 199863 |  19201 | last=1h service=fixture-19 message="row-99932 key-19201 marker_common_192 payload-0ed19be8ff3fc40a657b059fed5a3a71220359da69702de1f2deb04148548f5ec70f382d358270cd383b1facb1a73bf4e38313022c8586fcc26fab026888647d56715aec3f37fdfe1d0b9de439d299603f1e3365a3901c23a6752c9b830672ea426d5ad423509b48381eafe66298c16d" | 2026-01-01 13:52:46+00 |         932 |      9932 | success
 199861 |  19201 | last=1h service=fixture-18 message="row-99931 key-19201 payload-4e0c42a6c19ceecd0bc8591d6580fa2f348b2bdd96bb20db0d6f621930dfd11735da8b9a2befd359bafa823b66ddb1b51b7c250f70a522723ecb861751f9edd03f47560a2a93469e734e190cb86a8e2bc5a0d0f62d1805a4e890508d0c73927d482fe91635b04c881c93e3fe1c17085d"                   | 2026-01-01 13:52:45+00 |         931 |      9931 | success
 199859 |  19201 | last=1h service=fixture-17 message="row-99930 key-19201 marker_common_192 payload-62118f025e554c25ebeef33f58e8a058ba9617455ce84279da2f7ab20194a758166bd0fe65ad69ebbfc2193016f5fd5cb03b9bb4e96a703c095e1cb4c8c4e70644589179cd107e0083ee4849b23cff2d40f9db8a5960e5de36919237a1cba92bf38190308ffed92b16eac2e12295319d" | 2026-01-01 13:52:45+00 |         930 |      9930 | success
 199857 |  19201 | last=1h service=fixture-16 message="row-99929 key-19201 payload-d0525d9d766ffbaf4bc90717ff275b7f036ec2845179b0aea17698f4cdc881b2e3cda7898cc216abca66f8be590b0020b76cfe6f5029124b75ab08f43d7f281d023b5540bac6112f914db7fd1b3b97c256c951e43f202a308aa543ab6d272378152b2e03ffa44e6d03fd16dc88750f7d"                   | 2026-01-01 13:52:44+00 |         929 |      9929 | success
 199855 |  19201 | last=1h service=fixture-15 message="row-99928 key-19201 marker_common_192 payload-a641fc12ccc99a6cf674dca47ef2ec25551c00a235b95853ba0bc94fb398ef2590e30c63b03323f4a2d96417d50b8957e9bf19c6e9e5a774398b63d3de9948804e0254c7b0ea19e598b26fb6982f165f3048cf8010420d583e2eceb7c3397b62434ff433f39447427cd5033ca0762b44" | 2026-01-01 13:52:44+00 |         928 |      9928 | success
 199853 |  19201 | last=1h service=fixture-14 message="row-99927 key-19201 payload-69da942a7ff91da14d326d92162ddfcd1854a0f1abf8fc609dab2c9d45ce6c0ba530141443c74180f6347afd110d9ef0f56885d08842813e2242765757478642577eaf7a2b409ee4ad315a4ca6ff1182790abbaa089820ffceae823d72b68ac31d13a05eb968989bbb7bcf78abcb0c0a"                   | 2026-01-01 13:52:43+00 |         927 |      9927 | success
 199851 |  19201 | last=1h service=fixture-13 message="row-99926 key-19201 marker_common_192 payload-c8634f69d5f5baac78aae18a10b9c1daa0e004bd72a4b5ef1b802568945139dbc51fcbdaf26a6cb082eb5a31a1f2353d6b6c3dfe7cbc0e0d3eda89d7224808b14165424e6082b7c4e27dcf6675f243d5d4f9a1ab04b99aba2909c969442058438eddc18445706edf1ba3f29c84efd807" | 2026-01-01 13:52:43+00 |         926 |      9926 | success
 199849 |  19201 | last=1h service=fixture-12 message="row-99925 key-19201 payload-8bc322a49fb6e391ec88c720d99478764175f6da89ef2e05e62b8be058774e90311897e05f1e6bdfea16355cd6aa120f0967bced827c98ffc32f4f04f8a6d324021848127b7479681bdd8f34e351de0728fd69c5a1c9dc1c522cbb157e5e1d043d02f16bf9743d53b7b8bf6c37bab6bc"                   | 2026-01-01 13:52:42+00 |         925 |      9925 | success
 199847 |  19201 | last=1h service=fixture-11 message="row-99924 key-19201 marker_common_192 payload-ee4897a3624aa9ee8df91245b4752b2080f9e5ad1d07bec00ebfb6e32318dc5544cf7a7c20cdb9ab7288ee3c33c95b42fc589190e058e4920e3ab36868c517cd3130f747a97f34435013b9a2be9a14a2a3b3c75ee1198452e2e6d42051bab5758be65ea9f2fdac27de25df92dda31e4a" | 2026-01-01 13:52:42+00 |         924 |      9924 | success
 199845 |  19201 | last=1h service=fixture-10 message="row-99923 key-19201 payload-28ab1b1ce1a778578b8041268c45ac60dcc5cbd9ba076a218f081969325e6bf42e281944c2ecec027dd38bbfe99d62e87828733b907cad019e0a1ae1a40e01e8b984d2786116446fd7b527ea2e7fefff5ed45d387ee3700d9a873a45aced3e5eccb325946ffda0305adb4adaeefb4a24"                   | 2026-01-01 13:52:41+00 |         923 |      9923 | success
 199843 |  19201 | last=1h service=fixture-9 message="row-99922 key-19201 marker_common_192 payload-fa86abfaa7dac87ccdb495ee366b3cfadf4aeb0384767f80a2e10bf62282f6e88e5c7dad034b650bd18ada1627256f8153464f7773c7ed81d81c30aa65d4d94deae7651a717d46f2ba3e1537f90cce58d23a20b7a7f28de42c74944c635954b97c4d5f89f3dbd443f5b3ad158ebfe5ea"  | 2026-01-01 13:52:41+00 |         922 |      9922 | success
 199841 |  19201 | last=1h service=fixture-8 message="row-99921 key-19201 payload-f5e1c9819cf2dc338571424805f51a27bc0bf286fd0b6174c26144e92f3f0ac72111eaac97d2c0108cda0e7798e017e0e35f5285bf8367a9b2d504dd483489f4d5336b2f7606cbbddd8c695e30bb64680aa925e15b8f0e379f2cbb8b44970e96f84192807ce2fa27b2ee73d58d3bf7d8"                    | 2026-01-01 13:52:40+00 |         921 |      9921 | success
 199839 |  19201 | last=1h service=fixture-7 message="row-99920 key-19201 marker_common_192 payload-c4617b1b60be9f8845971f5a3dd8d14afe066197580dfe10b1957e55c1070b93b1ba24d0901dec6a064f099f4d8441d089dfebf619460cb8c072aad84af2a3c3acea304206d51ab86a1473dc4a9b664c5e0ba55c4c6571b07e995775bed92e214dfb2f091ecffbeab1a5e4787eabd104"  | 2026-01-01 13:52:40+00 |         920 |      9920 | success
 199837 |  19201 | last=1h service=fixture-6 message="row-99919 key-19201 payload-ae5bd9f323524c5231e2358d0fffc77ad40d02ce1e7b07877e425ec631bda7fe3672db5b1af0ba6b0ce12331d3630f8c2a7b5e686805ae5361af09132923b6dc61332f86c9749e193ec4d8c51d38cea9aa74b23b5d3c419d6f9e3cc008c6747ad9a86d6d52ae9dff80504ffce0b18352"                    | 2026-01-01 13:52:39+00 |         919 |      9919 | success
 199835 |  19201 | last=1h service=fixture-5 message="row-99918 key-19201 marker_common_192 payload-301008764b9022008cc2bf397b7a03e4e4ea3ed206e7e37e9f6c6311abc97fb2da30860b895572b748369b0b2477633db574e432ca23becb6f4f7a67b30f5c2f1074cbebfc81e5d6c960603bf17d319e347f15d99015073d57f7ce588b065a545b30a8fedd9ac9a579aad7bdab0a5d4c"  | 2026-01-01 13:52:39+00 |         918 |      9918 | success
 199833 |  19201 | last=1h service=fixture-4 message="row-99917 key-19201 payload-5b790530dab41d2e58637dbe4e06f72d9ba17da75caf41f29d1eca3f932533866b3a18e481a0969e2ace0f386761d6167ccf8fda33704bfb05e3b2685d487d22b5e1488d9686ca8da394d4ddbbefcee750b02d8b8b620c201e92fc3b6cad14e2093344ecf080827ef72b2caa160b5c80"                    | 2026-01-01 13:52:38+00 |         917 |      9917 | success
 199831 |  19201 | last=1h service=fixture-3 message="row-99916 key-19201 marker_common_192 payload-57245e5a359b98280b5719f1bfb2fa03b5db0a2e8f21cf4039b92c5476ab2dc98a2d611a9938c4294c7426726b5a7767ace799bf019afe85feb07494052196553684d2c45a60339355ff15fc4137cfd88825618cd16ea4efc311883d8399642964479f132193d467ef2c477dec6dbdd9"  | 2026-01-01 13:52:38+00 |         916 |      9916 | success
 199829 |  19201 | last=1h service=fixture-2 message="row-99915 key-19201 payload-c4f4c95ea2dc17f4b6ef647b1bc69caff3f1c2f0a9e521b0d24bc9346b5f866cdc7999a47fdbc4812a361d7480472d60499cd30191313f4a3a0db0f35e62d967d6ff1e3187027562f98c1650a60d0d4603a3cf63f2e6a73861dfbca6b346c1ab55bc979b72420e01539fa617b37790c8"                    | 2026-01-01 13:52:37+00 |         915 |      9915 | success
 199827 |  19201 | last=1h service=fixture-1 message="row-99914 key-19201 marker_common_192 payload-8f2db8df42f62c96dbeba49b583f5f829a8c0898add7cba2f9d387b14ea7b3718a0a234918e5f4e0511c4902b5154432edd181fbbf53c4e8fa9a8201dbc75de7fd3ead48220b459108b4596b0437e35fa5ccf6fc8bc6267d5d11663e2dcb71db8c832012f4814b10927e4601c769fb56"  | 2026-01-01 13:52:37+00 |         914 |      9914 | success
 199825 |  19201 | last=1h service=fixture-0 message="row-99913 key-19201 payload-d82c174c256f182e8c06cf03e2f1340192cca4c567af431d3f96e1875430ee630b2b7e3c3cd0b64ccf7a760865d4dd4cfd8e5acfad9d93e4a87432176ec0e2dbcdd7c96070447dcc8558756927f49afa85e45ae0ff6dda2f62f37690d62840459b983e765a15abb4e3164e7a6266445b"                    | 2026-01-01 13:52:36+00 |         913 |      9913 | success
 199823 |  19201 | last=1h service=fixture-30 message="row-99912 key-19201 marker_common_192 payload-c7de5d0cbd79e1c7d261ac71e0818347ae522d96c76cf81e86ea0711fbd525c96a6ab3f4d19bb2cd9e1dc3d2c8501604cd1864467600bbd120e3503d8b3fcd74140f83bf37e932fbaa2935b4cc932ca4cfb0106e8e93129362198e9e0d9de7b9c4503c9880a13a2231d55aa366c3387c" | 2026-01-01 13:52:36+00 |         912 |      9912 | success
 199821 |  19201 | last=1h service=fixture-29 message="row-99911 key-19201 payload-34e310afb5ad03addc758dd0be97b5af164cdccbbfaa43ed27897d344490fc7b8660dd9cda32306a4842e183ea2b52678703ebfb664e7ff319e8dd328d2e4fc3d54a952fde8649fa322976d8e3405ec1b2d82c574c977ad6ab6755853367a24d189c6f17b55eff823d41f1c2b95dffe4"                   | 2026-01-01 13:52:35+00 |         911 |      9911 | success
 199819 |  19201 | last=1h service=fixture-28 message="row-99910 key-19201 marker_common_192 payload-01053c8b90988674aecaf9dfb22de1b4f4788d810f352f603dab337e3cd2685938a732cece5f213108e4bec1db3f5ee7eb1226ebca79060decc1d34cb82e2b44e13b19be5960f857121c3ba449e2987a62a8a68a91218d1be5aa1dad64f1d5e9a20bca9591552a1153eee06899b5caef" | 2026-01-01 13:52:35+00 |         910 |      9910 | success
 199817 |  19201 | last=1h service=fixture-27 message="row-99909 key-19201 payload-814032bb6b7d7a632c1c6a1966871a8b6111aea0d0515ddd1dd7f547d619aaaf096f57bd17dd306271c54a83b495220bb90059ff0fdec98c51bd5c30eb19f9902b6017e04e5b673f41bbdea469db2ffea9a0ca04049a5916cfd53935f85de20699c7f829eda1895eb197b6f8eb48113e"                   | 2026-01-01 13:52:34+00 |         909 |      9909 | success
 199815 |  19201 | last=1h service=fixture-26 message="row-99908 key-19201 marker_common_192 payload-90d432b2f5d7e55b1a95347af93825d7ab03a980decb3db42caba3795557c97fb458f20e8bf2b21efd7380487a352d5ba9b1c246e6f38114b955ee58e8b7c50ed9ecfeb23d63330d54c15ceb44d8c1a80c553bf8e007df6aa5a14368e68a65f2966edb09aebc5757f5c8e11d2c6d25e3" | 2026-01-01 13:52:34+00 |         908 |      9908 | success
 199813 |  19201 | last=1h service=fixture-25 message="row-99907 key-19201 payload-ecd56b6d0bc933715670158ad9b6bd3d0bd845914e4be55fb2fbbc9b70511a483daf78a26503bd7cadbe6c99744993f56d12aa6effc6230100880f920c072f32a94bf7dd6d5f941220a7771ba77ed3bb0906e26a9e8883f93e6472d3a93affe33524c1a2287d1386bf74407074a9f7c0"                   | 2026-01-01 13:52:33+00 |         907 |      9907 | success
 199811 |  19201 | last=1h service=fixture-24 message="row-99906 key-19201 marker_common_192 payload-1d5080b9a52187bf67e139186dc4b0c933b00fdd2dae2d7cdba4e84f54d5bc5463f7b408e24991830c336151dc6408247238a9521cbe61c804784d629030925773c950a9ab54be8fa27d65801fc93b99863eb3248368af4659296140c765909371f650678efc2c8518ee37d95241de39" | 2026-01-01 13:52:33+00 |         906 |      9906 | success
 199809 |  19201 | last=1h service=fixture-23 message="row-99905 key-19201 payload-8c7a35cb4453095b94375ead03db6c733f5f0fcbad57258df989a6208dfd7f96f1d4eb072409634a148587f879171977eb980b0901949c4d4dc9241ce4245c1519d6e79a78630fd06416fca185e1487fcd3bab511e179c18759fd7037e8db26a5c0bb9946b2da2b2ec6a6e146f95628e"                   | 2026-01-01 13:52:32+00 |         905 |      9905 | success
 199807 |  19201 | last=1h service=fixture-22 message="row-99904 key-19201 marker_common_192 payload-1a7e1954f9005b7149eb0d116b677e93798140dfd9750bef6a74c8622b919741a31bcc9cf48b2c50f21362268d2b35caf17ea45542a48304c925c592e62d7e5fdac9cb376c7a9d7f0a067022bda8c8adce659fac214dbca9c7b6d06de39d9886e6d6d0c859eb8d12064ef7970c5a3da7" | 2026-01-01 13:52:32+00 |         904 |      9904 | success
 199805 |  19201 | last=1h service=fixture-21 message="row-99903 key-19201 payload-4cf8cb1e5b8c49a9285a7d262366e74ac7baa40a94666a5d74f7e97631663c44d1e9cd115bee010d842c687099f0f6944698b92974ab88ff7821e9be5abc032889f5a080adbc679c1ae807cb3f3376f315169864289a9a4fab92abe79065a4e16a61aed90abb0551db85bae7e8045c4b"                   | 2026-01-01 13:52:31+00 |         903 |      9903 | success
 199803 |  19201 | last=1h service=fixture-20 message="row-99902 key-19201 marker_common_192 payload-9a4fc18ad6808441d97f74ceaefe575ddce7c77efbe27d500fbd5a7122746e9e18e49dc073e5a3491fa3d14cc110073894a27e58e3215acd8ee082b3fd2873a1dc914bae03f3580a4780dbd545f1d50169b3f6355942995b6057d10501d0184b261f4677eb678cefc5cec65053835436" | 2026-01-01 13:52:31+00 |         902 |      9902 | success
 199801 |  19201 | last=1h service=fixture-19 message="row-99901 key-19201 payload-3621e57bbaebbd1e44fb643de7259fc55d984f5221fc88f086460f472d1e5281df8cfcac5857097bbee87efc8fd250da72fb30268e359e335a477e5ccadf87a46ee16cd14f832bcf35f4d138423df4bf3a10348dc7726e6030b4de79b9cdafb65419ca6f835ebbdda203cbb5346711ae"                   | 2026-01-01 13:52:30+00 |         901 |      9901 | success
(50 rows)

Time: 0.141 ms
COMMIT
Time: 0.038 ms
SAMPLE 4
BEGIN
Time: 0.030 ms
SET
Time: 0.038 ms
 count  
--------
 100000
(1 row)

Time: 8.787 ms
   id   | key_id |                                                                                                                                                        query                                                                                                                                                        |      executed_at       | duration_ms | row_count | status  
--------+--------+---------------------------------------------------------------------------------------------------------------------------------------------------------------------------------------------------------------------------------------------------------------------------------------------------------------------+------------------------+-------------+-----------+---------
 199899 |  19201 | last=1h service=fixture-6 message="row-99950 key-19201 marker_common_192 payload-3da877f2cd753a6577b8a3ab09caac44767b490eac50c7077c576bbe2113c5a9df03f45d04fff0370aaf1c0b187c2192a7b64c67fe4e4f6dc293d058cc617236a4c6b83b1d66326750c045949048eddb109d53f2a470998598ffab20b5f912b66585b6739afe0a3a4add431dedce2b0b"  | 2026-01-01 13:52:55+00 |         950 |      9950 | success
 199897 |  19201 | last=1h service=fixture-5 message="row-99949 key-19201 payload-02bc0c2e6904055ac55576877cba9066661f078261387af294925c1e1330aefaa37f368262d7efb4867ee50b94afd0628ec890f1465fbc51f19f2aef82ac6116fb406ba753e1ec39f67168289febe0ab8e9fac503b360498a7bcb504b6f4b2e5f66c170b795dd320e6cc3a4562591120"                    | 2026-01-01 13:52:54+00 |         949 |      9949 | success
 199895 |  19201 | last=1h service=fixture-4 message="row-99948 key-19201 marker_common_192 payload-a6e7edc5c59dc0e34ed5b7869cecb025444f90e7fdaba13680e517b9697eccc21c261d9121375a0ba931e37b5047c81c53a0f1b15661be1cd0a73dae25e1d7110d72d5125b5df9a31d2fc5987ac2a77f731f6b8c745a7394aa49f0e47f0d0af3148e0f71304e8a4e777771d4162b1016"  | 2026-01-01 13:52:54+00 |         948 |      9948 | success
 199893 |  19201 | last=1h service=fixture-3 message="row-99947 key-19201 payload-fff98161490278f06cf58817bd798878fc03605b11ab5b267042f6ab8eec8de5e1cd4ebf6cbbe79199af715dd8b18e76301cab6ab0367193755eb8a496dc858633b4fbc1bd6c0e7841b618fb80b577d3dbb8a307042be5c9ec75cfcb4b9ee8b99095a88f07a929d405ac7f53cb94f0f6"                    | 2026-01-01 13:52:53+00 |         947 |      9947 | success
 199891 |  19201 | last=1h service=fixture-2 message="row-99946 key-19201 marker_common_192 payload-8a98888f759a192974dc5f142995cd318ccac56a6048de586a57ae55e903010229d396faf729d23e70db55d4b444feb9f858ee63c7ff6d01ed0d4f19f89d8cb4e0e427f4342c3e38b8137e9a287e7cb3c367b22283dc5fa5fcf068df00cc8682d8df743f4e862ee3d02435d23087f596"  | 2026-01-01 13:52:53+00 |         946 |      9946 | success
 199889 |  19201 | last=1h service=fixture-1 message="row-99945 key-19201 payload-30b15839e34b895532a897f45e814b6eb46d7990fd97cac15b11aed0778d23e5c2b051a9f6b088c9c829c9262139305b0ce328263c532786a2c6117b277c7debf67191efc1bb1f575749048b4033ac1277333ee76585404c28808973387fcaea6c954550228ca043320f2b2381b5036d"                    | 2026-01-01 13:52:52+00 |         945 |      9945 | success
 199887 |  19201 | last=1h service=fixture-0 message="row-99944 key-19201 marker_common_192 payload-36aa9843152e6b44fe5a22fdc7005a01eaa405f0c439c78f1533648811bf1c9273c967c3d7c3feee0d66ac142929608017be32ce941a2879ab3bfb75d5b6851892e4aca709385f8b430a6398e474a31df4dd2bfaed8f437586d20b44e5778b692e0397f88a0c132bec5e7917ebb68d30"  | 2026-01-01 13:52:52+00 |         944 |      9944 | success
 199885 |  19201 | last=1h service=fixture-30 message="row-99943 key-19201 payload-b307c4433890209caf0a1c16d20fe74d9d2844b002cd56f9062142ccd2c6cf886a035ba18bf4e007b0da3f1666277322a42159e055b9b32da16b832eb0fd6ec3967b52c2d280925eda87920e4496369035e1b80775bd9dbd0d6944260aa599f0d4ee956467943837558483bd6811f9e1"                   | 2026-01-01 13:52:51+00 |         943 |      9943 | success
 199883 |  19201 | last=1h service=fixture-29 message="row-99942 key-19201 marker_common_192 payload-3a20b4dafbacdf678d6cf838394edcfa7d64923715382429265c2e26d67a7f921d9d68ef6c1b14a2407aa3f070900d06f445da383b2413e950463ed82f33793fc1efed2a1ed65578fc814ff67520457fa44d373ca7c1f6d503e7688792b2d3f40637e3608fbcf8a6d238a0ee80549e93" | 2026-01-01 13:52:51+00 |         942 |      9942 | success
 199881 |  19201 | last=1h service=fixture-28 message="row-99941 key-19201 payload-dfa044e3e49d92d24dd704ab915a0a8d9820a1d605ab862ca49b0fb584127b37322e189ebac39701584c582de6b445f0a532b7a53122493109114ba408efd6cbaa6fb862caf57b475c87d4042a3222e491ac30dd66e444d5f8ca24cd37be985661bbafe4d01b47facdf4d4afa6ed7801"                   | 2026-01-01 13:52:50+00 |         941 |      9941 | success
 199879 |  19201 | last=1h service=fixture-27 message="row-99940 key-19201 marker_common_192 payload-e85e65feaa5a4619973ace278ba45c7aa5eadf3fa92a3f85272bcc2ba457deffbbe60039fc1d8e65d5a48a3ca2d7576d2c83539a108d63d141f95e845772b8b1c509eb8b83053f7fd0a7215850b4c985e918d3bec9ff65f2d16d11c8973485dffdedd74a80b5ab53c096271e3d7eb6bf" | 2026-01-01 13:52:50+00 |         940 |      9940 | success
 199877 |  19201 | last=1h service=fixture-26 message="row-99939 key-19201 payload-531eea1b137dd2d7e28dd610f76b7ba450a7664ce5ad475dda0074ac5eb703f482dcfa055178756a678bd4bf87164fa697ef5817d83371313585e1a11ec8cc8b4a805ebb1fa5f2f687d31923138224a1549f330440c755fad7ab4e4a2901b87876a7d8c3d3f1ad91790e459488f69eaa"                   | 2026-01-01 13:52:49+00 |         939 |      9939 | success
 199875 |  19201 | last=1h service=fixture-25 message="row-99938 key-19201 marker_common_192 payload-4c109257805118d78f615ca8d0006455e5ec0a4d12755cf651245b6373be8ab66dcc54a6d296df5c1537cb9eb47c7e39bc3822831d14ae7206251b9196c879de427a41439907505aaa6b98c0f26b94f70164cdf71614f3dc7e0d2c710ed819e497e121cf11ce72a2e0d21a6eb6a6ea48" | 2026-01-01 13:52:49+00 |         938 |      9938 | success
 199873 |  19201 | last=1h service=fixture-24 message="row-99937 key-19201 payload-fcbbb945c6aeb43c3c5fdceff68ff98a1b0c6a8f31518b7c3d746480946f5798a7d064e0ed260d822aa43b595c2458213b20159ecd2161d8c69ba81324ae05ecc7c9d5c4f2442fedd151e6dbf234c2c32c5b3f387448b055cf42cce2a15227b9c7f9cb800b5a56e22816b98a88874350"                   | 2026-01-01 13:52:48+00 |         937 |      9937 | success
 199871 |  19201 | last=1h service=fixture-23 message="row-99936 key-19201 marker_common_192 payload-ad29ca29172ef783002c2970d62e42d1863b7d7681d81b917b9db8455fc6f2df0ad27a9434a116141d52bd49842c236d58154faaea7d2981ad3964eae3e82e369616bbb17d6f93cecc2fa9e00cd361d865065193a2bb4b826dadc01c4f801873c44bbe18f3d178aa470fd1372ead59aa" | 2026-01-01 13:52:48+00 |         936 |      9936 | success
 199869 |  19201 | last=1h service=fixture-22 message="row-99935 key-19201 payload-29c9c7d66d464963913db75297482c9ab167d51bef373788f8a1a26df46141300cd54065e4f3ac2e1ad103b7fa6cc036135bb16f49f80faa6d1e06e0e88b3e9fdaae4354b3586f613fc7c7acf41deb313792f4e3da765a319c741a36a35c836f8be978a6a130b6aceb2f6dc757184bff"                   | 2026-01-01 13:52:47+00 |         935 |      9935 | success
 199867 |  19201 | last=1h service=fixture-21 message="row-99934 key-19201 marker_common_192 payload-4b557244bf68beae25c00948622584957029aaf2b56a6b971912b940b1613a90f39163188064e9b79d0bd0ecb969bffd8e9840cc1ef34ea1eb6c2643e72da455a215087a1443c764625586a16f57af18fb18828e5008ba5f2d0287e69ebca4663234a3f5299bf214e1410f66afad42e9" | 2026-01-01 13:52:47+00 |         934 |      9934 | success
 199865 |  19201 | last=1h service=fixture-20 message="row-99933 key-19201 payload-8dd7e8c71c5833faff3fd8359046d98e68d0fa3af4089f1ad7c9646bf795accb2aed02dd4a9edfd79dd4cd73aeffe794efe02d0520309b46b349a9f27c6c49f0c85ad37e5cdb8c588bb4cc01fbcb418f52a31b340815f6ca0305f0315441cf674bc5052a64acf874d58ccbecdb58b452"                   | 2026-01-01 13:52:46+00 |         933 |      9933 | success
 199863 |  19201 | last=1h service=fixture-19 message="row-99932 key-19201 marker_common_192 payload-0ed19be8ff3fc40a657b059fed5a3a71220359da69702de1f2deb04148548f5ec70f382d358270cd383b1facb1a73bf4e38313022c8586fcc26fab026888647d56715aec3f37fdfe1d0b9de439d299603f1e3365a3901c23a6752c9b830672ea426d5ad423509b48381eafe66298c16d" | 2026-01-01 13:52:46+00 |         932 |      9932 | success
 199861 |  19201 | last=1h service=fixture-18 message="row-99931 key-19201 payload-4e0c42a6c19ceecd0bc8591d6580fa2f348b2bdd96bb20db0d6f621930dfd11735da8b9a2befd359bafa823b66ddb1b51b7c250f70a522723ecb861751f9edd03f47560a2a93469e734e190cb86a8e2bc5a0d0f62d1805a4e890508d0c73927d482fe91635b04c881c93e3fe1c17085d"                   | 2026-01-01 13:52:45+00 |         931 |      9931 | success
 199859 |  19201 | last=1h service=fixture-17 message="row-99930 key-19201 marker_common_192 payload-62118f025e554c25ebeef33f58e8a058ba9617455ce84279da2f7ab20194a758166bd0fe65ad69ebbfc2193016f5fd5cb03b9bb4e96a703c095e1cb4c8c4e70644589179cd107e0083ee4849b23cff2d40f9db8a5960e5de36919237a1cba92bf38190308ffed92b16eac2e12295319d" | 2026-01-01 13:52:45+00 |         930 |      9930 | success
 199857 |  19201 | last=1h service=fixture-16 message="row-99929 key-19201 payload-d0525d9d766ffbaf4bc90717ff275b7f036ec2845179b0aea17698f4cdc881b2e3cda7898cc216abca66f8be590b0020b76cfe6f5029124b75ab08f43d7f281d023b5540bac6112f914db7fd1b3b97c256c951e43f202a308aa543ab6d272378152b2e03ffa44e6d03fd16dc88750f7d"                   | 2026-01-01 13:52:44+00 |         929 |      9929 | success
 199855 |  19201 | last=1h service=fixture-15 message="row-99928 key-19201 marker_common_192 payload-a641fc12ccc99a6cf674dca47ef2ec25551c00a235b95853ba0bc94fb398ef2590e30c63b03323f4a2d96417d50b8957e9bf19c6e9e5a774398b63d3de9948804e0254c7b0ea19e598b26fb6982f165f3048cf8010420d583e2eceb7c3397b62434ff433f39447427cd5033ca0762b44" | 2026-01-01 13:52:44+00 |         928 |      9928 | success
 199853 |  19201 | last=1h service=fixture-14 message="row-99927 key-19201 payload-69da942a7ff91da14d326d92162ddfcd1854a0f1abf8fc609dab2c9d45ce6c0ba530141443c74180f6347afd110d9ef0f56885d08842813e2242765757478642577eaf7a2b409ee4ad315a4ca6ff1182790abbaa089820ffceae823d72b68ac31d13a05eb968989bbb7bcf78abcb0c0a"                   | 2026-01-01 13:52:43+00 |         927 |      9927 | success
 199851 |  19201 | last=1h service=fixture-13 message="row-99926 key-19201 marker_common_192 payload-c8634f69d5f5baac78aae18a10b9c1daa0e004bd72a4b5ef1b802568945139dbc51fcbdaf26a6cb082eb5a31a1f2353d6b6c3dfe7cbc0e0d3eda89d7224808b14165424e6082b7c4e27dcf6675f243d5d4f9a1ab04b99aba2909c969442058438eddc18445706edf1ba3f29c84efd807" | 2026-01-01 13:52:43+00 |         926 |      9926 | success
 199849 |  19201 | last=1h service=fixture-12 message="row-99925 key-19201 payload-8bc322a49fb6e391ec88c720d99478764175f6da89ef2e05e62b8be058774e90311897e05f1e6bdfea16355cd6aa120f0967bced827c98ffc32f4f04f8a6d324021848127b7479681bdd8f34e351de0728fd69c5a1c9dc1c522cbb157e5e1d043d02f16bf9743d53b7b8bf6c37bab6bc"                   | 2026-01-01 13:52:42+00 |         925 |      9925 | success
 199847 |  19201 | last=1h service=fixture-11 message="row-99924 key-19201 marker_common_192 payload-ee4897a3624aa9ee8df91245b4752b2080f9e5ad1d07bec00ebfb6e32318dc5544cf7a7c20cdb9ab7288ee3c33c95b42fc589190e058e4920e3ab36868c517cd3130f747a97f34435013b9a2be9a14a2a3b3c75ee1198452e2e6d42051bab5758be65ea9f2fdac27de25df92dda31e4a" | 2026-01-01 13:52:42+00 |         924 |      9924 | success
 199845 |  19201 | last=1h service=fixture-10 message="row-99923 key-19201 payload-28ab1b1ce1a778578b8041268c45ac60dcc5cbd9ba076a218f081969325e6bf42e281944c2ecec027dd38bbfe99d62e87828733b907cad019e0a1ae1a40e01e8b984d2786116446fd7b527ea2e7fefff5ed45d387ee3700d9a873a45aced3e5eccb325946ffda0305adb4adaeefb4a24"                   | 2026-01-01 13:52:41+00 |         923 |      9923 | success
 199843 |  19201 | last=1h service=fixture-9 message="row-99922 key-19201 marker_common_192 payload-fa86abfaa7dac87ccdb495ee366b3cfadf4aeb0384767f80a2e10bf62282f6e88e5c7dad034b650bd18ada1627256f8153464f7773c7ed81d81c30aa65d4d94deae7651a717d46f2ba3e1537f90cce58d23a20b7a7f28de42c74944c635954b97c4d5f89f3dbd443f5b3ad158ebfe5ea"  | 2026-01-01 13:52:41+00 |         922 |      9922 | success
 199841 |  19201 | last=1h service=fixture-8 message="row-99921 key-19201 payload-f5e1c9819cf2dc338571424805f51a27bc0bf286fd0b6174c26144e92f3f0ac72111eaac97d2c0108cda0e7798e017e0e35f5285bf8367a9b2d504dd483489f4d5336b2f7606cbbddd8c695e30bb64680aa925e15b8f0e379f2cbb8b44970e96f84192807ce2fa27b2ee73d58d3bf7d8"                    | 2026-01-01 13:52:40+00 |         921 |      9921 | success
 199839 |  19201 | last=1h service=fixture-7 message="row-99920 key-19201 marker_common_192 payload-c4617b1b60be9f8845971f5a3dd8d14afe066197580dfe10b1957e55c1070b93b1ba24d0901dec6a064f099f4d8441d089dfebf619460cb8c072aad84af2a3c3acea304206d51ab86a1473dc4a9b664c5e0ba55c4c6571b07e995775bed92e214dfb2f091ecffbeab1a5e4787eabd104"  | 2026-01-01 13:52:40+00 |         920 |      9920 | success
 199837 |  19201 | last=1h service=fixture-6 message="row-99919 key-19201 payload-ae5bd9f323524c5231e2358d0fffc77ad40d02ce1e7b07877e425ec631bda7fe3672db5b1af0ba6b0ce12331d3630f8c2a7b5e686805ae5361af09132923b6dc61332f86c9749e193ec4d8c51d38cea9aa74b23b5d3c419d6f9e3cc008c6747ad9a86d6d52ae9dff80504ffce0b18352"                    | 2026-01-01 13:52:39+00 |         919 |      9919 | success
 199835 |  19201 | last=1h service=fixture-5 message="row-99918 key-19201 marker_common_192 payload-301008764b9022008cc2bf397b7a03e4e4ea3ed206e7e37e9f6c6311abc97fb2da30860b895572b748369b0b2477633db574e432ca23becb6f4f7a67b30f5c2f1074cbebfc81e5d6c960603bf17d319e347f15d99015073d57f7ce588b065a545b30a8fedd9ac9a579aad7bdab0a5d4c"  | 2026-01-01 13:52:39+00 |         918 |      9918 | success
 199833 |  19201 | last=1h service=fixture-4 message="row-99917 key-19201 payload-5b790530dab41d2e58637dbe4e06f72d9ba17da75caf41f29d1eca3f932533866b3a18e481a0969e2ace0f386761d6167ccf8fda33704bfb05e3b2685d487d22b5e1488d9686ca8da394d4ddbbefcee750b02d8b8b620c201e92fc3b6cad14e2093344ecf080827ef72b2caa160b5c80"                    | 2026-01-01 13:52:38+00 |         917 |      9917 | success
 199831 |  19201 | last=1h service=fixture-3 message="row-99916 key-19201 marker_common_192 payload-57245e5a359b98280b5719f1bfb2fa03b5db0a2e8f21cf4039b92c5476ab2dc98a2d611a9938c4294c7426726b5a7767ace799bf019afe85feb07494052196553684d2c45a60339355ff15fc4137cfd88825618cd16ea4efc311883d8399642964479f132193d467ef2c477dec6dbdd9"  | 2026-01-01 13:52:38+00 |         916 |      9916 | success
 199829 |  19201 | last=1h service=fixture-2 message="row-99915 key-19201 payload-c4f4c95ea2dc17f4b6ef647b1bc69caff3f1c2f0a9e521b0d24bc9346b5f866cdc7999a47fdbc4812a361d7480472d60499cd30191313f4a3a0db0f35e62d967d6ff1e3187027562f98c1650a60d0d4603a3cf63f2e6a73861dfbca6b346c1ab55bc979b72420e01539fa617b37790c8"                    | 2026-01-01 13:52:37+00 |         915 |      9915 | success
 199827 |  19201 | last=1h service=fixture-1 message="row-99914 key-19201 marker_common_192 payload-8f2db8df42f62c96dbeba49b583f5f829a8c0898add7cba2f9d387b14ea7b3718a0a234918e5f4e0511c4902b5154432edd181fbbf53c4e8fa9a8201dbc75de7fd3ead48220b459108b4596b0437e35fa5ccf6fc8bc6267d5d11663e2dcb71db8c832012f4814b10927e4601c769fb56"  | 2026-01-01 13:52:37+00 |         914 |      9914 | success
 199825 |  19201 | last=1h service=fixture-0 message="row-99913 key-19201 payload-d82c174c256f182e8c06cf03e2f1340192cca4c567af431d3f96e1875430ee630b2b7e3c3cd0b64ccf7a760865d4dd4cfd8e5acfad9d93e4a87432176ec0e2dbcdd7c96070447dcc8558756927f49afa85e45ae0ff6dda2f62f37690d62840459b983e765a15abb4e3164e7a6266445b"                    | 2026-01-01 13:52:36+00 |         913 |      9913 | success
 199823 |  19201 | last=1h service=fixture-30 message="row-99912 key-19201 marker_common_192 payload-c7de5d0cbd79e1c7d261ac71e0818347ae522d96c76cf81e86ea0711fbd525c96a6ab3f4d19bb2cd9e1dc3d2c8501604cd1864467600bbd120e3503d8b3fcd74140f83bf37e932fbaa2935b4cc932ca4cfb0106e8e93129362198e9e0d9de7b9c4503c9880a13a2231d55aa366c3387c" | 2026-01-01 13:52:36+00 |         912 |      9912 | success
 199821 |  19201 | last=1h service=fixture-29 message="row-99911 key-19201 payload-34e310afb5ad03addc758dd0be97b5af164cdccbbfaa43ed27897d344490fc7b8660dd9cda32306a4842e183ea2b52678703ebfb664e7ff319e8dd328d2e4fc3d54a952fde8649fa322976d8e3405ec1b2d82c574c977ad6ab6755853367a24d189c6f17b55eff823d41f1c2b95dffe4"                   | 2026-01-01 13:52:35+00 |         911 |      9911 | success
 199819 |  19201 | last=1h service=fixture-28 message="row-99910 key-19201 marker_common_192 payload-01053c8b90988674aecaf9dfb22de1b4f4788d810f352f603dab337e3cd2685938a732cece5f213108e4bec1db3f5ee7eb1226ebca79060decc1d34cb82e2b44e13b19be5960f857121c3ba449e2987a62a8a68a91218d1be5aa1dad64f1d5e9a20bca9591552a1153eee06899b5caef" | 2026-01-01 13:52:35+00 |         910 |      9910 | success
 199817 |  19201 | last=1h service=fixture-27 message="row-99909 key-19201 payload-814032bb6b7d7a632c1c6a1966871a8b6111aea0d0515ddd1dd7f547d619aaaf096f57bd17dd306271c54a83b495220bb90059ff0fdec98c51bd5c30eb19f9902b6017e04e5b673f41bbdea469db2ffea9a0ca04049a5916cfd53935f85de20699c7f829eda1895eb197b6f8eb48113e"                   | 2026-01-01 13:52:34+00 |         909 |      9909 | success
 199815 |  19201 | last=1h service=fixture-26 message="row-99908 key-19201 marker_common_192 payload-90d432b2f5d7e55b1a95347af93825d7ab03a980decb3db42caba3795557c97fb458f20e8bf2b21efd7380487a352d5ba9b1c246e6f38114b955ee58e8b7c50ed9ecfeb23d63330d54c15ceb44d8c1a80c553bf8e007df6aa5a14368e68a65f2966edb09aebc5757f5c8e11d2c6d25e3" | 2026-01-01 13:52:34+00 |         908 |      9908 | success
 199813 |  19201 | last=1h service=fixture-25 message="row-99907 key-19201 payload-ecd56b6d0bc933715670158ad9b6bd3d0bd845914e4be55fb2fbbc9b70511a483daf78a26503bd7cadbe6c99744993f56d12aa6effc6230100880f920c072f32a94bf7dd6d5f941220a7771ba77ed3bb0906e26a9e8883f93e6472d3a93affe33524c1a2287d1386bf74407074a9f7c0"                   | 2026-01-01 13:52:33+00 |         907 |      9907 | success
 199811 |  19201 | last=1h service=fixture-24 message="row-99906 key-19201 marker_common_192 payload-1d5080b9a52187bf67e139186dc4b0c933b00fdd2dae2d7cdba4e84f54d5bc5463f7b408e24991830c336151dc6408247238a9521cbe61c804784d629030925773c950a9ab54be8fa27d65801fc93b99863eb3248368af4659296140c765909371f650678efc2c8518ee37d95241de39" | 2026-01-01 13:52:33+00 |         906 |      9906 | success
 199809 |  19201 | last=1h service=fixture-23 message="row-99905 key-19201 payload-8c7a35cb4453095b94375ead03db6c733f5f0fcbad57258df989a6208dfd7f96f1d4eb072409634a148587f879171977eb980b0901949c4d4dc9241ce4245c1519d6e79a78630fd06416fca185e1487fcd3bab511e179c18759fd7037e8db26a5c0bb9946b2da2b2ec6a6e146f95628e"                   | 2026-01-01 13:52:32+00 |         905 |      9905 | success
 199807 |  19201 | last=1h service=fixture-22 message="row-99904 key-19201 marker_common_192 payload-1a7e1954f9005b7149eb0d116b677e93798140dfd9750bef6a74c8622b919741a31bcc9cf48b2c50f21362268d2b35caf17ea45542a48304c925c592e62d7e5fdac9cb376c7a9d7f0a067022bda8c8adce659fac214dbca9c7b6d06de39d9886e6d6d0c859eb8d12064ef7970c5a3da7" | 2026-01-01 13:52:32+00 |         904 |      9904 | success
 199805 |  19201 | last=1h service=fixture-21 message="row-99903 key-19201 payload-4cf8cb1e5b8c49a9285a7d262366e74ac7baa40a94666a5d74f7e97631663c44d1e9cd115bee010d842c687099f0f6944698b92974ab88ff7821e9be5abc032889f5a080adbc679c1ae807cb3f3376f315169864289a9a4fab92abe79065a4e16a61aed90abb0551db85bae7e8045c4b"                   | 2026-01-01 13:52:31+00 |         903 |      9903 | success
 199803 |  19201 | last=1h service=fixture-20 message="row-99902 key-19201 marker_common_192 payload-9a4fc18ad6808441d97f74ceaefe575ddce7c77efbe27d500fbd5a7122746e9e18e49dc073e5a3491fa3d14cc110073894a27e58e3215acd8ee082b3fd2873a1dc914bae03f3580a4780dbd545f1d50169b3f6355942995b6057d10501d0184b261f4677eb678cefc5cec65053835436" | 2026-01-01 13:52:31+00 |         902 |      9902 | success
 199801 |  19201 | last=1h service=fixture-19 message="row-99901 key-19201 payload-3621e57bbaebbd1e44fb643de7259fc55d984f5221fc88f086460f472d1e5281df8cfcac5857097bbee87efc8fd250da72fb30268e359e335a477e5ccadf87a46ee16cd14f832bcf35f4d138423df4bf3a10348dc7726e6030b4de79b9cdafb65419ca6f835ebbdda203cbb5346711ae"                   | 2026-01-01 13:52:30+00 |         901 |      9901 | success
(50 rows)

Time: 0.132 ms
COMMIT
Time: 0.043 ms
SAMPLE 5
BEGIN
Time: 0.033 ms
SET
Time: 0.035 ms
 count  
--------
 100000
(1 row)

Time: 8.818 ms
   id   | key_id |                                                                                                                                                        query                                                                                                                                                        |      executed_at       | duration_ms | row_count | status  
--------+--------+---------------------------------------------------------------------------------------------------------------------------------------------------------------------------------------------------------------------------------------------------------------------------------------------------------------------+------------------------+-------------+-----------+---------
 199899 |  19201 | last=1h service=fixture-6 message="row-99950 key-19201 marker_common_192 payload-3da877f2cd753a6577b8a3ab09caac44767b490eac50c7077c576bbe2113c5a9df03f45d04fff0370aaf1c0b187c2192a7b64c67fe4e4f6dc293d058cc617236a4c6b83b1d66326750c045949048eddb109d53f2a470998598ffab20b5f912b66585b6739afe0a3a4add431dedce2b0b"  | 2026-01-01 13:52:55+00 |         950 |      9950 | success
 199897 |  19201 | last=1h service=fixture-5 message="row-99949 key-19201 payload-02bc0c2e6904055ac55576877cba9066661f078261387af294925c1e1330aefaa37f368262d7efb4867ee50b94afd0628ec890f1465fbc51f19f2aef82ac6116fb406ba753e1ec39f67168289febe0ab8e9fac503b360498a7bcb504b6f4b2e5f66c170b795dd320e6cc3a4562591120"                    | 2026-01-01 13:52:54+00 |         949 |      9949 | success
 199895 |  19201 | last=1h service=fixture-4 message="row-99948 key-19201 marker_common_192 payload-a6e7edc5c59dc0e34ed5b7869cecb025444f90e7fdaba13680e517b9697eccc21c261d9121375a0ba931e37b5047c81c53a0f1b15661be1cd0a73dae25e1d7110d72d5125b5df9a31d2fc5987ac2a77f731f6b8c745a7394aa49f0e47f0d0af3148e0f71304e8a4e777771d4162b1016"  | 2026-01-01 13:52:54+00 |         948 |      9948 | success
 199893 |  19201 | last=1h service=fixture-3 message="row-99947 key-19201 payload-fff98161490278f06cf58817bd798878fc03605b11ab5b267042f6ab8eec8de5e1cd4ebf6cbbe79199af715dd8b18e76301cab6ab0367193755eb8a496dc858633b4fbc1bd6c0e7841b618fb80b577d3dbb8a307042be5c9ec75cfcb4b9ee8b99095a88f07a929d405ac7f53cb94f0f6"                    | 2026-01-01 13:52:53+00 |         947 |      9947 | success
 199891 |  19201 | last=1h service=fixture-2 message="row-99946 key-19201 marker_common_192 payload-8a98888f759a192974dc5f142995cd318ccac56a6048de586a57ae55e903010229d396faf729d23e70db55d4b444feb9f858ee63c7ff6d01ed0d4f19f89d8cb4e0e427f4342c3e38b8137e9a287e7cb3c367b22283dc5fa5fcf068df00cc8682d8df743f4e862ee3d02435d23087f596"  | 2026-01-01 13:52:53+00 |         946 |      9946 | success
 199889 |  19201 | last=1h service=fixture-1 message="row-99945 key-19201 payload-30b15839e34b895532a897f45e814b6eb46d7990fd97cac15b11aed0778d23e5c2b051a9f6b088c9c829c9262139305b0ce328263c532786a2c6117b277c7debf67191efc1bb1f575749048b4033ac1277333ee76585404c28808973387fcaea6c954550228ca043320f2b2381b5036d"                    | 2026-01-01 13:52:52+00 |         945 |      9945 | success
 199887 |  19201 | last=1h service=fixture-0 message="row-99944 key-19201 marker_common_192 payload-36aa9843152e6b44fe5a22fdc7005a01eaa405f0c439c78f1533648811bf1c9273c967c3d7c3feee0d66ac142929608017be32ce941a2879ab3bfb75d5b6851892e4aca709385f8b430a6398e474a31df4dd2bfaed8f437586d20b44e5778b692e0397f88a0c132bec5e7917ebb68d30"  | 2026-01-01 13:52:52+00 |         944 |      9944 | success
 199885 |  19201 | last=1h service=fixture-30 message="row-99943 key-19201 payload-b307c4433890209caf0a1c16d20fe74d9d2844b002cd56f9062142ccd2c6cf886a035ba18bf4e007b0da3f1666277322a42159e055b9b32da16b832eb0fd6ec3967b52c2d280925eda87920e4496369035e1b80775bd9dbd0d6944260aa599f0d4ee956467943837558483bd6811f9e1"                   | 2026-01-01 13:52:51+00 |         943 |      9943 | success
 199883 |  19201 | last=1h service=fixture-29 message="row-99942 key-19201 marker_common_192 payload-3a20b4dafbacdf678d6cf838394edcfa7d64923715382429265c2e26d67a7f921d9d68ef6c1b14a2407aa3f070900d06f445da383b2413e950463ed82f33793fc1efed2a1ed65578fc814ff67520457fa44d373ca7c1f6d503e7688792b2d3f40637e3608fbcf8a6d238a0ee80549e93" | 2026-01-01 13:52:51+00 |         942 |      9942 | success
 199881 |  19201 | last=1h service=fixture-28 message="row-99941 key-19201 payload-dfa044e3e49d92d24dd704ab915a0a8d9820a1d605ab862ca49b0fb584127b37322e189ebac39701584c582de6b445f0a532b7a53122493109114ba408efd6cbaa6fb862caf57b475c87d4042a3222e491ac30dd66e444d5f8ca24cd37be985661bbafe4d01b47facdf4d4afa6ed7801"                   | 2026-01-01 13:52:50+00 |         941 |      9941 | success
 199879 |  19201 | last=1h service=fixture-27 message="row-99940 key-19201 marker_common_192 payload-e85e65feaa5a4619973ace278ba45c7aa5eadf3fa92a3f85272bcc2ba457deffbbe60039fc1d8e65d5a48a3ca2d7576d2c83539a108d63d141f95e845772b8b1c509eb8b83053f7fd0a7215850b4c985e918d3bec9ff65f2d16d11c8973485dffdedd74a80b5ab53c096271e3d7eb6bf" | 2026-01-01 13:52:50+00 |         940 |      9940 | success
 199877 |  19201 | last=1h service=fixture-26 message="row-99939 key-19201 payload-531eea1b137dd2d7e28dd610f76b7ba450a7664ce5ad475dda0074ac5eb703f482dcfa055178756a678bd4bf87164fa697ef5817d83371313585e1a11ec8cc8b4a805ebb1fa5f2f687d31923138224a1549f330440c755fad7ab4e4a2901b87876a7d8c3d3f1ad91790e459488f69eaa"                   | 2026-01-01 13:52:49+00 |         939 |      9939 | success
 199875 |  19201 | last=1h service=fixture-25 message="row-99938 key-19201 marker_common_192 payload-4c109257805118d78f615ca8d0006455e5ec0a4d12755cf651245b6373be8ab66dcc54a6d296df5c1537cb9eb47c7e39bc3822831d14ae7206251b9196c879de427a41439907505aaa6b98c0f26b94f70164cdf71614f3dc7e0d2c710ed819e497e121cf11ce72a2e0d21a6eb6a6ea48" | 2026-01-01 13:52:49+00 |         938 |      9938 | success
 199873 |  19201 | last=1h service=fixture-24 message="row-99937 key-19201 payload-fcbbb945c6aeb43c3c5fdceff68ff98a1b0c6a8f31518b7c3d746480946f5798a7d064e0ed260d822aa43b595c2458213b20159ecd2161d8c69ba81324ae05ecc7c9d5c4f2442fedd151e6dbf234c2c32c5b3f387448b055cf42cce2a15227b9c7f9cb800b5a56e22816b98a88874350"                   | 2026-01-01 13:52:48+00 |         937 |      9937 | success
 199871 |  19201 | last=1h service=fixture-23 message="row-99936 key-19201 marker_common_192 payload-ad29ca29172ef783002c2970d62e42d1863b7d7681d81b917b9db8455fc6f2df0ad27a9434a116141d52bd49842c236d58154faaea7d2981ad3964eae3e82e369616bbb17d6f93cecc2fa9e00cd361d865065193a2bb4b826dadc01c4f801873c44bbe18f3d178aa470fd1372ead59aa" | 2026-01-01 13:52:48+00 |         936 |      9936 | success
 199869 |  19201 | last=1h service=fixture-22 message="row-99935 key-19201 payload-29c9c7d66d464963913db75297482c9ab167d51bef373788f8a1a26df46141300cd54065e4f3ac2e1ad103b7fa6cc036135bb16f49f80faa6d1e06e0e88b3e9fdaae4354b3586f613fc7c7acf41deb313792f4e3da765a319c741a36a35c836f8be978a6a130b6aceb2f6dc757184bff"                   | 2026-01-01 13:52:47+00 |         935 |      9935 | success
 199867 |  19201 | last=1h service=fixture-21 message="row-99934 key-19201 marker_common_192 payload-4b557244bf68beae25c00948622584957029aaf2b56a6b971912b940b1613a90f39163188064e9b79d0bd0ecb969bffd8e9840cc1ef34ea1eb6c2643e72da455a215087a1443c764625586a16f57af18fb18828e5008ba5f2d0287e69ebca4663234a3f5299bf214e1410f66afad42e9" | 2026-01-01 13:52:47+00 |         934 |      9934 | success
 199865 |  19201 | last=1h service=fixture-20 message="row-99933 key-19201 payload-8dd7e8c71c5833faff3fd8359046d98e68d0fa3af4089f1ad7c9646bf795accb2aed02dd4a9edfd79dd4cd73aeffe794efe02d0520309b46b349a9f27c6c49f0c85ad37e5cdb8c588bb4cc01fbcb418f52a31b340815f6ca0305f0315441cf674bc5052a64acf874d58ccbecdb58b452"                   | 2026-01-01 13:52:46+00 |         933 |      9933 | success
 199863 |  19201 | last=1h service=fixture-19 message="row-99932 key-19201 marker_common_192 payload-0ed19be8ff3fc40a657b059fed5a3a71220359da69702de1f2deb04148548f5ec70f382d358270cd383b1facb1a73bf4e38313022c8586fcc26fab026888647d56715aec3f37fdfe1d0b9de439d299603f1e3365a3901c23a6752c9b830672ea426d5ad423509b48381eafe66298c16d" | 2026-01-01 13:52:46+00 |         932 |      9932 | success
 199861 |  19201 | last=1h service=fixture-18 message="row-99931 key-19201 payload-4e0c42a6c19ceecd0bc8591d6580fa2f348b2bdd96bb20db0d6f621930dfd11735da8b9a2befd359bafa823b66ddb1b51b7c250f70a522723ecb861751f9edd03f47560a2a93469e734e190cb86a8e2bc5a0d0f62d1805a4e890508d0c73927d482fe91635b04c881c93e3fe1c17085d"                   | 2026-01-01 13:52:45+00 |         931 |      9931 | success
 199859 |  19201 | last=1h service=fixture-17 message="row-99930 key-19201 marker_common_192 payload-62118f025e554c25ebeef33f58e8a058ba9617455ce84279da2f7ab20194a758166bd0fe65ad69ebbfc2193016f5fd5cb03b9bb4e96a703c095e1cb4c8c4e70644589179cd107e0083ee4849b23cff2d40f9db8a5960e5de36919237a1cba92bf38190308ffed92b16eac2e12295319d" | 2026-01-01 13:52:45+00 |         930 |      9930 | success
 199857 |  19201 | last=1h service=fixture-16 message="row-99929 key-19201 payload-d0525d9d766ffbaf4bc90717ff275b7f036ec2845179b0aea17698f4cdc881b2e3cda7898cc216abca66f8be590b0020b76cfe6f5029124b75ab08f43d7f281d023b5540bac6112f914db7fd1b3b97c256c951e43f202a308aa543ab6d272378152b2e03ffa44e6d03fd16dc88750f7d"                   | 2026-01-01 13:52:44+00 |         929 |      9929 | success
 199855 |  19201 | last=1h service=fixture-15 message="row-99928 key-19201 marker_common_192 payload-a641fc12ccc99a6cf674dca47ef2ec25551c00a235b95853ba0bc94fb398ef2590e30c63b03323f4a2d96417d50b8957e9bf19c6e9e5a774398b63d3de9948804e0254c7b0ea19e598b26fb6982f165f3048cf8010420d583e2eceb7c3397b62434ff433f39447427cd5033ca0762b44" | 2026-01-01 13:52:44+00 |         928 |      9928 | success
 199853 |  19201 | last=1h service=fixture-14 message="row-99927 key-19201 payload-69da942a7ff91da14d326d92162ddfcd1854a0f1abf8fc609dab2c9d45ce6c0ba530141443c74180f6347afd110d9ef0f56885d08842813e2242765757478642577eaf7a2b409ee4ad315a4ca6ff1182790abbaa089820ffceae823d72b68ac31d13a05eb968989bbb7bcf78abcb0c0a"                   | 2026-01-01 13:52:43+00 |         927 |      9927 | success
 199851 |  19201 | last=1h service=fixture-13 message="row-99926 key-19201 marker_common_192 payload-c8634f69d5f5baac78aae18a10b9c1daa0e004bd72a4b5ef1b802568945139dbc51fcbdaf26a6cb082eb5a31a1f2353d6b6c3dfe7cbc0e0d3eda89d7224808b14165424e6082b7c4e27dcf6675f243d5d4f9a1ab04b99aba2909c969442058438eddc18445706edf1ba3f29c84efd807" | 2026-01-01 13:52:43+00 |         926 |      9926 | success
 199849 |  19201 | last=1h service=fixture-12 message="row-99925 key-19201 payload-8bc322a49fb6e391ec88c720d99478764175f6da89ef2e05e62b8be058774e90311897e05f1e6bdfea16355cd6aa120f0967bced827c98ffc32f4f04f8a6d324021848127b7479681bdd8f34e351de0728fd69c5a1c9dc1c522cbb157e5e1d043d02f16bf9743d53b7b8bf6c37bab6bc"                   | 2026-01-01 13:52:42+00 |         925 |      9925 | success
 199847 |  19201 | last=1h service=fixture-11 message="row-99924 key-19201 marker_common_192 payload-ee4897a3624aa9ee8df91245b4752b2080f9e5ad1d07bec00ebfb6e32318dc5544cf7a7c20cdb9ab7288ee3c33c95b42fc589190e058e4920e3ab36868c517cd3130f747a97f34435013b9a2be9a14a2a3b3c75ee1198452e2e6d42051bab5758be65ea9f2fdac27de25df92dda31e4a" | 2026-01-01 13:52:42+00 |         924 |      9924 | success
 199845 |  19201 | last=1h service=fixture-10 message="row-99923 key-19201 payload-28ab1b1ce1a778578b8041268c45ac60dcc5cbd9ba076a218f081969325e6bf42e281944c2ecec027dd38bbfe99d62e87828733b907cad019e0a1ae1a40e01e8b984d2786116446fd7b527ea2e7fefff5ed45d387ee3700d9a873a45aced3e5eccb325946ffda0305adb4adaeefb4a24"                   | 2026-01-01 13:52:41+00 |         923 |      9923 | success
 199843 |  19201 | last=1h service=fixture-9 message="row-99922 key-19201 marker_common_192 payload-fa86abfaa7dac87ccdb495ee366b3cfadf4aeb0384767f80a2e10bf62282f6e88e5c7dad034b650bd18ada1627256f8153464f7773c7ed81d81c30aa65d4d94deae7651a717d46f2ba3e1537f90cce58d23a20b7a7f28de42c74944c635954b97c4d5f89f3dbd443f5b3ad158ebfe5ea"  | 2026-01-01 13:52:41+00 |         922 |      9922 | success
 199841 |  19201 | last=1h service=fixture-8 message="row-99921 key-19201 payload-f5e1c9819cf2dc338571424805f51a27bc0bf286fd0b6174c26144e92f3f0ac72111eaac97d2c0108cda0e7798e017e0e35f5285bf8367a9b2d504dd483489f4d5336b2f7606cbbddd8c695e30bb64680aa925e15b8f0e379f2cbb8b44970e96f84192807ce2fa27b2ee73d58d3bf7d8"                    | 2026-01-01 13:52:40+00 |         921 |      9921 | success
 199839 |  19201 | last=1h service=fixture-7 message="row-99920 key-19201 marker_common_192 payload-c4617b1b60be9f8845971f5a3dd8d14afe066197580dfe10b1957e55c1070b93b1ba24d0901dec6a064f099f4d8441d089dfebf619460cb8c072aad84af2a3c3acea304206d51ab86a1473dc4a9b664c5e0ba55c4c6571b07e995775bed92e214dfb2f091ecffbeab1a5e4787eabd104"  | 2026-01-01 13:52:40+00 |         920 |      9920 | success
 199837 |  19201 | last=1h service=fixture-6 message="row-99919 key-19201 payload-ae5bd9f323524c5231e2358d0fffc77ad40d02ce1e7b07877e425ec631bda7fe3672db5b1af0ba6b0ce12331d3630f8c2a7b5e686805ae5361af09132923b6dc61332f86c9749e193ec4d8c51d38cea9aa74b23b5d3c419d6f9e3cc008c6747ad9a86d6d52ae9dff80504ffce0b18352"                    | 2026-01-01 13:52:39+00 |         919 |      9919 | success
 199835 |  19201 | last=1h service=fixture-5 message="row-99918 key-19201 marker_common_192 payload-301008764b9022008cc2bf397b7a03e4e4ea3ed206e7e37e9f6c6311abc97fb2da30860b895572b748369b0b2477633db574e432ca23becb6f4f7a67b30f5c2f1074cbebfc81e5d6c960603bf17d319e347f15d99015073d57f7ce588b065a545b30a8fedd9ac9a579aad7bdab0a5d4c"  | 2026-01-01 13:52:39+00 |         918 |      9918 | success
 199833 |  19201 | last=1h service=fixture-4 message="row-99917 key-19201 payload-5b790530dab41d2e58637dbe4e06f72d9ba17da75caf41f29d1eca3f932533866b3a18e481a0969e2ace0f386761d6167ccf8fda33704bfb05e3b2685d487d22b5e1488d9686ca8da394d4ddbbefcee750b02d8b8b620c201e92fc3b6cad14e2093344ecf080827ef72b2caa160b5c80"                    | 2026-01-01 13:52:38+00 |         917 |      9917 | success
 199831 |  19201 | last=1h service=fixture-3 message="row-99916 key-19201 marker_common_192 payload-57245e5a359b98280b5719f1bfb2fa03b5db0a2e8f21cf4039b92c5476ab2dc98a2d611a9938c4294c7426726b5a7767ace799bf019afe85feb07494052196553684d2c45a60339355ff15fc4137cfd88825618cd16ea4efc311883d8399642964479f132193d467ef2c477dec6dbdd9"  | 2026-01-01 13:52:38+00 |         916 |      9916 | success
 199829 |  19201 | last=1h service=fixture-2 message="row-99915 key-19201 payload-c4f4c95ea2dc17f4b6ef647b1bc69caff3f1c2f0a9e521b0d24bc9346b5f866cdc7999a47fdbc4812a361d7480472d60499cd30191313f4a3a0db0f35e62d967d6ff1e3187027562f98c1650a60d0d4603a3cf63f2e6a73861dfbca6b346c1ab55bc979b72420e01539fa617b37790c8"                    | 2026-01-01 13:52:37+00 |         915 |      9915 | success
 199827 |  19201 | last=1h service=fixture-1 message="row-99914 key-19201 marker_common_192 payload-8f2db8df42f62c96dbeba49b583f5f829a8c0898add7cba2f9d387b14ea7b3718a0a234918e5f4e0511c4902b5154432edd181fbbf53c4e8fa9a8201dbc75de7fd3ead48220b459108b4596b0437e35fa5ccf6fc8bc6267d5d11663e2dcb71db8c832012f4814b10927e4601c769fb56"  | 2026-01-01 13:52:37+00 |         914 |      9914 | success
 199825 |  19201 | last=1h service=fixture-0 message="row-99913 key-19201 payload-d82c174c256f182e8c06cf03e2f1340192cca4c567af431d3f96e1875430ee630b2b7e3c3cd0b64ccf7a760865d4dd4cfd8e5acfad9d93e4a87432176ec0e2dbcdd7c96070447dcc8558756927f49afa85e45ae0ff6dda2f62f37690d62840459b983e765a15abb4e3164e7a6266445b"                    | 2026-01-01 13:52:36+00 |         913 |      9913 | success
 199823 |  19201 | last=1h service=fixture-30 message="row-99912 key-19201 marker_common_192 payload-c7de5d0cbd79e1c7d261ac71e0818347ae522d96c76cf81e86ea0711fbd525c96a6ab3f4d19bb2cd9e1dc3d2c8501604cd1864467600bbd120e3503d8b3fcd74140f83bf37e932fbaa2935b4cc932ca4cfb0106e8e93129362198e9e0d9de7b9c4503c9880a13a2231d55aa366c3387c" | 2026-01-01 13:52:36+00 |         912 |      9912 | success
 199821 |  19201 | last=1h service=fixture-29 message="row-99911 key-19201 payload-34e310afb5ad03addc758dd0be97b5af164cdccbbfaa43ed27897d344490fc7b8660dd9cda32306a4842e183ea2b52678703ebfb664e7ff319e8dd328d2e4fc3d54a952fde8649fa322976d8e3405ec1b2d82c574c977ad6ab6755853367a24d189c6f17b55eff823d41f1c2b95dffe4"                   | 2026-01-01 13:52:35+00 |         911 |      9911 | success
 199819 |  19201 | last=1h service=fixture-28 message="row-99910 key-19201 marker_common_192 payload-01053c8b90988674aecaf9dfb22de1b4f4788d810f352f603dab337e3cd2685938a732cece5f213108e4bec1db3f5ee7eb1226ebca79060decc1d34cb82e2b44e13b19be5960f857121c3ba449e2987a62a8a68a91218d1be5aa1dad64f1d5e9a20bca9591552a1153eee06899b5caef" | 2026-01-01 13:52:35+00 |         910 |      9910 | success
 199817 |  19201 | last=1h service=fixture-27 message="row-99909 key-19201 payload-814032bb6b7d7a632c1c6a1966871a8b6111aea0d0515ddd1dd7f547d619aaaf096f57bd17dd306271c54a83b495220bb90059ff0fdec98c51bd5c30eb19f9902b6017e04e5b673f41bbdea469db2ffea9a0ca04049a5916cfd53935f85de20699c7f829eda1895eb197b6f8eb48113e"                   | 2026-01-01 13:52:34+00 |         909 |      9909 | success
 199815 |  19201 | last=1h service=fixture-26 message="row-99908 key-19201 marker_common_192 payload-90d432b2f5d7e55b1a95347af93825d7ab03a980decb3db42caba3795557c97fb458f20e8bf2b21efd7380487a352d5ba9b1c246e6f38114b955ee58e8b7c50ed9ecfeb23d63330d54c15ceb44d8c1a80c553bf8e007df6aa5a14368e68a65f2966edb09aebc5757f5c8e11d2c6d25e3" | 2026-01-01 13:52:34+00 |         908 |      9908 | success
 199813 |  19201 | last=1h service=fixture-25 message="row-99907 key-19201 payload-ecd56b6d0bc933715670158ad9b6bd3d0bd845914e4be55fb2fbbc9b70511a483daf78a26503bd7cadbe6c99744993f56d12aa6effc6230100880f920c072f32a94bf7dd6d5f941220a7771ba77ed3bb0906e26a9e8883f93e6472d3a93affe33524c1a2287d1386bf74407074a9f7c0"                   | 2026-01-01 13:52:33+00 |         907 |      9907 | success
 199811 |  19201 | last=1h service=fixture-24 message="row-99906 key-19201 marker_common_192 payload-1d5080b9a52187bf67e139186dc4b0c933b00fdd2dae2d7cdba4e84f54d5bc5463f7b408e24991830c336151dc6408247238a9521cbe61c804784d629030925773c950a9ab54be8fa27d65801fc93b99863eb3248368af4659296140c765909371f650678efc2c8518ee37d95241de39" | 2026-01-01 13:52:33+00 |         906 |      9906 | success
 199809 |  19201 | last=1h service=fixture-23 message="row-99905 key-19201 payload-8c7a35cb4453095b94375ead03db6c733f5f0fcbad57258df989a6208dfd7f96f1d4eb072409634a148587f879171977eb980b0901949c4d4dc9241ce4245c1519d6e79a78630fd06416fca185e1487fcd3bab511e179c18759fd7037e8db26a5c0bb9946b2da2b2ec6a6e146f95628e"                   | 2026-01-01 13:52:32+00 |         905 |      9905 | success
 199807 |  19201 | last=1h service=fixture-22 message="row-99904 key-19201 marker_common_192 payload-1a7e1954f9005b7149eb0d116b677e93798140dfd9750bef6a74c8622b919741a31bcc9cf48b2c50f21362268d2b35caf17ea45542a48304c925c592e62d7e5fdac9cb376c7a9d7f0a067022bda8c8adce659fac214dbca9c7b6d06de39d9886e6d6d0c859eb8d12064ef7970c5a3da7" | 2026-01-01 13:52:32+00 |         904 |      9904 | success
 199805 |  19201 | last=1h service=fixture-21 message="row-99903 key-19201 payload-4cf8cb1e5b8c49a9285a7d262366e74ac7baa40a94666a5d74f7e97631663c44d1e9cd115bee010d842c687099f0f6944698b92974ab88ff7821e9be5abc032889f5a080adbc679c1ae807cb3f3376f315169864289a9a4fab92abe79065a4e16a61aed90abb0551db85bae7e8045c4b"                   | 2026-01-01 13:52:31+00 |         903 |      9903 | success
 199803 |  19201 | last=1h service=fixture-20 message="row-99902 key-19201 marker_common_192 payload-9a4fc18ad6808441d97f74ceaefe575ddce7c77efbe27d500fbd5a7122746e9e18e49dc073e5a3491fa3d14cc110073894a27e58e3215acd8ee082b3fd2873a1dc914bae03f3580a4780dbd545f1d50169b3f6355942995b6057d10501d0184b261f4677eb678cefc5cec65053835436" | 2026-01-01 13:52:31+00 |         902 |      9902 | success
 199801 |  19201 | last=1h service=fixture-19 message="row-99901 key-19201 payload-3621e57bbaebbd1e44fb643de7259fc55d984f5221fc88f086460f472d1e5281df8cfcac5857097bbee87efc8fd250da72fb30268e359e335a477e5ccadf87a46ee16cd14f832bcf35f4d138423df4bf3a10348dc7726e6030b4de79b9cdafb65419ca6f835ebbdda203cbb5346711ae"                   | 2026-01-01 13:52:30+00 |         901 |      9901 | success
(50 rows)

Time: 0.127 ms
COMMIT
Time: 0.057 ms
Timing is off.
END_SAMPLES
     name      | generic_plans | custom_plans 
---------------+---------------+--------------
 history_count |             0 |           11
 history_page  |             0 |           11
(2 rows)

BEGIN
SET
                                                                   QUERY PLAN                                                                    
-------------------------------------------------------------------------------------------------------------------------------------------------
 Finalize Aggregate  (cost=11671.04..11671.05 rows=1 width=8) (actual time=7.864..10.405 rows=1.00 loops=1)
   Buffers: shared hit=9524
   ->  Gather  (cost=11670.83..11671.04 rows=2 width=8) (actual time=7.839..10.403 rows=3.00 loops=1)
         Workers Planned: 2
         Workers Launched: 2
         Buffers: shared hit=9524
         ->  Partial Aggregate  (cost=10670.83..10670.84 rows=1 width=8) (actual time=6.463..6.463 rows=1.00 loops=3)
               Buffers: shared hit=9524
               ->  Parallel Seq Scan on query_history  (cost=0.00..10565.67 rows=42064 width=0) (actual time=0.004..5.426 rows=33333.33 loops=3)
                     Filter: (key_id = '19201'::bigint)
                     Rows Removed by Filter: 33333
                     Buffers: shared hit=9524
 Planning Time: 0.030 ms
 Execution Time: 10.412 ms
(14 rows)

                                                                             QUERY PLAN                                                                             
--------------------------------------------------------------------------------------------------------------------------------------------------------------------
 Limit  (cost=19.58..38.75 rows=50 width=349) (actual time=0.010..0.017 rows=50.00 loops=1)
   Buffers: shared hit=13
   ->  Index Scan using query_history_key_executed_idx on query_history  (cost=0.42..38692.67 rows=100953 width=349) (actual time=0.005..0.013 rows=100.00 loops=1)
         Index Cond: (key_id = '19201'::bigint)
         Index Searches: 1
         Buffers: shared hit=13
 Planning Time: 0.042 ms
 Execution Time: 0.022 ms
(8 rows)

COMMIT
     name      | generic_plans | custom_plans 
---------------+---------------+--------------
 history_count |             0 |           12
 history_page  |             0 |           12
(2 rows)

