t,scrape_ms,status,in_progress_regular,in_progress_control,refused_regular,refused_control,allowance_regular,allowance_control,hot_buffer_events,hot_buffer_admission_state,wal_files,active_connections,parquet_files
0.0,107.6,200,1.0,1.0,0.0,0.0,32.0,4.0,0.0,0.0,0.0,2.0,71.0
0.257,257.3,200,4.0,1.0,0.0,0.0,32.0,4.0,0.0,0.0,0.0,5.0,71.0
0.76,186.9,200,4.0,1.0,0.0,0.0,32.0,4.0,13.0,0.0,0.0,5.0,71.0
1.0,43.8,200,4.0,1.0,0.0,0.0,32.0,4.0,13.0,0.0,0.0,5.0,71.0
1.25,43.9,200,4.0,1.0,0.0,0.0,32.0,4.0,13.0,0.0,0.0,5.0,71.0
1.5,41.8,200,4.0,1.0,0.0,0.0,32.0,4.0,13.0,0.0,0.0,5.0,71.0
1.75,42.8,200,4.0,1.0,0.0,0.0,32.0,4.0,13.0,0.0,0.0,5.0,71.0
2.0,41.8,200,4.0,1.0,0.0,0.0,32.0,4.0,13.0,0.0,0.0,5.0,71.0
2.25,42.8,200,4.0,1.0,0.0,0.0,32.0,4.0,13.0,0.0,0.0,5.0,71.0
2.5,41.8,200,4.0,1.0,0.0,0.0,32.0,4.0,13.0,0.0,0.0,5.0,71.0
2.75,41.8,200,4.0,1.0,0.0,0.0,32.0,4.0,13.0,0.0,0.0,5.0,71.0
3.0,41.8,200,3.0,1.0,0.0,0.0,32.0,4.0,13.0,0.0,0.0,4.0,71.0
3.25,42.8,200,3.0,1.0,0.0,0.0,32.0,4.0,13.0,0.0,0.0,4.0,71.0
3.5,4.6,200,3.0,1.0,0.0,0.0,32.0,4.0,13.0,0.0,0.0,4.0,71.0
3.75,41.8,200,3.0,1.0,0.0,0.0,32.0,4.0,2776.0,0.0,0.0,4.0,71.0
4.0,41.8,200,4.0,1.0,0.0,0.0,32.0,4.0,8307.0,0.0,0.0,5.0,71.0
4.25,42.7,200,4.0,1.0,0.0,0.0,32.0,4.0,8307.0,0.0,0.0,5.0,71.0
4.5,41.8,200,3.0,1.0,0.0,0.0,32.0,4.0,8307.0,0.0,0.0,4.0,71.0
4.75,41.8,200,3.0,1.0,0.0,0.0,32.0,4.0,16590.0,0.0,0.0,4.0,71.0
5.0,41.7,200,3.0,1.0,0.0,0.0,32.0,4.0,16603.0,0.0,0.0,4.0,71.0
5.25,41.8,200,3.0,1.0,0.0,0.0,32.0,4.0,19366.0,0.0,0.0,4.0,71.0
5.5,199.2,200,1.0,1.0,0.0,0.0,32.0,4.0,19366.0,0.0,0.0,2.0,71.0
5.75,42.8,200,4.0,1.0,0.0,0.0,32.0,4.0,27650.0,0.0,0.0,5.0,71.0
6.0,41.8,200,3.0,1.0,0.0,0.0,32.0,4.0,27659.0,0.0,0.0,4.0,71.0
6.25,42.8,200,3.0,1.0,0.0,0.0,32.0,4.0,27659.0,0.0,0.0,4.0,71.0
6.5,42.8,200,3.0,1.0,0.0,0.0,32.0,4.0,27659.0,0.0,0.0,4.0,71.0
6.75,41.7,200,3.0,1.0,0.0,0.0,32.0,4.0,35930.0,0.0,0.0,4.0,71.0
7.0,41.8,200,4.0,1.0,0.0,0.0,32.0,4.0,35938.0,0.0,0.0,5.0,71.0
7.25,41.8,200,4.0,1.0,0.0,0.0,32.0,4.0,35938.0,0.0,0.0,5.0,71.0
7.5,268.0,200,1.0,1.0,0.0,0.0,32.0,4.0,35938.0,0.0,0.0,2.0,71.0
8.0,42.7,200,6.0,1.0,0.0,0.0,32.0,4.0,44208.0,1.0,0.0,7.0,71.0
8.25,42.8,200,6.0,1.0,0.0,0.0,32.0,4.0,44208.0,1.0,0.0,7.0,71.0
8.5,41.8,200,6.0,1.0,0.0,0.0,32.0,4.0,44208.0,1.0,0.0,7.0,71.0
8.75,41.8,200,6.0,1.0,0.0,0.0,32.0,4.0,60730.0,1.0,0.0,7.0,71.0
9.0,41.8,200,7.0,1.0,0.0,0.0,32.0,4.0,58031.0,1.0,0.0,8.0,71.0
9.25,41.8,200,7.0,1.0,0.0,0.0,32.0,4.0,58031.0,1.0,0.0,8.0,71.0
9.5,41.8,200,7.0,1.0,0.0,0.0,32.0,4.0,58031.0,1.0,0.0,8.0,71.0
9.75,41.8,200,7.0,1.0,0.0,0.0,32.0,4.0,72737.0,1.0,0.0,8.0,71.0
10.0,41.8,200,7.0,1.0,0.0,0.0,32.0,4.0,72737.0,1.0,0.0,8.0,71.0
10.25,41.8,200,7.0,1.0,0.0,0.0,32.0,4.0,72737.0,1.0,0.0,8.0,71.0
10.5,41.8,200,7.0,1.0,0.0,0.0,32.0,4.0,72737.0,1.0,0.0,8.0,71.0
10.75,41.8,200,7.0,1.0,0.0,0.0,32.0,4.0,72737.0,1.0,0.0,8.0,71.0
11.0,42.8,200,7.0,1.0,0.0,0.0,32.0,4.0,72737.0,1.0,0.0,8.0,71.0
11.25,42.8,200,7.0,1.0,0.0,0.0,32.0,4.0,72737.0,1.0,0.0,8.0,71.0
11.5,42.7,200,7.0,1.0,0.0,0.0,32.0,4.0,72737.0,1.0,0.0,8.0,71.0
11.75,42.8,200,6.0,1.0,0.0,0.0,32.0,4.0,70938.0,1.0,0.0,7.0,71.0
12.0,41.8,200,6.0,1.0,0.0,0.0,32.0,4.0,70938.0,1.0,0.0,7.0,71.0
12.25,43.8,200,9.0,1.0,0.0,0.0,32.0,4.0,86563.0,1.0,0.0,10.0,71.0
12.5,41.8,200,3.0,1.0,0.0,0.0,32.0,4.0,85658.0,2.0,0.0,4.0,71.0
12.75,42.8,200,5.0,1.0,0.0,0.0,32.0,4.0,85658.0,2.0,0.0,6.0,71.0
13.0,42.9,200,6.0,1.0,0.0,0.0,32.0,4.0,89357.0,2.0,0.0,7.0,71.0
13.25,1785.8,200,7.0,1.0,0.0,0.0,32.0,4.0,89357.0,2.0,0.0,8.0,71.0
15.25,41.7,200,1.0,1.0,0.0,0.0,32.0,4.0,92136.0,2.0,0.0,2.0,71.0
15.5,41.8,200,1.0,1.0,0.0,0.0,32.0,4.0,86703.0,2.0,0.0,2.0,71.0
15.75,41.8,200,2.0,1.0,0.0,0.0,32.0,4.0,86703.0,2.0,0.0,3.0,71.0
16.0,41.8,200,2.0,1.0,0.0,0.0,32.0,4.0,85831.0,2.0,0.0,3.0,71.0
16.25,41.8,200,2.0,1.0,0.0,0.0,32.0,4.0,87717.0,2.0,0.0,3.0,71.0
16.5,42.9,200,5.0,1.0,0.0,0.0,32.0,4.0,88824.0,2.0,0.0,6.0,71.0
16.75,42.8,200,2.0,1.0,0.0,0.0,32.0,4.0,88824.0,2.0,0.0,3.0,71.0
17.0,1530.7,200,1.0,1.0,0.0,0.0,32.0,4.0,88824.0,2.0,0.0,2.0,71.0
18.75,42.8,200,1.0,1.0,0.0,0.0,32.0,4.0,91578.0,2.0,0.0,2.0,71.0
19.0,42.8,200,0.0,1.0,0.0,0.0,32.0,4.0,88876.0,2.0,0.0,1.0,71.0
19.25,41.8,200,2.0,1.0,0.0,0.0,32.0,4.0,87915.0,2.0,0.0,3.0,71.0
19.5,42.8,200,4.0,1.0,0.0,0.0,32.0,4.0,88859.0,2.0,0.0,5.0,71.0
19.75,41.8,200,1.0,1.0,0.0,0.0,32.0,4.0,88859.0,2.0,0.0,2.0,71.0
20.0,1873.0,200,5.0,1.0,0.0,0.0,32.0,4.0,88157.0,2.0,0.0,6.0,71.0
22.0,41.8,200,5.0,1.0,0.0,0.0,32.0,4.0,88186.0,2.0,0.0,6.0,71.0
22.25,41.7,200,2.0,1.0,0.0,0.0,32.0,4.0,83658.0,2.0,0.0,3.0,71.0
22.5,42.8,200,2.0,1.0,0.0,0.0,32.0,4.0,83658.0,2.0,0.0,3.0,71.0
22.75,41.8,200,4.0,1.0,0.0,0.0,32.0,4.0,85545.0,2.0,0.0,5.0,71.0
23.0,41.9,200,3.0,1.0,0.0,0.0,32.0,4.0,85545.0,2.0,0.0,4.0,71.0
23.25,41.8,200,4.0,1.0,0.0,0.0,32.0,4.0,82875.0,2.0,0.0,5.0,71.0
23.5,1499.6,200,2.0,1.0,0.0,0.0,32.0,4.0,82875.0,2.0,0.0,4.0,71.0
25.0,41.8,200,3.0,1.0,0.0,0.0,32.0,4.0,88384.0,2.0,0.0,4.0,71.0
25.25,41.8,200,2.0,1.0,0.0,0.0,32.0,4.0,88384.0,2.0,0.0,3.0,71.0
25.5,42.8,200,2.0,1.0,0.0,0.0,32.0,4.0,86583.0,2.0,0.0,3.0,71.0
25.75,41.8,200,4.0,1.0,0.0,0.0,32.0,4.0,87523.0,2.0,0.0,5.0,71.0
26.0,41.7,200,3.0,1.0,0.0,0.0,32.0,4.0,87523.0,2.0,0.0,4.0,71.0
26.25,41.9,200,4.0,1.0,0.0,0.0,32.0,4.0,92775.0,2.0,0.0,5.0,71.0
26.5,1907.5,200,7.0,1.0,0.0,0.0,32.0,4.0,91870.0,2.0,0.0,8.0,71.0
28.5,43.9,200,7.0,1.0,0.0,0.0,32.0,4.0,91893.0,2.0,0.0,8.0,71.0
28.75,42.8,200,0.0,1.0,0.0,0.0,32.0,4.0,86462.0,2.0,0.0,1.0,71.0
29.0,42.8,200,0.0,1.0,0.0,0.0,32.0,4.0,83746.0,2.0,0.0,1.0,71.0
29.25,41.8,200,0.0,1.0,0.0,0.0,32.0,4.0,78665.0,2.0,0.0,1.0,71.0
29.5,43.8,200,0.0,1.0,0.0,0.0,32.0,4.0,73715.0,2.0,0.0,1.0,71.0
29.75,41.8,200,1.0,1.0,0.0,0.0,32.0,4.0,68910.0,2.0,0.0,2.0,71.0
30.0,41.8,200,2.0,1.0,0.0,0.0,32.0,4.0,68910.0,2.0,0.0,3.0,71.0
30.25,41.8,200,3.0,1.0,0.0,0.0,32.0,4.0,68910.0,2.0,883.0,4.0,105.0
30.5,41.8,200,3.0,1.0,0.0,0.0,32.0,4.0,68910.0,2.0,883.0,4.0,105.0
30.75,41.8,200,3.0,1.0,0.0,0.0,32.0,4.0,68910.0,2.0,883.0,4.0,105.0
31.0,41.8,200,3.0,1.0,0.0,0.0,32.0,4.0,68910.0,2.0,883.0,4.0,105.0
31.25,41.8,200,4.0,1.0,0.0,0.0,32.0,4.0,68910.0,2.0,883.0,5.0,105.0
31.5,42.7,200,5.0,1.0,0.0,0.0,32.0,4.0,68910.0,2.0,883.0,6.0,105.0
31.75,42.7,200,4.0,1.0,0.0,0.0,32.0,4.0,67713.0,2.0,883.0,5.0,105.0
32.0,41.8,200,4.0,1.0,0.0,0.0,32.0,4.0,67713.0,2.0,883.0,5.0,105.0
32.25,41.8,200,3.0,1.0,0.0,0.0,32.0,4.0,76324.0,2.0,883.0,4.0,105.0
32.5,42.7,200,3.0,1.0,0.0,0.0,32.0,4.0,76324.0,2.0,883.0,4.0,105.0
32.75,1576.0,200,4.0,1.0,0.0,0.0,32.0,4.0,75363.0,2.0,883.0,5.0,105.0
34.5,41.9,200,6.0,1.0,0.0,0.0,32.0,4.0,80884.0,2.0,883.0,7.0,105.0
34.75,42.8,200,5.0,1.0,0.0,0.0,32.0,4.0,79683.0,2.0,883.0,6.0,105.0
35.0,41.7,200,5.0,1.0,0.0,0.0,32.0,4.0,79683.0,2.0,883.0,6.0,105.0
35.25,42.8,200,5.0,1.0,0.0,0.0,32.0,4.0,88294.0,2.0,883.0,6.0,105.0
35.5,41.7,200,2.0,1.0,0.0,0.0,32.0,4.0,88294.0,2.0,883.0,3.0,105.0
35.75,42.7,200,3.0,1.0,0.0,0.0,32.0,4.0,88294.0,2.0,883.0,4.0,105.0
36.0,3141.4,200,5.0,1.0,0.0,0.0,32.0,4.0,90155.0,2.0,883.0,6.0,105.0
39.25,47.6,200,3.0,1.0,0.0,0.0,32.0,4.0,90177.0,2.0,883.0,4.0,105.0
39.501,44.3,200,3.0,1.0,0.0,0.0,32.0,4.0,90177.0,2.0,883.0,4.0,105.0
39.75,46.9,200,4.0,1.0,0.0,0.0,32.0,4.0,90177.0,2.0,883.0,5.0,105.0
40.0,42.8,200,2.0,1.0,0.0,0.0,32.0,4.0,87771.0,2.0,883.0,3.0,105.0
40.251,46.6,200,3.0,1.0,0.0,0.0,32.0,4.0,87771.0,2.0,883.0,4.0,105.0
40.5,43.7,200,2.0,1.0,0.0,0.0,32.0,4.0,87771.0,2.0,883.0,3.0,105.0
40.75,45.6,200,1.0,1.0,0.0,0.0,32.0,4.0,92076.0,2.0,883.0,2.0,105.0
41.0,10.5,200,2.0,1.0,0.0,0.0,32.0,4.0,92103.0,2.0,883.0,3.0,105.0
41.25,6.2,200,1.0,1.0,0.0,0.0,32.0,4.0,92103.0,2.0,883.0,2.0,105.0
41.5,5.8,200,1.0,1.0,0.0,0.0,32.0,4.0,92103.0,2.0,883.0,2.0,105.0
41.75,45.8,200,1.0,1.0,0.0,0.0,32.0,4.0,92103.0,2.0,883.0,2.0,105.0
42.0,44.2,200,2.0,1.0,0.0,0.0,32.0,4.0,92103.0,2.0,883.0,3.0,105.0
42.25,42.9,200,1.0,1.0,0.0,0.0,32.0,4.0,92103.0,2.0,883.0,2.0,105.0
42.5,41.8,200,1.0,1.0,0.0,0.0,32.0,4.0,92103.0,2.0,883.0,2.0,105.0
42.75,42.9,200,1.0,1.0,0.0,0.0,32.0,4.0,92103.0,2.0,883.0,2.0,105.0
43.0,43.5,200,1.0,1.0,0.0,0.0,32.0,4.0,92103.0,2.0,883.0,2.0,105.0
43.25,42.9,200,2.0,1.0,0.0,0.0,32.0,4.0,92103.0,2.0,883.0,3.0,105.0
43.5,42.9,200,2.0,1.0,0.0,0.0,32.0,4.0,92103.0,2.0,883.0,3.0,105.0
43.75,43.9,200,0.0,1.0,0.0,0.0,32.0,4.0,90902.0,2.0,883.0,1.0,105.0
44.0,42.8,200,1.0,1.0,0.0,0.0,32.0,4.0,90911.0,2.0,883.0,2.0,105.0
44.25,41.8,200,1.0,1.0,0.0,0.0,32.0,4.0,90911.0,2.0,883.0,2.0,105.0
44.5,41.8,200,1.0,1.0,0.0,0.0,32.0,4.0,90911.0,2.0,883.0,2.0,105.0
44.75,41.8,200,2.0,1.0,0.0,0.0,32.0,4.0,90911.0,2.0,883.0,3.0,105.0
45.0,41.8,200,3.0,1.0,0.0,0.0,32.0,4.0,90911.0,2.0,883.0,4.0,105.0
45.25,1888.0,200,1.0,1.0,0.0,0.0,32.0,4.0,88859.0,2.0,883.0,3.0,105.0
47.25,42.9,200,2.0,1.0,0.0,0.0,32.0,4.0,91621.0,2.0,883.0,3.0,105.0
47.5,41.9,200,2.0,1.0,0.0,0.0,32.0,4.0,91621.0,2.0,883.0,3.0,105.0
47.75,41.8,200,2.0,1.0,0.0,0.0,32.0,4.0,89215.0,2.0,883.0,3.0,105.0
48.0,43.8,200,1.0,1.0,0.0,0.0,32.0,4.0,89215.0,2.0,883.0,2.0,105.0
48.25,41.8,200,3.0,1.0,0.0,0.0,32.0,4.0,89215.0,2.0,883.0,4.0,105.0
48.5,41.8,200,1.0,1.0,0.0,0.0,32.0,4.0,91023.0,2.0,883.0,2.0,105.0
48.75,42.8,200,2.0,1.0,0.0,0.0,32.0,4.0,90780.0,2.0,883.0,3.0,105.0
49.0,1627.7,200,1.0,1.0,0.0,0.0,32.0,4.0,90780.0,2.0,883.0,2.0,105.0
50.75,42.8,200,2.0,1.0,0.0,0.0,32.0,4.0,91952.0,2.0,883.0,3.0,105.0
51.0,41.8,200,0.0,1.0,0.0,0.0,32.0,4.0,87150.0,2.0,883.0,1.0,105.0
51.25,41.8,200,0.0,1.0,0.0,0.0,32.0,4.0,80595.0,2.0,883.0,1.0,105.0
51.5,42.8,200,0.0,1.0,0.0,0.0,32.0,4.0,75094.0,2.0,883.0,1.0,105.0
51.75,41.8,200,1.0,1.0,0.0,0.0,32.0,4.0,71328.0,2.0,883.0,2.0,105.0
52.0,41.8,200,2.0,1.0,0.0,0.0,32.0,4.0,71328.0,2.0,883.0,3.0,105.0
52.25,1515.6,200,3.0,1.0,0.0,0.0,32.0,4.0,71678.0,2.0,883.0,4.0,105.0
54.0,41.8,200,3.0,1.0,0.0,0.0,32.0,4.0,71695.0,2.0,883.0,4.0,105.0
54.25,41.8,200,3.0,1.0,0.0,0.0,32.0,4.0,64483.0,2.0,883.0,4.0,105.0
54.5,41.8,200,3.0,1.0,0.0,0.0,32.0,4.0,64483.0,2.0,883.0,4.0,105.0
54.75,41.7,200,3.0,1.0,0.0,0.0,32.0,4.0,64483.0,2.0,883.0,4.0,105.0
55.0,41.8,200,2.0,1.0,0.0,0.0,32.0,4.0,67593.0,2.0,883.0,3.0,105.0
55.25,41.8,200,3.0,1.0,0.0,0.0,32.0,4.0,65541.0,2.0,883.0,4.0,105.0
55.5,41.8,200,3.0,1.0,0.0,0.0,32.0,4.0,65541.0,2.0,883.0,4.0,105.0
55.75,1031.2,200,3.0,1.0,0.0,0.0,32.0,4.0,65541.0,2.0,883.0,4.0,105.0
57.0,42.8,200,4.0,1.0,0.0,0.0,32.0,4.0,68117.0,2.0,883.0,5.0,105.0
57.25,42.8,200,4.0,1.0,0.0,0.0,32.0,4.0,68127.0,2.0,883.0,5.0,105.0
57.5,41.7,200,4.0,1.0,0.0,0.0,32.0,4.0,68127.0,2.0,883.0,5.0,105.0
57.75,42.8,200,4.0,1.0,0.0,0.0,32.0,4.0,76739.0,2.0,883.0,5.0,105.0
58.0,41.8,200,5.0,1.0,0.0,0.0,32.0,4.0,75536.0,2.0,883.0,6.0,105.0
58.25,41.8,200,5.0,1.0,0.0,0.0,32.0,4.0,75536.0,2.0,883.0,6.0,105.0
58.5,41.8,200,5.0,1.0,0.0,0.0,32.0,4.0,75536.0,2.0,883.0,6.0,105.0
58.75,1858.7,200,4.0,1.0,0.0,0.0,32.0,4.0,84150.0,2.0,1131.0,5.0,105.0
60.75,41.8,200,5.0,1.0,0.0,0.0,32.0,4.0,84150.0,2.0,1131.0,6.0,105.0
61.0,41.7,200,3.0,1.0,0.0,0.0,32.0,4.0,82949.0,2.0,1131.0,4.0,105.0
61.25,41.8,200,3.0,1.0,0.0,0.0,32.0,4.0,82949.0,2.0,1131.0,4.0,105.0
61.5,41.8,200,3.0,1.0,0.0,0.0,32.0,4.0,82949.0,2.0,1131.0,4.0,105.0
61.75,41.8,200,2.0,1.0,0.0,0.0,32.0,4.0,91214.0,2.0,1131.0,3.0,105.0
62.0,41.8,200,2.0,1.0,0.0,0.0,32.0,4.0,91214.0,2.0,1131.0,3.0,105.0
62.25,41.8,200,1.0,1.0,0.0,0.0,32.0,4.0,92249.0,2.0,1131.0,2.0,105.0
62.5,41.8,200,1.0,1.0,0.0,0.0,32.0,4.0,92249.0,2.0,1131.0,2.0,105.0
62.75,41.8,200,2.0,1.0,0.0,0.0,32.0,4.0,92249.0,2.0,1131.0,3.0,105.0
63.0,41.8,200,1.0,1.0,0.0,0.0,32.0,4.0,92249.0,2.0,1131.0,2.0,105.0
63.25,41.8,200,1.0,1.0,0.0,0.0,32.0,4.0,92249.0,2.0,1131.0,2.0,105.0
63.5,41.8,200,1.0,1.0,0.0,0.0,32.0,4.0,92249.0,2.0,1131.0,2.0,105.0
63.75,41.8,200,2.0,1.0,0.0,0.0,32.0,4.0,92249.0,2.0,1131.0,3.0,105.0
64.0,41.8,200,2.0,1.0,0.0,0.0,32.0,4.0,92249.0,2.0,1131.0,3.0,105.0
64.25,41.8,200,1.0,1.0,0.0,0.0,32.0,4.0,92249.0,2.0,1131.0,2.0,105.0
64.5,42.8,200,0.0,1.0,0.0,0.0,32.0,4.0,92264.0,2.0,1131.0,1.0,105.0
64.75,41.8,200,0.0,1.0,0.0,0.0,32.0,4.0,92264.0,2.0,1131.0,1.0,105.0
65.0,42.8,200,1.0,1.0,0.0,0.0,32.0,4.0,92264.0,2.0,1131.0,2.0,105.0
65.25,41.8,200,0.0,1.0,0.0,0.0,32.0,4.0,84022.0,2.0,1131.0,1.0,105.0
65.5,1759.0,200,3.0,1.0,0.0,0.0,32.0,4.0,79901.0,2.0,1131.0,4.0,105.0
67.5,41.9,200,4.0,1.0,0.0,0.0,32.0,4.0,82694.0,2.0,1131.0,5.0,105.0
67.75,41.9,200,3.0,1.0,0.0,0.0,32.0,4.0,79944.0,2.0,1131.0,4.0,105.0
68.0,43.8,200,3.0,1.0,0.0,0.0,32.0,4.0,79944.0,2.0,1131.0,4.0,105.0
68.25,42.9,200,2.0,1.0,0.0,0.0,32.0,4.0,81433.0,2.0,1131.0,3.0,105.0
68.5,42.9,200,2.0,1.0,0.0,0.0,32.0,4.0,86737.0,2.0,1131.0,3.0,105.0
68.75,42.9,200,3.0,1.0,0.0,0.0,32.0,4.0,86554.0,2.0,1131.0,4.0,105.0
69.0,42.8,200,3.0,1.0,0.0,0.0,32.0,4.0,86554.0,2.0,1131.0,4.0,105.0
69.25,1519.1,200,3.0,1.0,0.0,0.0,32.0,4.0,86554.0,2.0,1131.0,4.0,105.0
71.0,41.8,200,3.0,1.0,0.0,0.0,32.0,4.0,89309.0,2.0,1131.0,4.0,105.0
71.25,42.9,200,2.0,1.0,0.0,0.0,32.0,4.0,86566.0,2.0,1131.0,3.0,105.0
71.5,43.8,200,2.0,1.0,0.0,0.0,32.0,4.0,86566.0,2.0,1131.0,3.0,105.0
71.75,43.9,200,2.0,1.0,0.0,0.0,32.0,4.0,88180.0,2.0,1131.0,3.0,105.0
72.0,43.9,200,2.0,1.0,0.0,0.0,32.0,4.0,88180.0,2.0,1131.0,3.0,105.0
72.251,2023.6,200,1.0,1.0,0.0,0.0,32.0,4.0,88187.0,2.0,1131.0,2.0,105.0
74.5,42.9,200,1.0,1.0,0.0,0.0,32.0,4.0,93695.0,2.0,1131.0,2.0,105.0
74.75,41.8,200,0.0,1.0,0.0,0.0,32.0,4.0,88203.0,2.0,1131.0,1.0,105.0
75.0,41.8,200,1.0,1.0,0.0,0.0,32.0,4.0,88203.0,2.0,1131.0,2.0,105.0
75.25,41.8,200,2.0,1.0,0.0,0.0,32.0,4.0,88203.0,2.0,1131.0,3.0,105.0
75.5,42.6,200,2.0,1.0,0.0,0.0,32.0,4.0,88203.0,2.0,1131.0,3.0,105.0
75.75,42.8,200,3.0,1.0,0.0,0.0,32.0,4.0,88203.0,2.0,1131.0,4.0,105.0
76.0,1833.9,200,2.0,1.0,0.0,0.0,32.0,4.0,88202.0,2.0,1131.0,3.0,105.0
78.0,41.9,200,3.0,1.0,0.0,0.0,32.0,4.0,93708.0,2.0,1131.0,4.0,105.0
78.25,42.8,200,0.0,1.0,0.0,0.0,32.0,4.0,90960.0,2.0,1131.0,1.0,105.0
78.5,41.8,200,2.0,1.0,0.0,0.0,32.0,4.0,88212.0,2.0,1131.0,3.0,105.0
78.75,41.8,200,2.0,1.0,0.0,0.0,32.0,4.0,88212.0,2.0,1131.0,3.0,105.0
79.0,41.8,200,4.0,1.0,0.0,0.0,32.0,4.0,88212.0,2.0,1131.0,5.0,105.0
79.25,42.8,200,3.0,1.0,0.0,0.0,32.0,4.0,88212.0,2.0,1131.0,4.0,105.0
79.5,42.9,200,3.0,1.0,0.0,0.0,32.0,4.0,88212.0,2.0,1131.0,4.0,105.0
79.75,41.8,200,3.0,1.0,0.0,0.0,32.0,4.0,88212.0,2.0,1131.0,4.0,105.0
80.0,42.8,200,3.0,1.0,0.0,0.0,32.0,4.0,88212.0,2.0,1131.0,4.0,105.0
80.25,41.8,200,4.0,1.0,0.0,0.0,32.0,4.0,88212.0,2.0,1131.0,5.0,105.0
80.5,42.8,200,3.0,1.0,0.0,0.0,32.0,4.0,88212.0,2.0,1131.0,4.0,105.0
80.75,41.8,200,3.0,1.0,0.0,0.0,32.0,4.0,88212.0,2.0,1131.0,4.0,105.0
81.0,2174.1,200,4.0,1.0,0.0,0.0,32.0,4.0,92332.0,2.0,1131.0,5.0,105.0
83.25,41.8,200,4.0,1.0,0.0,0.0,32.0,4.0,92350.0,2.0,1131.0,5.0,105.0
83.5,41.8,200,2.0,1.0,0.0,0.0,32.0,4.0,92350.0,2.0,1131.0,3.0,105.0
83.75,42.7,200,1.0,1.0,0.0,0.0,32.0,4.0,85478.0,2.0,1131.0,2.0,105.0
84.0,41.8,200,1.0,1.0,0.0,0.0,32.0,4.0,85478.0,2.0,1131.0,2.0,105.0
84.25,42.8,200,1.0,1.0,0.0,0.0,32.0,4.0,84092.0,2.0,1131.0,2.0,105.0
84.5,41.8,200,1.0,1.0,0.0,0.0,32.0,4.0,78594.0,2.0,1131.0,2.0,105.0
84.75,41.8,200,1.0,1.0,0.0,0.0,32.0,4.0,77387.0,2.0,1131.0,2.0,105.0
85.0,42.8,200,1.0,1.0,0.0,0.0,32.0,4.0,77387.0,2.0,1131.0,2.0,105.0
85.25,41.8,200,2.0,1.0,0.0,0.0,32.0,4.0,77387.0,2.0,1131.0,3.0,105.0
85.5,41.8,200,2.0,1.0,0.0,0.0,32.0,4.0,77387.0,2.0,1131.0,3.0,105.0
85.75,41.8,200,2.0,1.0,0.0,0.0,32.0,4.0,77387.0,2.0,1131.0,3.0,105.0
86.0,41.8,200,2.0,1.0,0.0,0.0,32.0,4.0,77387.0,2.0,1131.0,3.0,105.0
86.25,41.8,200,2.0,1.0,0.0,0.0,32.0,4.0,77387.0,2.0,1131.0,3.0,105.0
86.5,41.8,200,2.0,1.0,0.0,0.0,32.0,4.0,77387.0,2.0,1131.0,3.0,105.0
86.75,42.8,200,2.0,1.0,0.0,0.0,32.0,4.0,76013.0,2.0,1131.0,3.0,105.0
87.0,42.8,200,2.0,1.0,0.0,0.0,32.0,4.0,76018.0,2.0,1131.0,3.0,105.0
87.25,41.8,200,2.0,1.0,0.0,0.0,32.0,4.0,76018.0,2.0,1131.0,3.0,105.0
87.5,42.8,200,2.0,1.0,0.0,0.0,32.0,4.0,78772.0,2.0,1131.0,3.0,105.0
87.75,41.8,200,2.0,1.0,0.0,0.0,32.0,4.0,73275.0,2.0,1131.0,3.0,105.0
88.0,41.8,200,3.0,1.0,0.0,0.0,32.0,4.0,73275.0,2.0,1131.0,4.0,105.0
88.25,1522.4,200,4.0,1.0,0.0,0.0,32.0,4.0,74654.0,2.0,1131.0,6.0,105.0
90.0,42.8,200,4.0,1.0,0.0,0.0,32.0,4.0,76272.0,2.0,1131.0,5.0,105.0
90.25,41.8,200,3.0,1.0,0.0,0.0,32.0,4.0,74897.0,2.0,1131.0,4.0,105.0
90.5,41.8,200,3.0,1.0,0.0,0.0,32.0,4.0,74897.0,2.0,1131.0,4.0,105.0
90.75,41.8,200,3.0,1.0,0.0,0.0,32.0,4.0,74897.0,2.0,1156.0,4.0,70.0
91.0,41.8,200,1.0,1.0,0.0,0.0,32.0,4.0,80038.0,2.0,1156.0,2.0,70.0
91.25,41.8,200,2.0,1.0,0.0,0.0,32.0,4.0,80038.0,2.0,1156.0,3.0,70.0
91.5,41.8,200,2.0,1.0,0.0,0.0,32.0,4.0,78715.0,2.0,1156.0,3.0,70.0
91.75,41.8,200,2.0,1.0,0.0,0.0,32.0,4.0,78715.0,2.0,1156.0,3.0,70.0
92.0,41.8,200,2.0,1.0,0.0,0.0,32.0,4.0,78715.0,2.0,1156.0,3.0,70.0
92.25,41.8,200,2.0,1.0,0.0,0.0,32.0,4.0,78715.0,2.0,1156.0,3.0,70.0
92.5,42.8,200,2.0,1.0,0.0,0.0,32.0,4.0,78715.0,2.0,1156.0,3.0,70.0
92.75,41.8,200,2.0,1.0,0.0,0.0,32.0,4.0,78715.0,2.0,1156.0,3.0,70.0
93.0,41.8,200,2.0,1.0,0.0,0.0,32.0,4.0,78715.0,2.0,1156.0,3.0,70.0
93.25,42.9,200,2.0,1.0,0.0,0.0,32.0,4.0,78715.0,2.0,1156.0,3.0,70.0
93.5,41.8,200,1.0,1.0,0.0,0.0,32.0,4.0,75976.0,2.0,1156.0,2.0,70.0
93.75,42.8,200,1.0,1.0,0.0,0.0,32.0,4.0,75982.0,2.0,1156.0,2.0,70.0
94.0,42.8,200,2.0,1.0,0.0,0.0,32.0,4.0,73234.0,2.0,1156.0,3.0,70.0
94.25,41.8,200,2.0,1.0,0.0,0.0,32.0,4.0,73234.0,2.0,1156.0,3.0,70.0
94.5,1496.7,200,3.0,1.0,0.0,0.0,32.0,4.0,73240.0,2.0,1156.0,4.0,70.0
96.0,41.8,200,3.0,1.0,0.0,0.0,32.0,4.0,74591.0,2.0,1156.0,4.0,70.0
96.25,41.8,200,3.0,1.0,0.0,0.0,32.0,4.0,74591.0,2.0,1156.0,4.0,70.0
96.5,41.8,200,3.0,1.0,0.0,0.0,32.0,4.0,71844.0,2.0,1156.0,4.0,70.0
96.75,41.8,200,3.0,1.0,0.0,0.0,32.0,4.0,71844.0,2.0,1156.0,4.0,70.0
97.0,42.7,200,3.0,1.0,0.0,0.0,32.0,4.0,71844.0,2.0,1156.0,4.0,70.0
97.25,41.8,200,1.0,1.0,0.0,0.0,32.0,4.0,73466.0,2.0,1156.0,2.0,70.0
97.5,41.8,200,2.0,1.0,0.0,0.0,32.0,4.0,73466.0,2.0,1156.0,3.0,70.0
97.75,43.8,200,2.0,1.0,0.0,0.0,32.0,4.0,75126.0,2.0,1156.0,3.0,70.0
98.0,41.8,200,2.0,1.0,0.0,0.0,32.0,4.0,75126.0,2.0,1156.0,3.0,70.0
98.25,42.8,200,2.0,1.0,0.0,0.0,32.0,4.0,75126.0,2.0,1156.0,3.0,70.0
98.5,41.8,200,2.0,1.0,0.0,0.0,32.0,4.0,75126.0,2.0,1156.0,3.0,70.0
98.75,41.8,200,2.0,1.0,0.0,0.0,32.0,4.0,75126.0,2.0,1156.0,3.0,70.0
99.0,41.8,200,2.0,1.0,0.0,0.0,32.0,4.0,75126.0,2.0,1156.0,3.0,70.0
99.25,42.8,200,2.0,1.0,0.0,0.0,32.0,4.0,75126.0,2.0,1156.0,3.0,70.0
99.5,42.8,200,2.0,1.0,0.0,0.0,32.0,4.0,75126.0,2.0,1156.0,3.0,70.0
99.75,41.8,200,1.0,1.0,0.0,0.0,32.0,4.0,74045.0,2.0,1156.0,2.0,70.0
100.0,42.9,200,2.0,1.0,0.0,0.0,32.0,4.0,74612.0,2.0,1156.0,3.0,70.0
100.25,42.8,200,2.0,1.0,0.0,0.0,32.0,4.0,72422.0,2.0,1156.0,3.0,70.0
100.5,41.8,200,2.0,1.0,0.0,0.0,32.0,4.0,72422.0,2.0,1156.0,3.0,70.0
100.75,1711.2,200,3.0,1.0,0.0,0.0,32.0,4.0,75960.0,2.0,1156.0,4.0,70.0
102.5,41.8,200,3.0,1.0,0.0,0.0,32.0,4.0,75968.0,2.0,1156.0,4.0,70.0
102.75,42.5,200,3.0,1.0,0.0,0.0,32.0,4.0,75968.0,2.0,1156.0,4.0,70.0
103.0,41.8,200,2.0,1.0,0.0,0.0,32.0,4.0,73781.0,2.0,1156.0,3.0,70.0
103.25,42.8,200,2.0,1.0,0.0,0.0,32.0,4.0,73781.0,2.0,1156.0,3.0,70.0
103.5,41.9,200,1.0,1.0,0.0,0.0,32.0,4.0,75964.0,2.0,1156.0,2.0,70.0
103.75,41.8,200,1.0,1.0,0.0,0.0,32.0,4.0,74871.0,2.0,1156.0,2.0,70.0
104.0,41.8,200,2.0,1.0,0.0,0.0,32.0,4.0,76529.0,2.0,1156.0,3.0,70.0
104.25,41.8,200,2.0,1.0,0.0,0.0,32.0,4.0,76529.0,2.0,1156.0,3.0,70.0
104.5,41.8,200,2.0,1.0,0.0,0.0,32.0,4.0,76529.0,2.0,1156.0,3.0,70.0
104.75,41.8,200,2.0,1.0,0.0,0.0,32.0,4.0,76529.0,2.0,1156.0,3.0,70.0
105.0,41.8,200,2.0,1.0,0.0,0.0,32.0,4.0,76529.0,2.0,1156.0,3.0,70.0
105.25,42.8,200,2.0,1.0,0.0,0.0,32.0,4.0,76529.0,2.0,1156.0,3.0,70.0
105.5,41.8,200,2.0,1.0,0.0,0.0,32.0,4.0,76529.0,2.0,1156.0,3.0,70.0
105.75,41.8,200,2.0,1.0,0.0,0.0,32.0,4.0,76529.0,2.0,1156.0,3.0,70.0
106.0,41.8,200,2.0,1.0,0.0,0.0,32.0,4.0,74351.0,2.0,1156.0,3.0,70.0
106.25,41.8,200,2.0,1.0,0.0,0.0,32.0,4.0,74351.0,2.0,1156.0,3.0,70.0
106.5,41.8,200,2.0,1.0,0.0,0.0,32.0,4.0,76010.0,2.0,1156.0,3.0,70.0
106.75,41.8,200,2.0,1.0,0.0,0.0,32.0,4.0,76010.0,2.0,1156.0,3.0,70.0
107.0,1686.8,200,3.0,1.0,0.0,0.0,32.0,4.0,75995.0,2.0,1156.0,4.0,70.0
108.75,41.8,200,3.0,1.0,0.0,0.0,32.0,4.0,76007.0,2.0,1156.0,4.0,70.0
109.0,41.8,200,3.0,1.0,0.0,0.0,32.0,4.0,76007.0,2.0,1156.0,4.0,70.0
109.25,41.7,200,2.0,1.0,0.0,0.0,32.0,4.0,73820.0,2.0,1156.0,3.0,70.0
109.5,41.7,200,2.0,1.0,0.0,0.0,32.0,4.0,73820.0,2.0,1156.0,3.0,70.0
109.75,41.8,200,2.0,1.0,0.0,0.0,32.0,4.0,73820.0,2.0,1156.0,3.0,70.0
110.0,41.9,200,1.0,1.0,0.0,0.0,32.0,4.0,70528.0,2.0,1156.0,2.0,70.0
110.25,41.8,200,2.0,1.0,0.0,0.0,32.0,4.0,70528.0,2.0,1156.0,3.0,70.0
110.5,41.8,200,2.0,1.0,0.0,0.0,32.0,4.0,70528.0,2.0,1156.0,3.0,70.0
110.75,41.8,200,2.0,1.0,0.0,0.0,32.0,4.0,68907.0,2.0,1156.0,3.0,70.0
111.0,41.8,200,2.0,1.0,0.0,0.0,32.0,4.0,68907.0,2.0,1156.0,3.0,70.0
111.25,42.8,200,2.0,1.0,0.0,0.0,32.0,4.0,68907.0,2.0,1156.0,3.0,70.0
111.5,41.8,200,2.0,1.0,0.0,0.0,32.0,4.0,68907.0,2.0,1156.0,3.0,70.0
111.75,416.1,200,2.0,1.0,0.0,0.0,32.0,4.0,68907.0,2.0,1156.0,3.0,70.0
112.25,42.8,200,3.0,1.0,0.0,0.0,32.0,4.0,71660.0,2.0,1156.0,4.0,70.0
112.5,41.8,200,2.0,1.0,0.0,0.0,32.0,4.0,69482.0,2.0,1156.0,3.0,70.0
112.75,42.7,200,2.0,1.0,0.0,0.0,32.0,4.0,69482.0,2.0,1156.0,3.0,70.0
113.0,41.8,200,3.0,1.0,0.0,0.0,32.0,4.0,69482.0,2.0,1156.0,4.0,70.0
113.25,42.8,200,3.0,1.0,0.0,0.0,32.0,4.0,69482.0,2.0,1156.0,4.0,70.0
113.5,41.8,200,4.0,1.0,0.0,0.0,32.0,4.0,69482.0,2.0,1156.0,5.0,70.0
113.75,41.8,200,4.0,1.0,0.0,0.0,32.0,4.0,69482.0,2.0,1156.0,5.0,70.0
114.0,42.7,200,4.0,1.0,0.0,0.0,32.0,4.0,69482.0,2.0,1156.0,5.0,70.0
114.25,42.8,200,4.0,1.0,0.0,0.0,32.0,4.0,69482.0,2.0,1156.0,5.0,70.0
114.5,1500.7,200,1.0,1.0,0.0,0.0,32.0,4.0,71655.0,2.0,1156.0,2.0,70.0
116.25,42.8,200,2.0,1.0,0.0,0.0,32.0,4.0,76025.0,2.0,1156.0,3.0,70.0
116.5,42.8,200,1.0,1.0,0.0,0.0,32.0,4.0,73837.0,2.0,1156.0,2.0,70.0
116.75,42.4,200,1.0,1.0,0.0,0.0,32.0,4.0,73837.0,2.0,1156.0,2.0,70.0
117.0,41.8,200,1.0,1.0,0.0,0.0,32.0,4.0,70024.0,2.0,1156.0,2.0,70.0
117.25,41.8,200,1.0,1.0,0.0,0.0,32.0,4.0,70040.0,2.0,1156.0,2.0,70.0
117.5,42.8,200,2.0,1.0,0.0,0.0,32.0,4.0,72620.0,2.0,1156.0,3.0,70.0
117.75,41.8,200,2.0,1.0,0.0,0.0,32.0,4.0,72620.0,2.0,1156.0,3.0,70.0
118.0,41.8,200,3.0,1.0,0.0,0.0,32.0,4.0,72620.0,2.0,1156.0,4.0,70.0
118.25,41.8,200,3.0,1.0,0.0,0.0,32.0,4.0,72620.0,2.0,1156.0,4.0,70.0
118.5,41.8,200,3.0,1.0,0.0,0.0,32.0,4.0,72620.0,2.0,1156.0,4.0,70.0
118.75,41.8,200,3.0,1.0,0.0,0.0,32.0,4.0,72620.0,2.0,1156.0,4.0,70.0
119.0,42.8,200,4.0,1.0,0.0,0.0,32.0,4.0,72620.0,2.0,1156.0,5.0,70.0
119.25,42.7,200,4.0,1.0,0.0,0.0,32.0,4.0,72620.0,2.0,1156.0,5.0,70.0
119.5,41.8,200,3.0,1.0,0.0,0.0,32.0,4.0,71530.0,2.0,1156.0,4.0,70.0
119.75,41.8,200,3.0,1.0,0.0,0.0,32.0,4.0,71530.0,2.0,1156.0,4.0,70.0
120.0,41.9,200,1.0,1.0,0.0,0.0,32.0,4.0,75312.0,2.0,1156.0,2.0,70.0
120.25,42.8,200,1.0,1.0,0.0,0.0,32.0,4.0,74219.0,2.0,1156.0,2.0,70.0
120.5,41.9,200,2.0,1.0,0.0,0.0,32.0,4.0,73987.0,2.0,1156.0,3.0,70.0
120.75,1424.4,200,2.0,1.0,0.0,0.0,32.0,4.0,71507.0,2.0,1114.0,3.0,70.0
122.25,41.8,200,2.0,1.0,0.0,0.0,32.0,4.0,71521.0,2.0,1114.0,3.0,70.0
122.5,41.8,200,2.0,1.0,0.0,0.0,32.0,4.0,71521.0,2.0,1114.0,3.0,70.0
122.75,41.8,200,1.0,1.0,0.0,0.0,32.0,4.0,69333.0,2.0,1114.0,2.0,70.0
123.0,42.8,200,1.0,1.0,0.0,0.0,32.0,4.0,69333.0,2.0,1114.0,2.0,70.0
123.25,41.7,200,1.0,1.0,0.0,0.0,32.0,4.0,67633.0,2.0,1114.0,2.0,70.0
123.5,41.7,200,1.0,1.0,0.0,0.0,32.0,4.0,67633.0,2.0,1114.0,2.0,70.0
123.75,42.8,200,2.0,1.0,0.0,0.0,32.0,4.0,68194.0,2.0,1114.0,3.0,70.0
124.0,41.8,200,3.0,1.0,0.0,0.0,32.0,4.0,68194.0,2.0,1114.0,4.0,70.0
124.25,42.8,200,3.0,1.0,0.0,0.0,32.0,4.0,68194.0,2.0,1114.0,4.0,70.0
124.5,41.8,200,3.0,1.0,0.0,0.0,32.0,4.0,68194.0,2.0,1114.0,4.0,70.0
124.75,41.8,200,3.0,1.0,0.0,0.0,32.0,4.0,68194.0,2.0,1114.0,4.0,70.0
125.0,41.8,200,4.0,1.0,0.0,0.0,32.0,4.0,68194.0,2.0,1114.0,5.0,70.0
125.25,41.8,200,4.0,1.0,0.0,0.0,32.0,4.0,68194.0,2.0,1114.0,5.0,70.0
125.5,41.8,200,3.0,1.0,0.0,0.0,32.0,4.0,67105.0,2.0,1114.0,4.0,70.0
125.75,41.7,200,3.0,1.0,0.0,0.0,32.0,4.0,67105.0,2.0,1114.0,4.0,70.0
126.0,41.7,200,3.0,1.0,0.0,0.0,32.0,4.0,67105.0,2.0,1114.0,4.0,70.0
126.25,42.8,200,2.0,1.0,0.0,0.0,32.0,4.0,70881.0,2.0,1114.0,3.0,70.0
126.5,42.9,200,3.0,1.0,0.0,0.0,32.0,4.0,70881.0,2.0,1114.0,4.0,70.0
126.75,1594.4,200,2.0,1.0,0.0,0.0,32.0,4.0,72535.0,2.0,1114.0,3.0,70.0
128.5,42.8,200,3.0,1.0,0.0,0.0,32.0,4.0,75294.0,2.0,1114.0,4.0,70.0
128.75,41.8,200,2.0,1.0,0.0,0.0,32.0,4.0,74200.0,2.0,1114.0,3.0,70.0
129.0,41.8,200,2.0,1.0,0.0,0.0,32.0,4.0,74200.0,2.0,1114.0,3.0,70.0
129.25,41.8,200,2.0,1.0,0.0,0.0,32.0,4.0,74200.0,2.0,1114.0,3.0,70.0
129.5,42.9,200,2.0,1.0,0.0,0.0,32.0,4.0,79702.0,2.0,1114.0,3.0,70.0
129.75,42.9,200,3.0,1.0,0.0,0.0,32.0,4.0,77324.0,2.0,1114.0,4.0,70.0
130.0,41.9,200,4.0,1.0,0.0,0.0,32.0,4.0,77324.0,2.0,1114.0,5.0,70.0
130.25,42.9,200,4.0,1.0,0.0,0.0,32.0,4.0,81629.0,2.0,1114.0,5.0,70.0
130.5,42.9,200,4.0,1.0,0.0,0.0,32.0,4.0,81629.0,2.0,1114.0,5.0,70.0
130.75,42.9,200,4.0,1.0,0.0,0.0,32.0,4.0,81629.0,2.0,1114.0,5.0,70.0
131.0,1215.9,200,3.0,1.0,0.0,0.0,32.0,4.0,81629.0,2.0,1114.0,4.0,70.0
132.25,41.8,200,4.0,1.0,0.0,0.0,32.0,4.0,85984.0,2.0,1114.0,5.0,70.0
132.5,42.9,200,3.0,1.0,0.0,0.0,32.0,4.0,83618.0,2.0,1114.0,4.0,70.0
132.75,41.8,200,3.0,1.0,0.0,0.0,32.0,4.0,83618.0,2.0,1114.0,4.0,70.0
133.0,41.8,200,3.0,1.0,0.0,0.0,32.0,4.0,83618.0,2.0,1114.0,4.0,70.0
133.25,42.8,200,1.0,1.0,0.0,0.0,32.0,4.0,88343.0,2.0,1114.0,2.0,70.0
133.5,41.8,200,2.0,1.0,0.0,0.0,32.0,4.0,88343.0,2.0,1114.0,3.0,70.0
133.75,1843.2,200,1.0,1.0,0.0,0.0,32.0,4.0,88712.0,2.0,1114.0,2.0,70.0
135.75,42.8,200,1.0,1.0,0.0,0.0,32.0,4.0,88728.0,2.0,1114.0,2.0,70.0
136.0,41.8,200,2.0,1.0,0.0,0.0,32.0,4.0,88728.0,2.0,1114.0,3.0,70.0
136.25,42.8,200,1.0,1.0,0.0,0.0,32.0,4.0,86352.0,2.0,1114.0,2.0,70.0
136.5,43.9,200,0.0,1.0,0.0,0.0,32.0,4.0,84136.0,2.0,1114.0,1.0,70.0
136.75,41.8,200,0.0,1.0,0.0,0.0,32.0,4.0,80838.0,2.0,1114.0,1.0,70.0
137.0,41.8,200,0.0,1.0,0.0,0.0,32.0,4.0,73707.0,2.0,1114.0,1.0,70.0
137.25,42.8,200,2.0,1.0,0.0,0.0,32.0,4.0,73707.0,2.0,1114.0,3.0,70.0
137.5,42.8,200,2.0,1.0,0.0,0.0,32.0,4.0,73707.0,2.0,1114.0,3.0,70.0
137.75,42.9,200,2.0,1.0,0.0,0.0,32.0,4.0,73707.0,2.0,1114.0,3.0,70.0
138.0,41.8,200,3.0,1.0,0.0,0.0,32.0,4.0,73707.0,2.0,1114.0,4.0,70.0
138.25,41.8,200,3.0,1.0,0.0,0.0,32.0,4.0,73707.0,2.0,1114.0,4.0,70.0
138.5,41.8,200,3.0,1.0,0.0,0.0,32.0,4.0,73707.0,2.0,1114.0,4.0,70.0
138.75,43.7,200,3.0,1.0,0.0,0.0,32.0,4.0,73707.0,2.0,1114.0,4.0,70.0
139.0,41.8,200,2.0,1.0,0.0,0.0,32.0,4.0,71663.0,2.0,1114.0,3.0,70.0
139.25,42.8,200,2.0,1.0,0.0,0.0,32.0,4.0,68955.0,2.0,1114.0,3.0,70.0
139.5,42.8,200,2.0,1.0,0.0,0.0,32.0,4.0,68955.0,2.0,1114.0,3.0,70.0
139.75,41.8,200,0.0,1.0,0.0,0.0,32.0,4.0,71786.0,2.0,1114.0,1.0,70.0
140.0,42.8,200,1.0,1.0,0.0,0.0,32.0,4.0,65843.0,2.0,1114.0,2.0,70.0
140.25,42.8,200,1.0,1.0,0.0,0.0,32.0,4.0,65843.0,2.0,1114.0,2.0,70.0
140.5,41.9,200,1.0,1.0,0.0,0.0,32.0,4.0,65843.0,2.0,1114.0,2.0,70.0
140.75,41.9,200,1.0,1.0,0.0,0.0,32.0,4.0,65843.0,2.0,1114.0,2.0,70.0
141.0,42.9,200,1.0,1.0,0.0,0.0,32.0,4.0,65843.0,2.0,1114.0,2.0,70.0
141.252,44.4,200,1.0,1.0,0.0,0.0,32.0,4.0,65843.0,2.0,1114.0,2.0,70.0
141.501,45.2,200,1.0,1.0,0.0,0.0,32.0,4.0,65843.0,2.0,1114.0,2.0,70.0
141.75,43.9,200,1.0,1.0,0.0,0.0,32.0,4.0,65843.0,2.0,1114.0,2.0,70.0
142.0,44.0,200,1.0,1.0,0.0,0.0,32.0,4.0,65843.0,2.0,1114.0,2.0,70.0
142.251,43.2,200,1.0,1.0,0.0,0.0,32.0,4.0,65843.0,2.0,1114.0,2.0,70.0
142.5,7.1,200,1.0,1.0,0.0,0.0,32.0,4.0,65843.0,2.0,1114.0,2.0,70.0
142.751,7.2,200,0.0,1.0,0.0,0.0,32.0,4.0,64666.0,2.0,1114.0,1.0,70.0
143.0,43.9,200,2.0,1.0,0.0,0.0,32.0,4.0,62288.0,2.0,1114.0,3.0,70.0
143.251,9.3,200,2.0,1.0,0.0,0.0,32.0,4.0,59910.0,2.0,1114.0,3.0,70.0
143.5,43.9,200,2.0,1.0,0.0,0.0,32.0,4.0,59910.0,2.0,1114.0,3.0,70.0
143.75,44.9,200,2.0,1.0,0.0,0.0,32.0,4.0,61518.0,2.0,1114.0,3.0,70.0
144.001,1640.7,200,2.0,1.0,0.0,0.0,32.0,4.0,61017.0,2.0,1114.0,3.0,70.0
145.751,44.3,200,2.0,1.0,0.0,0.0,32.0,4.0,61023.0,2.0,1114.0,3.0,70.0
146.001,9.2,200,2.0,1.0,0.0,0.0,32.0,4.0,61023.0,2.0,1114.0,3.0,70.0
146.25,7.2,200,1.0,1.0,0.0,0.0,32.0,4.0,59834.0,2.0,1114.0,2.0,70.0
146.5,49.7,200,1.0,1.0,0.0,0.0,32.0,4.0,59834.0,2.0,1114.0,2.0,70.0
146.75,42.7,200,1.0,1.0,0.0,0.0,32.0,4.0,59834.0,2.0,1114.0,2.0,70.0
147.006,46.2,200,1.0,1.0,0.0,0.0,32.0,4.0,59834.0,2.0,1114.0,2.0,70.0
147.251,45.6,200,2.0,1.0,0.0,0.0,32.0,4.0,59834.0,2.0,1114.0,3.0,70.0
147.501,2429.6,200,1.0,1.0,0.0,0.0,32.0,4.0,59985.0,2.0,1114.0,2.0,70.0
150.0,42.9,200,4.0,1.0,0.0,0.0,32.0,4.0,59993.0,2.0,1114.0,5.0,70.0
150.251,43.6,200,4.0,1.0,0.0,0.0,32.0,4.0,59993.0,2.0,1114.0,5.0,70.0
150.503,50.4,200,4.0,1.0,0.0,0.0,32.0,4.0,59993.0,2.0,1114.0,5.0,70.0
150.75,43.9,200,4.0,1.0,0.0,0.0,32.0,4.0,59993.0,2.0,1114.0,5.0,70.0
151.0,43.0,200,3.0,1.0,0.0,0.0,32.0,4.0,57615.0,2.0,1114.0,4.0,70.0
151.25,43.8,200,3.0,1.0,0.0,0.0,32.0,4.0,57615.0,2.0,1114.0,4.0,70.0
151.5,41.8,200,3.0,1.0,0.0,0.0,32.0,4.0,57615.0,2.0,1114.0,4.0,70.0
151.75,43.2,200,3.0,1.0,0.0,0.0,32.0,4.0,57615.0,2.0,1114.0,4.0,70.0
152.0,43.2,200,4.0,1.0,0.0,0.0,32.0,4.0,57615.0,2.0,1114.0,5.0,70.0
152.25,48.1,200,4.0,1.0,0.0,0.0,32.0,4.0,57615.0,2.0,846.0,5.0,70.0
152.5,42.8,200,4.0,1.0,0.0,0.0,32.0,4.0,57615.0,2.0,846.0,5.0,70.0
152.751,47.1,200,4.0,1.0,0.0,0.0,32.0,4.0,57615.0,2.0,846.0,5.0,70.0
153.0,42.8,200,4.0,1.0,0.0,0.0,32.0,4.0,57615.0,2.0,846.0,5.0,70.0
153.25,41.8,200,4.0,1.0,0.0,0.0,32.0,4.0,57615.0,2.0,846.0,5.0,70.0
153.5,45.2,200,4.0,1.0,0.0,0.0,32.0,4.0,57615.0,2.0,846.0,5.0,70.0
153.75,43.5,200,4.0,1.0,0.0,0.0,32.0,4.0,57615.0,2.0,846.0,5.0,70.0
154.0,41.8,200,4.0,1.0,0.0,0.0,32.0,4.0,57615.0,2.0,846.0,5.0,70.0
154.25,42.8,200,6.0,1.0,0.0,0.0,32.0,4.0,57621.0,2.0,846.0,7.0,70.0
154.5,43.9,200,6.0,1.0,0.0,0.0,32.0,4.0,57621.0,2.0,846.0,7.0,70.0
154.75,43.5,200,6.0,1.0,0.0,0.0,32.0,4.0,57621.0,2.0,846.0,7.0,70.0
155.001,47.0,200,7.0,1.0,0.0,0.0,32.0,4.0,57621.0,2.0,846.0,8.0,70.0
155.251,45.4,200,7.0,1.0,0.0,0.0,32.0,4.0,57621.0,2.0,846.0,8.0,70.0
155.5,42.8,200,7.0,1.0,0.0,0.0,32.0,4.0,57621.0,2.0,846.0,8.0,70.0
155.751,47.4,200,7.0,1.0,0.0,0.0,32.0,4.0,57621.0,2.0,846.0,8.0,70.0
156.0,44.7,200,7.0,1.0,0.0,0.0,32.0,4.0,57621.0,2.0,846.0,8.0,70.0
156.25,42.8,200,7.0,1.0,0.0,0.0,32.0,4.0,57621.0,2.0,846.0,8.0,70.0
156.501,44.2,200,7.0,1.0,0.0,0.0,32.0,4.0,57621.0,2.0,846.0,8.0,70.0
156.75,41.9,200,7.0,1.0,0.0,0.0,32.0,4.0,57621.0,2.0,846.0,8.0,70.0
157.001,45.8,200,7.0,1.0,0.0,0.0,32.0,4.0,57621.0,2.0,846.0,8.0,70.0
157.251,43.5,200,7.0,1.0,0.0,0.0,32.0,4.0,57621.0,2.0,846.0,8.0,70.0
157.5,46.1,200,7.0,1.0,0.0,0.0,32.0,4.0,57621.0,2.0,846.0,8.0,70.0
157.75,8.3,200,7.0,1.0,0.0,0.0,32.0,4.0,57621.0,2.0,846.0,8.0,70.0
158.0,47.9,200,7.0,1.0,0.0,0.0,32.0,4.0,57621.0,2.0,846.0,8.0,70.0
158.251,44.6,200,7.0,1.0,0.0,0.0,32.0,4.0,57621.0,2.0,846.0,8.0,70.0
158.5,44.0,200,7.0,1.0,0.0,0.0,32.0,4.0,57621.0,2.0,846.0,8.0,70.0
158.75,41.8,200,7.0,1.0,0.0,0.0,32.0,4.0,57621.0,2.0,846.0,8.0,70.0
159.0,44.1,200,7.0,1.0,0.0,0.0,32.0,4.0,57621.0,2.0,846.0,8.0,70.0
159.252,44.7,200,9.0,1.0,0.0,0.0,32.0,4.0,57621.0,2.0,846.0,10.0,70.0
159.5,9.4,200,9.0,1.0,0.0,0.0,32.0,4.0,57621.0,2.0,846.0,10.0,70.0
159.75,46.0,200,9.0,1.0,0.0,0.0,32.0,4.0,57621.0,2.0,846.0,10.0,70.0
160.0,41.8,200,9.0,1.0,0.0,0.0,32.0,4.0,57621.0,2.0,846.0,10.0,70.0
160.25,41.8,200,9.0,1.0,0.0,0.0,32.0,4.0,57621.0,2.0,846.0,10.0,70.0
160.5,42.8,200,9.0,1.0,0.0,0.0,32.0,4.0,57621.0,2.0,846.0,10.0,70.0
160.75,41.8,200,9.0,1.0,0.0,0.0,32.0,4.0,57621.0,2.0,846.0,10.0,70.0
161.0,41.8,200,9.0,1.0,0.0,0.0,32.0,4.0,57621.0,2.0,846.0,10.0,70.0
161.25,41.9,200,9.0,1.0,0.0,0.0,32.0,4.0,57621.0,2.0,846.0,10.0,70.0
161.5,41.9,200,9.0,1.0,0.0,0.0,32.0,4.0,57621.0,2.0,846.0,10.0,70.0
161.75,43.6,200,9.0,1.0,0.0,0.0,32.0,4.0,57621.0,2.0,846.0,10.0,70.0
162.0,42.9,200,9.0,1.0,0.0,0.0,32.0,4.0,57621.0,2.0,846.0,10.0,70.0
162.25,41.9,200,9.0,1.0,0.0,0.0,32.0,4.0,57621.0,2.0,846.0,10.0,70.0
162.5,43.8,200,9.0,1.0,0.0,0.0,32.0,4.0,57621.0,2.0,846.0,10.0,70.0
162.75,42.9,200,9.0,1.0,0.0,0.0,32.0,4.0,57621.0,2.0,846.0,10.0,70.0
163.0,41.9,200,9.0,1.0,0.0,0.0,32.0,4.0,57621.0,2.0,846.0,10.0,70.0
163.25,42.8,200,9.0,1.0,0.0,0.0,32.0,4.0,57621.0,2.0,846.0,10.0,70.0
163.5,42.9,200,9.0,1.0,0.0,0.0,32.0,4.0,57621.0,2.0,846.0,10.0,70.0
163.75,42.8,200,9.0,1.0,0.0,0.0,32.0,4.0,57621.0,2.0,846.0,10.0,70.0
164.0,42.8,200,9.0,1.0,0.0,0.0,32.0,4.0,57621.0,2.0,846.0,10.0,70.0
164.25,1370.6,200,6.0,1.0,0.0,0.0,32.0,4.0,62328.0,2.0,846.0,7.0,70.0
165.75,41.8,200,6.0,1.0,0.0,0.0,32.0,4.0,62333.0,2.0,846.0,7.0,70.0
166.0,42.7,200,7.0,1.0,0.0,0.0,32.0,4.0,62333.0,2.0,846.0,8.0,70.0
166.25,42.8,200,6.0,1.0,0.0,0.0,32.0,4.0,62333.0,2.0,846.0,7.0,70.0
166.5,41.9,200,6.0,1.0,0.0,0.0,32.0,4.0,62333.0,2.0,846.0,7.0,70.0
166.75,41.8,200,4.0,1.0,0.0,0.0,32.0,4.0,64932.0,2.0,846.0,5.0,70.0
167.0,41.8,200,3.0,1.0,0.0,0.0,32.0,4.0,65117.0,2.0,846.0,4.0,70.0
167.25,41.8,200,4.0,1.0,0.0,0.0,32.0,4.0,65117.0,2.0,846.0,5.0,70.0
167.5,41.8,200,4.0,1.0,0.0,0.0,32.0,4.0,65117.0,2.0,846.0,5.0,70.0
167.75,42.8,200,4.0,1.0,0.0,0.0,32.0,4.0,65117.0,2.0,846.0,5.0,70.0
168.0,41.8,200,4.0,1.0,0.0,0.0,32.0,4.0,65117.0,2.0,846.0,5.0,70.0
168.25,41.8,200,4.0,1.0,0.0,0.0,32.0,4.0,65117.0,2.0,846.0,5.0,70.0
168.5,41.8,200,4.0,1.0,0.0,0.0,32.0,4.0,65117.0,2.0,846.0,5.0,70.0
168.75,41.8,200,3.0,1.0,0.0,0.0,32.0,4.0,67778.0,2.0,846.0,4.0,70.0
169.0,1544.8,200,1.0,1.0,0.0,0.0,32.0,4.0,71848.0,2.0,846.0,2.0,70.0
170.75,42.9,200,1.0,1.0,0.0,0.0,32.0,4.0,71856.0,2.0,846.0,2.0,70.0
171.002,46.0,200,2.0,1.0,0.0,0.0,32.0,4.0,69480.0,2.0,846.0,3.0,70.0
171.25,48.0,200,2.0,1.0,0.0,0.0,32.0,4.0,69480.0,2.0,846.0,3.0,70.0
171.501,44.0,200,2.0,1.0,0.0,0.0,32.0,4.0,69480.0,2.0,846.0,3.0,70.0
171.75,43.8,200,3.0,1.0,0.0,0.0,32.0,4.0,69480.0,2.0,846.0,4.0,70.0
172.0,42.9,200,4.0,1.0,0.0,0.0,32.0,4.0,69480.0,2.0,846.0,5.0,70.0
172.25,41.8,200,4.0,1.0,0.0,0.0,32.0,4.0,69480.0,2.0,846.0,5.0,70.0
172.5,46.7,200,4.0,1.0,0.0,0.0,32.0,4.0,69480.0,2.0,846.0,5.0,70.0
172.752,1466.3,200,4.0,1.0,0.0,0.0,32.0,4.0,69480.0,2.0,846.0,5.0,70.0
174.251,46.3,200,4.0,1.0,0.0,0.0,32.0,4.0,69490.0,2.0,846.0,5.0,70.0
174.5,77.7,200,4.0,1.0,0.0,0.0,32.0,4.0,69490.0,2.0,846.0,5.0,70.0
174.75,42.9,200,4.0,1.0,0.0,0.0,32.0,4.0,69490.0,2.0,846.0,5.0,70.0
175.0,6.9,200,3.0,1.0,0.0,0.0,32.0,4.0,69490.0,2.0,846.0,4.0,70.0
175.25,43.9,200,3.0,1.0,0.0,0.0,32.0,4.0,69490.0,2.0,846.0,4.0,70.0
175.506,51.8,200,3.0,1.0,0.0,0.0,32.0,4.0,69490.0,2.0,846.0,4.0,70.0
175.75,44.8,200,3.0,1.0,0.0,0.0,32.0,4.0,69490.0,2.0,846.0,4.0,70.0
176.001,44.3,200,6.0,1.0,0.0,0.0,32.0,4.0,69490.0,2.0,846.0,7.0,70.0
176.25,8.1,200,6.0,1.0,0.0,0.0,32.0,4.0,69490.0,2.0,846.0,7.0,70.0
176.5,41.8,200,6.0,1.0,0.0,0.0,32.0,4.0,69490.0,2.0,846.0,7.0,70.0
176.75,43.8,200,6.0,1.0,0.0,0.0,32.0,4.0,69490.0,2.0,846.0,7.0,70.0
177.0,42.8,200,7.0,1.0,0.0,0.0,32.0,4.0,69490.0,2.0,846.0,8.0,70.0
177.25,42.9,200,7.0,1.0,0.0,0.0,32.0,4.0,69490.0,2.0,846.0,8.0,70.0
177.501,42.6,200,7.0,1.0,0.0,0.0,32.0,4.0,69490.0,2.0,846.0,8.0,70.0
177.75,44.9,200,7.0,1.0,0.0,0.0,32.0,4.0,69490.0,2.0,846.0,8.0,70.0
178.0,41.8,200,7.0,1.0,0.0,0.0,32.0,4.0,69490.0,2.0,846.0,8.0,70.0
178.25,43.9,200,7.0,1.0,0.0,0.0,32.0,4.0,69490.0,2.0,846.0,8.0,70.0
178.5,43.4,200,7.0,1.0,0.0,0.0,32.0,4.0,69490.0,2.0,846.0,8.0,70.0
178.75,46.7,200,7.0,1.0,0.0,0.0,32.0,4.0,69490.0,2.0,846.0,8.0,70.0
179.0,42.6,200,7.0,1.0,0.0,0.0,32.0,4.0,69490.0,2.0,846.0,8.0,70.0
179.25,44.9,200,7.0,1.0,0.0,0.0,32.0,4.0,69490.0,2.0,846.0,8.0,70.0
179.5,43.0,200,7.0,1.0,0.0,0.0,32.0,4.0,69490.0,2.0,846.0,8.0,70.0
179.75,42.9,200,7.0,1.0,0.0,0.0,32.0,4.0,69490.0,2.0,846.0,8.0,70.0
180.0,42.9,200,7.0,1.0,0.0,0.0,32.0,4.0,69490.0,2.0,846.0,8.0,70.0
180.25,41.7,200,7.0,1.0,0.0,0.0,32.0,4.0,69490.0,2.0,846.0,8.0,70.0
180.5,42.8,200,7.0,1.0,0.0,0.0,32.0,4.0,69490.0,2.0,846.0,8.0,70.0
180.75,41.8,200,7.0,1.0,0.0,0.0,32.0,4.0,69490.0,2.0,846.0,8.0,70.0
181.0,41.9,200,8.0,1.0,0.0,0.0,32.0,4.0,69490.0,2.0,846.0,9.0,70.0
181.25,41.8,200,8.0,1.0,0.0,0.0,32.0,4.0,69490.0,2.0,846.0,9.0,70.0
181.5,42.9,200,8.0,1.0,0.0,0.0,32.0,4.0,69490.0,2.0,846.0,9.0,70.0
181.751,48.8,200,8.0,1.0,0.0,0.0,32.0,4.0,69490.0,2.0,846.0,9.0,70.0
182.001,44.9,200,8.0,1.0,0.0,0.0,32.0,4.0,69490.0,2.0,846.0,9.0,70.0
182.25,7.2,200,8.0,1.0,0.0,0.0,32.0,4.0,69490.0,2.0,846.0,9.0,70.0
182.5,42.9,200,8.0,1.0,0.0,0.0,32.0,4.0,69490.0,2.0,1194.0,9.0,70.0
182.75,41.8,200,8.0,1.0,0.0,0.0,32.0,4.0,69490.0,2.0,1194.0,9.0,70.0
183.0,41.8,200,8.0,1.0,0.0,0.0,32.0,4.0,69490.0,2.0,1194.0,9.0,70.0
183.25,41.8,200,11.0,1.0,0.0,0.0,32.0,4.0,69490.0,2.0,1194.0,12.0,70.0
183.5,42.8,200,11.0,1.0,0.0,0.0,32.0,4.0,69490.0,2.0,1194.0,12.0,70.0
183.75,41.9,200,11.0,1.0,0.0,0.0,32.0,4.0,69490.0,2.0,1194.0,12.0,70.0
184.0,41.8,200,11.0,1.0,0.0,0.0,32.0,4.0,69490.0,2.0,1194.0,12.0,70.0
184.25,42.9,200,11.0,1.0,0.0,0.0,32.0,4.0,69490.0,2.0,1194.0,12.0,70.0
184.5,42.9,200,11.0,1.0,0.0,0.0,32.0,4.0,69490.0,2.0,1194.0,12.0,70.0
184.75,41.8,200,11.0,1.0,0.0,0.0,32.0,4.0,69490.0,2.0,1194.0,12.0,70.0
185.0,45.7,200,11.0,1.0,0.0,0.0,32.0,4.0,69490.0,2.0,1194.0,12.0,70.0
185.25,45.2,200,11.0,1.0,0.0,0.0,32.0,4.0,69490.0,2.0,1194.0,12.0,70.0
185.5,46.1,200,11.0,1.0,0.0,0.0,32.0,4.0,69490.0,2.0,1194.0,12.0,70.0
185.75,42.9,200,11.0,1.0,0.0,0.0,32.0,4.0,69490.0,2.0,1194.0,12.0,70.0
186.0,41.8,200,11.0,1.0,0.0,0.0,32.0,4.0,69490.0,2.0,1194.0,12.0,70.0
186.25,41.8,200,11.0,1.0,0.0,0.0,32.0,4.0,69490.0,2.0,1194.0,12.0,70.0
186.5,6.1,200,11.0,1.0,0.0,0.0,32.0,4.0,69490.0,2.0,1194.0,12.0,70.0
186.75,45.9,200,11.0,1.0,0.0,0.0,32.0,4.0,69490.0,2.0,1194.0,12.0,70.0
187.001,45.1,200,11.0,1.0,0.0,0.0,32.0,4.0,69490.0,2.0,1194.0,12.0,70.0
187.251,44.2,200,11.0,1.0,0.0,0.0,32.0,4.0,69490.0,2.0,1194.0,12.0,70.0
187.5,42.8,200,11.0,1.0,0.0,0.0,32.0,4.0,69490.0,2.0,1194.0,12.0,70.0
187.75,43.8,200,11.0,1.0,0.0,0.0,32.0,4.0,69490.0,2.0,1194.0,12.0,70.0
188.0,41.8,200,11.0,1.0,0.0,0.0,32.0,4.0,69490.0,2.0,1194.0,12.0,70.0
188.251,49.5,200,11.0,1.0,0.0,0.0,32.0,4.0,69490.0,2.0,1194.0,12.0,70.0
188.5,43.9,200,11.0,1.0,0.0,0.0,32.0,4.0,69490.0,2.0,1194.0,12.0,70.0
188.753,44.2,200,11.0,1.0,0.0,0.0,32.0,4.0,69490.0,2.0,1194.0,12.0,70.0
189.0,41.9,200,11.0,1.0,0.0,0.0,32.0,4.0,69490.0,2.0,1194.0,12.0,70.0
189.252,45.2,200,11.0,1.0,0.0,0.0,32.0,4.0,69490.0,2.0,1194.0,12.0,70.0
189.5,42.8,200,11.0,1.0,0.0,0.0,32.0,4.0,69490.0,2.0,1194.0,12.0,70.0
189.75,43.9,200,11.0,1.0,0.0,0.0,32.0,4.0,69490.0,2.0,1194.0,12.0,70.0
190.0,42.9,200,11.0,1.0,0.0,0.0,32.0,4.0,69490.0,2.0,1194.0,12.0,70.0
190.25,45.9,200,11.0,1.0,0.0,0.0,32.0,4.0,69490.0,2.0,1194.0,12.0,70.0
190.5,42.9,200,11.0,1.0,0.0,0.0,32.0,4.0,69490.0,2.0,1194.0,12.0,70.0
190.753,50.0,200,11.0,1.0,0.0,0.0,32.0,4.0,69490.0,2.0,1194.0,12.0,70.0
191.001,45.7,200,11.0,1.0,0.0,0.0,32.0,4.0,69490.0,2.0,1194.0,12.0,70.0
191.25,48.8,200,11.0,1.0,0.0,0.0,32.0,4.0,69490.0,2.0,1194.0,12.0,70.0
191.5,5.1,200,11.0,1.0,0.0,0.0,32.0,4.0,69490.0,2.0,1194.0,12.0,70.0
191.75,41.7,200,11.0,1.0,0.0,0.0,32.0,4.0,69490.0,2.0,1194.0,12.0,70.0
192.0,42.0,200,11.0,1.0,0.0,0.0,32.0,4.0,69490.0,2.0,1194.0,12.0,70.0
192.25,41.8,200,11.0,1.0,0.0,0.0,32.0,4.0,69490.0,2.0,1194.0,12.0,70.0
192.5,41.8,200,11.0,1.0,0.0,0.0,32.0,4.0,69490.0,2.0,1194.0,12.0,70.0
192.75,42.9,200,11.0,1.0,0.0,0.0,32.0,4.0,69490.0,2.0,1194.0,12.0,70.0
193.0,41.8,200,11.0,1.0,0.0,0.0,32.0,4.0,69490.0,2.0,1194.0,12.0,70.0
193.25,42.8,200,11.0,1.0,0.0,0.0,32.0,4.0,69490.0,2.0,1194.0,12.0,70.0
193.501,46.4,200,11.0,1.0,0.0,0.0,32.0,4.0,69490.0,2.0,1194.0,12.0,70.0
193.75,43.3,200,11.0,1.0,0.0,0.0,32.0,4.0,69490.0,2.0,1194.0,12.0,70.0
194.0,41.8,200,11.0,1.0,0.0,0.0,32.0,4.0,69490.0,2.0,1194.0,12.0,70.0
194.25,41.8,200,11.0,1.0,0.0,0.0,32.0,4.0,69490.0,2.0,1194.0,12.0,70.0
194.5,6.2,200,11.0,1.0,0.0,0.0,32.0,4.0,69490.0,2.0,1194.0,12.0,70.0
194.75,41.8,200,11.0,1.0,0.0,0.0,32.0,4.0,69490.0,2.0,1194.0,12.0,70.0
195.0,41.8,200,11.0,1.0,0.0,0.0,32.0,4.0,69490.0,2.0,1194.0,12.0,70.0
195.25,42.8,200,11.0,1.0,0.0,0.0,32.0,4.0,69490.0,2.0,1194.0,12.0,70.0
195.5,41.9,200,11.0,1.0,0.0,0.0,32.0,4.0,69490.0,2.0,1194.0,12.0,70.0
195.75,42.9,200,11.0,1.0,0.0,0.0,32.0,4.0,69490.0,2.0,1194.0,12.0,70.0
196.002,47.3,200,11.0,1.0,0.0,0.0,32.0,4.0,69490.0,2.0,1194.0,12.0,70.0
196.25,42.8,200,11.0,1.0,0.0,0.0,32.0,4.0,69490.0,2.0,1194.0,12.0,70.0
196.5,42.8,200,11.0,1.0,0.0,0.0,32.0,4.0,69490.0,2.0,1194.0,12.0,70.0
196.75,41.8,200,11.0,1.0,0.0,0.0,32.0,4.0,69490.0,2.0,1194.0,12.0,70.0
197.0,42.6,200,11.0,1.0,0.0,0.0,32.0,4.0,69490.0,2.0,1194.0,12.0,70.0
197.25,47.8,200,11.0,1.0,0.0,0.0,32.0,4.0,69490.0,2.0,1194.0,12.0,70.0
197.5,41.8,200,11.0,1.0,0.0,0.0,32.0,4.0,69490.0,2.0,1194.0,12.0,70.0
197.75,41.8,200,11.0,1.0,0.0,0.0,32.0,4.0,69490.0,2.0,1194.0,12.0,70.0
198.001,52.7,200,11.0,1.0,0.0,0.0,32.0,4.0,69490.0,2.0,1194.0,12.0,70.0
198.25,11.2,200,11.0,1.0,0.0,0.0,32.0,4.0,69490.0,2.0,1194.0,12.0,70.0
198.5,42.8,200,11.0,1.0,0.0,0.0,32.0,4.0,69490.0,2.0,1194.0,12.0,70.0
198.75,41.8,200,11.0,1.0,0.0,0.0,32.0,4.0,69490.0,2.0,1194.0,12.0,70.0
199.001,45.2,200,11.0,1.0,0.0,0.0,32.0,4.0,69490.0,2.0,1194.0,12.0,70.0
199.25,41.8,200,11.0,1.0,0.0,0.0,32.0,4.0,69490.0,2.0,1194.0,12.0,70.0
199.5,43.4,200,11.0,1.0,0.0,0.0,32.0,4.0,69490.0,2.0,1194.0,12.0,70.0
199.752,45.8,200,11.0,1.0,0.0,0.0,32.0,4.0,69490.0,2.0,1194.0,12.0,70.0
200.0,43.7,200,11.0,1.0,0.0,0.0,32.0,4.0,69490.0,2.0,1194.0,12.0,70.0
200.25,43.1,200,11.0,1.0,0.0,0.0,32.0,4.0,69490.0,2.0,1194.0,12.0,70.0
200.5,41.8,200,11.0,1.0,0.0,0.0,32.0,4.0,69490.0,2.0,1194.0,12.0,70.0
200.75,41.8,200,11.0,1.0,0.0,0.0,32.0,4.0,69490.0,2.0,1194.0,12.0,70.0
201.0,41.8,200,11.0,1.0,0.0,0.0,32.0,4.0,69490.0,2.0,1194.0,12.0,70.0
201.25,42.9,200,12.0,1.0,0.0,0.0,32.0,4.0,69490.0,2.0,1194.0,13.0,70.0
201.5,42.9,200,13.0,1.0,0.0,0.0,32.0,4.0,69490.0,2.0,1194.0,14.0,70.0
201.75,44.8,200,13.0,1.0,0.0,0.0,32.0,4.0,69490.0,2.0,1194.0,14.0,70.0
202.001,45.6,200,13.0,1.0,0.0,0.0,32.0,4.0,69490.0,2.0,1194.0,14.0,70.0
202.25,42.8,200,13.0,1.0,0.0,0.0,32.0,4.0,69490.0,2.0,1194.0,14.0,70.0
202.5,41.8,200,14.0,1.0,0.0,0.0,32.0,4.0,69490.0,2.0,1194.0,15.0,70.0
202.75,42.7,200,14.0,1.0,0.0,0.0,32.0,4.0,69490.0,2.0,1194.0,15.0,70.0
203.0,41.8,200,14.0,1.0,0.0,0.0,32.0,4.0,69490.0,2.0,1194.0,15.0,70.0
203.251,42.2,200,14.0,1.0,0.0,0.0,32.0,4.0,69490.0,2.0,1194.0,15.0,70.0
203.5,42.8,200,14.0,1.0,0.0,0.0,32.0,4.0,69490.0,2.0,1194.0,15.0,70.0
203.75,41.8,200,14.0,1.0,0.0,0.0,32.0,4.0,69490.0,2.0,1194.0,15.0,70.0
204.0,41.8,200,14.0,1.0,0.0,0.0,32.0,4.0,69490.0,2.0,1194.0,15.0,70.0
204.25,41.8,200,14.0,1.0,0.0,0.0,32.0,4.0,69490.0,2.0,1194.0,15.0,70.0
204.5,41.8,200,14.0,1.0,0.0,0.0,32.0,4.0,69490.0,2.0,1194.0,15.0,70.0
204.75,41.8,200,14.0,1.0,0.0,0.0,32.0,4.0,69490.0,2.0,1194.0,15.0,70.0
205.0,1640.2,200,11.0,1.0,0.0,0.0,32.0,4.0,71397.0,2.0,1194.0,15.0,70.0
206.75,42.8,200,11.0,1.0,0.0,0.0,32.0,4.0,71400.0,2.0,1194.0,15.0,70.0
207.0,42.8,200,5.0,1.0,0.0,0.0,32.0,4.0,74013.0,2.0,1194.0,11.0,70.0
207.25,42.8,200,5.0,1.0,0.0,0.0,32.0,4.0,74013.0,2.0,1194.0,11.0,70.0
207.5,41.8,200,5.0,1.0,0.0,0.0,32.0,4.0,74013.0,2.0,1194.0,11.0,70.0
207.75,41.9,200,6.0,1.0,0.0,0.0,32.0,4.0,74013.0,2.0,1194.0,12.0,70.0
208.0,41.8,200,6.0,1.0,0.0,0.0,32.0,4.0,74013.0,2.0,1194.0,12.0,70.0
208.25,42.8,200,6.0,1.0,0.0,0.0,32.0,4.0,74013.0,2.0,1194.0,12.0,70.0
208.5,42.9,200,6.0,1.0,0.0,0.0,32.0,4.0,74013.0,2.0,1194.0,12.0,70.0
208.75,41.8,200,6.0,1.0,0.0,0.0,32.0,4.0,74013.0,2.0,1194.0,12.0,70.0
209.0,42.9,200,6.0,1.0,0.0,0.0,32.0,4.0,74013.0,2.0,1194.0,12.0,70.0
209.25,41.8,200,5.0,1.0,0.0,0.0,32.0,4.0,74076.0,2.0,1194.0,11.0,70.0
209.5,41.8,200,1.0,1.0,0.0,0.0,32.0,4.0,70794.0,2.0,1194.0,7.0,70.0
209.75,1391.2,200,1.0,1.0,0.0,0.0,32.0,4.0,70794.0,2.0,1194.0,7.0,70.0
211.25,41.8,200,1.0,1.0,0.0,0.0,32.0,4.0,70831.0,2.0,1194.0,7.0,70.0
211.5,41.8,200,1.0,1.0,0.0,0.0,32.0,4.0,70831.0,2.0,1194.0,7.0,70.0
211.75,41.8,200,0.0,1.0,0.0,0.0,32.0,4.0,68453.0,2.0,1194.0,6.0,70.0
212.0,41.8,200,4.0,1.0,0.0,0.0,32.0,4.0,68453.0,2.0,1194.0,10.0,70.0
212.25,42.8,200,4.0,1.0,0.0,0.0,32.0,4.0,68453.0,2.0,1194.0,10.0,70.0
212.5,42.8,200,4.0,1.0,0.0,0.0,32.0,4.0,68453.0,2.0,1194.0,10.0,70.0
212.75,42.8,200,5.0,1.0,0.0,0.0,32.0,4.0,68453.0,2.0,1617.0,11.0,70.0
213.0,42.9,200,5.0,1.0,0.0,0.0,32.0,4.0,68453.0,2.0,1617.0,11.0,70.0
213.25,42.9,200,5.0,1.0,0.0,0.0,32.0,4.0,68453.0,2.0,1617.0,11.0,70.0
213.5,42.8,200,5.0,1.0,0.0,0.0,32.0,4.0,68453.0,2.0,1617.0,11.0,70.0
213.75,41.8,200,4.0,1.0,0.0,0.0,32.0,4.0,68453.0,2.0,1617.0,10.0,70.0
214.0,41.9,200,1.0,1.0,0.0,0.0,32.0,4.0,69445.0,2.0,1617.0,7.0,70.0
214.25,1483.7,200,1.0,1.0,0.0,0.0,32.0,4.0,69445.0,2.0,1617.0,7.0,70.0
215.75,41.8,200,1.0,1.0,0.0,0.0,32.0,4.0,69461.0,2.0,1617.0,7.0,70.0
216.0,41.8,200,0.0,1.0,0.0,0.0,32.0,4.0,68272.0,2.0,1617.0,6.0,70.0
216.25,41.8,200,0.0,1.0,0.0,0.0,32.0,4.0,67084.0,2.0,1617.0,6.0,70.0
216.5,44.2,200,0.0,1.0,0.0,0.0,32.0,4.0,62093.0,2.0,1617.0,6.0,70.0
216.75,41.8,200,0.0,1.0,0.0,0.0,32.0,4.0,60095.0,2.0,1617.0,6.0,70.0
217.0,41.8,200,1.0,1.0,0.0,0.0,32.0,4.0,60095.0,2.0,1617.0,7.0,70.0
217.25,41.7,200,1.0,1.0,0.0,0.0,32.0,4.0,60095.0,2.0,1617.0,7.0,70.0
217.5,1321.0,200,1.0,1.0,0.0,0.0,32.0,4.0,60095.0,2.0,1617.0,7.0,70.0
219.0,42.8,200,2.0,1.0,0.0,0.0,32.0,4.0,60111.0,2.0,1617.0,8.0,70.0
219.25,41.7,200,2.0,1.0,0.0,0.0,32.0,4.0,60111.0,2.0,1617.0,8.0,70.0
219.5,42.8,200,1.0,1.0,0.0,0.0,32.0,4.0,56115.0,2.0,1617.0,7.0,70.0
219.75,42.9,200,1.0,1.0,0.0,0.0,32.0,4.0,56115.0,2.0,1617.0,7.0,70.0
220.0,41.8,200,1.0,1.0,0.0,0.0,32.0,4.0,56115.0,2.0,1617.0,7.0,70.0
220.25,41.8,200,1.0,1.0,0.0,0.0,32.0,4.0,56115.0,2.0,1617.0,7.0,70.0
220.5,41.8,200,2.0,1.0,0.0,0.0,32.0,4.0,56115.0,2.0,1617.0,8.0,70.0
220.75,41.8,200,2.0,1.0,0.0,0.0,32.0,4.0,56115.0,2.0,1617.0,8.0,70.0
221.0,1160.1,200,1.0,1.0,0.0,0.0,32.0,4.0,55116.0,2.0,1617.0,7.0,70.0
222.25,41.8,200,1.0,1.0,0.0,0.0,32.0,4.0,55122.0,2.0,1617.0,7.0,70.0
222.5,42.9,200,0.0,1.0,0.0,0.0,32.0,4.0,52125.0,2.0,1617.0,6.0,70.0
222.75,41.8,200,0.0,1.0,0.0,0.0,32.0,4.0,50127.0,2.0,1617.0,6.0,70.0
223.0,42.8,200,0.0,1.0,0.0,0.0,32.0,4.0,43138.0,2.0,1617.0,6.0,70.0
223.25,41.7,200,0.0,1.0,0.0,0.0,32.0,4.0,39154.0,2.0,1617.0,6.0,70.0
223.5,42.8,200,1.0,1.0,0.0,0.0,32.0,4.0,37156.0,2.0,1617.0,7.0,70.0
223.75,41.8,200,1.0,1.0,0.0,0.0,32.0,4.0,37156.0,2.0,1617.0,7.0,70.0
224.0,42.8,200,1.0,1.0,0.0,0.0,32.0,4.0,37156.0,2.0,1617.0,7.0,70.0
224.25,41.8,200,1.0,1.0,0.0,0.0,32.0,4.0,37156.0,2.0,1617.0,7.0,70.0
224.5,42.8,200,1.0,1.0,0.0,0.0,32.0,4.0,37156.0,2.0,1617.0,7.0,70.0
224.75,41.8,200,0.0,1.0,0.0,0.0,32.0,4.0,36162.0,2.0,1617.0,6.0,70.0
225.0,42.8,200,0.0,1.0,0.0,0.0,32.0,4.0,32166.0,2.0,1617.0,6.0,70.0
225.25,43.8,200,0.0,1.0,0.0,0.0,32.0,4.0,28173.0,2.0,1617.0,6.0,70.0
225.5,41.8,200,0.0,1.0,0.0,0.0,32.0,4.0,26175.0,2.0,1617.0,6.0,70.0
225.75,482.2,200,1.0,1.0,0.0,0.0,32.0,4.0,23179.0,0.0,1617.0,7.0,70.0
226.25,41.8,200,2.0,1.0,0.0,0.0,32.0,4.0,23191.0,0.0,1617.0,8.0,70.0
226.5,41.9,200,1.0,1.0,0.0,0.0,32.0,4.0,23016.0,0.0,1617.0,7.0,70.0
226.75,41.8,200,1.0,1.0,0.0,0.0,32.0,4.0,23016.0,0.0,1617.0,7.0,70.0
227.0,41.8,200,1.0,1.0,0.0,0.0,32.0,4.0,23016.0,0.0,1617.0,7.0,70.0
227.25,42.8,200,0.0,1.0,0.0,0.0,32.0,4.0,21024.0,0.0,1617.0,6.0,70.0
227.5,41.8,200,1.0,1.0,0.0,0.0,32.0,4.0,19028.0,0.0,1617.0,7.0,70.0
227.75,41.8,200,1.0,1.0,0.0,0.0,32.0,4.0,19028.0,0.0,1617.0,7.0,70.0
228.0,41.8,200,1.0,1.0,0.0,0.0,32.0,4.0,19028.0,0.0,1617.0,7.0,70.0
228.25,41.7,200,1.0,1.0,0.0,0.0,32.0,4.0,19028.0,0.0,1617.0,7.0,70.0
228.5,42.8,200,0.0,1.0,0.0,0.0,32.0,4.0,17035.0,0.0,1617.0,6.0,70.0
228.75,41.9,200,0.0,1.0,0.0,0.0,32.0,4.0,13041.0,0.0,1617.0,6.0,70.0
229.0,41.8,200,0.0,1.0,0.0,0.0,32.0,4.0,11043.0,0.0,1617.0,6.0,70.0
229.25,41.8,200,0.0,1.0,0.0,0.0,32.0,4.0,5052.0,0.0,1617.0,6.0,70.0
229.5,41.8,200,0.0,1.0,0.0,0.0,32.0,4.0,2578.0,0.0,1617.0,6.0,70.0
229.75,41.8,200,0.0,1.0,0.0,0.0,32.0,4.0,0.0,0.0,1617.0,6.0,70.0
230.0,41.8,200,0.0,1.0,0.0,0.0,32.0,4.0,0.0,0.0,1617.0,6.0,70.0
230.25,41.8,200,0.0,1.0,0.0,0.0,32.0,4.0,0.0,0.0,1617.0,6.0,70.0
230.5,43.9,200,1.0,1.0,0.0,0.0,32.0,4.0,0.0,0.0,1617.0,7.0,70.0
230.75,41.8,200,0.0,1.0,0.0,0.0,32.0,4.0,5.0,0.0,1617.0,6.0,70.0
231.0,41.9,200,0.0,1.0,0.0,0.0,32.0,4.0,5.0,0.0,1617.0,6.0,70.0
231.25,41.8,200,0.0,1.0,0.0,0.0,32.0,4.0,5.0,0.0,1617.0,6.0,70.0
231.5,41.8,200,0.0,1.0,0.0,0.0,32.0,4.0,5.0,0.0,1617.0,6.0,70.0
231.75,41.8,200,0.0,1.0,0.0,0.0,32.0,4.0,7.0,0.0,1617.0,6.0,70.0
232.0,42.2,200,0.0,1.0,0.0,0.0,32.0,4.0,7.0,0.0,1617.0,6.0,70.0
232.25,41.8,200,0.0,1.0,0.0,0.0,32.0,4.0,7.0,0.0,1617.0,6.0,70.0
232.5,41.8,200,0.0,1.0,0.0,0.0,32.0,4.0,7.0,0.0,1617.0,6.0,70.0
232.75,41.8,200,1.0,1.0,0.0,0.0,32.0,4.0,13.0,0.0,1617.0,7.0,70.0
233.0,42.8,200,0.0,1.0,0.0,0.0,32.0,4.0,13.0,0.0,1617.0,6.0,70.0
233.25,42.8,200,0.0,1.0,0.0,0.0,32.0,4.0,13.0,0.0,1617.0,6.0,70.0
233.5,41.8,200,0.0,1.0,0.0,0.0,32.0,4.0,13.0,0.0,1617.0,6.0,70.0
233.75,41.8,200,0.0,1.0,0.0,0.0,32.0,4.0,16.0,0.0,1617.0,6.0,70.0
234.0,41.7,200,1.0,1.0,0.0,0.0,32.0,4.0,16.0,0.0,1617.0,7.0,70.0
234.25,41.8,200,0.0,1.0,0.0,0.0,32.0,4.0,16.0,0.0,1617.0,6.0,70.0
234.5,42.8,200,0.0,1.0,0.0,0.0,32.0,4.0,16.0,0.0,1617.0,6.0,70.0
234.75,41.9,200,0.0,1.0,0.0,0.0,32.0,4.0,19.0,0.0,1617.0,6.0,70.0
235.0,41.8,200,0.0,1.0,0.0,0.0,32.0,4.0,19.0,0.0,1617.0,6.0,70.0
235.25,42.8,200,0.0,1.0,0.0,0.0,32.0,4.0,19.0,0.0,1617.0,6.0,70.0
235.5,41.7,200,0.0,1.0,0.0,0.0,32.0,4.0,19.0,0.0,1617.0,6.0,70.0
235.75,41.8,200,0.0,1.0,0.0,0.0,32.0,4.0,22.0,0.0,1617.0,6.0,70.0
236.0,41.9,200,0.0,1.0,0.0,0.0,32.0,4.0,22.0,0.0,1617.0,6.0,70.0
236.25,42.8,200,0.0,1.0,0.0,0.0,32.0,4.0,22.0,0.0,1617.0,6.0,70.0
236.5,41.8,200,0.0,1.0,0.0,0.0,32.0,4.0,22.0,0.0,1617.0,6.0,70.0
236.75,41.8,200,0.0,1.0,0.0,0.0,32.0,4.0,25.0,0.0,1617.0,6.0,70.0
237.0,41.9,200,0.0,1.0,0.0,0.0,32.0,4.0,25.0,0.0,1617.0,6.0,70.0
237.25,41.7,200,1.0,1.0,0.0,0.0,32.0,4.0,25.0,0.0,1617.0,7.0,70.0
237.5,42.7,200,1.0,1.0,0.0,0.0,32.0,4.0,25.0,0.0,1617.0,7.0,70.0
237.75,41.8,200,0.0,1.0,0.0,0.0,32.0,4.0,31.0,0.0,1617.0,6.0,70.0
238.0,41.8,200,0.0,1.0,0.0,0.0,32.0,4.0,31.0,0.0,1617.0,6.0,70.0
238.25,41.8,200,0.0,1.0,0.0,0.0,32.0,4.0,31.0,0.0,1617.0,6.0,70.0
238.5,41.8,200,0.0,1.0,0.0,0.0,32.0,4.0,31.0,0.0,1617.0,6.0,70.0
238.75,41.8,200,0.0,1.0,0.0,0.0,32.0,4.0,34.0,0.0,1617.0,6.0,70.0
239.0,41.8,200,0.0,1.0,0.0,0.0,32.0,4.0,34.0,0.0,1617.0,6.0,70.0
239.25,42.8,200,0.0,1.0,0.0,0.0,32.0,4.0,34.0,0.0,1617.0,6.0,70.0
239.5,41.8,200,0.0,1.0,0.0,0.0,32.0,4.0,34.0,0.0,1617.0,6.0,70.0
239.75,41.8,200,1.0,1.0,0.0,0.0,32.0,4.0,35.0,0.0,1617.0,7.0,70.0
240.0,42.8,200,0.0,1.0,0.0,0.0,32.0,4.0,35.0,0.0,1617.0,6.0,70.0
240.25,41.7,200,0.0,1.0,0.0,0.0,32.0,4.0,35.0,0.0,1617.0,6.0,70.0
240.5,41.8,200,0.0,1.0,0.0,0.0,32.0,4.0,35.0,0.0,1617.0,6.0,70.0
240.75,41.8,200,0.0,1.0,0.0,0.0,32.0,4.0,39.0,0.0,1617.0,6.0,70.0
241.0,41.8,200,0.0,1.0,0.0,0.0,32.0,4.0,39.0,0.0,1617.0,6.0,70.0
241.25,41.8,200,0.0,1.0,0.0,0.0,32.0,4.0,39.0,0.0,1617.0,6.0,70.0
241.5,42.8,200,0.0,1.0,0.0,0.0,32.0,4.0,39.0,0.0,1617.0,6.0,70.0
241.75,41.8,200,0.0,1.0,0.0,0.0,32.0,4.0,42.0,0.0,1617.0,6.0,70.0
242.0,41.8,200,1.0,1.0,0.0,0.0,32.0,4.0,42.0,0.0,1617.0,7.0,70.0
242.25,41.8,200,0.0,1.0,0.0,0.0,32.0,4.0,42.0,0.0,1617.0,6.0,70.0
242.5,42.8,200,0.0,1.0,0.0,0.0,32.0,4.0,42.0,0.0,1617.0,6.0,70.0
242.75,42.8,200,0.0,1.0,0.0,0.0,32.0,4.0,48.0,0.0,1617.0,6.0,70.0
243.0,42.8,200,0.0,1.0,0.0,0.0,32.0,4.0,48.0,0.0,13.0,6.0,70.0
243.25,42.8,200,0.0,1.0,0.0,0.0,32.0,4.0,48.0,0.0,13.0,6.0,70.0
243.5,41.8,200,0.0,1.0,0.0,0.0,32.0,4.0,48.0,0.0,13.0,6.0,70.0
243.75,41.8,200,0.0,1.0,0.0,0.0,32.0,4.0,51.0,0.0,13.0,6.0,70.0
244.0,41.8,200,0.0,1.0,0.0,0.0,32.0,4.0,51.0,0.0,13.0,6.0,70.0
244.25,42.8,200,1.0,1.0,0.0,0.0,32.0,4.0,51.0,0.0,13.0,7.0,70.0
244.5,42.8,200,0.0,1.0,0.0,0.0,32.0,4.0,51.0,0.0,13.0,6.0,70.0
244.75,42.8,200,0.0,1.0,0.0,0.0,32.0,4.0,54.0,0.0,13.0,6.0,70.0
245.0,41.8,200,0.0,1.0,0.0,0.0,32.0,4.0,54.0,0.0,13.0,6.0,70.0
245.25,41.8,200,0.0,1.0,0.0,0.0,32.0,4.0,54.0,0.0,13.0,6.0,70.0
245.5,41.8,200,0.0,1.0,0.0,0.0,32.0,4.0,54.0,0.0,13.0,6.0,70.0
245.75,41.8,200,0.0,1.0,0.0,0.0,32.0,4.0,57.0,0.0,13.0,6.0,70.0
246.0,42.9,200,0.0,1.0,0.0,0.0,32.0,4.0,57.0,0.0,13.0,6.0,70.0
246.25,41.8,200,0.0,1.0,0.0,0.0,32.0,4.0,57.0,0.0,13.0,6.0,70.0
246.5,41.9,200,1.0,1.0,0.0,0.0,32.0,4.0,57.0,0.0,13.0,7.0,70.0
246.75,41.8,200,0.0,1.0,0.0,0.0,32.0,4.0,57.0,0.0,13.0,6.0,70.0
247.0,41.8,200,0.0,1.0,0.0,0.0,32.0,4.0,60.0,0.0,13.0,6.0,70.0
247.25,41.8,200,0.0,1.0,0.0,0.0,32.0,4.0,60.0,0.0,13.0,6.0,70.0
247.5,41.7,200,0.0,1.0,0.0,0.0,32.0,4.0,60.0,0.0,13.0,6.0,70.0
247.75,41.7,200,0.0,1.0,0.0,0.0,32.0,4.0,60.0,0.0,13.0,6.0,70.0
248.0,41.8,200,0.0,1.0,0.0,0.0,32.0,4.0,66.0,0.0,13.0,6.0,70.0
248.25,42.8,200,0.0,1.0,0.0,0.0,32.0,4.0,66.0,0.0,13.0,6.0,70.0
248.5,42.8,200,0.0,1.0,0.0,0.0,32.0,4.0,66.0,0.0,13.0,6.0,70.0
248.75,41.8,200,1.0,1.0,0.0,0.0,32.0,4.0,66.0,0.0,13.0,7.0,70.0
249.0,41.9,200,0.0,1.0,0.0,0.0,32.0,4.0,67.0,0.0,13.0,6.0,70.0
249.25,41.8,200,0.0,1.0,0.0,0.0,32.0,4.0,67.0,0.0,13.0,6.0,70.0
249.5,41.8,200,0.0,1.0,0.0,0.0,32.0,4.0,67.0,0.0,13.0,6.0,70.0
249.751,43.4,200,0.0,1.0,0.0,0.0,32.0,4.0,33.0,0.0,13.0,6.0,70.0
250.0,41.8,200,0.0,1.0,0.0,0.0,32.0,4.0,36.0,0.0,13.0,6.0,70.0
250.25,41.7,200,0.0,1.0,0.0,0.0,32.0,4.0,36.0,0.0,13.0,6.0,70.0
250.5,42.8,200,0.0,1.0,0.0,0.0,32.0,4.0,36.0,0.0,13.0,6.0,70.0
250.75,41.8,200,0.0,1.0,0.0,0.0,32.0,4.0,36.0,0.0,13.0,6.0,70.0
251.0,41.8,200,1.0,1.0,0.0,0.0,32.0,4.0,39.0,0.0,13.0,7.0,70.0
251.25,41.9,200,0.0,1.0,0.0,0.0,32.0,4.0,39.0,0.0,13.0,6.0,70.0
251.5,41.7,200,0.0,1.0,0.0,0.0,32.0,4.0,39.0,0.0,13.0,6.0,70.0
251.75,41.8,200,0.0,1.0,0.0,0.0,32.0,4.0,39.0,0.0,13.0,6.0,70.0
252.0,41.8,200,0.0,1.0,0.0,0.0,32.0,4.0,42.0,0.0,13.0,6.0,70.0
252.25,41.7,200,1.0,1.0,0.0,0.0,32.0,4.0,42.0,0.0,13.0,7.0,70.0
252.5,41.8,200,0.0,1.0,0.0,0.0,32.0,4.0,42.0,0.0,13.0,6.0,70.0
252.75,41.8,200,0.0,1.0,0.0,0.0,32.0,4.0,42.0,0.0,13.0,6.0,70.0
253.0,41.8,200,0.0,1.0,0.0,0.0,32.0,4.0,48.0,0.0,13.0,6.0,70.0
253.25,42.8,200,0.0,1.0,0.0,0.0,32.0,4.0,48.0,0.0,13.0,6.0,70.0
253.5,41.8,200,1.0,1.0,0.0,0.0,32.0,4.0,48.0,0.0,13.0,7.0,70.0
253.75,42.8,200,0.0,1.0,0.0,0.0,32.0,4.0,48.0,0.0,13.0,6.0,70.0
254.0,43.8,200,0.0,1.0,0.0,0.0,32.0,4.0,51.0,0.0,13.0,6.0,70.0
254.25,41.8,200,0.0,1.0,0.0,0.0,32.0,4.0,51.0,0.0,13.0,6.0,70.0
254.5,41.8,200,0.0,1.0,0.0,0.0,32.0,4.0,51.0,0.0,13.0,6.0,70.0
254.75,41.7,200,0.0,1.0,0.0,0.0,32.0,4.0,51.0,0.0,13.0,6.0,70.0
255.0,41.7,200,0.0,1.0,0.0,0.0,32.0,4.0,54.0,0.0,13.0,6.0,70.0
255.25,41.8,200,0.0,1.0,0.0,0.0,32.0,4.0,54.0,0.0,13.0,6.0,70.0
255.501,42.3,200,0.0,1.0,0.0,0.0,32.0,4.0,54.0,0.0,13.0,6.0,70.0
255.75,41.8,200,1.0,1.0,0.0,0.0,32.0,4.0,54.0,0.0,13.0,7.0,70.0
256.0,41.8,200,0.0,1.0,0.0,0.0,32.0,4.0,57.0,0.0,13.0,6.0,70.0
256.25,42.8,200,0.0,1.0,0.0,0.0,32.0,4.0,57.0,0.0,13.0,6.0,70.0
256.5,41.8,200,0.0,1.0,0.0,0.0,32.0,4.0,57.0,0.0,13.0,6.0,70.0
256.75,41.8,200,0.0,1.0,0.0,0.0,32.0,4.0,57.0,0.0,13.0,6.0,70.0
257.0,41.8,200,0.0,1.0,0.0,0.0,32.0,4.0,60.0,0.0,13.0,6.0,70.0
257.25,42.8,200,0.0,1.0,0.0,0.0,32.0,4.0,60.0,0.0,13.0,6.0,70.0
257.5,42.8,200,0.0,1.0,0.0,0.0,32.0,4.0,60.0,0.0,13.0,6.0,70.0
257.75,41.8,200,0.0,1.0,0.0,0.0,32.0,4.0,60.0,0.0,13.0,6.0,70.0
258.001,42.2,200,1.0,1.0,0.0,0.0,32.0,4.0,60.0,0.0,13.0,7.0,70.0
258.25,41.8,200,0.0,1.0,0.0,0.0,32.0,4.0,64.0,0.0,13.0,6.0,70.0
258.5,41.9,200,0.0,1.0,0.0,0.0,32.0,4.0,64.0,0.0,13.0,6.0,70.0
258.75,41.8,200,0.0,1.0,0.0,0.0,32.0,4.0,64.0,0.0,13.0,6.0,70.0
259.0,42.7,200,0.0,1.0,0.0,0.0,32.0,4.0,64.0,0.0,13.0,6.0,70.0
259.25,41.8,200,0.0,1.0,0.0,0.0,32.0,4.0,66.0,0.0,13.0,6.0,70.0
259.5,41.9,200,0.0,1.0,0.0,0.0,32.0,4.0,66.0,0.0,13.0,6.0,70.0
259.75,41.9,200,0.0,1.0,0.0,0.0,32.0,4.0,33.0,0.0,13.0,6.0,70.0
260.0,41.7,200,0.0,1.0,0.0,0.0,32.0,4.0,33.0,0.0,13.0,6.0,70.0
260.25,41.8,200,1.0,1.0,0.0,0.0,32.0,4.0,37.0,0.0,13.0,7.0,70.0
260.5,41.8,200,0.0,1.0,0.0,0.0,32.0,4.0,37.0,0.0,13.0,6.0,70.0
260.75,41.8,200,0.0,1.0,0.0,0.0,32.0,4.0,37.0,0.0,13.0,6.0,70.0
261.0,41.8,200,0.0,1.0,0.0,0.0,32.0,4.0,37.0,0.0,13.0,6.0,70.0
261.25,41.8,200,0.0,1.0,0.0,0.0,32.0,4.0,40.0,0.0,13.0,6.0,70.0
261.5,41.8,200,0.0,1.0,0.0,0.0,32.0,4.0,40.0,0.0,13.0,6.0,70.0
261.75,42.8,200,0.0,1.0,0.0,0.0,32.0,4.0,40.0,0.0,13.0,6.0,70.0
262.0,41.8,200,0.0,1.0,0.0,0.0,32.0,4.0,40.0,0.0,13.0,6.0,70.0
262.25,41.8,200,0.0,1.0,0.0,0.0,32.0,4.0,43.0,0.0,13.0,6.0,70.0
262.5,41.8,200,2.0,1.0,0.0,0.0,32.0,4.0,43.0,0.0,13.0,8.0,70.0
262.75,41.8,200,0.0,1.0,0.0,0.0,32.0,4.0,43.0,0.0,13.0,6.0,70.0
263.0,41.8,200,0.0,1.0,0.0,0.0,32.0,4.0,43.0,0.0,13.0,6.0,70.0
263.25,41.8,200,0.0,1.0,0.0,0.0,32.0,4.0,49.0,0.0,13.0,6.0,70.0
263.5,41.8,200,0.0,1.0,0.0,0.0,32.0,4.0,49.0,0.0,13.0,6.0,70.0
263.75,41.7,200,0.0,1.0,0.0,0.0,32.0,4.0,49.0,0.0,13.0,6.0,70.0
264.0,41.8,200,0.0,1.0,0.0,0.0,32.0,4.0,49.0,0.0,13.0,6.0,70.0
264.25,41.8,200,0.0,1.0,0.0,0.0,32.0,4.0,52.0,0.0,13.0,6.0,70.0
264.5,41.8,200,0.0,1.0,0.0,0.0,32.0,4.0,52.0,0.0,13.0,6.0,70.0
264.75,41.8,200,1.0,1.0,0.0,0.0,32.0,4.0,52.0,0.0,13.0,7.0,70.0
265.0,41.8,200,0.0,1.0,0.0,0.0,32.0,4.0,52.0,0.0,13.0,6.0,70.0
265.25,41.9,200,0.0,1.0,0.0,0.0,32.0,4.0,55.0,0.0,13.0,6.0,70.0
265.5,41.8,200,0.0,1.0,0.0,0.0,32.0,4.0,55.0,0.0,13.0,6.0,70.0
265.75,41.8,200,0.0,1.0,0.0,0.0,32.0,4.0,55.0,0.0,13.0,6.0,70.0
266.0,41.8,200,0.0,1.0,0.0,0.0,32.0,4.0,55.0,0.0,13.0,6.0,70.0
266.25,41.8,200,0.0,1.0,0.0,0.0,32.0,4.0,58.0,0.0,13.0,6.0,70.0
266.5,41.8,200,0.0,1.0,0.0,0.0,32.0,4.0,58.0,0.0,13.0,6.0,70.0
266.75,41.8,200,0.0,1.0,0.0,0.0,32.0,4.0,58.0,0.0,13.0,6.0,70.0
267.0,41.8,200,1.0,1.0,0.0,0.0,32.0,4.0,58.0,0.0,13.0,7.0,70.0
267.25,42.9,200,0.0,1.0,0.0,0.0,32.0,4.0,59.0,0.0,13.0,6.0,70.0
267.5,41.8,200,0.0,1.0,0.0,0.0,32.0,4.0,59.0,0.0,13.0,6.0,70.0
267.75,42.8,200,0.0,1.0,0.0,0.0,32.0,4.0,59.0,0.0,13.0,6.0,70.0
268.0,42.8,200,0.0,1.0,0.0,0.0,32.0,4.0,59.0,0.0,13.0,6.0,70.0
268.25,41.8,200,0.0,1.0,0.0,0.0,32.0,4.0,65.0,0.0,13.0,6.0,70.0
268.5,42.8,200,0.0,1.0,0.0,0.0,32.0,4.0,65.0,0.0,13.0,6.0,70.0
268.75,41.9,200,0.0,1.0,0.0,0.0,32.0,4.0,65.0,0.0,13.0,6.0,70.0
269.001,42.6,200,0.0,1.0,0.0,0.0,32.0,4.0,65.0,0.0,13.0,6.0,70.0
269.25,42.8,200,1.0,1.0,0.0,0.0,32.0,4.0,67.0,0.0,13.0,7.0,70.0
269.5,41.9,200,0.0,1.0,0.0,0.0,32.0,4.0,67.0,0.0,13.0,6.0,70.0
269.75,41.8,200,0.0,1.0,0.0,0.0,32.0,4.0,67.0,0.0,13.0,6.0,70.0
270.0,41.8,200,0.0,1.0,0.0,0.0,32.0,4.0,34.0,0.0,13.0,6.0,70.0
270.25,41.8,200,0.0,1.0,0.0,0.0,32.0,4.0,38.0,0.0,13.0,6.0,70.0
270.5,42.8,200,0.0,1.0,0.0,0.0,32.0,4.0,38.0,0.0,13.0,6.0,70.0
270.75,42.8,200,0.0,1.0,0.0,0.0,32.0,4.0,38.0,0.0,13.0,6.0,70.0
271.0,41.8,200,0.0,1.0,0.0,0.0,32.0,4.0,38.0,0.0,13.0,6.0,70.0
271.25,41.8,200,0.0,1.0,0.0,0.0,32.0,4.0,38.0,0.0,13.0,6.0,70.0
271.5,41.7,200,1.0,1.0,0.0,0.0,32.0,4.0,41.0,0.0,13.0,7.0,70.0
271.75,41.8,200,0.0,1.0,0.0,0.0,32.0,4.0,41.0,0.0,13.0,6.0,70.0
272.0,41.8,200,0.0,1.0,0.0,0.0,32.0,4.0,41.0,0.0,13.0,6.0,70.0
272.25,41.8,200,0.0,1.0,0.0,0.0,32.0,4.0,41.0,0.0,13.0,6.0,70.0
272.5,41.7,200,0.0,1.0,0.0,0.0,32.0,4.0,44.0,0.0,13.0,6.0,70.0
272.75,41.8,200,1.0,1.0,0.0,0.0,32.0,4.0,44.0,0.0,13.0,7.0,70.0
273.0,41.9,200,0.0,1.0,0.0,0.0,32.0,4.0,44.0,0.0,13.0,6.0,70.0
273.25,42.8,200,0.0,1.0,0.0,0.0,32.0,4.0,44.0,0.0,13.0,6.0,70.0
273.5,41.7,200,0.0,1.0,0.0,0.0,32.0,4.0,50.0,0.0,13.0,6.0,70.0
273.75,41.8,200,0.0,1.0,0.0,0.0,32.0,4.0,50.0,0.0,13.0,6.0,70.0
274.0,41.8,200,0.0,1.0,0.0,0.0,32.0,4.0,50.0,0.0,13.0,6.0,70.0
274.25,41.8,200,0.0,1.0,0.0,0.0,32.0,4.0,50.0,0.0,13.0,6.0,70.0
274.5,41.8,200,0.0,1.0,0.0,0.0,32.0,4.0,53.0,0.0,13.0,6.0,70.0
274.75,41.8,200,0.0,1.0,0.0,0.0,32.0,4.0,53.0,0.0,13.0,6.0,70.0
275.0,41.7,200,1.0,1.0,0.0,0.0,32.0,4.0,53.0,0.0,13.0,7.0,70.0
275.25,41.9,200,0.0,1.0,0.0,0.0,32.0,4.0,53.0,0.0,13.0,6.0,70.0
275.5,41.8,200,0.0,1.0,0.0,0.0,32.0,4.0,56.0,0.0,13.0,6.0,70.0
275.75,41.8,200,0.0,1.0,0.0,0.0,32.0,4.0,56.0,0.0,13.0,6.0,70.0
276.0,41.7,200,0.0,1.0,0.0,0.0,32.0,4.0,56.0,0.0,13.0,6.0,70.0
276.25,41.8,200,1.0,1.0,0.0,0.0,32.0,4.0,56.0,0.0,13.0,7.0,70.0
276.5,41.8,200,0.0,1.0,0.0,0.0,32.0,4.0,59.0,0.0,13.0,6.0,70.0
276.75,41.8,200,0.0,1.0,0.0,0.0,32.0,4.0,59.0,0.0,13.0,6.0,70.0
277.0,41.8,200,0.0,1.0,0.0,0.0,32.0,4.0,59.0,0.0,13.0,6.0,70.0
277.25,42.8,200,0.0,1.0,0.0,0.0,32.0,4.0,59.0,0.0,13.0,6.0,70.0
277.5,41.8,200,0.0,1.0,0.0,0.0,32.0,4.0,62.0,0.0,13.0,6.0,70.0
277.75,41.9,200,0.0,1.0,0.0,0.0,32.0,4.0,62.0,0.0,13.0,6.0,70.0
278.0,41.9,200,0.0,1.0,0.0,0.0,32.0,4.0,62.0,0.0,13.0,6.0,70.0
278.25,41.9,200,0.0,1.0,0.0,0.0,32.0,4.0,62.0,0.0,13.0,6.0,70.0
278.5,41.9,200,1.0,1.0,0.0,0.0,32.0,4.0,66.0,0.0,13.0,7.0,70.0
278.75,41.7,200,0.0,1.0,0.0,0.0,32.0,4.0,66.0,0.0,13.0,6.0,70.0
279.0,41.8,200,0.0,1.0,0.0,0.0,32.0,4.0,66.0,0.0,13.0,6.0,70.0
279.25,41.8,200,0.0,1.0,0.0,0.0,32.0,4.0,66.0,0.0,13.0,6.0,70.0
279.5,41.8,200,0.0,1.0,0.0,0.0,32.0,4.0,68.0,0.0,13.0,6.0,70.0
279.75,41.7,200,0.0,1.0,0.0,0.0,32.0,4.0,68.0,0.0,13.0,6.0,70.0
280.0,42.8,200,0.0,1.0,0.0,0.0,32.0,4.0,34.0,0.0,13.0,6.0,70.0
280.25,41.8,200,0.0,1.0,0.0,0.0,32.0,4.0,34.0,0.0,13.0,6.0,70.0
280.5,42.7,200,0.0,1.0,0.0,0.0,32.0,4.0,38.0,0.0,13.0,6.0,70.0
280.75,41.8,200,1.0,1.0,0.0,0.0,32.0,4.0,38.0,0.0,13.0,7.0,70.0
281.0,41.8,200,0.0,1.0,0.0,0.0,32.0,4.0,38.0,0.0,13.0,6.0,70.0
281.251,42.6,200,0.0,1.0,0.0,0.0,32.0,4.0,38.0,0.0,13.0,6.0,70.0
281.5,41.9,200,0.0,1.0,0.0,0.0,32.0,4.0,41.0,0.0,13.0,6.0,70.0
281.751,42.6,200,0.0,1.0,0.0,0.0,32.0,4.0,41.0,0.0,13.0,6.0,70.0
282.0,41.8,200,0.0,1.0,0.0,0.0,32.0,4.0,41.0,0.0,13.0,6.0,70.0
282.25,41.7,200,0.0,1.0,0.0,0.0,32.0,4.0,41.0,0.0,13.0,6.0,70.0
282.5,43.8,200,0.0,1.0,0.0,0.0,32.0,4.0,44.0,0.0,13.0,6.0,70.0
282.75,41.8,200,0.0,1.0,0.0,0.0,32.0,4.0,44.0,0.0,13.0,6.0,70.0
283.0,41.8,200,1.0,1.0,0.0,0.0,32.0,4.0,44.0,0.0,13.0,7.0,70.0
283.25,41.8,200,0.0,1.0,0.0,0.0,32.0,4.0,44.0,0.0,13.0,6.0,70.0
283.5,41.8,200,0.0,1.0,0.0,0.0,32.0,4.0,50.0,0.0,13.0,6.0,70.0
283.75,41.7,200,0.0,1.0,0.0,0.0,32.0,4.0,50.0,0.0,13.0,6.0,70.0
284.0,41.8,200,0.0,1.0,0.0,0.0,32.0,4.0,50.0,0.0,13.0,6.0,70.0
284.25,41.9,200,0.0,1.0,0.0,0.0,32.0,4.0,50.0,0.0,13.0,6.0,70.0
284.5,42.7,200,0.0,1.0,0.0,0.0,32.0,4.0,50.0,0.0,13.0,6.0,70.0
284.75,41.8,200,0.0,1.0,0.0,0.0,32.0,4.0,53.0,0.0,13.0,6.0,70.0
285.0,41.9,200,0.0,1.0,0.0,0.0,32.0,4.0,53.0,0.0,13.0,6.0,70.0
285.25,41.8,200,1.0,1.0,0.0,0.0,32.0,4.0,53.0,0.0,13.0,7.0,70.0
285.5,41.8,200,0.0,1.0,0.0,0.0,32.0,4.0,53.0,0.0,13.0,6.0,70.0
285.75,41.7,200,0.0,1.0,0.0,0.0,32.0,4.0,56.0,0.0,13.0,6.0,70.0
286.0,41.9,200,0.0,1.0,0.0,0.0,32.0,4.0,56.0,0.0,13.0,6.0,70.0
286.25,41.8,200,0.0,1.0,0.0,0.0,32.0,4.0,56.0,0.0,13.0,6.0,70.0
286.5,42.8,200,0.0,1.0,0.0,0.0,32.0,4.0,56.0,0.0,13.0,6.0,70.0
286.75,41.8,200,0.0,1.0,0.0,0.0,32.0,4.0,59.0,0.0,13.0,6.0,70.0
287.001,42.6,200,0.0,1.0,0.0,0.0,32.0,4.0,59.0,0.0,13.0,6.0,70.0
287.25,41.8,200,0.0,1.0,0.0,0.0,32.0,4.0,59.0,0.0,13.0,6.0,70.0
287.5,41.8,200,1.0,1.0,0.0,0.0,32.0,4.0,59.0,0.0,13.0,7.0,70.0
287.75,41.8,200,0.0,1.0,0.0,0.0,32.0,4.0,60.0,0.0,13.0,6.0,70.0
288.0,41.9,200,0.0,1.0,0.0,0.0,32.0,4.0,60.0,0.0,13.0,6.0,70.0
288.25,41.8,200,0.0,1.0,0.0,0.0,32.0,4.0,60.0,0.0,13.0,6.0,70.0
288.5,41.8,200,0.0,1.0,0.0,0.0,32.0,4.0,60.0,0.0,13.0,6.0,70.0
288.75,42.8,200,0.0,1.0,0.0,0.0,32.0,4.0,65.0,0.0,13.0,6.0,70.0
289.0,41.8,200,0.0,1.0,0.0,0.0,32.0,4.0,65.0,0.0,13.0,6.0,70.0
289.25,41.7,200,0.0,1.0,0.0,0.0,32.0,4.0,65.0,0.0,13.0,6.0,70.0
289.5,41.8,200,0.0,1.0,0.0,0.0,32.0,4.0,65.0,0.0,13.0,6.0,70.0
289.75,42.8,200,1.0,1.0,0.0,0.0,32.0,4.0,68.0,0.0,13.0,7.0,70.0
290.0,41.7,200,0.0,1.0,0.0,0.0,32.0,4.0,68.0,0.0,13.0,6.0,70.0
290.25,41.8,200,0.0,1.0,0.0,0.0,32.0,4.0,34.0,0.0,13.0,6.0,70.0
290.5,42.7,200,0.0,1.0,0.0,0.0,32.0,4.0,34.0,0.0,13.0,6.0,70.0
290.75,41.9,200,0.0,1.0,0.0,0.0,32.0,4.0,38.0,0.0,13.0,6.0,70.0
291.0,41.9,200,0.0,1.0,0.0,0.0,32.0,4.0,38.0,0.0,13.0,6.0,70.0
291.25,41.8,200,0.0,1.0,0.0,0.0,32.0,4.0,38.0,0.0,13.0,6.0,70.0
291.5,41.9,200,0.0,1.0,0.0,0.0,32.0,4.0,38.0,0.0,13.0,6.0,70.0
291.75,41.8,200,0.0,1.0,0.0,0.0,32.0,4.0,41.0,0.0,13.0,6.0,70.0
292.0,41.8,200,1.0,1.0,0.0,0.0,32.0,4.0,41.0,0.0,13.0,7.0,70.0
292.25,41.8,200,0.0,1.0,0.0,0.0,32.0,4.0,41.0,0.0,13.0,6.0,70.0
292.5,42.7,200,0.0,1.0,0.0,0.0,32.0,4.0,41.0,0.0,13.0,6.0,70.0
292.75,41.8,200,1.0,1.0,0.0,0.0,32.0,4.0,44.0,0.0,13.0,7.0,70.0
293.0,41.8,200,0.0,1.0,0.0,0.0,32.0,4.0,44.0,0.0,13.0,6.0,70.0
293.25,41.9,200,0.0,1.0,0.0,0.0,32.0,4.0,44.0,0.0,13.0,6.0,70.0
293.5,41.9,200,0.0,1.0,0.0,0.0,32.0,4.0,44.0,0.0,13.0,6.0,70.0
293.75,41.9,200,0.0,1.0,0.0,0.0,32.0,4.0,50.0,0.0,13.0,6.0,70.0
294.0,41.9,200,0.0,1.0,0.0,0.0,32.0,4.0,50.0,0.0,13.0,6.0,70.0
294.25,41.8,200,1.0,1.0,0.0,0.0,32.0,4.0,50.0,0.0,13.0,7.0,70.0
294.5,41.8,200,0.0,1.0,0.0,0.0,32.0,4.0,50.0,0.0,13.0,6.0,70.0
294.75,41.8,200,0.0,1.0,0.0,0.0,32.0,4.0,53.0,0.0,13.0,6.0,70.0
295.0,41.9,200,0.0,1.0,0.0,0.0,32.0,4.0,53.0,0.0,13.0,6.0,70.0
295.25,41.8,200,0.0,1.0,0.0,0.0,32.0,4.0,53.0,0.0,13.0,6.0,70.0
295.5,41.7,200,0.0,1.0,0.0,0.0,32.0,4.0,53.0,0.0,13.0,6.0,70.0
295.75,41.7,200,0.0,1.0,0.0,0.0,32.0,4.0,56.0,0.0,13.0,6.0,70.0
296.0,41.8,200,0.0,1.0,0.0,0.0,32.0,4.0,56.0,0.0,13.0,6.0,70.0
296.25,41.8,200,0.0,1.0,0.0,0.0,32.0,4.0,56.0,0.0,13.0,6.0,70.0
296.5,41.8,200,0.0,1.0,0.0,0.0,32.0,4.0,56.0,0.0,13.0,6.0,70.0
296.75,41.8,200,0.0,1.0,0.0,0.0,32.0,4.0,57.0,0.0,13.0,6.0,70.0
297.0,41.9,200,0.0,1.0,0.0,0.0,32.0,4.0,57.0,0.0,13.0,6.0,70.0
297.25,41.8,200,0.0,1.0,0.0,0.0,32.0,4.0,57.0,0.0,13.0,6.0,70.0
297.5,41.9,200,0.0,1.0,0.0,0.0,32.0,4.0,57.0,0.0,13.0,6.0,70.0
297.75,41.8,200,1.0,1.0,0.0,0.0,32.0,4.0,57.0,0.0,13.0,7.0,70.0
298.0,41.8,200,0.0,1.0,0.0,0.0,32.0,4.0,59.0,0.0,13.0,6.0,70.0
298.25,41.8,200,0.0,1.0,0.0,0.0,32.0,4.0,59.0,0.0,13.0,6.0,70.0
298.5,42.7,200,0.0,1.0,0.0,0.0,32.0,4.0,59.0,0.0,13.0,6.0,70.0
298.75,43.8,200,0.0,1.0,0.0,0.0,32.0,4.0,59.0,0.0,13.0,6.0,70.0
299.0,41.7,200,1.0,1.0,0.0,0.0,32.0,4.0,65.0,0.0,13.0,7.0,70.0
299.25,42.8,200,0.0,1.0,0.0,0.0,32.0,4.0,65.0,0.0,13.0,6.0,70.0
299.5,42.7,200,0.0,1.0,0.0,0.0,32.0,4.0,65.0,0.0,13.0,6.0,70.0
299.751,42.2,200,0.0,1.0,0.0,0.0,32.0,4.0,65.0,0.0,13.0,6.0,70.0
300.0,41.8,200,0.0,1.0,0.0,0.0,32.0,4.0,68.0,0.0,13.0,6.0,70.0
300.25,41.8,200,0.0,1.0,0.0,0.0,32.0,4.0,34.0,0.0,13.0,6.0,70.0
300.5,41.8,200,0.0,1.0,0.0,0.0,32.0,4.0,34.0,0.0,13.0,6.0,70.0
300.75,42.8,200,0.0,1.0,0.0,0.0,32.0,4.0,34.0,0.0,13.0,6.0,70.0
301.0,41.8,200,0.0,1.0,0.0,0.0,32.0,4.0,40.0,0.0,13.0,6.0,70.0
301.25,41.7,200,1.0,1.0,0.0,0.0,32.0,4.0,40.0,0.0,13.0,7.0,70.0
301.5,41.9,200,0.0,1.0,0.0,0.0,32.0,4.0,40.0,0.0,13.0,6.0,70.0
301.75,41.8,200,0.0,1.0,0.0,0.0,32.0,4.0,40.0,0.0,13.0,6.0,70.0
302.0,41.8,200,0.0,1.0,0.0,0.0,32.0,4.0,43.0,0.0,13.0,6.0,70.0
302.251,42.2,200,0.0,1.0,0.0,0.0,32.0,4.0,43.0,0.0,13.0,6.0,70.0
302.5,41.8,200,0.0,1.0,0.0,0.0,32.0,4.0,43.0,0.0,13.0,6.0,70.0
302.75,41.9,200,0.0,1.0,0.0,0.0,32.0,4.0,43.0,0.0,13.0,6.0,70.0
303.0,41.9,200,0.0,1.0,0.0,0.0,32.0,4.0,47.0,0.0,13.0,6.0,70.0
303.25,41.8,200,0.0,1.0,0.0,0.0,32.0,4.0,47.0,0.0,13.0,6.0,70.0
303.5,41.8,200,1.0,1.0,0.0,0.0,32.0,4.0,47.0,0.0,13.0,7.0,70.0
303.75,41.8,200,0.0,1.0,0.0,0.0,32.0,4.0,47.0,0.0,13.0,6.0,70.0
304.0,41.9,200,0.0,1.0,0.0,0.0,32.0,4.0,52.0,0.0,13.0,6.0,70.0
304.25,41.8,200,0.0,1.0,0.0,0.0,32.0,4.0,52.0,0.0,13.0,6.0,70.0
304.5,41.8,200,0.0,1.0,0.0,0.0,32.0,4.0,52.0,0.0,13.0,6.0,70.0
304.75,42.0,200,0.0,1.0,0.0,0.0,32.0,4.0,52.0,0.0,13.0,6.0,70.0
305.0,41.8,200,0.0,1.0,0.0,0.0,32.0,4.0,55.0,0.0,13.0,6.0,70.0
305.25,41.8,200,0.0,1.0,0.0,0.0,32.0,4.0,55.0,0.0,13.0,6.0,70.0
305.5,41.9,200,0.0,1.0,0.0,0.0,32.0,4.0,55.0,0.0,13.0,6.0,70.0
305.75,41.8,200,1.0,1.0,0.0,0.0,32.0,4.0,55.0,0.0,13.0,7.0,70.0
306.0,41.8,200,0.0,1.0,0.0,0.0,32.0,4.0,58.0,0.0,13.0,6.0,70.0
306.25,41.9,200,0.0,1.0,0.0,0.0,32.0,4.0,58.0,0.0,13.0,6.0,70.0
306.5,41.7,200,0.0,1.0,0.0,0.0,32.0,4.0,58.0,0.0,13.0,6.0,70.0
306.75,41.8,200,0.0,1.0,0.0,0.0,32.0,4.0,58.0,0.0,13.0,6.0,70.0
307.0,41.8,200,0.0,1.0,0.0,0.0,32.0,4.0,61.0,0.0,13.0,6.0,70.0
307.25,41.7,200,0.0,1.0,0.0,0.0,32.0,4.0,61.0,0.0,13.0,6.0,70.0
307.5,41.9,200,0.0,1.0,0.0,0.0,32.0,4.0,61.0,0.0,13.0,6.0,70.0
307.75,42.2,200,0.0,1.0,0.0,0.0,32.0,4.0,61.0,0.0,13.0,6.0,70.0
308.0,41.8,200,1.0,1.0,0.0,0.0,32.0,4.0,65.0,0.0,13.0,7.0,70.0
308.25,41.8,200,0.0,1.0,0.0,0.0,32.0,4.0,65.0,0.0,13.0,6.0,70.0
308.5,42.8,200,0.0,1.0,0.0,0.0,32.0,4.0,65.0,0.0,13.0,6.0,70.0
308.75,41.9,200,0.0,1.0,0.0,0.0,32.0,4.0,65.0,0.0,13.0,6.0,70.0
309.0,42.1,200,0.0,1.0,0.0,0.0,32.0,4.0,67.0,0.0,13.0,6.0,70.0
309.25,41.8,200,0.0,1.0,0.0,0.0,32.0,4.0,67.0,0.0,13.0,6.0,70.0
309.5,41.9,200,0.0,1.0,0.0,0.0,32.0,4.0,67.0,0.0,13.0,6.0,70.0
309.75,41.8,200,0.0,1.0,0.0,0.0,32.0,4.0,67.0,0.0,13.0,6.0,70.0
310.0,41.8,200,0.0,1.0,0.0,0.0,32.0,4.0,70.0,0.0,13.0,6.0,70.0
310.25,41.8,200,1.0,1.0,0.0,0.0,32.0,4.0,70.0,0.0,13.0,7.0,70.0
310.5,42.8,200,0.0,1.0,0.0,0.0,32.0,4.0,36.0,0.0,13.0,6.0,70.0
310.75,41.8,200,0.0,1.0,0.0,0.0,32.0,4.0,36.0,0.0,13.0,6.0,70.0
311.0,41.8,200,0.0,1.0,0.0,0.0,32.0,4.0,40.0,0.0,13.0,6.0,70.0
311.25,41.8,200,0.0,1.0,0.0,0.0,32.0,4.0,40.0,0.0,13.0,6.0,70.0
311.5,41.7,200,0.0,1.0,0.0,0.0,32.0,4.0,40.0,0.0,13.0,6.0,70.0
311.75,42.8,200,0.0,1.0,0.0,0.0,32.0,4.0,40.0,0.0,13.0,6.0,70.0
312.0,41.8,200,0.0,1.0,0.0,0.0,32.0,4.0,40.0,0.0,13.0,6.0,70.0
312.25,42.2,200,0.0,1.0,0.0,0.0,32.0,4.0,43.0,0.0,13.0,6.0,70.0
312.5,42.8,200,1.0,1.0,0.0,0.0,32.0,4.0,43.0,0.0,13.0,7.0,70.0
312.75,41.8,200,0.0,1.0,0.0,0.0,32.0,4.0,43.0,0.0,13.0,6.0,70.0
313.0,41.8,200,0.0,1.0,0.0,0.0,32.0,4.0,43.0,0.0,13.0,6.0,70.0
313.25,41.8,200,0.0,1.0,0.0,0.0,32.0,4.0,49.0,0.0,13.0,6.0,70.0
313.5,41.8,200,0.0,1.0,0.0,0.0,32.0,4.0,49.0,0.0,13.0,6.0,70.0
313.75,41.9,200,0.0,1.0,0.0,0.0,32.0,4.0,49.0,0.0,13.0,6.0,70.0
314.0,41.8,200,0.0,1.0,0.0,0.0,32.0,4.0,49.0,0.0,13.0,6.0,70.0
314.25,42.3,200,0.0,1.0,0.0,0.0,32.0,4.0,52.0,0.0,13.0,6.0,70.0
314.5,42.8,200,0.0,1.0,0.0,0.0,32.0,4.0,52.0,0.0,13.0,6.0,70.0
314.75,41.8,200,1.0,1.0,0.0,0.0,32.0,4.0,52.0,0.0,13.0,7.0,70.0
315.0,41.8,200,0.0,1.0,0.0,0.0,32.0,4.0,52.0,0.0,13.0,6.0,70.0
315.25,41.8,200,0.0,1.0,0.0,0.0,32.0,4.0,55.0,0.0,13.0,6.0,70.0
315.5,41.9,200,0.0,1.0,0.0,0.0,32.0,4.0,55.0,0.0,13.0,6.0,70.0
315.75,41.8,200,0.0,1.0,0.0,0.0,32.0,4.0,55.0,0.0,13.0,6.0,70.0
316.0,41.8,200,1.0,1.0,0.0,0.0,32.0,4.0,55.0,0.0,13.0,7.0,70.0
316.25,41.8,200,0.0,1.0,0.0,0.0,32.0,4.0,58.0,0.0,13.0,6.0,70.0
316.5,42.7,200,0.0,1.0,0.0,0.0,32.0,4.0,58.0,0.0,13.0,6.0,70.0
316.75,41.8,200,0.0,1.0,0.0,0.0,32.0,4.0,58.0,0.0,13.0,6.0,70.0
317.0,41.8,200,0.0,1.0,0.0,0.0,32.0,4.0,58.0,0.0,13.0,6.0,70.0
317.25,41.7,200,1.0,1.0,0.0,0.0,32.0,4.0,59.0,0.0,13.0,7.0,70.0
317.5,41.9,200,0.0,1.0,0.0,0.0,32.0,4.0,59.0,0.0,13.0,6.0,70.0
317.75,41.8,200,0.0,1.0,0.0,0.0,32.0,4.0,59.0,0.0,13.0,6.0,70.0
318.0,41.9,200,0.0,1.0,0.0,0.0,32.0,4.0,59.0,0.0,13.0,6.0,70.0
318.25,42.8,200,0.0,1.0,0.0,0.0,32.0,4.0,64.0,0.0,13.0,6.0,70.0
318.5,42.8,200,0.0,1.0,0.0,0.0,32.0,4.0,64.0,0.0,13.0,6.0,70.0
318.75,41.8,200,0.0,1.0,0.0,0.0,32.0,4.0,64.0,0.0,13.0,6.0,70.0
319.0,43.8,200,0.0,1.0,0.0,0.0,32.0,4.0,64.0,0.0,13.0,6.0,70.0
319.25,41.8,200,0.0,1.0,0.0,0.0,32.0,4.0,67.0,0.0,13.0,6.0,70.0
319.5,41.8,200,1.0,1.0,0.0,0.0,32.0,4.0,67.0,0.0,13.0,7.0,70.0
319.75,41.8,200,0.0,1.0,0.0,0.0,32.0,4.0,67.0,0.0,13.0,6.0,70.0
320.0,42.8,200,0.0,1.0,0.0,0.0,32.0,4.0,67.0,0.0,13.0,6.0,70.0
320.25,41.8,200,0.0,1.0,0.0,0.0,32.0,4.0,70.0,0.0,13.0,6.0,70.0
320.5,42.8,200,0.0,1.0,0.0,0.0,32.0,4.0,70.0,0.0,13.0,6.0,70.0
320.75,42.8,200,0.0,1.0,0.0,0.0,32.0,4.0,34.0,0.0,13.0,6.0,70.0
321.0,41.8,200,0.0,1.0,0.0,0.0,32.0,4.0,34.0,0.0,13.0,6.0,70.0
321.25,41.9,200,0.0,1.0,0.0,0.0,32.0,4.0,38.0,0.0,13.0,6.0,70.0
321.5,41.8,200,0.0,1.0,0.0,0.0,32.0,4.0,38.0,0.0,13.0,6.0,70.0
321.75,42.8,200,1.0,1.0,0.0,0.0,32.0,4.0,38.0,0.0,13.0,7.0,70.0
322.0,41.8,200,0.0,1.0,0.0,0.0,32.0,4.0,38.0,0.0,13.0,6.0,70.0
322.25,41.8,200,0.0,1.0,0.0,0.0,32.0,4.0,41.0,0.0,13.0,6.0,70.0
322.5,41.8,200,0.0,1.0,0.0,0.0,32.0,4.0,41.0,0.0,13.0,6.0,70.0
322.75,41.8,200,0.0,1.0,0.0,0.0,32.0,4.0,41.0,0.0,13.0,6.0,70.0
323.0,42.8,200,1.0,1.0,0.0,0.0,32.0,4.0,41.0,0.0,13.0,7.0,70.0
323.25,41.8,200,0.0,1.0,0.0,0.0,32.0,4.0,47.0,0.0,13.0,6.0,70.0
323.5,41.8,200,0.0,1.0,0.0,0.0,32.0,4.0,47.0,0.0,13.0,6.0,70.0
323.75,41.9,200,0.0,1.0,0.0,0.0,32.0,4.0,47.0,0.0,13.0,6.0,70.0
324.0,41.8,200,1.0,1.0,0.0,0.0,32.0,4.0,47.0,0.0,13.0,7.0,70.0
324.25,41.9,200,0.0,1.0,0.0,0.0,32.0,4.0,50.0,0.0,13.0,6.0,70.0
324.5,42.7,200,0.0,1.0,0.0,0.0,32.0,4.0,50.0,0.0,13.0,6.0,70.0
324.75,41.9,200,0.0,1.0,0.0,0.0,32.0,4.0,50.0,0.0,13.0,6.0,70.0
325.0,41.9,200,0.0,1.0,0.0,0.0,32.0,4.0,50.0,0.0,13.0,6.0,70.0
325.25,41.8,200,0.0,1.0,0.0,0.0,32.0,4.0,53.0,0.0,13.0,6.0,70.0
325.5,42.2,200,0.0,1.0,0.0,0.0,32.0,4.0,53.0,0.0,13.0,6.0,70.0
325.75,41.8,200,0.0,1.0,0.0,0.0,32.0,4.0,53.0,0.0,13.0,6.0,70.0
326.0,42.3,200,0.0,1.0,0.0,0.0,32.0,4.0,53.0,0.0,13.0,6.0,70.0
326.25,42.8,200,1.0,1.0,0.0,0.0,32.0,4.0,53.0,0.0,13.0,7.0,70.0
326.5,41.8,200,0.0,1.0,0.0,0.0,32.0,4.0,54.0,0.0,13.0,6.0,70.0
326.75,41.9,200,0.0,1.0,0.0,0.0,32.0,4.0,54.0,0.0,13.0,6.0,70.0
327.0,41.9,200,0.0,1.0,0.0,0.0,32.0,4.0,54.0,0.0,13.0,6.0,70.0
327.25,41.8,200,0.0,1.0,0.0,0.0,32.0,4.0,54.0,0.0,13.0,6.0,70.0
327.5,41.8,200,0.0,1.0,0.0,0.0,32.0,4.0,56.0,0.0,13.0,6.0,70.0
327.75,41.8,200,0.0,1.0,0.0,0.0,32.0,4.0,56.0,0.0,13.0,6.0,70.0
328.0,42.8,200,0.0,1.0,0.0,0.0,32.0,4.0,56.0,0.0,13.0,6.0,70.0
328.25,42.8,200,0.0,1.0,0.0,0.0,32.0,4.0,56.0,0.0,13.0,6.0,70.0
328.5,43.9,200,1.0,1.0,0.0,0.0,32.0,4.0,62.0,0.0,13.0,7.0,70.0
328.75,42.8,200,0.0,1.0,0.0,0.0,32.0,4.0,62.0,0.0,13.0,6.0,70.0
329.0,41.7,200,0.0,1.0,0.0,0.0,32.0,4.0,62.0,0.0,13.0,6.0,70.0
329.25,41.8,200,0.0,1.0,0.0,0.0,32.0,4.0,62.0,0.0,13.0,6.0,70.0
329.5,41.8,200,0.0,1.0,0.0,0.0,32.0,4.0,65.0,0.0,13.0,6.0,70.0
329.75,42.8,200,0.0,1.0,0.0,0.0,32.0,4.0,65.0,0.0,13.0,6.0,70.0
330.0,42.8,200,0.0,1.0,0.0,0.0,32.0,4.0,65.0,0.0,13.0,6.0,70.0
330.25,41.8,200,0.0,1.0,0.0,0.0,32.0,4.0,65.0,0.0,13.0,6.0,70.0
330.5,41.8,200,0.0,1.0,0.0,0.0,32.0,4.0,68.0,0.0,13.0,6.0,70.0
330.75,41.8,200,1.0,1.0,0.0,0.0,32.0,4.0,34.0,0.0,13.0,7.0,70.0
331.0,41.8,200,0.0,1.0,0.0,0.0,32.0,4.0,34.0,0.0,13.0,6.0,70.0
331.25,41.8,200,0.0,1.0,0.0,0.0,32.0,4.0,34.0,0.0,13.0,6.0,70.0
331.5,41.8,200,0.0,1.0,0.0,0.0,32.0,4.0,38.0,0.0,13.0,6.0,70.0
331.75,41.9,200,0.0,1.0,0.0,0.0,32.0,4.0,38.0,0.0,13.0,6.0,70.0
332.0,42.1,200,0.0,1.0,0.0,0.0,32.0,4.0,38.0,0.0,13.0,6.0,70.0
332.25,41.8,200,0.0,1.0,0.0,0.0,32.0,4.0,38.0,0.0,13.0,6.0,70.0
332.5,41.8,200,0.0,1.0,0.0,0.0,32.0,4.0,41.0,0.0,13.0,6.0,70.0
332.75,41.8,200,0.0,1.0,0.0,0.0,32.0,4.0,41.0,0.0,13.0,6.0,70.0
333.0,41.8,200,1.0,1.0,0.0,0.0,32.0,4.0,41.0,0.0,13.0,7.0,70.0
333.25,41.8,200,0.0,1.0,0.0,0.0,32.0,4.0,41.0,0.0,13.0,6.0,70.0
333.5,41.9,200,0.0,1.0,0.0,0.0,32.0,4.0,47.0,0.0,13.0,6.0,70.0
333.75,41.8,200,0.0,1.0,0.0,0.0,32.0,4.0,47.0,0.0,13.0,6.0,70.0
334.0,41.8,200,0.0,1.0,0.0,0.0,32.0,4.0,47.0,0.0,13.0,6.0,70.0
334.25,41.7,200,0.0,1.0,0.0,0.0,32.0,4.0,47.0,0.0,13.0,6.0,70.0
334.5,41.8,200,0.0,1.0,0.0,0.0,32.0,4.0,50.0,0.0,13.0,6.0,70.0
334.75,41.8,200,0.0,1.0,0.0,0.0,32.0,4.0,50.0,0.0,13.0,6.0,70.0
335.0,42.8,200,0.0,1.0,0.0,0.0,32.0,4.0,50.0,0.0,13.0,6.0,70.0
335.25,42.8,200,1.0,1.0,0.0,0.0,32.0,4.0,50.0,0.0,13.0,7.0,70.0
335.5,41.8,200,0.0,1.0,0.0,0.0,32.0,4.0,51.0,0.0,13.0,6.0,70.0
335.75,42.8,200,0.0,1.0,0.0,0.0,32.0,4.0,51.0,0.0,13.0,6.0,70.0
336.0,41.9,200,0.0,1.0,0.0,0.0,32.0,4.0,51.0,0.0,13.0,6.0,70.0
336.25,41.8,200,0.0,1.0,0.0,0.0,32.0,4.0,51.0,0.0,13.0,6.0,70.0
336.5,41.8,200,1.0,1.0,0.0,0.0,32.0,4.0,53.0,0.0,13.0,7.0,70.0
336.75,41.9,200,0.0,1.0,0.0,0.0,32.0,4.0,53.0,0.0,13.0,6.0,70.0
337.0,41.8,200,0.0,1.0,0.0,0.0,32.0,4.0,53.0,0.0,13.0,6.0,70.0
337.25,42.9,200,0.0,1.0,0.0,0.0,32.0,4.0,53.0,0.0,13.0,6.0,70.0
337.5,42.8,200,0.0,1.0,0.0,0.0,32.0,4.0,56.0,0.0,13.0,6.0,70.0
337.75,41.8,200,0.0,1.0,0.0,0.0,32.0,4.0,56.0,0.0,13.0,6.0,70.0
338.0,41.9,200,0.0,1.0,0.0,0.0,32.0,4.0,56.0,0.0,13.0,6.0,70.0
338.25,41.8,200,0.0,1.0,0.0,0.0,32.0,4.0,56.0,0.0,13.0,6.0,70.0
338.5,41.8,200,0.0,1.0,0.0,0.0,32.0,4.0,56.0,0.0,13.0,6.0,70.0
338.75,41.7,200,1.0,1.0,0.0,0.0,32.0,4.0,62.0,0.0,13.0,7.0,70.0
339.0,41.7,200,0.0,1.0,0.0,0.0,32.0,4.0,62.0,0.0,13.0,6.0,70.0
339.25,41.8,200,0.0,1.0,0.0,0.0,32.0,4.0,62.0,0.0,13.0,6.0,70.0
339.5,41.8,200,0.0,1.0,0.0,0.0,32.0,4.0,62.0,0.0,13.0,6.0,70.0
339.75,41.8,200,0.0,1.0,0.0,0.0,32.0,4.0,65.0,0.0,13.0,6.0,70.0
340.0,41.7,200,1.0,1.0,0.0,0.0,32.0,4.0,65.0,0.0,13.0,7.0,70.0
340.25,41.8,200,0.0,1.0,0.0,0.0,32.0,4.0,65.0,0.0,13.0,6.0,70.0
340.5,41.8,200,0.0,1.0,0.0,0.0,32.0,4.0,65.0,0.0,13.0,6.0,70.0
340.75,41.8,200,0.0,1.0,0.0,0.0,32.0,4.0,68.0,0.0,13.0,6.0,70.0
341.0,41.8,200,0.0,1.0,0.0,0.0,32.0,4.0,68.0,0.0,13.0,6.0,70.0
341.25,41.9,200,0.0,1.0,0.0,0.0,32.0,4.0,34.0,0.0,13.0,6.0,70.0
341.5,41.9,200,0.0,1.0,0.0,0.0,32.0,4.0,34.0,0.0,13.0,6.0,70.0
341.75,41.8,200,0.0,1.0,0.0,0.0,32.0,4.0,38.0,0.0,13.0,6.0,70.0
342.0,41.9,200,0.0,1.0,0.0,0.0,32.0,4.0,38.0,0.0,13.0,6.0,70.0
342.25,41.7,200,1.0,1.0,0.0,0.0,32.0,4.0,38.0,0.0,13.0,7.0,70.0
342.5,41.8,200,0.0,1.0,0.0,0.0,32.0,4.0,38.0,0.0,13.0,6.0,70.0
342.75,41.8,200,0.0,1.0,0.0,0.0,32.0,4.0,41.0,0.0,13.0,6.0,70.0
343.0,41.8,200,0.0,1.0,0.0,0.0,32.0,4.0,41.0,0.0,13.0,6.0,70.0
343.251,42.5,200,0.0,1.0,0.0,0.0,32.0,4.0,41.0,0.0,13.0,6.0,70.0
343.5,41.7,200,0.0,1.0,0.0,0.0,32.0,4.0,41.0,0.0,13.0,6.0,70.0
343.75,42.7,200,0.0,1.0,0.0,0.0,32.0,4.0,47.0,0.0,13.0,6.0,70.0
344.0,41.9,200,0.0,1.0,0.0,0.0,32.0,4.0,47.0,0.0,13.0,6.0,70.0
344.25,41.9,200,0.0,1.0,0.0,0.0,32.0,4.0,47.0,0.0,13.0,6.0,70.0
344.5,43.8,200,1.0,1.0,0.0,0.0,32.0,4.0,47.0,0.0,13.0,7.0,70.0
344.75,41.8,200,0.0,1.0,0.0,0.0,32.0,4.0,50.0,0.0,13.0,6.0,70.0
345.0,41.9,200,0.0,1.0,0.0,0.0,32.0,4.0,50.0,0.0,13.0,6.0,70.0
345.25,41.9,200,0.0,1.0,0.0,0.0,32.0,4.0,50.0,0.0,13.0,6.0,70.0
345.5,41.7,200,0.0,1.0,0.0,0.0,32.0,4.0,50.0,0.0,13.0,6.0,70.0
345.75,41.7,200,0.0,1.0,0.0,0.0,32.0,4.0,53.0,0.0,13.0,6.0,70.0
346.0,41.8,200,0.0,1.0,0.0,0.0,32.0,4.0,53.0,0.0,13.0,6.0,70.0
346.25,41.9,200,0.0,1.0,0.0,0.0,32.0,4.0,53.0,0.0,13.0,6.0,70.0
346.5,41.8,200,0.0,1.0,0.0,0.0,32.0,4.0,53.0,0.0,13.0,6.0,70.0
346.75,42.8,200,1.0,1.0,0.0,0.0,32.0,4.0,54.0,0.0,13.0,7.0,70.0
347.0,41.8,200,0.0,1.0,0.0,0.0,32.0,4.0,54.0,0.0,13.0,6.0,70.0
347.25,41.7,200,0.0,1.0,0.0,0.0,32.0,4.0,54.0,0.0,13.0,6.0,70.0
347.5,41.7,200,0.0,1.0,0.0,0.0,32.0,4.0,54.0,0.0,13.0,6.0,70.0
347.75,41.8,200,0.0,1.0,0.0,0.0,32.0,4.0,54.0,0.0,13.0,6.0,70.0
348.0,41.8,200,0.0,1.0,0.0,0.0,32.0,4.0,56.0,0.0,13.0,6.0,70.0
348.25,41.9,200,0.0,1.0,0.0,0.0,32.0,4.0,56.0,0.0,13.0,6.0,70.0
348.5,42.7,200,0.0,1.0,0.0,0.0,32.0,4.0,56.0,0.0,13.0,6.0,70.0
348.75,41.8,200,0.0,1.0,0.0,0.0,32.0,4.0,56.0,0.0,13.0,6.0,70.0
349.0,42.8,200,1.0,1.0,0.0,0.0,32.0,4.0,62.0,0.0,13.0,7.0,70.0
349.25,41.8,200,0.0,1.0,0.0,0.0,32.0,4.0,62.0,0.0,13.0,6.0,70.0
349.5,42.2,200,0.0,1.0,0.0,0.0,32.0,4.0,62.0,0.0,13.0,6.0,70.0
349.75,41.7,200,0.0,1.0,0.0,0.0,32.0,4.0,62.0,0.0,13.0,6.0,70.0
350.0,41.8,200,0.0,1.0,0.0,0.0,32.0,4.0,65.0,0.0,13.0,6.0,70.0
350.251,42.6,200,0.0,1.0,0.0,0.0,32.0,4.0,65.0,0.0,13.0,6.0,70.0
350.5,41.8,200,0.0,1.0,0.0,0.0,32.0,4.0,65.0,0.0,13.0,6.0,70.0
350.75,41.8,200,0.0,1.0,0.0,0.0,32.0,4.0,65.0,0.0,13.0,6.0,70.0
351.0,41.9,200,0.0,1.0,0.0,0.0,32.0,4.0,68.0,0.0,13.0,6.0,70.0
351.25,41.8,200,1.0,1.0,0.0,0.0,32.0,4.0,68.0,0.0,13.0,7.0,70.0
351.5,41.8,200,0.0,1.0,0.0,0.0,32.0,4.0,34.0,0.0,13.0,6.0,70.0
351.75,41.8,200,0.0,1.0,0.0,0.0,32.0,4.0,34.0,0.0,13.0,6.0,70.0
352.001,42.5,200,0.0,1.0,0.0,0.0,32.0,4.0,38.0,0.0,13.0,6.0,70.0
352.25,41.8,200,0.0,1.0,0.0,0.0,32.0,4.0,38.0,0.0,13.0,6.0,70.0
352.5,41.8,200,0.0,1.0,0.0,0.0,32.0,4.0,38.0,0.0,13.0,6.0,70.0
352.75,41.8,200,0.0,1.0,0.0,0.0,32.0,4.0,38.0,0.0,13.0,6.0,70.0
353.0,41.8,200,0.0,1.0,0.0,0.0,32.0,4.0,41.0,0.0,13.0,6.0,70.0
353.25,41.7,200,1.0,1.0,0.0,0.0,32.0,4.0,41.0,0.0,13.0,7.0,70.0
353.5,41.8,200,1.0,1.0,0.0,0.0,32.0,4.0,41.0,0.0,13.0,7.0,70.0
353.75,41.8,200,0.0,1.0,0.0,0.0,32.0,4.0,41.0,0.0,13.0,6.0,70.0
354.0,41.8,200,0.0,1.0,0.0,0.0,32.0,4.0,47.0,0.0,13.0,6.0,70.0
354.25,41.8,200,0.0,1.0,0.0,0.0,32.0,4.0,47.0,0.0,13.0,6.0,70.0
354.5,41.8,200,0.0,1.0,0.0,0.0,32.0,4.0,47.0,0.0,13.0,6.0,70.0
354.75,41.7,200,0.0,1.0,0.0,0.0,32.0,4.0,47.0,0.0,13.0,6.0,70.0
355.0,41.8,200,0.0,1.0,0.0,0.0,32.0,4.0,50.0,0.0,13.0,6.0,70.0
355.251,42.5,200,0.0,1.0,0.0,0.0,32.0,4.0,50.0,0.0,13.0,6.0,70.0
355.5,41.8,200,0.0,1.0,0.0,0.0,32.0,4.0,50.0,0.0,13.0,6.0,70.0
355.75,41.8,200,1.0,1.0,0.0,0.0,32.0,4.0,50.0,0.0,13.0,7.0,70.0
356.0,41.9,200,0.0,1.0,0.0,0.0,32.0,4.0,53.0,0.0,13.0,6.0,70.0
356.25,41.9,200,0.0,1.0,0.0,0.0,32.0,4.0,53.0,0.0,13.0,6.0,70.0
356.5,42.8,200,0.0,1.0,0.0,0.0,32.0,4.0,53.0,0.0,13.0,6.0,70.0
356.75,41.8,200,0.0,1.0,0.0,0.0,32.0,4.0,53.0,0.0,13.0,6.0,70.0
357.0,41.9,200,0.0,1.0,0.0,0.0,32.0,4.0,56.0,0.0,13.0,6.0,70.0
357.25,41.7,200,0.0,1.0,0.0,0.0,32.0,4.0,56.0,0.0,13.0,6.0,70.0
357.5,41.8,200,0.0,1.0,0.0,0.0,32.0,4.0,56.0,0.0,13.0,6.0,70.0
357.75,41.9,200,0.0,1.0,0.0,0.0,32.0,4.0,56.0,0.0,13.0,6.0,70.0
358.0,41.8,200,1.0,1.0,0.0,0.0,32.0,4.0,56.0,0.0,13.0,7.0,70.0
358.25,41.7,200,0.0,1.0,0.0,0.0,32.0,4.0,57.0,0.0,13.0,6.0,70.0
358.5,41.8,200,0.0,1.0,0.0,0.0,32.0,4.0,57.0,0.0,13.0,6.0,70.0
358.75,41.8,200,0.0,1.0,0.0,0.0,32.0,4.0,57.0,0.0,13.0,6.0,70.0
359.0,42.7,200,0.0,1.0,0.0,0.0,32.0,4.0,57.0,0.0,13.0,6.0,70.0
359.25,41.8,200,0.0,1.0,0.0,0.0,32.0,4.0,62.0,0.0,13.0,6.0,70.0
359.5,41.8,200,0.0,1.0,0.0,0.0,32.0,4.0,62.0,0.0,13.0,6.0,70.0
359.75,42.7,200,0.0,1.0,0.0,0.0,32.0,4.0,62.0,0.0,13.0,6.0,70.0
360.0,41.8,200,0.0,1.0,0.0,0.0,32.0,4.0,62.0,0.0,13.0,6.0,70.0
360.25,41.8,200,1.0,1.0,0.0,0.0,32.0,4.0,67.0,0.0,13.0,7.0,70.0
360.5,41.8,200,0.0,1.0,0.0,0.0,32.0,4.0,67.0,0.0,13.0,6.0,70.0
360.75,41.8,200,0.0,1.0,0.0,0.0,32.0,4.0,67.0,0.0,13.0,6.0,70.0
361.0,41.9,200,0.0,1.0,0.0,0.0,32.0,4.0,67.0,0.0,13.0,6.0,70.0
361.25,41.9,200,0.0,1.0,0.0,0.0,32.0,4.0,70.0,0.0,13.0,6.0,70.0
361.5,41.8,200,0.0,1.0,0.0,0.0,32.0,4.0,70.0,0.0,13.0,6.0,70.0
361.75,41.8,200,0.0,1.0,0.0,0.0,32.0,4.0,36.0,0.0,13.0,6.0,70.0
362.0,41.9,200,0.0,1.0,0.0,0.0,32.0,4.0,36.0,0.0,13.0,6.0,70.0
362.25,41.8,200,0.0,1.0,0.0,0.0,32.0,4.0,40.0,0.0,13.0,6.0,70.0
362.5,42.8,200,1.0,1.0,0.0,0.0,32.0,4.0,40.0,0.0,13.0,7.0,70.0
362.75,41.8,200,0.0,1.0,0.0,0.0,32.0,4.0,40.0,0.0,13.0,6.0,70.0
363.0,41.8,200,0.0,1.0,0.0,0.0,32.0,4.0,40.0,0.0,13.0,6.0,70.0
363.25,41.8,200,0.0,1.0,0.0,0.0,32.0,4.0,43.0,0.0,13.0,6.0,70.0
363.5,41.8,200,0.0,1.0,0.0,0.0,32.0,4.0,43.0,0.0,13.0,6.0,70.0
363.75,41.8,200,1.0,1.0,0.0,0.0,32.0,4.0,43.0,0.0,13.0,7.0,70.0
364.001,42.5,200,0.0,1.0,0.0,0.0,32.0,4.0,43.0,0.0,12.0,6.0,70.0
364.25,41.7,200,0.0,1.0,0.0,0.0,32.0,4.0,49.0,0.0,12.0,6.0,70.0
364.5,41.8,200,0.0,1.0,0.0,0.0,32.0,4.0,49.0,0.0,12.0,6.0,70.0
364.75,42.8,200,0.0,1.0,0.0,0.0,32.0,4.0,49.0,0.0,12.0,6.0,70.0
365.0,41.9,200,0.0,1.0,0.0,0.0,32.0,4.0,49.0,0.0,12.0,6.0,70.0
365.25,41.8,200,0.0,1.0,0.0,0.0,32.0,4.0,52.0,0.0,12.0,6.0,70.0
365.5,41.9,200,0.0,1.0,0.0,0.0,32.0,4.0,52.0,0.0,12.0,6.0,70.0
365.75,41.9,200,0.0,1.0,0.0,0.0,32.0,4.0,52.0,0.0,12.0,6.0,70.0
366.0,41.7,200,1.0,1.0,0.0,0.0,32.0,4.0,52.0,0.0,12.0,7.0,70.0
366.25,41.8,200,0.0,1.0,0.0,0.0,32.0,4.0,52.0,0.0,12.0,6.0,70.0
366.5,42.8,200,0.0,1.0,0.0,0.0,32.0,4.0,55.0,0.0,12.0,6.0,70.0
366.75,41.8,200,0.0,1.0,0.0,0.0,32.0,4.0,55.0,0.0,12.0,6.0,70.0
367.001,43.4,200,0.0,1.0,0.0,0.0,32.0,4.0,55.0,0.0,12.0,6.0,70.0
367.25,41.7,200,1.0,1.0,0.0,0.0,32.0,4.0,55.0,0.0,12.0,7.0,70.0
367.5,41.9,200,0.0,1.0,0.0,0.0,32.0,4.0,56.0,0.0,12.0,6.0,70.0
367.75,41.9,200,0.0,1.0,0.0,0.0,32.0,4.0,56.0,0.0,12.0,6.0,70.0
368.0,41.9,200,0.0,1.0,0.0,0.0,32.0,4.0,56.0,0.0,12.0,6.0,70.0
368.25,42.8,200,0.0,1.0,0.0,0.0,32.0,4.0,56.0,0.0,12.0,6.0,70.0
368.5,41.8,200,0.0,1.0,0.0,0.0,32.0,4.0,59.0,0.0,12.0,6.0,70.0
368.75,41.8,200,0.0,1.0,0.0,0.0,32.0,4.0,59.0,0.0,12.0,6.0,70.0
369.0,41.9,200,0.0,1.0,0.0,0.0,32.0,4.0,59.0,0.0,12.0,6.0,70.0
369.251,42.4,200,0.0,1.0,0.0,0.0,32.0,4.0,59.0,0.0,12.0,6.0,70.0
369.5,42.8,200,1.0,1.0,0.0,0.0,32.0,4.0,64.0,0.0,12.0,7.0,70.0
369.751,42.3,200,0.0,1.0,0.0,0.0,32.0,4.0,64.0,0.0,12.0,6.0,70.0
370.0,41.9,200,0.0,1.0,0.0,0.0,32.0,4.0,64.0,0.0,12.0,6.0,70.0
370.25,41.8,200,0.0,1.0,0.0,0.0,32.0,4.0,64.0,0.0,12.0,6.0,70.0
370.5,41.8,200,0.0,1.0,0.0,0.0,32.0,4.0,67.0,0.0,12.0,6.0,70.0
370.75,41.7,200,0.0,1.0,0.0,0.0,32.0,4.0,67.0,0.0,12.0,6.0,70.0
371.0,41.8,200,0.0,1.0,0.0,0.0,32.0,4.0,67.0,0.0,12.0,6.0,70.0
371.25,41.7,200,0.0,1.0,0.0,0.0,32.0,4.0,67.0,0.0,12.0,6.0,70.0
371.5,41.8,200,0.0,1.0,0.0,0.0,32.0,4.0,70.0,0.0,12.0,6.0,70.0
371.75,42.8,200,1.0,1.0,0.0,0.0,32.0,4.0,70.0,0.0,12.0,7.0,70.0
372.001,42.6,200,0.0,1.0,0.0,0.0,32.0,4.0,34.0,0.0,12.0,6.0,70.0
372.25,41.8,200,0.0,1.0,0.0,0.0,32.0,4.0,34.0,0.0,12.0,6.0,70.0
372.5,41.7,200,0.0,1.0,0.0,0.0,32.0,4.0,38.0,0.0,12.0,6.0,70.0
372.75,41.8,200,0.0,1.0,0.0,0.0,32.0,4.0,38.0,0.0,12.0,6.0,70.0
373.0,41.9,200,0.0,1.0,0.0,0.0,32.0,4.0,38.0,0.0,12.0,6.0,70.0
373.25,41.8,200,0.0,1.0,0.0,0.0,32.0,4.0,38.0,0.0,12.0,6.0,70.0
373.5,41.8,200,0.0,1.0,0.0,0.0,32.0,4.0,42.0,0.0,12.0,6.0,70.0
373.75,41.7,200,0.0,1.0,0.0,0.0,32.0,4.0,42.0,0.0,12.0,6.0,70.0
374.0,41.8,200,1.0,1.0,0.0,0.0,32.0,4.0,42.0,0.0,12.0,7.0,70.0
374.25,41.8,200,0.0,1.0,0.0,0.0,32.0,4.0,42.0,0.0,12.0,6.0,70.0
374.5,42.8,200,0.0,1.0,0.0,0.0,32.0,4.0,47.0,0.0,12.0,6.0,70.0
374.75,41.9,200,0.0,1.0,0.0,0.0,32.0,4.0,47.0,0.0,12.0,6.0,70.0
375.0,41.8,200,0.0,1.0,0.0,0.0,32.0,4.0,47.0,0.0,12.0,6.0,70.0
375.25,41.8,200,0.0,1.0,0.0,0.0,32.0,4.0,47.0,0.0,12.0,6.0,70.0
375.5,41.9,200,0.0,1.0,0.0,0.0,32.0,4.0,47.0,0.0,12.0,6.0,70.0
375.75,41.8,200,0.0,1.0,0.0,0.0,32.0,4.0,50.0,0.0,12.0,6.0,70.0
376.0,41.8,200,0.0,1.0,0.0,0.0,32.0,4.0,50.0,0.0,12.0,6.0,70.0
376.25,41.8,200,1.0,1.0,0.0,0.0,32.0,4.0,50.0,0.0,12.0,7.0,70.0
376.5,42.7,200,0.0,1.0,0.0,0.0,32.0,4.0,50.0,0.0,12.0,6.0,70.0
376.751,42.4,200,0.0,1.0,0.0,0.0,32.0,4.0,53.0,0.0,12.0,6.0,70.0
377.0,41.9,200,0.0,1.0,0.0,0.0,32.0,4.0,53.0,0.0,12.0,6.0,70.0
377.25,41.7,200,0.0,1.0,0.0,0.0,32.0,4.0,53.0,0.0,12.0,6.0,70.0
377.5,41.8,200,0.0,1.0,0.0,0.0,32.0,4.0,53.0,0.0,12.0,6.0,70.0
377.751,42.6,200,0.0,1.0,0.0,0.0,32.0,4.0,56.0,0.0,12.0,6.0,70.0
378.0,41.9,200,0.0,1.0,0.0,0.0,32.0,4.0,56.0,0.0,12.0,6.0,70.0
378.25,42.7,200,0.0,1.0,0.0,0.0,32.0,4.0,56.0,0.0,12.0,6.0,70.0
378.5,42.8,200,1.0,1.0,0.0,0.0,32.0,4.0,56.0,0.0,12.0,7.0,70.0
378.75,41.8,200,0.0,1.0,0.0,0.0,32.0,4.0,60.0,0.0,12.0,6.0,70.0
379.0,41.9,200,0.0,1.0,0.0,0.0,32.0,4.0,60.0,0.0,12.0,6.0,70.0
379.25,41.7,200,0.0,1.0,0.0,0.0,32.0,4.0,60.0,0.0,12.0,6.0,70.0
379.5,41.8,200,0.0,1.0,0.0,0.0,32.0,4.0,60.0,0.0,12.0,6.0,70.0
379.75,41.7,200,0.0,1.0,0.0,0.0,32.0,4.0,62.0,0.0,12.0,6.0,70.0
380.0,41.8,200,0.0,1.0,0.0,0.0,32.0,4.0,62.0,0.0,12.0,6.0,70.0
380.25,42.7,200,0.0,1.0,0.0,0.0,32.0,4.0,62.0,0.0,12.0,6.0,70.0
380.5,41.8,200,0.0,1.0,0.0,0.0,32.0,4.0,62.0,0.0,12.0,6.0,70.0
380.75,41.8,200,1.0,1.0,0.0,0.0,32.0,4.0,65.0,0.0,12.0,7.0,70.0
381.001,42.0,200,0.0,1.0,0.0,0.0,32.0,4.0,65.0,0.0,12.0,6.0,70.0
381.25,42.8,200,0.0,1.0,0.0,0.0,32.0,4.0,65.0,0.0,12.0,6.0,70.0
381.5,41.7,200,0.0,1.0,0.0,0.0,32.0,4.0,65.0,0.0,12.0,6.0,70.0
381.75,41.9,200,0.0,1.0,0.0,0.0,32.0,4.0,68.0,0.0,12.0,6.0,70.0
382.0,41.7,200,0.0,1.0,0.0,0.0,32.0,4.0,34.0,0.0,12.0,6.0,70.0
382.25,41.9,200,0.0,1.0,0.0,0.0,32.0,4.0,34.0,0.0,12.0,6.0,70.0
382.5,41.8,200,0.0,1.0,0.0,0.0,32.0,4.0,34.0,0.0,12.0,6.0,70.0
382.75,42.8,200,0.0,1.0,0.0,0.0,32.0,4.0,38.0,0.0,12.0,6.0,70.0
383.0,41.8,200,1.0,1.0,0.0,0.0,32.0,4.0,38.0,0.0,12.0,7.0,70.0
383.25,41.8,200,0.0,1.0,0.0,0.0,32.0,4.0,38.0,0.0,12.0,6.0,70.0
383.5,43.7,200,1.0,1.0,0.0,0.0,32.0,4.0,38.0,0.0,12.0,7.0,70.0
383.75,41.8,200,0.0,1.0,0.0,0.0,32.0,4.0,44.0,0.0,12.0,6.0,70.0
384.0,41.8,200,0.0,1.0,0.0,0.0,32.0,4.0,44.0,0.0,12.0,6.0,70.0
384.25,41.8,200,1.0,1.0,0.0,0.0,32.0,4.0,44.0,0.0,12.0,7.0,70.0
384.5,41.8,200,0.0,1.0,0.0,0.0,32.0,4.0,44.0,0.0,12.0,6.0,70.0
384.75,41.8,200,0.0,1.0,0.0,0.0,32.0,4.0,47.0,0.0,12.0,6.0,70.0
385.0,41.8,200,0.0,1.0,0.0,0.0,32.0,4.0,47.0,0.0,12.0,6.0,70.0
385.25,41.8,200,0.0,1.0,0.0,0.0,32.0,4.0,47.0,0.0,12.0,6.0,70.0
385.5,41.8,200,0.0,1.0,0.0,0.0,32.0,4.0,47.0,0.0,12.0,6.0,70.0
385.75,41.8,200,0.0,1.0,0.0,0.0,32.0,4.0,47.0,0.0,12.0,6.0,70.0
386.0,41.8,200,0.0,1.0,0.0,0.0,32.0,4.0,50.0,0.0,12.0,6.0,70.0
386.251,42.2,200,0.0,1.0,0.0,0.0,32.0,4.0,50.0,0.0,12.0,6.0,70.0
386.5,41.7,200,1.0,1.0,0.0,0.0,32.0,4.0,50.0,0.0,12.0,7.0,70.0
386.75,41.7,200,0.0,1.0,0.0,0.0,32.0,4.0,50.0,0.0,12.0,6.0,70.0
387.0,42.8,200,0.0,1.0,0.0,0.0,32.0,4.0,53.0,0.0,12.0,6.0,70.0
387.25,41.9,200,0.0,1.0,0.0,0.0,32.0,4.0,53.0,0.0,12.0,6.0,70.0
387.5,41.8,200,0.0,1.0,0.0,0.0,32.0,4.0,53.0,0.0,12.0,6.0,70.0
387.75,41.8,200,1.0,1.0,0.0,0.0,32.0,4.0,53.0,0.0,12.0,7.0,70.0
388.0,41.8,200,0.0,1.0,0.0,0.0,32.0,4.0,56.0,0.0,12.0,6.0,70.0
388.25,41.8,200,0.0,1.0,0.0,0.0,32.0,4.0,56.0,0.0,12.0,6.0,70.0
388.5,43.8,200,0.0,1.0,0.0,0.0,32.0,4.0,56.0,0.0,12.0,6.0,70.0
388.751,42.3,200,0.0,1.0,0.0,0.0,32.0,4.0,56.0,0.0,12.0,6.0,70.0
389.0,41.9,200,0.0,1.0,0.0,0.0,32.0,4.0,62.0,0.0,12.0,6.0,70.0
389.251,42.3,200,0.0,1.0,0.0,0.0,32.0,4.0,62.0,0.0,12.0,6.0,70.0
389.5,41.9,200,0.0,1.0,0.0,0.0,32.0,4.0,62.0,0.0,12.0,6.0,70.0
389.751,42.6,200,0.0,1.0,0.0,0.0,32.0,4.0,62.0,0.0,12.0,6.0,70.0
390.0,41.8,200,1.0,1.0,0.0,0.0,32.0,4.0,63.0,0.0,12.0,7.0,70.0
390.25,41.9,200,0.0,1.0,0.0,0.0,32.0,4.0,63.0,0.0,12.0,6.0,70.0
390.5,42.8,200,0.0,1.0,0.0,0.0,32.0,4.0,63.0,0.0,12.0,6.0,70.0
390.751,42.5,200,0.0,1.0,0.0,0.0,32.0,4.0,63.0,0.0,12.0,6.0,70.0
391.0,41.9,200,0.0,1.0,0.0,0.0,32.0,4.0,65.0,0.0,12.0,6.0,70.0
391.251,42.5,200,0.0,1.0,0.0,0.0,32.0,4.0,65.0,0.0,12.0,6.0,70.0
391.5,41.8,200,0.0,1.0,0.0,0.0,32.0,4.0,65.0,0.0,12.0,6.0,70.0
391.75,41.8,200,0.0,1.0,0.0,0.0,32.0,4.0,65.0,0.0,12.0,6.0,70.0
392.0,41.8,200,0.0,1.0,0.0,0.0,32.0,4.0,68.0,0.0,12.0,6.0,70.0
392.25,42.8,200,1.0,1.0,0.0,0.0,32.0,4.0,68.0,0.0,12.0,7.0,70.0
392.5,41.7,200,0.0,1.0,0.0,0.0,32.0,4.0,34.0,0.0,12.0,6.0,70.0
392.75,41.8,200,0.0,1.0,0.0,0.0,32.0,4.0,34.0,0.0,12.0,6.0,70.0
393.0,41.7,200,0.0,1.0,0.0,0.0,32.0,4.0,38.0,0.0,12.0,6.0,70.0
393.25,41.8,200,0.0,1.0,0.0,0.0,32.0,4.0,38.0,0.0,12.0,6.0,70.0
393.5,41.9,200,0.0,1.0,0.0,0.0,32.0,4.0,38.0,0.0,12.0,6.0,70.0
393.75,41.7,200,0.0,1.0,0.0,0.0,32.0,4.0,38.0,0.0,12.0,6.0,70.0
394.0,41.8,200,0.0,1.0,0.0,0.0,32.0,4.0,44.0,0.0,12.0,6.0,70.0
394.251,43.5,200,0.0,1.0,0.0,0.0,32.0,4.0,44.0,0.0,12.0,6.0,70.0
394.5,42.8,200,1.0,1.0,0.0,0.0,32.0,4.0,44.0,0.0,12.0,7.0,70.0
394.75,41.8,200,0.0,1.0,0.0,0.0,32.0,4.0,44.0,0.0,12.0,6.0,70.0
395.0,41.8,200,0.0,1.0,0.0,0.0,32.0,4.0,47.0,0.0,12.0,6.0,70.0
395.25,41.8,200,0.0,1.0,0.0,0.0,32.0,4.0,47.0,0.0,12.0,6.0,70.0
395.5,41.9,200,0.0,1.0,0.0,0.0,32.0,4.0,47.0,0.0,12.0,6.0,70.0
395.75,41.8,200,0.0,1.0,0.0,0.0,32.0,4.0,47.0,0.0,12.0,6.0,70.0
396.0,42.2,200,0.0,1.0,0.0,0.0,32.0,4.0,47.0,0.0,12.0,6.0,70.0
396.25,41.8,200,0.0,1.0,0.0,0.0,32.0,4.0,50.0,0.0,12.0,6.0,70.0
396.5,41.8,200,0.0,1.0,0.0,0.0,32.0,4.0,50.0,0.0,12.0,6.0,70.0
396.75,41.8,200,1.0,1.0,0.0,0.0,32.0,4.0,50.0,0.0,12.0,7.0,70.0
397.0,42.1,200,0.0,1.0,0.0,0.0,32.0,4.0,50.0,0.0,12.0,6.0,70.0
397.251,42.5,200,0.0,1.0,0.0,0.0,32.0,4.0,53.0,0.0,12.0,6.0,70.0
397.5,41.9,200,0.0,1.0,0.0,0.0,32.0,4.0,53.0,0.0,12.0,6.0,70.0
397.75,41.8,200,0.0,1.0,0.0,0.0,32.0,4.0,53.0,0.0,12.0,6.0,70.0
398.0,41.8,200,0.0,1.0,0.0,0.0,32.0,4.0,53.0,0.0,12.0,6.0,70.0
398.25,42.0,200,0.0,1.0,0.0,0.0,32.0,4.0,56.0,0.0,12.0,6.0,70.0
398.5,41.8,200,0.0,1.0,0.0,0.0,32.0,4.0,56.0,0.0,12.0,6.0,70.0
398.75,41.7,200,0.0,1.0,0.0,0.0,32.0,4.0,56.0,0.0,12.0,6.0,70.0
399.0,42.4,200,1.0,1.0,0.0,0.0,32.0,4.0,56.0,0.0,12.0,7.0,70.0
399.25,42.2,200,0.0,1.0,0.0,0.0,32.0,4.0,60.0,0.0,12.0,6.0,70.0
399.5,41.8,200,0.0,1.0,0.0,0.0,32.0,4.0,60.0,0.0,12.0,6.0,70.0
399.75,41.8,200,0.0,1.0,0.0,0.0,32.0,4.0,60.0,0.0,12.0,6.0,70.0
400.0,41.8,200,0.0,1.0,0.0,0.0,32.0,4.0,60.0,0.0,12.0,6.0,70.0
400.25,41.8,200,0.0,1.0,0.0,0.0,32.0,4.0,62.0,0.0,12.0,6.0,70.0
400.5,42.8,200,0.0,1.0,0.0,0.0,32.0,4.0,62.0,0.0,12.0,6.0,70.0
400.75,41.8,200,0.0,1.0,0.0,0.0,32.0,4.0,62.0,0.0,12.0,6.0,70.0
401.0,41.9,200,0.0,1.0,0.0,0.0,32.0,4.0,62.0,0.0,12.0,6.0,70.0
401.25,41.8,200,1.0,1.0,0.0,0.0,32.0,4.0,65.0,0.0,12.0,7.0,70.0
401.5,41.8,200,0.0,1.0,0.0,0.0,32.0,4.0,65.0,0.0,12.0,6.0,70.0
401.75,41.8,200,0.0,1.0,0.0,0.0,32.0,4.0,65.0,0.0,12.0,6.0,70.0
402.0,41.9,200,0.0,1.0,0.0,0.0,32.0,4.0,65.0,0.0,12.0,6.0,70.0
402.25,41.9,200,0.0,1.0,0.0,0.0,32.0,4.0,68.0,0.0,12.0,6.0,70.0
402.5,41.8,200,0.0,1.0,0.0,0.0,32.0,4.0,34.0,0.0,12.0,6.0,70.0
402.75,41.8,200,0.0,1.0,0.0,0.0,32.0,4.0,34.0,0.0,12.0,6.0,70.0
403.0,41.9,200,0.0,1.0,0.0,0.0,32.0,4.0,34.0,0.0,12.0,6.0,70.0
403.25,41.8,200,0.0,1.0,0.0,0.0,32.0,4.0,38.0,0.0,12.0,6.0,70.0
403.5,42.8,200,1.0,1.0,0.0,0.0,32.0,4.0,38.0,0.0,12.0,7.0,70.0
403.75,41.8,200,0.0,1.0,0.0,0.0,32.0,4.0,38.0,0.0,12.0,6.0,70.0
404.0,41.8,200,0.0,1.0,0.0,0.0,32.0,4.0,38.0,0.0,12.0,6.0,70.0
404.25,41.8,200,0.0,1.0,0.0,0.0,32.0,4.0,44.0,0.0,12.0,6.0,70.0
404.5,41.8,200,0.0,1.0,0.0,0.0,32.0,4.0,44.0,0.0,12.0,6.0,70.0
404.75,41.7,200,0.0,1.0,0.0,0.0,32.0,4.0,44.0,0.0,12.0,6.0,70.0
405.0,41.8,200,0.0,1.0,0.0,0.0,32.0,4.0,44.0,0.0,12.0,6.0,70.0
405.25,41.8,200,0.0,1.0,0.0,0.0,32.0,4.0,47.0,0.0,12.0,6.0,70.0
405.5,41.9,200,0.0,1.0,0.0,0.0,32.0,4.0,47.0,0.0,12.0,6.0,70.0
405.75,42.8,200,1.0,1.0,0.0,0.0,32.0,4.0,47.0,0.0,12.0,7.0,70.0
406.0,41.9,200,0.0,1.0,0.0,0.0,32.0,4.0,47.0,0.0,12.0,6.0,70.0
406.25,41.8,200,0.0,1.0,0.0,0.0,32.0,4.0,47.0,0.0,12.0,6.0,70.0
406.5,41.8,200,0.0,1.0,0.0,0.0,32.0,4.0,50.0,0.0,12.0,6.0,70.0
406.75,41.8,200,0.0,1.0,0.0,0.0,32.0,4.0,50.0,0.0,12.0,6.0,70.0
407.0,41.9,200,0.0,1.0,0.0,0.0,32.0,4.0,50.0,0.0,12.0,6.0,70.0
407.251,42.5,200,0.0,1.0,0.0,0.0,32.0,4.0,50.0,0.0,12.0,6.0,70.0
407.5,41.8,200,0.0,1.0,0.0,0.0,32.0,4.0,53.0,0.0,12.0,6.0,70.0
407.75,41.8,200,0.0,1.0,0.0,0.0,32.0,4.0,53.0,0.0,12.0,6.0,70.0
408.0,41.8,200,1.0,1.0,0.0,0.0,32.0,4.0,53.0,0.0,12.0,7.0,70.0
408.25,42.7,200,0.0,1.0,0.0,0.0,32.0,4.0,53.0,0.0,12.0,6.0,70.0
408.5,42.8,200,0.0,1.0,0.0,0.0,32.0,4.0,56.0,0.0,12.0,6.0,70.0
408.75,41.8,200,0.0,1.0,0.0,0.0,32.0,4.0,56.0,0.0,12.0,6.0,70.0
409.0,41.9,200,0.0,1.0,0.0,0.0,32.0,4.0,56.0,0.0,12.0,6.0,70.0
409.25,41.9,200,0.0,1.0,0.0,0.0,32.0,4.0,56.0,0.0,12.0,6.0,70.0
409.5,41.8,200,0.0,1.0,0.0,0.0,32.0,4.0,62.0,0.0,12.0,6.0,70.0
409.75,42.8,200,0.0,1.0,0.0,0.0,32.0,4.0,62.0,0.0,12.0,6.0,70.0
410.0,41.8,200,0.0,1.0,0.0,0.0,32.0,4.0,62.0,0.0,12.0,6.0,70.0
410.25,43.2,200,0.0,1.0,0.0,0.0,32.0,4.0,62.0,0.0,12.0,6.0,70.0
410.5,41.8,200,0.0,1.0,0.0,0.0,32.0,4.0,63.0,0.0,12.0,6.0,70.0
410.75,41.7,200,0.0,1.0,0.0,0.0,32.0,4.0,63.0,0.0,12.0,6.0,70.0
411.0,41.8,200,0.0,1.0,0.0,0.0,32.0,4.0,63.0,0.0,12.0,6.0,70.0
411.251,42.6,200,0.0,1.0,0.0,0.0,32.0,4.0,63.0,0.0,12.0,6.0,70.0
411.5,41.8,200,1.0,1.0,0.0,0.0,32.0,4.0,65.0,0.0,12.0,7.0,70.0
411.75,41.7,200,0.0,1.0,0.0,0.0,32.0,4.0,65.0,0.0,12.0,6.0,70.0
412.0,41.8,200,0.0,1.0,0.0,0.0,32.0,4.0,65.0,0.0,12.0,6.0,70.0
412.25,41.7,200,0.0,1.0,0.0,0.0,32.0,4.0,65.0,0.0,12.0,6.0,70.0
412.5,41.8,200,0.0,1.0,0.0,0.0,32.0,4.0,68.0,0.0,12.0,6.0,70.0
412.75,41.7,200,1.0,1.0,0.0,0.0,32.0,4.0,34.0,0.0,12.0,7.0,70.0
413.0,41.9,200,0.0,1.0,0.0,0.0,32.0,4.0,34.0,0.0,12.0,6.0,70.0
413.251,42.6,200,0.0,1.0,0.0,0.0,32.0,4.0,34.0,0.0,12.0,6.0,70.0
413.5,41.9,200,0.0,1.0,0.0,0.0,32.0,4.0,38.0,0.0,12.0,6.0,70.0
413.75,42.7,200,1.0,1.0,0.0,0.0,32.0,4.0,38.0,0.0,12.0,7.0,70.0
414.0,41.9,200,0.0,1.0,0.0,0.0,32.0,4.0,38.0,0.0,12.0,6.0,70.0
414.25,41.8,200,0.0,1.0,0.0,0.0,32.0,4.0,38.0,0.0,12.0,6.0,70.0
414.5,42.8,200,0.0,1.0,0.0,0.0,32.0,4.0,44.0,0.0,12.0,6.0,70.0
414.751,42.4,200,0.0,1.0,0.0,0.0,32.0,4.0,44.0,0.0,12.0,6.0,70.0
415.0,41.8,200,1.0,1.0,0.0,0.0,32.0,4.0,44.0,0.0,12.0,7.0,70.0
415.25,41.8,200,0.0,1.0,0.0,0.0,32.0,4.0,44.0,0.0,12.0,6.0,70.0
415.5,42.8,200,0.0,1.0,0.0,0.0,32.0,4.0,47.0,0.0,12.0,6.0,70.0
415.75,41.8,200,0.0,1.0,0.0,0.0,32.0,4.0,47.0,0.0,12.0,6.0,70.0
416.0,41.8,200,0.0,1.0,0.0,0.0,32.0,4.0,47.0,0.0,12.0,6.0,70.0
416.25,41.9,200,0.0,1.0,0.0,0.0,32.0,4.0,47.0,0.0,12.0,6.0,70.0
416.5,41.8,200,0.0,1.0,0.0,0.0,32.0,4.0,47.0,0.0,12.0,6.0,70.0
416.751,42.2,200,0.0,1.0,0.0,0.0,32.0,4.0,50.0,0.0,12.0,6.0,70.0
417.0,42.1,200,0.0,1.0,0.0,0.0,32.0,4.0,50.0,0.0,12.0,6.0,70.0
417.25,41.7,200,1.0,1.0,0.0,0.0,32.0,4.0,50.0,0.0,12.0,7.0,70.0
417.5,41.8,200,0.0,1.0,0.0,0.0,32.0,4.0,50.0,0.0,12.0,6.0,70.0
417.75,41.8,200,0.0,1.0,0.0,0.0,32.0,4.0,53.0,0.0,12.0,6.0,70.0
418.0,41.8,200,0.0,1.0,0.0,0.0,32.0,4.0,53.0,0.0,12.0,6.0,70.0
418.25,41.8,200,0.0,1.0,0.0,0.0,32.0,4.0,53.0,0.0,12.0,6.0,70.0
418.5,41.8,200,0.0,1.0,0.0,0.0,32.0,4.0,53.0,0.0,12.0,6.0,70.0
418.75,41.8,200,0.0,1.0,0.0,0.0,32.0,4.0,56.0,0.0,12.0,6.0,70.0
419.0,41.8,200,0.0,1.0,0.0,0.0,32.0,4.0,56.0,0.0,12.0,6.0,70.0
419.25,41.8,200,0.0,1.0,0.0,0.0,32.0,4.0,56.0,0.0,12.0,6.0,70.0
419.5,42.8,200,1.0,1.0,0.0,0.0,32.0,4.0,56.0,0.0,12.0,7.0,70.0
419.75,42.8,200,0.0,1.0,0.0,0.0,32.0,4.0,60.0,0.0,12.0,6.0,70.0
420.0,41.9,200,0.0,1.0,0.0,0.0,32.0,4.0,60.0,0.0,12.0,6.0,70.0
420.25,41.8,200,0.0,1.0,0.0,0.0,32.0,4.0,60.0,0.0,12.0,6.0,70.0
420.5,42.7,200,0.0,1.0,0.0,0.0,32.0,4.0,60.0,0.0,12.0,6.0,70.0
420.75,41.8,200,0.0,1.0,0.0,0.0,32.0,4.0,64.0,0.0,12.0,6.0,70.0
421.0,41.8,200,0.0,1.0,0.0,0.0,32.0,4.0,64.0,0.0,12.0,6.0,70.0
421.25,41.8,200,0.0,1.0,0.0,0.0,32.0,4.0,64.0,0.0,12.0,6.0,70.0
421.5,41.8,200,0.0,1.0,0.0,0.0,32.0,4.0,64.0,0.0,12.0,6.0,70.0
421.75,41.8,200,1.0,1.0,0.0,0.0,32.0,4.0,67.0,0.0,12.0,7.0,70.0
422.0,41.8,200,0.0,1.0,0.0,0.0,32.0,4.0,67.0,0.0,12.0,6.0,70.0
422.25,42.2,200,0.0,1.0,0.0,0.0,32.0,4.0,67.0,0.0,12.0,6.0,70.0
422.5,42.8,200,0.0,1.0,0.0,0.0,32.0,4.0,67.0,0.0,12.0,6.0,70.0
422.75,41.8,200,0.0,1.0,0.0,0.0,32.0,4.0,70.0,0.0,12.0,6.0,70.0
423.0,41.9,200,0.0,1.0,0.0,0.0,32.0,4.0,36.0,0.0,12.0,6.0,70.0
423.25,41.9,200,0.0,1.0,0.0,0.0,32.0,4.0,36.0,0.0,12.0,6.0,70.0
423.5,41.7,200,0.0,1.0,0.0,0.0,32.0,4.0,36.0,0.0,12.0,6.0,70.0
423.75,41.7,200,0.0,1.0,0.0,0.0,32.0,4.0,40.0,0.0,12.0,6.0,70.0
424.0,42.8,200,1.0,1.0,0.0,0.0,32.0,4.0,40.0,0.0,12.0,7.0,70.0
424.25,41.8,200,0.0,1.0,0.0,0.0,32.0,4.0,40.0,0.0,12.0,6.0,70.0
424.5,42.8,200,0.0,1.0,0.0,0.0,32.0,4.0,40.0,0.0,11.0,6.0,70.0
424.75,41.8,200,0.0,1.0,0.0,0.0,32.0,4.0,46.0,0.0,11.0,6.0,70.0
425.0,41.9,200,0.0,1.0,0.0,0.0,32.0,4.0,46.0,0.0,11.0,6.0,70.0
425.25,42.8,200,0.0,1.0,0.0,0.0,32.0,4.0,46.0,0.0,11.0,6.0,70.0
425.5,41.8,200,0.0,1.0,0.0,0.0,32.0,4.0,46.0,0.0,11.0,6.0,70.0
425.75,41.8,200,0.0,1.0,0.0,0.0,32.0,4.0,49.0,0.0,11.0,6.0,70.0
426.0,41.9,200,0.0,1.0,0.0,0.0,32.0,4.0,49.0,0.0,11.0,6.0,70.0
426.25,41.8,200,1.0,1.0,0.0,0.0,32.0,4.0,49.0,0.0,11.0,7.0,70.0
426.5,41.8,200,0.0,1.0,0.0,0.0,32.0,4.0,49.0,0.0,11.0,6.0,70.0
426.75,42.8,200,0.0,1.0,0.0,0.0,32.0,4.0,49.0,0.0,11.0,6.0,70.0
427.0,41.8,200,0.0,1.0,0.0,0.0,32.0,4.0,52.0,0.0,11.0,6.0,70.0
427.25,41.8,200,0.0,1.0,0.0,0.0,32.0,4.0,52.0,0.0,11.0,6.0,70.0
427.5,41.9,200,0.0,1.0,0.0,0.0,32.0,4.0,52.0,0.0,11.0,6.0,70.0
427.75,41.8,200,0.0,1.0,0.0,0.0,32.0,4.0,52.0,0.0,11.0,6.0,70.0
428.0,41.9,200,0.0,1.0,0.0,0.0,32.0,4.0,55.0,0.0,11.0,6.0,70.0
428.25,41.9,200,0.0,1.0,0.0,0.0,32.0,4.0,55.0,0.0,11.0,6.0,70.0
428.5,41.9,200,1.0,1.0,0.0,0.0,32.0,4.0,55.0,0.0,11.0,7.0,70.0
428.75,41.9,200,0.0,1.0,0.0,0.0,32.0,4.0,55.0,0.0,11.0,6.0,70.0
429.0,41.9,200,0.0,1.0,0.0,0.0,32.0,4.0,58.0,0.0,11.0,6.0,70.0
429.25,41.9,200,0.0,1.0,0.0,0.0,32.0,4.0,58.0,0.0,11.0,6.0,70.0
429.5,41.8,200,0.0,1.0,0.0,0.0,32.0,4.0,58.0,0.0,11.0,6.0,70.0
429.75,41.8,200,0.0,1.0,0.0,0.0,32.0,4.0,58.0,0.0,11.0,6.0,70.0
430.0,41.7,200,0.0,1.0,0.0,0.0,32.0,4.0,64.0,0.0,11.0,6.0,70.0
430.251,42.5,200,0.0,1.0,0.0,0.0,32.0,4.0,64.0,0.0,11.0,6.0,70.0
430.5,41.8,200,0.0,1.0,0.0,0.0,32.0,4.0,64.0,0.0,11.0,6.0,70.0
430.75,41.8,200,1.0,1.0,0.0,0.0,32.0,4.0,64.0,0.0,11.0,7.0,70.0
431.0,41.9,200,0.0,1.0,0.0,0.0,32.0,4.0,65.0,0.0,11.0,6.0,70.0
431.25,41.9,200,0.0,1.0,0.0,0.0,32.0,4.0,65.0,0.0,11.0,6.0,70.0
431.5,41.8,200,0.0,1.0,0.0,0.0,32.0,4.0,65.0,0.0,11.0,6.0,70.0
431.75,41.8,200,0.0,1.0,0.0,0.0,32.0,4.0,65.0,0.0,11.0,6.0,70.0
432.0,41.8,200,1.0,1.0,0.0,0.0,32.0,4.0,67.0,0.0,11.0,7.0,70.0
432.25,41.9,200,0.0,1.0,0.0,0.0,32.0,4.0,67.0,0.0,11.0,6.0,70.0
432.5,41.8,200,0.0,1.0,0.0,0.0,32.0,4.0,67.0,0.0,11.0,6.0,70.0
432.75,41.8,200,0.0,1.0,0.0,0.0,32.0,4.0,67.0,0.0,11.0,6.0,70.0
433.0,41.8,200,0.0,1.0,0.0,0.0,32.0,4.0,34.0,0.0,11.0,6.0,70.0
433.25,43.8,200,0.0,1.0,0.0,0.0,32.0,4.0,34.0,0.0,11.0,6.0,70.0
433.5,41.7,200,0.0,1.0,0.0,0.0,32.0,4.0,34.0,0.0,11.0,6.0,70.0
433.75,41.8,200,0.0,1.0,0.0,0.0,32.0,4.0,34.0,0.0,11.0,6.0,70.0
434.0,41.8,200,0.0,1.0,0.0,0.0,32.0,4.0,38.0,0.0,11.0,6.0,70.0
434.25,41.8,200,0.0,1.0,0.0,0.0,32.0,4.0,38.0,0.0,11.0,6.0,70.0
434.5,42.8,200,0.0,1.0,0.0,0.0,32.0,4.0,38.0,0.0,11.0,6.0,70.0
434.75,41.8,200,0.0,1.0,0.0,0.0,32.0,4.0,38.0,0.0,11.0,6.0,70.0
435.0,41.8,200,0.0,1.0,0.0,0.0,32.0,4.0,44.0,0.0,11.0,6.0,70.0
435.25,41.9,200,0.0,1.0,0.0,0.0,32.0,4.0,44.0,0.0,11.0,6.0,70.0
435.5,41.7,200,1.0,1.0,0.0,0.0,32.0,4.0,44.0,0.0,11.0,7.0,70.0
435.75,42.7,200,0.0,1.0,0.0,0.0,32.0,4.0,44.0,0.0,11.0,6.0,70.0
436.0,42.3,200,0.0,1.0,0.0,0.0,32.0,4.0,47.0,0.0,11.0,6.0,70.0
436.25,41.9,200,0.0,1.0,0.0,0.0,32.0,4.0,47.0,0.0,11.0,6.0,70.0
436.5,41.8,200,0.0,1.0,0.0,0.0,32.0,4.0,47.0,0.0,11.0,6.0,70.0
436.75,41.8,200,0.0,1.0,0.0,0.0,32.0,4.0,47.0,0.0,11.0,6.0,70.0
437.0,41.8,200,0.0,1.0,0.0,0.0,32.0,4.0,47.0,0.0,11.0,6.0,70.0
437.25,42.2,200,0.0,1.0,0.0,0.0,32.0,4.0,50.0,0.0,11.0,6.0,70.0
437.5,41.9,200,0.0,1.0,0.0,0.0,32.0,4.0,50.0,0.0,11.0,6.0,70.0
437.75,41.8,200,1.0,1.0,0.0,0.0,32.0,4.0,50.0,0.0,11.0,7.0,70.0
438.0,41.8,200,0.0,1.0,0.0,0.0,32.0,4.0,50.0,0.0,11.0,6.0,70.0
438.25,41.9,200,0.0,1.0,0.0,0.0,32.0,4.0,53.0,0.0,11.0,6.0,70.0
438.5,41.8,200,0.0,1.0,0.0,0.0,32.0,4.0,53.0,0.0,11.0,6.0,70.0
438.75,41.8,200,0.0,1.0,0.0,0.0,32.0,4.0,53.0,0.0,11.0,6.0,70.0
439.0,41.7,200,0.0,1.0,0.0,0.0,32.0,4.0,53.0,0.0,11.0,6.0,70.0
439.25,41.8,200,0.0,1.0,0.0,0.0,32.0,4.0,59.0,0.0,11.0,6.0,70.0
439.5,42.8,200,0.0,1.0,0.0,0.0,32.0,4.0,59.0,0.0,11.0,6.0,70.0
439.75,41.8,200,0.0,1.0,0.0,0.0,32.0,4.0,59.0,0.0,11.0,6.0,70.0
440.0,41.8,200,1.0,1.0,0.0,0.0,32.0,4.0,59.0,0.0,11.0,7.0,70.0
440.25,42.4,200,0.0,1.0,0.0,0.0,32.0,4.0,60.0,0.0,11.0,6.0,70.0
440.5,41.7,200,0.0,1.0,0.0,0.0,32.0,4.0,60.0,0.0,11.0,6.0,70.0
440.75,41.8,200,0.0,1.0,0.0,0.0,32.0,4.0,60.0,0.0,11.0,6.0,70.0
441.0,41.9,200,0.0,1.0,0.0,0.0,32.0,4.0,60.0,0.0,11.0,6.0,70.0
441.25,41.7,200,0.0,1.0,0.0,0.0,32.0,4.0,62.0,0.0,11.0,6.0,70.0
441.5,42.2,200,0.0,1.0,0.0,0.0,32.0,4.0,62.0,0.0,11.0,6.0,70.0
441.75,41.7,200,0.0,1.0,0.0,0.0,32.0,4.0,62.0,0.0,11.0,6.0,70.0
442.0,41.9,200,0.0,1.0,0.0,0.0,32.0,4.0,62.0,0.0,11.0,6.0,70.0
442.25,41.8,200,1.0,1.0,0.0,0.0,32.0,4.0,65.0,0.0,11.0,7.0,70.0
442.5,41.7,200,0.0,1.0,0.0,0.0,32.0,4.0,65.0,0.0,11.0,6.0,70.0
442.75,41.8,200,0.0,1.0,0.0,0.0,32.0,4.0,65.0,0.0,11.0,6.0,70.0
443.0,42.8,200,0.0,1.0,0.0,0.0,32.0,4.0,65.0,0.0,11.0,6.0,70.0
443.25,41.9,200,0.0,1.0,0.0,0.0,32.0,4.0,34.0,0.0,11.0,6.0,70.0
443.501,43.6,200,0.0,1.0,0.0,0.0,32.0,4.0,34.0,0.0,11.0,6.0,70.0
443.75,41.8,200,0.0,1.0,0.0,0.0,32.0,4.0,34.0,0.0,11.0,6.0,70.0
444.0,41.8,200,0.0,1.0,0.0,0.0,32.0,4.0,34.0,0.0,11.0,6.0,70.0
444.25,41.7,200,0.0,1.0,0.0,0.0,32.0,4.0,41.0,0.0,11.0,6.0,70.0
444.5,43.8,200,1.0,1.0,0.0,0.0,32.0,4.0,41.0,0.0,11.0,7.0,70.0
444.75,42.8,200,0.0,1.0,0.0,0.0,32.0,4.0,41.0,0.0,11.0,6.0,70.0
445.0,42.2,200,0.0,1.0,0.0,0.0,32.0,4.0,41.0,0.0,11.0,6.0,70.0
445.25,41.8,200,0.0,1.0,0.0,0.0,32.0,4.0,44.0,0.0,11.0,6.0,70.0
445.5,41.8,200,0.0,1.0,0.0,0.0,32.0,4.0,44.0,0.0,11.0,6.0,70.0
445.75,41.8,200,0.0,1.0,0.0,0.0,32.0,4.0,44.0,0.0,11.0,6.0,70.0
446.0,42.2,200,0.0,1.0,0.0,0.0,32.0,4.0,44.0,0.0,11.0,6.0,70.0
446.25,41.8,200,0.0,1.0,0.0,0.0,32.0,4.0,47.0,0.0,11.0,6.0,70.0
446.5,41.8,200,0.0,1.0,0.0,0.0,32.0,4.0,47.0,0.0,11.0,6.0,70.0
446.75,41.8,200,1.0,1.0,0.0,0.0,32.0,4.0,47.0,0.0,11.0,7.0,70.0
447.0,41.9,200,0.0,1.0,0.0,0.0,32.0,4.0,47.0,0.0,11.0,6.0,70.0
447.25,41.8,200,0.0,1.0,0.0,0.0,32.0,4.0,47.0,0.0,11.0,6.0,70.0
447.5,41.9,200,0.0,1.0,0.0,0.0,32.0,4.0,50.0,0.0,11.0,6.0,70.0
447.75,41.9,200,0.0,1.0,0.0,0.0,32.0,4.0,50.0,0.0,11.0,6.0,70.0
448.0,42.2,200,0.0,1.0,0.0,0.0,32.0,4.0,50.0,0.0,11.0,6.0,70.0
448.25,41.8,200,0.0,1.0,0.0,0.0,32.0,4.0,50.0,0.0,11.0,6.0,70.0
448.5,41.7,200,0.0,1.0,0.0,0.0,32.0,4.0,53.0,0.0,11.0,6.0,70.0
448.75,42.2,200,0.0,1.0,0.0,0.0,32.0,4.0,53.0,0.0,11.0,6.0,70.0
449.0,41.8,200,1.0,1.0,0.0,0.0,32.0,4.0,53.0,0.0,11.0,7.0,70.0
449.25,42.2,200,0.0,1.0,0.0,0.0,32.0,4.0,53.0,0.0,11.0,6.0,70.0
449.5,41.9,200,0.0,1.0,0.0,0.0,32.0,4.0,59.0,0.0,11.0,6.0,70.0
449.75,41.8,200,0.0,1.0,0.0,0.0,32.0,4.0,59.0,0.0,11.0,6.0,70.0
450.0,41.8,200,0.0,1.0,0.0,0.0,32.0,4.0,59.0,0.0,11.0,6.0,70.0
450.25,41.9,200,0.0,1.0,0.0,0.0,32.0,4.0,59.0,0.0,11.0,6.0,70.0
450.5,41.7,200,0.0,1.0,0.0,0.0,32.0,4.0,62.0,0.0,11.0,6.0,70.0
450.75,41.7,200,0.0,1.0,0.0,0.0,32.0,4.0,62.0,0.0,11.0,6.0,70.0
451.0,42.2,200,0.0,1.0,0.0,0.0,32.0,4.0,62.0,0.0,11.0,6.0,70.0
451.25,42.8,200,1.0,1.0,0.0,0.0,32.0,4.0,62.0,0.0,11.0,7.0,70.0
451.5,41.8,200,0.0,1.0,0.0,0.0,32.0,4.0,63.0,0.0,11.0,6.0,70.0
451.75,42.6,200,0.0,1.0,0.0,0.0,32.0,4.0,63.0,0.0,11.0,6.0,70.0
452.0,42.2,200,0.0,1.0,0.0,0.0,32.0,4.0,63.0,0.0,11.0,6.0,70.0
452.25,41.9,200,0.0,1.0,0.0,0.0,32.0,4.0,63.0,0.0,11.0,6.0,70.0
452.5,41.8,200,0.0,1.0,0.0,0.0,32.0,4.0,65.0,0.0,11.0,6.0,70.0
452.75,41.8,200,0.0,1.0,0.0,0.0,32.0,4.0,65.0,0.0,11.0,6.0,70.0
453.0,41.7,200,0.0,1.0,0.0,0.0,32.0,4.0,65.0,0.0,11.0,6.0,70.0
453.25,41.8,200,0.0,1.0,0.0,0.0,32.0,4.0,65.0,0.0,11.0,6.0,70.0
453.5,41.8,200,1.0,1.0,0.0,0.0,32.0,4.0,35.0,0.0,11.0,7.0,70.0
453.75,43.7,200,0.0,1.0,0.0,0.0,32.0,4.0,35.0,0.0,11.0,6.0,70.0
454.0,41.8,200,0.0,1.0,0.0,0.0,32.0,4.0,35.0,0.0,11.0,6.0,70.0
454.25,43.2,200,0.0,1.0,0.0,0.0,32.0,4.0,35.0,0.0,11.0,6.0,70.0
454.5,42.8,200,0.0,1.0,0.0,0.0,32.0,4.0,41.0,0.0,11.0,6.0,70.0
454.75,41.8,200,0.0,1.0,0.0,0.0,32.0,4.0,41.0,0.0,11.0,6.0,70.0
455.0,41.9,200,0.0,1.0,0.0,0.0,32.0,4.0,41.0,0.0,11.0,6.0,70.0
455.25,41.8,200,0.0,1.0,0.0,0.0,32.0,4.0,41.0,0.0,11.0,6.0,70.0
455.5,41.8,200,0.0,1.0,0.0,0.0,32.0,4.0,44.0,0.0,11.0,6.0,70.0
455.75,41.8,200,1.0,1.0,0.0,0.0,32.0,4.0,44.0,0.0,11.0,7.0,70.0
456.0,41.9,200,0.0,1.0,0.0,0.0,32.0,4.0,44.0,0.0,11.0,6.0,70.0
456.25,41.8,200,0.0,1.0,0.0,0.0,32.0,4.0,44.0,0.0,11.0,6.0,70.0
456.5,41.8,200,0.0,1.0,0.0,0.0,32.0,4.0,47.0,0.0,11.0,6.0,70.0
456.75,41.7,200,0.0,1.0,0.0,0.0,32.0,4.0,47.0,0.0,11.0,6.0,70.0
457.0,41.8,200,1.0,1.0,0.0,0.0,32.0,4.0,47.0,0.0,11.0,7.0,70.0
457.251,42.4,200,0.0,1.0,0.0,0.0,32.0,4.0,47.0,0.0,11.0,6.0,70.0
457.5,41.7,200,0.0,1.0,0.0,0.0,32.0,4.0,47.0,0.0,11.0,6.0,70.0
457.75,41.9,200,0.0,1.0,0.0,0.0,32.0,4.0,50.0,0.0,11.0,6.0,70.0
458.0,41.8,200,0.0,1.0,0.0,0.0,32.0,4.0,50.0,0.0,11.0,6.0,70.0
458.25,41.7,200,0.0,1.0,0.0,0.0,32.0,4.0,50.0,0.0,11.0,6.0,70.0
458.5,41.8,200,0.0,1.0,0.0,0.0,32.0,4.0,50.0,0.0,11.0,6.0,70.0
458.75,41.8,200,0.0,1.0,0.0,0.0,32.0,4.0,53.0,0.0,11.0,6.0,70.0
459.0,41.8,200,0.0,1.0,0.0,0.0,32.0,4.0,53.0,0.0,11.0,6.0,70.0
459.25,42.8,200,1.0,1.0,0.0,0.0,32.0,4.0,53.0,0.0,11.0,7.0,70.0
459.5,41.8,200,0.0,1.0,0.0,0.0,32.0,4.0,53.0,0.0,11.0,6.0,70.0
459.75,41.8,200,0.0,1.0,0.0,0.0,32.0,4.0,59.0,0.0,11.0,6.0,70.0
460.0,41.8,200,0.0,1.0,0.0,0.0,32.0,4.0,59.0,0.0,11.0,6.0,70.0
460.25,41.8,200,0.0,1.0,0.0,0.0,32.0,4.0,59.0,0.0,11.0,6.0,70.0
460.5,41.8,200,1.0,1.0,0.0,0.0,32.0,4.0,59.0,0.0,11.0,7.0,70.0
460.75,41.8,200,0.0,1.0,0.0,0.0,32.0,4.0,62.0,0.0,11.0,6.0,70.0
461.0,41.8,200,0.0,1.0,0.0,0.0,32.0,4.0,62.0,0.0,11.0,6.0,70.0
461.25,42.8,200,0.0,1.0,0.0,0.0,32.0,4.0,62.0,0.0,11.0,6.0,70.0
461.5,42.8,200,0.0,1.0,0.0,0.0,32.0,4.0,62.0,0.0,11.0,6.0,70.0
461.75,41.7,200,0.0,1.0,0.0,0.0,32.0,4.0,65.0,0.0,11.0,6.0,70.0
462.0,42.8,200,0.0,1.0,0.0,0.0,32.0,4.0,65.0,0.0,11.0,6.0,70.0
462.25,41.8,200,0.0,1.0,0.0,0.0,32.0,4.0,65.0,0.0,11.0,6.0,70.0
462.5,42.8,200,0.0,1.0,0.0,0.0,32.0,4.0,65.0,0.0,11.0,6.0,70.0
462.75,42.8,200,1.0,1.0,0.0,0.0,32.0,4.0,66.0,0.0,11.0,7.0,70.0
463.0,41.9,200,0.0,1.0,0.0,0.0,32.0,4.0,66.0,0.0,11.0,6.0,70.0
463.25,42.6,200,0.0,1.0,0.0,0.0,32.0,4.0,66.0,0.0,11.0,6.0,70.0
463.5,41.8,200,0.0,1.0,0.0,0.0,32.0,4.0,35.0,0.0,11.0,6.0,70.0
463.75,41.8,200,0.0,1.0,0.0,0.0,32.0,4.0,38.0,0.0,11.0,6.0,70.0
464.0,41.8,200,0.0,1.0,0.0,0.0,32.0,4.0,38.0,0.0,11.0,6.0,70.0
464.25,41.8,200,0.0,1.0,0.0,0.0,32.0,4.0,38.0,0.0,11.0,6.0,70.0
464.5,42.7,200,0.0,1.0,0.0,0.0,32.0,4.0,38.0,0.0,11.0,6.0,70.0
464.75,42.2,200,0.0,1.0,0.0,0.0,32.0,4.0,44.0,0.0,11.0,6.0,70.0
465.0,42.8,200,1.0,1.0,0.0,0.0,32.0,4.0,44.0,0.0,11.0,7.0,70.0
465.25,42.5,200,0.0,1.0,0.0,0.0,32.0,4.0,44.0,0.0,11.0,6.0,70.0
465.5,41.8,200,0.0,1.0,0.0,0.0,32.0,4.0,44.0,0.0,11.0,6.0,70.0
465.75,41.8,200,0.0,1.0,0.0,0.0,32.0,4.0,47.0,0.0,11.0,6.0,70.0
466.0,41.9,200,0.0,1.0,0.0,0.0,32.0,4.0,47.0,0.0,11.0,6.0,70.0
466.25,42.8,200,0.0,1.0,0.0,0.0,32.0,4.0,47.0,0.0,11.0,6.0,70.0
466.5,42.7,200,0.0,1.0,0.0,0.0,32.0,4.0,47.0,0.0,11.0,6.0,70.0
466.75,41.8,200,0.0,1.0,0.0,0.0,32.0,4.0,50.0,0.0,11.0,6.0,70.0
467.0,41.8,200,0.0,1.0,0.0,0.0,32.0,4.0,50.0,0.0,11.0,6.0,70.0
467.25,41.8,200,1.0,1.0,0.0,0.0,32.0,4.0,50.0,0.0,11.0,7.0,70.0
467.5,41.9,200,0.0,1.0,0.0,0.0,32.0,4.0,50.0,0.0,11.0,6.0,70.0
467.75,41.8,200,0.0,1.0,0.0,0.0,32.0,4.0,50.0,0.0,11.0,6.0,70.0
468.0,41.8,200,0.0,1.0,0.0,0.0,32.0,4.0,53.0,0.0,11.0,6.0,70.0
468.25,41.8,200,0.0,1.0,0.0,0.0,32.0,4.0,53.0,0.0,11.0,6.0,70.0
468.5,41.8,200,0.0,1.0,0.0,0.0,32.0,4.0,53.0,0.0,11.0,6.0,70.0
468.75,42.8,200,0.0,1.0,0.0,0.0,32.0,4.0,53.0,0.0,11.0,6.0,70.0
469.0,41.8,200,0.0,1.0,0.0,0.0,32.0,4.0,56.0,0.0,11.0,6.0,70.0
469.25,41.8,200,1.0,1.0,0.0,0.0,32.0,4.0,56.0,0.0,11.0,7.0,70.0
469.5,41.9,200,1.0,1.0,0.0,0.0,32.0,4.0,56.0,0.0,11.0,7.0,70.0
469.75,41.9,200,0.0,1.0,0.0,0.0,32.0,4.0,56.0,0.0,11.0,6.0,70.0
470.0,41.8,200,0.0,1.0,0.0,0.0,32.0,4.0,62.0,0.0,11.0,6.0,70.0
470.25,41.9,200,0.0,1.0,0.0,0.0,32.0,4.0,62.0,0.0,11.0,6.0,70.0
470.5,41.8,200,0.0,1.0,0.0,0.0,32.0,4.0,62.0,0.0,11.0,6.0,70.0
470.75,41.9,200,0.0,1.0,0.0,0.0,32.0,4.0,62.0,0.0,11.0,6.0,70.0
471.0,41.8,200,0.0,1.0,0.0,0.0,32.0,4.0,65.0,0.0,11.0,6.0,70.0
471.25,41.8,200,0.0,1.0,0.0,0.0,32.0,4.0,65.0,0.0,11.0,6.0,70.0
471.5,42.6,200,0.0,1.0,0.0,0.0,32.0,4.0,65.0,0.0,11.0,6.0,70.0
471.75,41.8,200,1.0,1.0,0.0,0.0,32.0,4.0,65.0,0.0,11.0,7.0,70.0
472.0,41.8,200,0.0,1.0,0.0,0.0,32.0,4.0,66.0,0.0,11.0,6.0,70.0
472.251,42.4,200,0.0,1.0,0.0,0.0,32.0,4.0,66.0,0.0,11.0,6.0,70.0
472.5,42.8,200,0.0,1.0,0.0,0.0,32.0,4.0,66.0,0.0,11.0,6.0,70.0
472.75,41.8,200,0.0,1.0,0.0,0.0,32.0,4.0,66.0,0.0,11.0,6.0,70.0
473.0,41.8,200,0.0,1.0,0.0,0.0,32.0,4.0,68.0,0.0,11.0,6.0,70.0
473.251,42.6,200,0.0,1.0,0.0,0.0,32.0,4.0,68.0,0.0,11.0,6.0,70.0
473.5,41.9,200,0.0,1.0,0.0,0.0,32.0,4.0,33.0,0.0,11.0,6.0,70.0
473.75,41.8,200,0.0,1.0,0.0,0.0,32.0,4.0,33.0,0.0,11.0,6.0,70.0
474.0,41.8,200,1.0,1.0,0.0,0.0,32.0,4.0,37.0,0.0,11.0,7.0,70.0
474.251,42.5,200,0.0,1.0,0.0,0.0,32.0,4.0,37.0,0.0,11.0,6.0,70.0
474.5,41.8,200,0.0,1.0,0.0,0.0,32.0,4.0,37.0,0.0,11.0,6.0,70.0
474.75,43.8,200,0.0,1.0,0.0,0.0,32.0,4.0,37.0,0.0,11.0,6.0,70.0
475.0,42.7,200,0.0,1.0,0.0,0.0,32.0,4.0,43.0,0.0,11.0,6.0,70.0
475.25,41.9,200,0.0,1.0,0.0,0.0,32.0,4.0,43.0,0.0,11.0,6.0,70.0
475.5,41.8,200,0.0,1.0,0.0,0.0,32.0,4.0,43.0,0.0,11.0,6.0,70.0
475.75,41.8,200,0.0,1.0,0.0,0.0,32.0,4.0,43.0,0.0,11.0,6.0,70.0
476.0,41.8,200,0.0,1.0,0.0,0.0,32.0,4.0,46.0,0.0,11.0,6.0,70.0
476.25,41.8,200,1.0,1.0,0.0,0.0,32.0,4.0,46.0,0.0,11.0,7.0,70.0
476.5,41.8,200,0.0,1.0,0.0,0.0,32.0,4.0,46.0,0.0,11.0,6.0,70.0
476.75,41.8,200,0.0,1.0,0.0,0.0,32.0,4.0,46.0,0.0,11.0,6.0,70.0
477.0,41.8,200,0.0,1.0,0.0,0.0,32.0,4.0,46.0,0.0,11.0,6.0,70.0
477.25,41.8,200,0.0,1.0,0.0,0.0,32.0,4.0,49.0,0.0,11.0,6.0,70.0
477.5,41.8,200,0.0,1.0,0.0,0.0,32.0,4.0,49.0,0.0,11.0,6.0,70.0
477.75,41.8,200,0.0,1.0,0.0,0.0,32.0,4.0,49.0,0.0,11.0,6.0,70.0
478.0,41.8,200,0.0,1.0,0.0,0.0,32.0,4.0,49.0,0.0,11.0,6.0,70.0
478.25,41.8,200,0.0,1.0,0.0,0.0,32.0,4.0,52.0,0.0,11.0,6.0,70.0
478.5,41.9,200,1.0,1.0,0.0,0.0,32.0,4.0,52.0,0.0,11.0,7.0,70.0
478.75,41.8,200,0.0,1.0,0.0,0.0,32.0,4.0,52.0,0.0,11.0,6.0,70.0
479.0,41.8,200,0.0,1.0,0.0,0.0,32.0,4.0,52.0,0.0,11.0,6.0,70.0
479.25,41.9,200,0.0,1.0,0.0,0.0,32.0,4.0,55.0,0.0,11.0,6.0,70.0
479.5,41.9,200,0.0,1.0,0.0,0.0,32.0,4.0,55.0,0.0,11.0,6.0,70.0
479.75,41.7,200,1.0,1.0,0.0,0.0,32.0,4.0,55.0,0.0,11.0,7.0,70.0
480.0,41.9,200,0.0,1.0,0.0,0.0,32.0,4.0,55.0,0.0,11.0,6.0,70.0
480.25,41.9,200,0.0,1.0,0.0,0.0,32.0,4.0,63.0,0.0,11.0,6.0,70.0
480.5,41.8,200,0.0,1.0,0.0,0.0,32.0,4.0,63.0,0.0,11.0,6.0,70.0
480.75,41.8,200,0.0,1.0,0.0,0.0,32.0,4.0,63.0,0.0,11.0,6.0,70.0
481.0,41.7,200,1.0,1.0,0.0,0.0,32.0,4.0,63.0,0.0,11.0,7.0,70.0
481.25,41.8,200,0.0,1.0,0.0,0.0,32.0,4.0,66.0,0.0,11.0,6.0,70.0
481.5,41.8,200,0.0,1.0,0.0,0.0,32.0,4.0,66.0,0.0,11.0,6.0,70.0
481.75,41.8,200,0.0,1.0,0.0,0.0,32.0,4.0,66.0,0.0,11.0,6.0,70.0
482.0,41.8,200,0.0,1.0,0.0,0.0,32.0,4.0,66.0,0.0,11.0,6.0,70.0
482.25,41.9,200,0.0,1.0,0.0,0.0,32.0,4.0,69.0,0.0,11.0,6.0,70.0
482.5,41.8,200,0.0,1.0,0.0,0.0,32.0,4.0,69.0,0.0,11.0,6.0,70.0
482.75,41.8,200,0.0,1.0,0.0,0.0,32.0,4.0,69.0,0.0,11.0,6.0,70.0
483.0,41.8,200,0.0,1.0,0.0,0.0,32.0,4.0,69.0,0.0,11.0,6.0,70.0
483.25,42.7,200,1.0,1.0,0.0,0.0,32.0,4.0,70.0,0.0,11.0,7.0,70.0
483.5,41.8,200,0.0,1.0,0.0,0.0,32.0,4.0,70.0,0.0,11.0,6.0,70.0
483.75,41.9,200,0.0,1.0,0.0,0.0,32.0,4.0,37.0,0.0,11.0,6.0,70.0
484.0,41.9,200,0.0,1.0,0.0,0.0,32.0,4.0,37.0,0.0,11.0,6.0,70.0
484.25,41.8,200,0.0,1.0,0.0,0.0,32.0,4.0,40.0,0.0,11.0,6.0,70.0
484.5,41.8,200,0.0,1.0,0.0,0.0,32.0,4.0,40.0,0.0,11.0,6.0,70.0
484.75,41.9,200,0.0,1.0,0.0,0.0,32.0,4.0,40.0,0.0,11.0,6.0,70.0
485.0,41.9,200,0.0,1.0,0.0,0.0,32.0,4.0,40.0,0.0,11.0,6.0,70.0
485.25,41.8,200,0.0,1.0,0.0,0.0,32.0,4.0,40.0,0.0,11.0,6.0,70.0
485.5,41.8,200,1.0,1.0,0.0,0.0,32.0,4.0,46.0,0.0,11.0,7.0,70.0
485.75,42.7,200,0.0,1.0,0.0,0.0,32.0,4.0,46.0,0.0,11.0,6.0,70.0
486.0,41.9,200,0.0,1.0,0.0,0.0,32.0,4.0,46.0,0.0,11.0,6.0,70.0
486.25,41.8,200,0.0,1.0,0.0,0.0,32.0,4.0,46.0,0.0,11.0,6.0,70.0
486.5,41.8,200,0.0,1.0,0.0,0.0,32.0,4.0,49.0,0.0,11.0,6.0,70.0
486.75,41.8,200,0.0,1.0,0.0,0.0,32.0,4.0,49.0,0.0,11.0,6.0,70.0
487.0,41.9,200,0.0,1.0,0.0,0.0,32.0,4.0,49.0,0.0,11.0,6.0,70.0
487.25,42.8,200,0.0,1.0,0.0,0.0,32.0,4.0,49.0,0.0,11.0,6.0,70.0
487.5,41.8,200,0.0,1.0,0.0,0.0,32.0,4.0,52.0,0.0,11.0,6.0,70.0
487.75,41.8,200,1.0,1.0,0.0,0.0,32.0,4.0,52.0,0.0,11.0,7.0,70.0
488.0,42.2,200,0.0,1.0,0.0,0.0,32.0,4.0,52.0,0.0,11.0,6.0,70.0
488.25,41.8,200,0.0,1.0,0.0,0.0,32.0,4.0,52.0,0.0,11.0,6.0,70.0
488.5,41.7,200,0.0,1.0,0.0,0.0,32.0,4.0,55.0,0.0,11.0,6.0,70.0
488.75,41.9,200,0.0,1.0,0.0,0.0,32.0,4.0,55.0,0.0,11.0,6.0,70.0
489.0,41.8,200,0.0,1.0,0.0,0.0,32.0,4.0,55.0,0.0,11.0,6.0,70.0
489.25,41.7,200,0.0,1.0,0.0,0.0,32.0,4.0,55.0,0.0,11.0,6.0,70.0
489.5,41.8,200,0.0,1.0,0.0,0.0,32.0,4.0,58.0,0.0,11.0,6.0,70.0
489.75,41.8,200,0.0,1.0,0.0,0.0,32.0,4.0,58.0,0.0,11.0,6.0,70.0
490.0,42.8,200,1.0,1.0,0.0,0.0,32.0,4.0,58.0,0.0,11.0,7.0,70.0
490.25,42.6,200,0.0,1.0,0.0,0.0,32.0,4.0,58.0,0.0,11.0,6.0,70.0
490.5,41.7,200,0.0,1.0,0.0,0.0,32.0,4.0,64.0,0.0,11.0,6.0,70.0
490.75,41.8,200,0.0,1.0,0.0,0.0,32.0,4.0,64.0,0.0,11.0,6.0,70.0
491.0,41.8,200,0.0,1.0,0.0,0.0,32.0,4.0,64.0,0.0,11.0,6.0,70.0
491.25,42.2,200,0.0,1.0,0.0,0.0,32.0,4.0,64.0,0.0,11.0,6.0,70.0
491.5,41.9,200,0.0,1.0,0.0,0.0,32.0,4.0,67.0,0.0,11.0,6.0,70.0
491.75,41.9,200,0.0,1.0,0.0,0.0,32.0,4.0,67.0,0.0,11.0,6.0,70.0
492.0,42.1,200,0.0,1.0,0.0,0.0,32.0,4.0,67.0,0.0,11.0,6.0,70.0
492.25,41.8,200,1.0,1.0,0.0,0.0,32.0,4.0,67.0,0.0,11.0,7.0,70.0
492.5,41.8,200,0.0,1.0,0.0,0.0,32.0,4.0,70.0,0.0,11.0,6.0,70.0
492.751,42.6,200,0.0,1.0,0.0,0.0,32.0,4.0,70.0,0.0,11.0,6.0,70.0
493.0,42.2,200,0.0,1.0,0.0,0.0,32.0,4.0,70.0,0.0,11.0,6.0,70.0
493.251,43.5,200,0.0,1.0,0.0,0.0,32.0,4.0,70.0,0.0,11.0,6.0,70.0
493.5,41.8,200,0.0,1.0,0.0,0.0,32.0,4.0,71.0,0.0,11.0,6.0,70.0
493.75,41.8,200,0.0,1.0,0.0,0.0,32.0,4.0,71.0,0.0,11.0,6.0,70.0
494.0,41.9,200,0.0,1.0,0.0,0.0,32.0,4.0,34.0,0.0,11.0,6.0,70.0
494.251,43.5,200,0.0,1.0,0.0,0.0,32.0,4.0,34.0,0.0,11.0,6.0,70.0
494.5,41.8,200,1.0,1.0,0.0,0.0,32.0,4.0,34.0,0.0,11.0,7.0,70.0
494.751,42.5,200,0.0,1.0,0.0,0.0,32.0,4.0,41.0,0.0,11.0,6.0,70.0
495.0,42.9,200,0.0,1.0,0.0,0.0,32.0,4.0,41.0,0.0,11.0,6.0,70.0
495.25,42.1,200,0.0,1.0,0.0,0.0,32.0,4.0,41.0,0.0,11.0,6.0,70.0
495.5,41.8,200,0.0,1.0,0.0,0.0,32.0,4.0,41.0,0.0,11.0,6.0,70.0
495.75,41.8,200,0.0,1.0,0.0,0.0,32.0,4.0,43.0,0.0,11.0,6.0,70.0
496.0,41.9,200,0.0,1.0,0.0,0.0,32.0,4.0,43.0,0.0,11.0,6.0,70.0
496.25,42.4,200,0.0,1.0,0.0,0.0,32.0,4.0,43.0,0.0,11.0,6.0,70.0
496.5,43.8,200,0.0,1.0,0.0,0.0,32.0,4.0,43.0,0.0,11.0,6.0,70.0
496.75,41.8,200,1.0,1.0,0.0,0.0,32.0,4.0,46.0,0.0,11.0,7.0,70.0
497.0,41.9,200,0.0,1.0,0.0,0.0,32.0,4.0,46.0,0.0,11.0,6.0,70.0
497.25,41.8,200,0.0,1.0,0.0,0.0,32.0,4.0,46.0,0.0,11.0,6.0,70.0
497.5,41.9,200,0.0,1.0,0.0,0.0,32.0,4.0,46.0,0.0,11.0,6.0,70.0
497.75,41.8,200,0.0,1.0,0.0,0.0,32.0,4.0,49.0,0.0,11.0,6.0,70.0
498.0,41.8,200,1.0,1.0,0.0,0.0,32.0,4.0,49.0,0.0,11.0,7.0,70.0
498.25,41.9,200,0.0,1.0,0.0,0.0,32.0,4.0,49.0,0.0,11.0,6.0,70.0
498.5,41.7,200,0.0,1.0,0.0,0.0,32.0,4.0,49.0,0.0,11.0,6.0,70.0
498.75,41.9,200,0.0,1.0,0.0,0.0,32.0,4.0,52.0,0.0,11.0,6.0,70.0
499.0,42.5,200,0.0,1.0,0.0,0.0,32.0,4.0,52.0,0.0,11.0,6.0,70.0
499.25,41.9,200,0.0,1.0,0.0,0.0,32.0,4.0,52.0,0.0,11.0,6.0,70.0
499.5,41.8,200,1.0,1.0,0.0,0.0,32.0,4.0,52.0,0.0,11.0,7.0,70.0
499.75,41.8,200,0.0,1.0,0.0,0.0,32.0,4.0,58.0,0.0,11.0,6.0,70.0
500.0,42.8,200,0.0,1.0,0.0,0.0,32.0,4.0,58.0,0.0,11.0,6.0,70.0
500.25,41.7,200,1.0,1.0,0.0,0.0,32.0,4.0,58.0,0.0,11.0,7.0,70.0
500.5,42.7,200,0.0,1.0,0.0,0.0,32.0,4.0,58.0,0.0,11.0,6.0,70.0
500.75,41.8,200,0.0,1.0,0.0,0.0,32.0,4.0,61.0,0.0,11.0,6.0,70.0
501.001,42.6,200,0.0,1.0,0.0,0.0,32.0,4.0,61.0,0.0,11.0,6.0,70.0
501.25,42.7,200,0.0,1.0,0.0,0.0,32.0,4.0,61.0,0.0,11.0,6.0,70.0
501.5,41.9,200,1.0,1.0,0.0,0.0,32.0,4.0,61.0,0.0,11.0,7.0,70.0
501.75,41.8,200,0.0,1.0,0.0,0.0,32.0,4.0,64.0,0.0,11.0,6.0,70.0
502.0,41.9,200,0.0,1.0,0.0,0.0,32.0,4.0,64.0,0.0,11.0,6.0,70.0
502.25,42.9,200,0.0,1.0,0.0,0.0,32.0,4.0,64.0,0.0,11.0,6.0,70.0
502.5,42.8,200,0.0,1.0,0.0,0.0,32.0,4.0,64.0,0.0,11.0,6.0,70.0
502.75,41.8,200,0.0,1.0,0.0,0.0,32.0,4.0,67.0,0.0,11.0,6.0,70.0
503.001,42.6,200,0.0,1.0,0.0,0.0,32.0,4.0,67.0,0.0,11.0,6.0,70.0
503.25,42.8,200,0.0,1.0,0.0,0.0,32.0,4.0,67.0,0.0,11.0,6.0,70.0
503.5,41.8,200,0.0,1.0,0.0,0.0,32.0,4.0,67.0,0.0,11.0,6.0,70.0
503.75,41.8,200,1.0,1.0,0.0,0.0,32.0,4.0,67.0,0.0,11.0,7.0,70.0
504.0,41.9,200,0.0,1.0,0.0,0.0,32.0,4.0,34.0,0.0,11.0,6.0,70.0
504.25,41.9,200,0.0,1.0,0.0,0.0,32.0,4.0,34.0,0.0,11.0,6.0,70.0
504.5,42.8,200,0.0,1.0,0.0,0.0,32.0,4.0,34.0,0.0,11.0,6.0,70.0
504.75,41.8,200,0.0,1.0,0.0,0.0,32.0,4.0,34.0,0.0,11.0,6.0,70.0
505.0,42.7,200,0.0,1.0,0.0,0.0,32.0,4.0,40.0,0.0,11.0,6.0,70.0
505.25,41.9,200,0.0,1.0,0.0,0.0,32.0,4.0,40.0,0.0,11.0,6.0,70.0
505.5,41.9,200,0.0,1.0,0.0,0.0,32.0,4.0,40.0,0.0,11.0,6.0,70.0
505.75,41.9,200,0.0,1.0,0.0,0.0,32.0,4.0,40.0,0.0,11.0,6.0,70.0
506.0,42.8,200,1.0,1.0,0.0,0.0,32.0,4.0,43.0,0.0,11.0,7.0,70.0
506.25,41.9,200,0.0,1.0,0.0,0.0,32.0,4.0,43.0,0.0,11.0,6.0,70.0
506.5,41.8,200,0.0,1.0,0.0,0.0,32.0,4.0,43.0,0.0,11.0,6.0,70.0
506.751,42.5,200,0.0,1.0,0.0,0.0,32.0,4.0,43.0,0.0,11.0,6.0,70.0
507.0,41.9,200,0.0,1.0,0.0,0.0,32.0,4.0,46.0,0.0,11.0,6.0,70.0
507.251,42.4,200,0.0,1.0,0.0,0.0,32.0,4.0,46.0,0.0,11.0,6.0,70.0
507.5,42.2,200,0.0,1.0,0.0,0.0,32.0,4.0,46.0,0.0,11.0,6.0,70.0
507.75,41.9,200,0.0,1.0,0.0,0.0,32.0,4.0,46.0,0.0,11.0,6.0,70.0
508.0,41.8,200,0.0,1.0,0.0,0.0,32.0,4.0,49.0,0.0,11.0,6.0,70.0
508.25,41.8,200,1.0,1.0,0.0,0.0,32.0,4.0,49.0,0.0,11.0,7.0,70.0
508.5,42.8,200,0.0,1.0,0.0,0.0,32.0,4.0,49.0,0.0,11.0,6.0,70.0
508.75,41.9,200,0.0,1.0,0.0,0.0,32.0,4.0,49.0,0.0,11.0,6.0,70.0
509.0,41.9,200,0.0,1.0,0.0,0.0,32.0,4.0,52.0,0.0,11.0,6.0,70.0
509.25,41.8,200,0.0,1.0,0.0,0.0,32.0,4.0,52.0,0.0,11.0,6.0,70.0
509.5,41.8,200,0.0,1.0,0.0,0.0,32.0,4.0,52.0,0.0,11.0,6.0,70.0
509.75,41.8,200,0.0,1.0,0.0,0.0,32.0,4.0,52.0,0.0,11.0,6.0,70.0
510.0,42.1,200,0.0,1.0,0.0,0.0,32.0,4.0,58.0,0.0,11.0,6.0,70.0
510.25,41.8,200,0.0,1.0,0.0,0.0,32.0,4.0,58.0,0.0,11.0,6.0,70.0
510.5,41.8,200,1.0,1.0,0.0,0.0,32.0,4.0,58.0,0.0,11.0,7.0,70.0
510.75,42.2,200,0.0,1.0,0.0,0.0,32.0,4.0,58.0,0.0,11.0,6.0,70.0
511.0,41.8,200,0.0,1.0,0.0,0.0,32.0,4.0,61.0,0.0,11.0,6.0,70.0
511.25,41.8,200,0.0,1.0,0.0,0.0,32.0,4.0,61.0,0.0,11.0,6.0,70.0
511.5,41.8,200,0.0,1.0,0.0,0.0,32.0,4.0,61.0,0.0,11.0,6.0,70.0
511.75,41.8,200,0.0,1.0,0.0,0.0,32.0,4.0,61.0,0.0,11.0,6.0,70.0
512.0,42.2,200,0.0,1.0,0.0,0.0,32.0,4.0,64.0,0.0,11.0,6.0,70.0
512.25,42.8,200,0.0,1.0,0.0,0.0,32.0,4.0,64.0,0.0,11.0,6.0,70.0
512.5,41.8,200,0.0,1.0,0.0,0.0,32.0,4.0,64.0,0.0,11.0,6.0,70.0
512.75,41.8,200,1.0,1.0,0.0,0.0,32.0,4.0,64.0,0.0,11.0,7.0,70.0
513.0,41.9,200,0.0,1.0,0.0,0.0,32.0,4.0,64.0,0.0,11.0,6.0,70.0
513.25,41.6,200,0.0,1.0,0.0,0.0,32.0,4.0,67.0,0.0,11.0,6.0,70.0
513.5,41.8,200,0.0,1.0,0.0,0.0,32.0,4.0,67.0,0.0,11.0,6.0,70.0
513.751,42.9,200,0.0,1.0,0.0,0.0,32.0,4.0,67.0,0.0,11.0,6.0,70.0
514.0,41.8,200,0.0,1.0,0.0,0.0,32.0,4.0,33.0,0.0,11.0,6.0,70.0
514.251,43.5,200,0.0,1.0,0.0,0.0,32.0,4.0,37.0,0.0,11.0,6.0,70.0
514.5,41.8,200,0.0,1.0,0.0,0.0,32.0,4.0,37.0,0.0,11.0,6.0,70.0
514.75,41.8,200,0.0,1.0,0.0,0.0,32.0,4.0,37.0,0.0,11.0,6.0,70.0
515.0,42.8,200,1.0,1.0,0.0,0.0,32.0,4.0,37.0,0.0,10.0,7.0,70.0
515.25,41.8,200,0.0,1.0,0.0,0.0,32.0,4.0,41.0,0.0,10.0,6.0,70.0
515.5,41.8,200,0.0,1.0,0.0,0.0,32.0,4.0,41.0,0.0,10.0,6.0,70.0
515.75,41.9,200,0.0,1.0,0.0,0.0,32.0,4.0,41.0,0.0,10.0,6.0,70.0
516.0,42.7,200,0.0,1.0,0.0,0.0,32.0,4.0,41.0,0.0,10.0,6.0,70.0
516.251,42.5,200,0.0,1.0,0.0,0.0,32.0,4.0,43.0,0.0,10.0,6.0,70.0
516.5,41.8,200,0.0,1.0,0.0,0.0,32.0,4.0,43.0,0.0,10.0,6.0,70.0
516.75,41.8,200,0.0,1.0,0.0,0.0,32.0,4.0,43.0,0.0,10.0,6.0,70.0
517.0,41.9,200,0.0,1.0,0.0,0.0,32.0,4.0,43.0,0.0,10.0,6.0,70.0
517.25,41.8,200,1.0,1.0,0.0,0.0,32.0,4.0,46.0,0.0,10.0,7.0,70.0
517.5,41.9,200,0.0,1.0,0.0,0.0,32.0,4.0,46.0,0.0,10.0,6.0,70.0
517.75,42.9,200,0.0,1.0,0.0,0.0,32.0,4.0,46.0,0.0,10.0,6.0,70.0
518.0,41.9,200,0.0,1.0,0.0,0.0,32.0,4.0,46.0,0.0,10.0,6.0,70.0
518.25,42.0,200,0.0,1.0,0.0,0.0,32.0,4.0,49.0,0.0,10.0,6.0,70.0
518.5,42.8,200,0.0,1.0,0.0,0.0,32.0,4.0,49.0,0.0,10.0,6.0,70.0
518.75,41.9,200,0.0,1.0,0.0,0.0,32.0,4.0,49.0,0.0,10.0,6.0,70.0
519.0,41.9,200,0.0,1.0,0.0,0.0,32.0,4.0,49.0,0.0,10.0,6.0,70.0
519.25,41.8,200,0.0,1.0,0.0,0.0,32.0,4.0,52.0,0.0,10.0,6.0,70.0
519.5,41.8,200,1.0,1.0,0.0,0.0,32.0,4.0,52.0,0.0,10.0,7.0,70.0
519.75,41.7,200,0.0,1.0,0.0,0.0,32.0,4.0,52.0,0.0,10.0,6.0,70.0
520.0,41.8,200,0.0,1.0,0.0,0.0,32.0,4.0,52.0,0.0,10.0,6.0,70.0
520.25,41.9,200,0.0,1.0,0.0,0.0,32.0,4.0,58.0,0.0,10.0,6.0,70.0
520.5,41.8,200,0.0,1.0,0.0,0.0,32.0,4.0,58.0,0.0,10.0,6.0,70.0
520.75,41.9,200,0.0,1.0,0.0,0.0,32.0,4.0,58.0,0.0,10.0,6.0,70.0
521.0,42.7,200,0.0,1.0,0.0,0.0,32.0,4.0,58.0,0.0,10.0,6.0,70.0
521.25,41.9,200,0.0,1.0,0.0,0.0,32.0,4.0,61.0,0.0,10.0,6.0,70.0
521.5,41.9,200,0.0,1.0,0.0,0.0,32.0,4.0,61.0,0.0,10.0,6.0,70.0
521.75,41.8,200,1.0,1.0,0.0,0.0,32.0,4.0,61.0,0.0,10.0,7.0,70.0
522.0,41.9,200,0.0,1.0,0.0,0.0,32.0,4.0,61.0,0.0,10.0,6.0,70.0
522.25,41.9,200,0.0,1.0,0.0,0.0,32.0,4.0,61.0,0.0,10.0,6.0,70.0
522.5,42.8,200,0.0,1.0,0.0,0.0,32.0,4.0,64.0,0.0,10.0,6.0,70.0
522.75,41.8,200,0.0,1.0,0.0,0.0,32.0,4.0,64.0,0.0,10.0,6.0,70.0
523.0,41.8,200,1.0,1.0,0.0,0.0,32.0,4.0,64.0,0.0,10.0,7.0,70.0
523.25,41.8,200,0.0,1.0,0.0,0.0,32.0,4.0,64.0,0.0,10.0,6.0,70.0
523.5,41.7,200,0.0,1.0,0.0,0.0,32.0,4.0,67.0,0.0,10.0,6.0,70.0
523.75,41.9,200,0.0,1.0,0.0,0.0,32.0,4.0,67.0,0.0,10.0,6.0,70.0
524.0,42.8,200,0.0,1.0,0.0,0.0,32.0,4.0,67.0,0.0,10.0,6.0,70.0
524.25,43.7,200,0.0,1.0,0.0,0.0,32.0,4.0,34.0,0.0,10.0,6.0,70.0
524.5,41.8,200,0.0,1.0,0.0,0.0,32.0,4.0,38.0,0.0,10.0,6.0,70.0
524.751,42.6,200,0.0,1.0,0.0,0.0,32.0,4.0,38.0,0.0,10.0,6.0,70.0
525.0,41.9,200,0.0,1.0,0.0,0.0,32.0,4.0,38.0,0.0,10.0,6.0,70.0
525.25,41.8,200,0.0,1.0,0.0,0.0,32.0,4.0,38.0,0.0,10.0,6.0,70.0
525.5,41.8,200,0.0,1.0,0.0,0.0,32.0,4.0,44.0,0.0,10.0,6.0,70.0
525.75,41.8,200,0.0,1.0,0.0,0.0,32.0,4.0,44.0,0.0,10.0,6.0,70.0
526.0,41.8,200,0.0,1.0,0.0,0.0,32.0,4.0,44.0,0.0,10.0,6.0,70.0
526.25,41.9,200,0.0,1.0,0.0,0.0,32.0,4.0,44.0,0.0,10.0,6.0,70.0
526.5,42.8,200,1.0,1.0,0.0,0.0,32.0,4.0,45.0,0.0,10.0,7.0,70.0
526.75,42.2,200,0.0,1.0,0.0,0.0,32.0,4.0,45.0,0.0,10.0,6.0,70.0
527.001,42.5,200,0.0,1.0,0.0,0.0,32.0,4.0,45.0,0.0,10.0,6.0,70.0
527.25,41.9,200,0.0,1.0,0.0,0.0,32.0,4.0,45.0,0.0,10.0,6.0,70.0
527.501,42.5,200,0.0,1.0,0.0,0.0,32.0,4.0,47.0,0.0,10.0,6.0,70.0
527.75,42.2,200,0.0,1.0,0.0,0.0,32.0,4.0,47.0,0.0,10.0,6.0,70.0
528.0,41.9,200,0.0,1.0,0.0,0.0,32.0,4.0,47.0,0.0,10.0,6.0,70.0
528.25,42.2,200,0.0,1.0,0.0,0.0,32.0,4.0,47.0,0.0,10.0,6.0,70.0
528.5,42.7,200,0.0,1.0,0.0,0.0,32.0,4.0,50.0,0.0,10.0,6.0,70.0
528.75,42.9,200,1.0,1.0,0.0,0.0,32.0,4.0,50.0,0.0,10.0,7.0,70.0
529.0,41.9,200,0.0,1.0,0.0,0.0,32.0,4.0,50.0,0.0,10.0,6.0,70.0
529.25,41.8,200,0.0,1.0,0.0,0.0,32.0,4.0,50.0,0.0,10.0,6.0,70.0
529.501,42.5,200,0.0,1.0,0.0,0.0,32.0,4.0,53.0,0.0,10.0,6.0,70.0
529.75,41.7,200,1.0,1.0,0.0,0.0,32.0,4.0,53.0,0.0,10.0,7.0,70.0
530.0,41.8,200,0.0,1.0,0.0,0.0,32.0,4.0,53.0,0.0,10.0,6.0,70.0
530.25,41.8,200,0.0,1.0,0.0,0.0,32.0,4.0,53.0,0.0,10.0,6.0,70.0
530.5,41.8,200,0.0,1.0,0.0,0.0,32.0,4.0,59.0,0.0,10.0,6.0,70.0
530.75,41.9,200,0.0,1.0,0.0,0.0,32.0,4.0,59.0,0.0,10.0,6.0,70.0
531.0,41.8,200,1.0,1.0,0.0,0.0,32.0,4.0,59.0,0.0,10.0,7.0,70.0
531.25,41.8,200,0.0,1.0,0.0,0.0,32.0,4.0,59.0,0.0,10.0,6.0,70.0
531.5,41.9,200,0.0,1.0,0.0,0.0,32.0,4.0,62.0,0.0,10.0,6.0,70.0
531.751,42.5,200,0.0,1.0,0.0,0.0,32.0,4.0,62.0,0.0,10.0,6.0,70.0
532.0,41.8,200,0.0,1.0,0.0,0.0,32.0,4.0,62.0,0.0,10.0,6.0,70.0
532.25,41.9,200,0.0,1.0,0.0,0.0,32.0,4.0,62.0,0.0,10.0,6.0,70.0
532.5,41.8,200,0.0,1.0,0.0,0.0,32.0,4.0,62.0,0.0,10.0,6.0,70.0
532.75,41.8,200,0.0,1.0,0.0,0.0,32.0,4.0,65.0,0.0,10.0,6.0,70.0
533.001,42.5,200,0.0,1.0,0.0,0.0,32.0,4.0,65.0,0.0,10.0,6.0,70.0
533.25,42.8,200,1.0,1.0,0.0,0.0,32.0,4.0,65.0,0.0,10.0,7.0,70.0
533.501,42.3,200,0.0,1.0,0.0,0.0,32.0,4.0,65.0,0.0,10.0,6.0,70.0
533.75,42.2,200,0.0,1.0,0.0,0.0,32.0,4.0,68.0,0.0,10.0,6.0,70.0
534.0,42.8,200,0.0,1.0,0.0,0.0,32.0,4.0,68.0,0.0,10.0,6.0,70.0
534.25,41.9,200,0.0,1.0,0.0,0.0,32.0,4.0,68.0,0.0,10.0,6.0,70.0
534.5,42.0,200,0.0,1.0,0.0,0.0,32.0,4.0,30.0,0.0,10.0,6.0,70.0
534.75,42.9,200,0.0,1.0,0.0,0.0,32.0,4.0,34.0,0.0,10.0,6.0,70.0
535.0,41.9,200,0.0,1.0,0.0,0.0,32.0,4.0,34.0,0.0,10.0,6.0,70.0
535.25,41.9,200,0.0,1.0,0.0,0.0,32.0,4.0,34.0,0.0,10.0,6.0,70.0
535.5,41.8,200,1.0,1.0,0.0,0.0,32.0,4.0,34.0,0.0,10.0,7.0,70.0
535.75,41.8,200,0.0,1.0,0.0,0.0,32.0,4.0,38.0,0.0,10.0,6.0,70.0
536.0,41.9,200,0.0,1.0,0.0,0.0,32.0,4.0,38.0,0.0,10.0,6.0,70.0
536.25,41.9,200,0.0,1.0,0.0,0.0,32.0,4.0,38.0,0.0,10.0,6.0,70.0
536.5,42.8,200,0.0,1.0,0.0,0.0,32.0,4.0,38.0,0.0,10.0,6.0,70.0
536.75,41.9,200,0.0,1.0,0.0,0.0,32.0,4.0,40.0,0.0,10.0,6.0,70.0
537.0,41.8,200,0.0,1.0,0.0,0.0,32.0,4.0,40.0,0.0,10.0,6.0,70.0
537.25,41.9,200,0.0,1.0,0.0,0.0,32.0,4.0,40.0,0.0,10.0,6.0,70.0
537.5,41.9,200,0.0,1.0,0.0,0.0,32.0,4.0,40.0,0.0,10.0,6.0,70.0
537.75,42.8,200,1.0,1.0,0.0,0.0,32.0,4.0,43.0,0.0,10.0,7.0,70.0
538.0,41.8,200,0.0,1.0,0.0,0.0,32.0,4.0,43.0,0.0,10.0,6.0,70.0
538.25,42.8,200,0.0,1.0,0.0,0.0,32.0,4.0,43.0,0.0,10.0,6.0,70.0
538.5,42.8,200,0.0,1.0,0.0,0.0,32.0,4.0,43.0,0.0,10.0,6.0,70.0
538.75,41.8,200,0.0,1.0,0.0,0.0,32.0,4.0,46.0,0.0,10.0,6.0,70.0
539.0,42.2,200,0.0,1.0,0.0,0.0,32.0,4.0,46.0,0.0,10.0,6.0,70.0
539.25,41.9,200,0.0,1.0,0.0,0.0,32.0,4.0,46.0,0.0,10.0,6.0,70.0
539.5,42.1,200,0.0,1.0,0.0,0.0,32.0,4.0,46.0,0.0,10.0,6.0,70.0
539.75,41.8,200,0.0,1.0,0.0,0.0,32.0,4.0,49.0,0.0,10.0,6.0,70.0
540.0,41.8,200,1.0,1.0,0.0,0.0,32.0,4.0,49.0,0.0,10.0,7.0,70.0
540.25,42.2,200,0.0,1.0,0.0,0.0,32.0,4.0,49.0,0.0,10.0,6.0,70.0
540.5,41.8,200,0.0,1.0,0.0,0.0,32.0,4.0,49.0,0.0,10.0,6.0,70.0
540.75,41.8,200,0.0,1.0,0.0,0.0,32.0,4.0,57.0,0.0,10.0,6.0,70.0
541.0,41.7,200,0.0,1.0,0.0,0.0,32.0,4.0,57.0,0.0,10.0,6.0,70.0
541.25,41.8,200,0.0,1.0,0.0,0.0,32.0,4.0,57.0,0.0,10.0,6.0,70.0
541.5,42.2,200,0.0,1.0,0.0,0.0,32.0,4.0,57.0,0.0,10.0,6.0,70.0
541.75,42.7,200,0.0,1.0,0.0,0.0,32.0,4.0,60.0,0.0,10.0,6.0,70.0
542.0,41.8,200,0.0,1.0,0.0,0.0,32.0,4.0,60.0,0.0,10.0,6.0,70.0
542.25,41.8,200,1.0,1.0,0.0,0.0,32.0,4.0,60.0,0.0,10.0,7.0,70.0
542.5,41.8,200,0.0,1.0,0.0,0.0,32.0,4.0,60.0,0.0,10.0,6.0,70.0
542.75,41.8,200,0.0,1.0,0.0,0.0,32.0,4.0,60.0,0.0,10.0,6.0,70.0
543.0,41.8,200,0.0,1.0,0.0,0.0,32.0,4.0,63.0,0.0,10.0,6.0,70.0
543.25,41.8,200,0.0,1.0,0.0,0.0,32.0,4.0,63.0,0.0,10.0,6.0,70.0
543.5,41.8,200,0.0,1.0,0.0,0.0,32.0,4.0,63.0,0.0,10.0,6.0,70.0
543.75,41.8,200,0.0,1.0,0.0,0.0,32.0,4.0,63.0,0.0,10.0,6.0,70.0
544.0,41.8,200,0.0,1.0,0.0,0.0,32.0,4.0,66.0,0.0,10.0,6.0,70.0
544.25,41.9,200,0.0,1.0,0.0,0.0,32.0,4.0,66.0,0.0,10.0,6.0,70.0
544.5,41.8,200,0.0,1.0,0.0,0.0,32.0,4.0,66.0,0.0,10.0,6.0,70.0
544.75,41.8,200,0.0,1.0,0.0,0.0,32.0,4.0,36.0,0.0,10.0,6.0,70.0
545.0,41.9,200,0.0,1.0,0.0,0.0,32.0,4.0,40.0,0.0,10.0,6.0,70.0
545.25,41.8,200,0.0,1.0,0.0,0.0,32.0,4.0,40.0,0.0,11.0,6.0,70.0
545.5,41.8,200,0.0,1.0,0.0,0.0,32.0,4.0,40.0,0.0,11.0,6.0,70.0
545.75,41.7,200,1.0,1.0,0.0,0.0,32.0,4.0,40.0,0.0,11.0,7.0,70.0
546.0,41.8,200,0.0,1.0,0.0,0.0,32.0,4.0,44.0,0.0,11.0,6.0,70.0
546.25,41.7,200,0.0,1.0,0.0,0.0,32.0,4.0,44.0,0.0,11.0,6.0,70.0
546.5,41.8,200,0.0,1.0,0.0,0.0,32.0,4.0,44.0,0.0,11.0,6.0,70.0
546.75,41.7,200,0.0,1.0,0.0,0.0,32.0,4.0,44.0,0.0,11.0,6.0,70.0
547.0,41.7,200,1.0,1.0,0.0,0.0,32.0,4.0,47.0,0.0,11.0,7.0,70.0
547.25,42.8,200,0.0,1.0,0.0,0.0,32.0,4.0,47.0,0.0,11.0,6.0,70.0
547.5,41.8,200,0.0,1.0,0.0,0.0,32.0,4.0,47.0,0.0,11.0,6.0,70.0
547.75,41.8,200,0.0,1.0,0.0,0.0,32.0,4.0,47.0,0.0,11.0,6.0,70.0
548.0,42.8,200,0.0,1.0,0.0,0.0,32.0,4.0,49.0,0.0,11.0,6.0,70.0
548.25,42.8,200,0.0,1.0,0.0,0.0,32.0,4.0,49.0,0.0,11.0,6.0,70.0
548.5,42.8,200,0.0,1.0,0.0,0.0,32.0,4.0,49.0,0.0,11.0,6.0,70.0
548.75,41.8,200,0.0,1.0,0.0,0.0,32.0,4.0,49.0,0.0,11.0,6.0,70.0
549.0,41.8,200,0.0,1.0,0.0,0.0,32.0,4.0,52.0,0.0,11.0,6.0,70.0
549.25,41.8,200,1.0,1.0,0.0,0.0,32.0,4.0,52.0,0.0,11.0,7.0,70.0
549.5,42.8,200,0.0,1.0,0.0,0.0,32.0,4.0,52.0,0.0,11.0,6.0,70.0
549.75,41.8,200,0.0,1.0,0.0,0.0,32.0,4.0,52.0,0.0,11.0,6.0,70.0
550.0,42.8,200,0.0,1.0,0.0,0.0,32.0,4.0,56.0,0.0,11.0,6.0,70.0
550.25,41.8,200,0.0,1.0,0.0,0.0,32.0,4.0,56.0,0.0,11.0,6.0,70.0
550.5,41.8,200,0.0,1.0,0.0,0.0,32.0,4.0,56.0,0.0,11.0,6.0,70.0
550.751,43.2,200,0.0,1.0,0.0,0.0,32.0,4.0,56.0,0.0,11.0,6.0,70.0
551.0,41.8,200,0.0,1.0,0.0,0.0,32.0,4.0,61.0,0.0,11.0,6.0,70.0
551.25,41.8,200,0.0,1.0,0.0,0.0,32.0,4.0,61.0,0.0,11.0,6.0,70.0
551.5,41.8,200,1.0,1.0,0.0,0.0,32.0,4.0,61.0,0.0,11.0,7.0,70.0
551.75,41.8,200,0.0,1.0,0.0,0.0,32.0,4.0,61.0,0.0,11.0,6.0,70.0
552.0,41.9,200,0.0,1.0,0.0,0.0,32.0,4.0,64.0,0.0,11.0,6.0,70.0
552.25,41.9,200,0.0,1.0,0.0,0.0,32.0,4.0,64.0,0.0,11.0,6.0,70.0
552.5,41.8,200,0.0,1.0,0.0,0.0,32.0,4.0,64.0,0.0,11.0,6.0,70.0
552.75,41.8,200,0.0,1.0,0.0,0.0,32.0,4.0,64.0,0.0,11.0,6.0,70.0
553.0,41.8,200,0.0,1.0,0.0,0.0,32.0,4.0,64.0,0.0,11.0,6.0,70.0
553.25,41.9,200,0.0,1.0,0.0,0.0,32.0,4.0,67.0,0.0,11.0,6.0,70.0
553.5,41.8,200,0.0,1.0,0.0,0.0,32.0,4.0,67.0,0.0,11.0,6.0,70.0
553.75,41.8,200,1.0,1.0,0.0,0.0,32.0,4.0,67.0,0.0,11.0,7.0,70.0
554.0,41.8,200,0.0,1.0,0.0,0.0,32.0,4.0,67.0,0.0,11.0,6.0,70.0
554.25,41.8,200,0.0,1.0,0.0,0.0,32.0,4.0,70.0,0.0,11.0,6.0,70.0
554.5,41.7,200,0.0,1.0,0.0,0.0,32.0,4.0,70.0,0.0,11.0,6.0,70.0
554.75,41.8,200,0.0,1.0,0.0,0.0,32.0,4.0,70.0,0.0,11.0,6.0,70.0
555.0,41.8,200,0.0,1.0,0.0,0.0,32.0,4.0,34.0,0.0,11.0,6.0,70.0
555.25,41.9,200,0.0,1.0,0.0,0.0,32.0,4.0,41.0,0.0,11.0,6.0,70.0
555.5,41.9,200,0.0,1.0,0.0,0.0,32.0,4.0,41.0,0.0,11.0,6.0,70.0
555.75,41.8,200,0.0,1.0,0.0,0.0,32.0,4.0,41.0,0.0,11.0,6.0,70.0
556.0,41.8,200,1.0,1.0,0.0,0.0,32.0,4.0,41.0,0.0,11.0,7.0,70.0
556.25,41.9,200,0.0,1.0,0.0,0.0,32.0,4.0,42.0,0.0,11.0,6.0,70.0
556.5,42.9,200,0.0,1.0,0.0,0.0,32.0,4.0,42.0,0.0,11.0,6.0,70.0
556.75,42.8,200,0.0,1.0,0.0,0.0,32.0,4.0,42.0,0.0,11.0,6.0,70.0
557.0,41.8,200,0.0,1.0,0.0,0.0,32.0,4.0,42.0,0.0,11.0,6.0,70.0
557.25,41.7,200,0.0,1.0,0.0,0.0,32.0,4.0,44.0,0.0,11.0,6.0,70.0
557.5,41.8,200,0.0,1.0,0.0,0.0,32.0,4.0,44.0,0.0,11.0,6.0,70.0
557.75,41.8,200,0.0,1.0,0.0,0.0,32.0,4.0,44.0,0.0,11.0,6.0,70.0
558.0,41.9,200,0.0,1.0,0.0,0.0,32.0,4.0,44.0,0.0,11.0,6.0,70.0
558.25,41.8,200,1.0,1.0,0.0,0.0,32.0,4.0,47.0,0.0,11.0,7.0,70.0
558.5,43.8,200,0.0,1.0,0.0,0.0,32.0,4.0,47.0,0.0,11.0,6.0,70.0
558.75,41.8,200,0.0,1.0,0.0,0.0,32.0,4.0,47.0,0.0,11.0,6.0,70.0
559.001,42.5,200,0.0,1.0,0.0,0.0,32.0,4.0,47.0,0.0,11.0,6.0,70.0
559.25,41.9,200,0.0,1.0,0.0,0.0,32.0,4.0,50.0,0.0,11.0,6.0,70.0
559.5,41.9,200,0.0,1.0,0.0,0.0,32.0,4.0,50.0,0.0,11.0,6.0,70.0
559.75,41.8,200,0.0,1.0,0.0,0.0,32.0,4.0,50.0,0.0,11.0,6.0,70.0
560.0,41.8,200,1.0,1.0,0.0,0.0,32.0,4.0,50.0,0.0,11.0,7.0,70.0
560.25,41.9,200,0.0,1.0,0.0,0.0,32.0,4.0,56.0,0.0,11.0,6.0,70.0
560.5,42.8,200,1.0,1.0,0.0,0.0,32.0,4.0,56.0,0.0,11.0,7.0,70.0
560.75,41.8,200,0.0,1.0,0.0,0.0,32.0,4.0,56.0,0.0,11.0,6.0,70.0
561.0,41.8,200,0.0,1.0,0.0,0.0,32.0,4.0,56.0,0.0,11.0,6.0,70.0
561.25,41.9,200,0.0,1.0,0.0,0.0,32.0,4.0,59.0,0.0,11.0,6.0,70.0
561.5,41.9,200,0.0,1.0,0.0,0.0,32.0,4.0,59.0,0.0,11.0,6.0,70.0
561.75,41.8,200,0.0,1.0,0.0,0.0,32.0,4.0,59.0,0.0,11.0,6.0,70.0
562.0,41.9,200,0.0,1.0,0.0,0.0,32.0,4.0,59.0,0.0,11.0,6.0,70.0
562.25,41.9,200,0.0,1.0,0.0,0.0,32.0,4.0,59.0,0.0,11.0,6.0,70.0
562.5,42.8,200,0.0,1.0,0.0,0.0,32.0,4.0,62.0,0.0,11.0,6.0,70.0
562.75,41.8,200,1.0,1.0,0.0,0.0,32.0,4.0,62.0,0.0,11.0,7.0,70.0
563.0,41.8,200,0.0,1.0,0.0,0.0,32.0,4.0,62.0,0.0,11.0,6.0,70.0
563.25,42.8,200,0.0,1.0,0.0,0.0,32.0,4.0,62.0,0.0,11.0,6.0,70.0
563.5,41.8,200,0.0,1.0,0.0,0.0,32.0,4.0,65.0,0.0,11.0,6.0,70.0
563.75,41.7,200,0.0,1.0,0.0,0.0,32.0,4.0,65.0,0.0,11.0,6.0,70.0
564.0,42.2,200,0.0,1.0,0.0,0.0,32.0,4.0,65.0,0.0,11.0,6.0,70.0
564.25,42.0,200,0.0,1.0,0.0,0.0,32.0,4.0,65.0,0.0,11.0,6.0,70.0
564.5,41.7,200,0.0,1.0,0.0,0.0,32.0,4.0,68.0,0.0,11.0,6.0,70.0
564.75,41.9,200,0.0,1.0,0.0,0.0,32.0,4.0,68.0,0.0,11.0,6.0,70.0
565.0,41.8,200,1.0,1.0,0.0,0.0,32.0,4.0,34.0,0.0,11.0,7.0,70.0
565.25,41.8,200,0.0,1.0,0.0,0.0,32.0,4.0,34.0,0.0,11.0,6.0,70.0
565.5,41.8,200,0.0,1.0,0.0,0.0,32.0,4.0,41.0,0.0,11.0,6.0,70.0
565.75,41.8,200,0.0,1.0,0.0,0.0,32.0,4.0,41.0,0.0,11.0,6.0,70.0
566.0,42.8,200,0.0,1.0,0.0,0.0,32.0,4.0,41.0,0.0,11.0,6.0,70.0
566.25,41.8,200,1.0,1.0,0.0,0.0,32.0,4.0,41.0,0.0,11.0,7.0,70.0
566.5,42.8,200,0.0,1.0,0.0,0.0,32.0,4.0,44.0,0.0,11.0,6.0,70.0
566.75,41.9,200,0.0,1.0,0.0,0.0,32.0,4.0,44.0,0.0,11.0,6.0,70.0
567.0,41.8,200,0.0,1.0,0.0,0.0,32.0,4.0,44.0,0.0,11.0,6.0,70.0
567.25,41.8,200,0.0,1.0,0.0,0.0,32.0,4.0,44.0,0.0,11.0,6.0,70.0
567.5,41.7,200,0.0,1.0,0.0,0.0,32.0,4.0,45.0,0.0,11.0,6.0,70.0
567.75,41.8,200,0.0,1.0,0.0,0.0,32.0,4.0,45.0,0.0,11.0,6.0,70.0
568.0,41.7,200,0.0,1.0,0.0,0.0,32.0,4.0,45.0,0.0,11.0,6.0,70.0
568.25,42.8,200,0.0,1.0,0.0,0.0,32.0,4.0,45.0,0.0,11.0,6.0,70.0
568.5,42.9,200,1.0,1.0,0.0,0.0,32.0,4.0,47.0,0.0,11.0,7.0,70.0
568.75,41.8,200,0.0,1.0,0.0,0.0,32.0,4.0,47.0,0.0,11.0,6.0,70.0
569.0,41.9,200,0.0,1.0,0.0,0.0,32.0,4.0,47.0,0.0,11.0,6.0,70.0
569.25,41.9,200,0.0,1.0,0.0,0.0,32.0,4.0,47.0,0.0,11.0,6.0,70.0
569.5,41.9,200,0.0,1.0,0.0,0.0,32.0,4.0,50.0,0.0,11.0,6.0,70.0
569.75,41.7,200,1.0,1.0,0.0,0.0,32.0,4.0,50.0,0.0,11.0,7.0,70.0
570.0,41.9,200,0.0,1.0,0.0,0.0,32.0,4.0,50.0,0.0,11.0,6.0,70.0
570.25,41.9,200,0.0,1.0,0.0,0.0,32.0,4.0,50.0,0.0,11.0,6.0,70.0
570.5,41.7,200,0.0,1.0,0.0,0.0,32.0,4.0,56.0,0.0,11.0,6.0,70.0
570.75,41.8,200,0.0,1.0,0.0,0.0,32.0,4.0,56.0,0.0,11.0,6.0,70.0
571.0,41.9,200,0.0,1.0,0.0,0.0,32.0,4.0,56.0,0.0,11.0,6.0,70.0
571.25,41.9,200,0.0,1.0,0.0,0.0,32.0,4.0,56.0,0.0,11.0,6.0,70.0
571.5,42.4,200,0.0,1.0,0.0,0.0,32.0,4.0,56.0,0.0,11.0,6.0,70.0
571.75,42.8,200,0.0,1.0,0.0,0.0,32.0,4.0,59.0,0.0,11.0,6.0,70.0
572.0,41.8,200,1.0,1.0,0.0,0.0,32.0,4.0,59.0,0.0,11.0,7.0,70.0
572.25,41.8,200,0.0,1.0,0.0,0.0,32.0,4.0,59.0,0.0,11.0,6.0,70.0
572.5,41.8,200,0.0,1.0,0.0,0.0,32.0,4.0,59.0,0.0,11.0,6.0,70.0
572.75,41.9,200,0.0,1.0,0.0,0.0,32.0,4.0,62.0,0.0,11.0,6.0,70.0
573.0,41.8,200,0.0,1.0,0.0,0.0,32.0,4.0,62.0,0.0,11.0,6.0,70.0
573.25,41.9,200,0.0,1.0,0.0,0.0,32.0,4.0,62.0,0.0,11.0,6.0,70.0
573.5,41.9,200,0.0,1.0,0.0,0.0,32.0,4.0,62.0,0.0,11.0,6.0,70.0
573.75,41.8,200,0.0,1.0,0.0,0.0,32.0,4.0,65.0,0.0,11.0,6.0,70.0
574.0,41.8,200,0.0,1.0,0.0,0.0,32.0,4.0,65.0,0.0,11.0,6.0,70.0
574.25,41.8,200,1.0,1.0,0.0,0.0,32.0,4.0,65.0,0.0,11.0,7.0,70.0
574.5,41.8,200,0.0,1.0,0.0,0.0,32.0,4.0,65.0,0.0,11.0,6.0,70.0
574.75,41.8,200,0.0,1.0,0.0,0.0,32.0,4.0,68.0,0.0,11.0,6.0,70.0
575.0,42.8,200,0.0,1.0,0.0,0.0,32.0,4.0,68.0,0.0,11.0,6.0,70.0
575.25,41.9,200,0.0,1.0,0.0,0.0,32.0,4.0,34.0,0.0,11.0,6.0,70.0
575.5,41.9,200,0.0,1.0,0.0,0.0,32.0,4.0,34.0,0.0,10.0,6.0,70.0
575.75,41.8,200,0.0,1.0,0.0,0.0,32.0,4.0,41.0,0.0,10.0,6.0,70.0
576.0,41.8,200,0.0,1.0,0.0,0.0,32.0,4.0,41.0,0.0,10.0,6.0,70.0
576.25,41.9,200,0.0,1.0,0.0,0.0,32.0,4.0,41.0,0.0,10.0,6.0,70.0
576.5,42.8,200,1.0,1.0,0.0,0.0,32.0,4.0,41.0,0.0,10.0,7.0,70.0
576.75,41.8,200,0.0,1.0,0.0,0.0,32.0,4.0,44.0,0.0,10.0,6.0,70.0
577.0,41.9,200,0.0,1.0,0.0,0.0,32.0,4.0,44.0,0.0,10.0,6.0,70.0
577.25,42.1,200,0.0,1.0,0.0,0.0,32.0,4.0,44.0,0.0,10.0,6.0,70.0
577.5,41.9,200,0.0,1.0,0.0,0.0,32.0,4.0,44.0,0.0,10.0,6.0,70.0
577.75,41.9,200,0.0,1.0,0.0,0.0,32.0,4.0,47.0,0.0,10.0,6.0,70.0
578.0,41.8,200,0.0,1.0,0.0,0.0,32.0,4.0,47.0,0.0,10.0,6.0,70.0
578.25,41.9,200,0.0,1.0,0.0,0.0,32.0,4.0,47.0,0.0,10.0,6.0,70.0
578.5,42.8,200,0.0,1.0,0.0,0.0,32.0,4.0,47.0,0.0,10.0,6.0,70.0
578.75,41.8,200,1.0,1.0,0.0,0.0,32.0,4.0,48.0,0.0,10.0,7.0,70.0
579.0,41.8,200,0.0,1.0,0.0,0.0,32.0,4.0,48.0,0.0,10.0,6.0,70.0
579.25,42.2,200,0.0,1.0,0.0,0.0,32.0,4.0,48.0,0.0,10.0,6.0,70.0
579.5,41.7,200,0.0,1.0,0.0,0.0,32.0,4.0,48.0,0.0,10.0,6.0,70.0
579.75,41.8,200,0.0,1.0,0.0,0.0,32.0,4.0,50.0,0.0,10.0,6.0,70.0
580.0,41.7,200,0.0,1.0,0.0,0.0,32.0,4.0,50.0,0.0,10.0,6.0,70.0
580.25,41.9,200,0.0,1.0,0.0,0.0,32.0,4.0,50.0,0.0,10.0,6.0,70.0
580.5,41.8,200,0.0,1.0,0.0,0.0,32.0,4.0,50.0,0.0,10.0,6.0,70.0
580.75,41.8,200,0.0,1.0,0.0,0.0,32.0,4.0,50.0,0.0,10.0,6.0,70.0
581.0,41.8,200,1.0,1.0,0.0,0.0,32.0,4.0,56.0,0.0,10.0,7.0,70.0
581.25,41.9,200,0.0,1.0,0.0,0.0,32.0,4.0,56.0,0.0,10.0,6.0,70.0
581.5,42.7,200,0.0,1.0,0.0,0.0,32.0,4.0,56.0,0.0,10.0,6.0,70.0
581.75,41.8,200,0.0,1.0,0.0,0.0,32.0,4.0,56.0,0.0,10.0,6.0,70.0
582.0,41.9,200,0.0,1.0,0.0,0.0,32.0,4.0,59.0,0.0,10.0,6.0,70.0
582.25,42.1,200,0.0,1.0,0.0,0.0,32.0,4.0,59.0,0.0,10.0,6.0,70.0
582.5,42.8,200,0.0,1.0,0.0,0.0,32.0,4.0,59.0,0.0,10.0,6.0,70.0
582.75,42.8,200,0.0,1.0,0.0,0.0,32.0,4.0,59.0,0.0,10.0,6.0,70.0
583.0,41.8,200,0.0,1.0,0.0,0.0,32.0,4.0,62.0,0.0,10.0,6.0,70.0
583.25,41.8,200,1.0,1.0,0.0,0.0,32.0,4.0,62.0,0.0,10.0,7.0,70.0
583.5,41.8,200,0.0,1.0,0.0,0.0,32.0,4.0,62.0,0.0,10.0,6.0,70.0
583.75,41.8,200,0.0,1.0,0.0,0.0,32.0,4.0,62.0,0.0,10.0,6.0,70.0
584.0,42.2,200,0.0,1.0,0.0,0.0,32.0,4.0,65.0,0.0,10.0,6.0,70.0
584.25,41.8,200,0.0,1.0,0.0,0.0,32.0,4.0,65.0,0.0,10.0,6.0,70.0
584.5,41.8,200,0.0,1.0,0.0,0.0,32.0,4.0,65.0,0.0,10.0,6.0,70.0
584.75,42.2,200,0.0,1.0,0.0,0.0,32.0,4.0,65.0,0.0,10.0,6.0,70.0
585.0,41.8,200,0.0,1.0,0.0,0.0,32.0,4.0,68.0,0.0,10.0,6.0,70.0
585.25,41.8,200,0.0,1.0,0.0,0.0,32.0,4.0,34.0,0.0,10.0,6.0,70.0
585.5,41.8,200,1.0,1.0,0.0,0.0,32.0,4.0,34.0,0.0,10.0,7.0,70.0
585.75,41.9,200,0.0,1.0,0.0,0.0,32.0,4.0,34.0,0.0,10.0,6.0,70.0
586.0,41.8,200,0.0,1.0,0.0,0.0,32.0,4.0,41.0,0.0,10.0,6.0,70.0
586.25,42.2,200,0.0,1.0,0.0,0.0,32.0,4.0,41.0,0.0,10.0,6.0,70.0
586.5,41.8,200,0.0,1.0,0.0,0.0,32.0,4.0,41.0,0.0,10.0,6.0,70.0
586.75,41.8,200,0.0,1.0,0.0,0.0,32.0,4.0,41.0,0.0,10.0,6.0,70.0
587.0,41.9,200,0.0,1.0,0.0,0.0,32.0,4.0,44.0,0.0,10.0,6.0,70.0
587.25,42.4,200,0.0,1.0,0.0,0.0,32.0,4.0,44.0,0.0,10.0,6.0,70.0
587.5,42.2,200,0.0,1.0,0.0,0.0,32.0,4.0,44.0,0.0,10.0,6.0,70.0
587.75,41.8,200,1.0,1.0,0.0,0.0,32.0,4.0,44.0,0.0,10.0,7.0,70.0
588.0,41.9,200,0.0,1.0,0.0,0.0,32.0,4.0,45.0,0.0,10.0,6.0,70.0
588.25,41.9,200,0.0,1.0,0.0,0.0,32.0,4.0,45.0,0.0,10.0,6.0,70.0
588.5,42.8,200,0.0,1.0,0.0,0.0,32.0,4.0,45.0,0.0,10.0,6.0,70.0
588.75,41.8,200,0.0,1.0,0.0,0.0,32.0,4.0,45.0,0.0,10.0,6.0,70.0
589.0,42.2,200,0.0,1.0,0.0,0.0,32.0,4.0,47.0,0.0,10.0,6.0,70.0
589.25,41.8,200,0.0,1.0,0.0,0.0,32.0,4.0,47.0,0.0,10.0,6.0,70.0
589.5,41.8,200,0.0,1.0,0.0,0.0,32.0,4.0,47.0,0.0,10.0,6.0,70.0
589.75,41.8,200,0.0,1.0,0.0,0.0,32.0,4.0,47.0,0.0,10.0,6.0,70.0
590.0,41.8,200,1.0,1.0,0.0,0.0,32.0,4.0,50.0,0.0,10.0,7.0,70.0
590.25,41.8,200,1.0,1.0,0.0,0.0,32.0,4.0,50.0,0.0,10.0,7.0,70.0
590.5,41.8,200,0.0,1.0,0.0,0.0,32.0,4.0,50.0,0.0,10.0,6.0,70.0
590.75,41.8,200,0.0,1.0,0.0,0.0,32.0,4.0,50.0,0.0,10.0,6.0,70.0
591.0,41.8,200,0.0,1.0,0.0,0.0,32.0,4.0,50.0,0.0,10.0,6.0,70.0
591.25,41.8,200,1.0,1.0,0.0,0.0,32.0,4.0,56.0,0.0,10.0,7.0,70.0
591.5,41.8,200,0.0,1.0,0.0,0.0,32.0,4.0,56.0,0.0,10.0,6.0,70.0
591.75,41.8,200,0.0,1.0,0.0,0.0,32.0,4.0,56.0,0.0,10.0,6.0,70.0
592.0,43.0,200,0.0,1.0,0.0,0.0,32.0,4.0,56.0,0.0,10.0,6.0,70.0
592.25,41.7,200,0.0,1.0,0.0,0.0,32.0,4.0,59.0,0.0,10.0,6.0,70.0
592.5,42.8,200,0.0,1.0,0.0,0.0,32.0,4.0,59.0,0.0,10.0,6.0,70.0
592.75,41.8,200,0.0,1.0,0.0,0.0,32.0,4.0,59.0,0.0,10.0,6.0,70.0
593.0,41.9,200,0.0,1.0,0.0,0.0,32.0,4.0,59.0,0.0,10.0,6.0,70.0
593.25,41.9,200,0.0,1.0,0.0,0.0,32.0,4.0,62.0,0.0,10.0,6.0,70.0
593.5,41.8,200,1.0,1.0,0.0,0.0,32.0,4.0,62.0,0.0,10.0,7.0,70.0
593.75,41.9,200,0.0,1.0,0.0,0.0,32.0,4.0,62.0,0.0,10.0,6.0,70.0
594.0,41.8,200,0.0,1.0,0.0,0.0,32.0,4.0,62.0,0.0,10.0,6.0,70.0
594.251,42.5,200,0.0,1.0,0.0,0.0,32.0,4.0,65.0,0.0,10.0,6.0,70.0
594.5,42.8,200,0.0,1.0,0.0,0.0,32.0,4.0,65.0,0.0,10.0,6.0,70.0
594.75,41.7,200,1.0,1.0,0.0,0.0,32.0,4.0,65.0,0.0,10.0,7.0,70.0
595.0,41.8,200,0.0,1.0,0.0,0.0,32.0,4.0,65.0,0.0,10.0,6.0,70.0
595.25,41.8,200,0.0,1.0,0.0,0.0,32.0,4.0,68.0,0.0,10.0,6.0,70.0
595.501,42.3,200,0.0,1.0,0.0,0.0,32.0,4.0,34.0,0.0,10.0,6.0,70.0
595.75,41.8,200,0.0,1.0,0.0,0.0,32.0,4.0,34.0,0.0,10.0,6.0,70.0
596.0,41.8,200,0.0,1.0,0.0,0.0,32.0,4.0,34.0,0.0,10.0,6.0,70.0
596.25,41.9,200,0.0,1.0,0.0,0.0,32.0,4.0,41.0,0.0,10.0,6.0,70.0
596.5,41.9,200,0.0,1.0,0.0,0.0,32.0,4.0,41.0,0.0,10.0,6.0,70.0
596.75,41.8,200,0.0,1.0,0.0,0.0,32.0,4.0,41.0,0.0,10.0,6.0,70.0
597.0,41.7,200,1.0,1.0,0.0,0.0,32.0,4.0,41.0,0.0,10.0,7.0,70.0
597.25,41.9,200,0.0,1.0,0.0,0.0,32.0,4.0,44.0,0.0,10.0,6.0,70.0
597.5,41.9,200,0.0,1.0,0.0,0.0,32.0,4.0,44.0,0.0,10.0,6.0,70.0
597.75,41.9,200,0.0,1.0,0.0,0.0,32.0,4.0,44.0,0.0,10.0,6.0,70.0
598.0,41.8,200,0.0,1.0,0.0,0.0,32.0,4.0,44.0,0.0,10.0,6.0,70.0
598.25,41.8,200,0.0,1.0,0.0,0.0,32.0,4.0,47.0,0.0,10.0,6.0,70.0
598.5,42.8,200,0.0,1.0,0.0,0.0,32.0,4.0,47.0,0.0,10.0,6.0,70.0
598.75,41.9,200,0.0,1.0,0.0,0.0,32.0,4.0,47.0,0.0,10.0,6.0,70.0
599.0,41.8,200,0.0,1.0,0.0,0.0,32.0,4.0,47.0,0.0,10.0,6.0,70.0
599.25,42.8,200,1.0,1.0,0.0,0.0,32.0,4.0,48.0,0.0,10.0,7.0,70.0
599.501,42.6,200,0.0,1.0,0.0,0.0,32.0,4.0,48.0,0.0,10.0,6.0,70.0
599.75,41.8,200,0.0,1.0,0.0,0.0,32.0,4.0,48.0,0.0,10.0,6.0,70.0
600.0,41.9,200,0.0,1.0,0.0,0.0,32.0,4.0,48.0,0.0,10.0,6.0,70.0
600.25,41.9,200,0.0,1.0,0.0,0.0,32.0,4.0,48.0,0.0,10.0,6.0,70.0
600.5,41.8,200,0.0,1.0,0.0,0.0,32.0,4.0,52.0,0.0,10.0,6.0,70.0
600.75,41.8,200,0.0,1.0,0.0,0.0,32.0,4.0,52.0,0.0,10.0,6.0,70.0
601.0,41.9,200,0.0,1.0,0.0,0.0,32.0,4.0,52.0,0.0,10.0,6.0,70.0
601.25,41.9,200,0.0,1.0,0.0,0.0,32.0,4.0,52.0,0.0,10.0,6.0,70.0
601.5,41.8,200,1.0,1.0,0.0,0.0,32.0,4.0,58.0,0.0,10.0,7.0,70.0
601.75,41.9,200,0.0,1.0,0.0,0.0,32.0,4.0,58.0,0.0,10.0,6.0,70.0
602.0,41.8,200,0.0,1.0,0.0,0.0,32.0,4.0,58.0,0.0,10.0,6.0,70.0
602.25,41.9,200,0.0,1.0,0.0,0.0,32.0,4.0,58.0,0.0,10.0,6.0,70.0
602.5,41.8,200,0.0,1.0,0.0,0.0,32.0,4.0,61.0,0.0,10.0,6.0,70.0
602.75,41.8,200,0.0,1.0,0.0,0.0,32.0,4.0,61.0,0.0,10.0,6.0,70.0
603.0,41.9,200,0.0,1.0,0.0,0.0,32.0,4.0,61.0,0.0,10.0,6.0,70.0
603.25,41.8,200,0.0,1.0,0.0,0.0,32.0,4.0,61.0,0.0,10.0,6.0,70.0
603.5,41.8,200,0.0,1.0,0.0,0.0,32.0,4.0,64.0,0.0,10.0,6.0,70.0
603.75,41.8,200,1.0,1.0,0.0,0.0,32.0,4.0,64.0,0.0,10.0,7.0,70.0
604.0,42.8,200,0.0,1.0,0.0,0.0,32.0,4.0,64.0,0.0,10.0,6.0,70.0
604.25,41.9,200,0.0,1.0,0.0,0.0,32.0,4.0,64.0,0.0,10.0,6.0,70.0
604.5,41.8,200,0.0,1.0,0.0,0.0,32.0,4.0,67.0,0.0,10.0,6.0,70.0
604.75,41.8,200,0.0,1.0,0.0,0.0,32.0,4.0,67.0,0.0,10.0,6.0,70.0
605.0,42.7,200,0.0,1.0,0.0,0.0,32.0,4.0,67.0,0.0,10.0,6.0,70.0
605.25,41.9,200,0.0,1.0,0.0,0.0,32.0,4.0,67.0,0.0,10.0,6.0,70.0
605.5,41.9,200,0.0,1.0,0.0,0.0,32.0,4.0,36.0,0.0,10.0,6.0,70.0
605.75,41.8,200,0.0,1.0,0.0,0.0,32.0,4.0,36.0,0.0,10.0,6.0,70.0
606.0,42.8,200,1.0,1.0,0.0,0.0,32.0,4.0,36.0,0.0,10.0,7.0,70.0
606.25,41.9,200,0.0,1.0,0.0,0.0,32.0,4.0,36.0,0.0,10.0,6.0,70.0
606.5,41.8,200,0.0,1.0,0.0,0.0,32.0,4.0,43.0,0.0,10.0,6.0,70.0
606.75,41.7,200,0.0,1.0,0.0,0.0,32.0,4.0,43.0,0.0,10.0,6.0,70.0
607.0,41.9,200,0.0,1.0,0.0,0.0,32.0,4.0,43.0,0.0,10.0,6.0,70.0
607.25,42.2,200,0.0,1.0,0.0,0.0,32.0,4.0,43.0,0.0,10.0,6.0,70.0
607.5,41.9,200,0.0,1.0,0.0,0.0,32.0,4.0,46.0,0.0,10.0,6.0,70.0
607.75,42.2,200,0.0,1.0,0.0,0.0,32.0,4.0,46.0,0.0,10.0,6.0,70.0
608.0,41.8,200,0.0,1.0,0.0,0.0,32.0,4.0,46.0,0.0,10.0,6.0,70.0
608.25,41.8,200,1.0,1.0,0.0,0.0,32.0,4.0,46.0,0.0,10.0,7.0,70.0
608.5,42.7,200,0.0,1.0,0.0,0.0,32.0,4.0,47.0,0.0,10.0,6.0,70.0
608.75,41.8,200,0.0,1.0,0.0,0.0,32.0,4.0,47.0,0.0,10.0,6.0,70.0
609.0,42.8,200,0.0,1.0,0.0,0.0,32.0,4.0,47.0,0.0,10.0,6.0,70.0
609.25,41.7,200,0.0,1.0,0.0,0.0,32.0,4.0,47.0,0.0,10.0,6.0,70.0
609.5,41.8,200,0.0,1.0,0.0,0.0,32.0,4.0,50.0,0.0,10.0,6.0,70.0
609.75,41.8,200,0.0,1.0,0.0,0.0,32.0,4.0,50.0,0.0,10.0,6.0,70.0
610.0,41.8,200,0.0,1.0,0.0,0.0,32.0,4.0,50.0,0.0,10.0,6.0,70.0
610.25,41.8,200,0.0,1.0,0.0,0.0,32.0,4.0,50.0,0.0,10.0,6.0,70.0
610.5,41.8,200,1.0,1.0,0.0,0.0,32.0,4.0,50.0,0.0,10.0,7.0,70.0
610.75,41.8,200,0.0,1.0,0.0,0.0,32.0,4.0,55.0,0.0,10.0,6.0,70.0
611.0,41.9,200,0.0,1.0,0.0,0.0,32.0,4.0,55.0,0.0,10.0,6.0,70.0
611.25,42.2,200,0.0,1.0,0.0,0.0,32.0,4.0,55.0,0.0,10.0,6.0,70.0
611.5,41.8,200,0.0,1.0,0.0,0.0,32.0,4.0,55.0,0.0,10.0,6.0,70.0
611.75,41.7,200,1.0,1.0,0.0,0.0,32.0,4.0,58.0,0.0,10.0,7.0,70.0
612.0,41.8,200,0.0,1.0,0.0,0.0,32.0,4.0,58.0,0.0,10.0,6.0,70.0
612.25,42.2,200,0.0,1.0,0.0,0.0,32.0,4.0,58.0,0.0,10.0,6.0,70.0
612.5,41.7,200,0.0,1.0,0.0,0.0,32.0,4.0,58.0,0.0,10.0,6.0,70.0
612.75,41.8,200,0.0,1.0,0.0,0.0,32.0,4.0,61.0,0.0,10.0,6.0,70.0
613.0,41.9,200,1.0,1.0,0.0,0.0,32.0,4.0,61.0,0.0,10.0,7.0,70.0
613.25,41.9,200,0.0,1.0,0.0,0.0,32.0,4.0,61.0,0.0,10.0,6.0,70.0
613.5,41.8,200,0.0,1.0,0.0,0.0,32.0,4.0,61.0,0.0,10.0,6.0,70.0
613.75,41.9,200,0.0,1.0,0.0,0.0,32.0,4.0,64.0,0.0,10.0,6.0,70.0
614.0,41.8,200,0.0,1.0,0.0,0.0,32.0,4.0,64.0,0.0,10.0,6.0,70.0
614.25,41.9,200,0.0,1.0,0.0,0.0,32.0,4.0,64.0,0.0,10.0,6.0,70.0
614.5,42.8,200,0.0,1.0,0.0,0.0,32.0,4.0,64.0,0.0,10.0,6.0,70.0
614.75,42.8,200,0.0,1.0,0.0,0.0,32.0,4.0,67.0,0.0,10.0,6.0,70.0
