warning: ignoring `resolver.incompatible-publish-age` without `-Zmin-publish-age`
warning: ignoring `registry.global-min-publish-age` without `-Zmin-publish-age`
warning: ignoring `resolver.incompatible-publish-age` without `-Zmin-publish-age`
warning: ignoring `registry.global-min-publish-age` without `-Zmin-publish-age`
   Compiling libc v0.2.189
   Compiling rustix v1.1.4
   Compiling linux-raw-sys v0.12.1
   Compiling chrono v0.4.45
   Compiling crypto-common v0.1.7
   Compiling trawl-core v0.4.0 (/home/jakub/code/trawl/.worktrees/launch-readiness/crates/trawl-core)
   Compiling miniz_oxide v0.8.9
   Compiling simd-adler32 v0.3.10
   Compiling pxfm v0.1.30
   Compiling byteorder-lite v0.1.0
   Compiling x11rb-protocol v0.13.2
   Compiling bytemuck v1.25.2
   Compiling trawl-web v0.4.0 (/home/jakub/code/trawl/.worktrees/launch-readiness/crates/trawl-web)
   Compiling assert-json-diff v2.0.2
   Compiling cfg_aliases v0.2.2
   Compiling alloc-no-stdlib v2.0.4
   Compiling digest v0.10.7
   Compiling nix v0.29.0
   Compiling fdeflate v0.3.7
   Compiling alloc-stdlib v0.2.4
   Compiling sha2 v0.10.9
   Compiling blake2 v0.10.6
   Compiling brotli-decompressor v5.0.3
   Compiling flate2 v1.1.9
   Compiling trawl-api v0.4.0 (/home/jakub/code/trawl/.worktrees/launch-readiness/crates/trawl-api)
   Compiling jobserver v0.1.35
   Compiling getrandom v0.2.17
   Compiling parking_lot_core v0.9.12
   Compiling socket2 v0.6.5
   Compiling mio v1.2.2
   Compiling getrandom v0.4.3
   Compiling filetime v0.2.29
   Compiling zip v6.0.0
   Compiling png v0.18.1
   Compiling parking_lot v0.12.5
   Compiling rand v0.10.2
   Compiling tar v0.4.46
   Compiling cc v1.4.0
   Compiling tokio v1.53.1
   Compiling futures-intrusive v0.5.0
   Compiling syslog_loose v0.23.0
   Compiling fleet-ui v0.4.0 (/home/jakub/code/trawl/.worktrees/launch-readiness/crates/fleet-ui)
   Compiling brotli v8.0.4
   Compiling getrandom v0.3.4
   Compiling errno v0.3.14
   Compiling signal-hook-registry v1.4.8
   Compiling time v0.3.54
   Compiling crossterm v0.28.1
   Compiling ahash v0.8.12
   Compiling rand_core v0.6.4
   Compiling dashmap v6.2.1
   Compiling crypto-common v0.2.2
   Compiling arrow-array v58.4.0
   Compiling comfy-table v7.1.4
   Compiling ring v0.17.14
   Compiling psm v0.1.31
   Compiling stacker v0.1.24
   Compiling blake3 v1.8.5
   Compiling rand_chacha v0.3.1
   Compiling digest v0.11.3
   Compiling cipher v0.5.2
   Compiling universal-hash v0.6.1
   Compiling chumsky v0.13.0
   Compiling sha2 v0.11.0
   Compiling hmac v0.13.0
   Compiling md-5 v0.11.0
   Compiling poly1305 v0.9.1
   Compiling chacha20 v0.10.2
   Compiling hkdf v0.13.0
   Compiling aead v0.6.1
   Compiling rand v0.8.7
   Compiling password-hash v0.5.0
   Compiling chacha20poly1305 v0.11.0
   Compiling console v0.16.4
   Compiling cookie v0.18.1
   Compiling argon2 v0.5.3
   Compiling dirs-sys v0.5.0
   Compiling parquet v59.1.0
   Compiling signal-hook v0.3.18
   Compiling ratatui-widgets v0.3.2
   Compiling crash-context v0.8.0
   Compiling dirs v6.0.0
   Compiling process-reader v0.1.0
   Compiling memmap2 v0.9.11
   Compiling shellexpand v3.1.2
   Compiling signal-hook-mio v0.2.5
   Compiling uds v0.4.2
   Compiling tokio-stream v0.1.19
   Compiling crash-handler v0.8.0
   Compiling rand_core v0.9.5
   Compiling trawl-config v0.4.0 (/home/jakub/code/trawl/.worktrees/launch-readiness/crates/trawl-config)
   Compiling zstd-sys v2.0.16+zstd.1.5.7
   Compiling arrow-select v58.4.0
   Compiling arrow-row v58.4.0
   Compiling arrow-arith v58.4.0
   Compiling process-backend v0.1.0
   Compiling rand_chacha v0.9.0
   Compiling moxcms v0.8.1
   Compiling minidump-writer v0.13.0
   Compiling rand v0.9.5
   Compiling tempfile v3.27.0
   Compiling insta v1.48.0
   Compiling crossterm v0.29.0
   Compiling ratatui-macros v0.7.2
   Compiling tokio-util v0.7.19
   Compiling h2 v0.4.16
   Compiling tower v0.5.3
   Compiling arrow-ord v58.4.0
   Compiling arrow-string v58.4.0
   Compiling ratatui-crossterm v0.1.2
   Compiling ratatui v0.30.2
   Compiling tower-http v0.6.11
   Compiling fs4 v1.1.0
   Compiling polling v3.11.0
   Compiling trawl-dashboard v0.4.0 (/home/jakub/code/trawl/.worktrees/launch-readiness/crates/trawl-dashboard)
   Compiling gethostname v1.1.0
   Compiling minidumper v0.11.0
   Compiling x11rb v0.13.2
   Compiling trawl-crashdump v0.4.0 (/home/jakub/code/trawl/.worktrees/launch-readiness/crates/trawl-crashdump)
   Compiling asn1-rs v0.7.2
   Compiling quanta v0.12.6
   Compiling rand_xoshiro v0.7.0
   Compiling arrow-cast v58.4.0
   Compiling image v0.25.10
   Compiling yasna v0.6.0
   Compiling metrics-util v0.20.4
   Compiling procfs v0.18.0
   Compiling oid-registry v0.8.1
   Compiling der-parser v10.0.0
   Compiling rustls v0.23.42
   Compiling metrics-process v2.4.3
   Compiling governor v0.10.4
   Compiling x509-parser v0.18.1
   Compiling ulid v3.0.0
   Compiling hyper v1.11.0
   Compiling hostname v0.4.2
   Compiling rust-embed-utils v8.12.0
   Compiling num_cpus v1.17.0
   Compiling arboard v3.6.1
   Compiling rust-embed v8.12.0
   Compiling arrow v58.4.0
   Compiling rustls-webpki v0.103.13
   Compiling rcgen v0.14.8
   Compiling hyper-util v0.1.20
   Compiling deadpool v0.12.3
   Compiling axum v0.8.9
   Compiling metrics-exporter-prometheus v0.18.3
   Compiling wiremock v0.6.5
   Compiling sqlx-core v0.9.0
   Compiling ureq v3.3.0
   Compiling tokio-rustls v0.26.4
   Compiling rustls-platform-verifier v0.7.0
   Compiling hyper-rustls v0.27.9
   Compiling reqwest v0.13.4
   Compiling libduckdb-sys v1.10505.0
   Compiling duckdb v1.10505.0
   Compiling sqlx-postgres v0.9.0
   Compiling zstd-safe v7.2.4
   Compiling zstd v0.13.3
   Compiling sqlx-macros-core v0.9.0
   Compiling trawl-engine v0.4.0 (/home/jakub/code/trawl/.worktrees/launch-readiness/crates/trawl-engine)
   Compiling sqlx-macros v0.9.0
   Compiling trawl-client v0.4.0 (/home/jakub/code/trawl/.worktrees/launch-readiness/crates/trawl-client)
   Compiling sqlx v0.9.0
   Compiling fleet-auth v0.4.0 (/home/jakub/code/trawl/.worktrees/launch-readiness/crates/fleet-auth)
   Compiling trawl-cli v0.4.0 (/home/jakub/code/trawl/.worktrees/launch-readiness/crates/trawl-cli)
   Compiling trawl-web-ui v0.4.0 (/home/jakub/code/trawl/.worktrees/launch-readiness/crates/trawl-web-ui)
   Compiling trawl-admin v0.4.0 (/home/jakub/code/trawl/.worktrees/launch-readiness/crates/trawl-admin)
   Compiling xtask v0.4.0 (/home/jakub/code/trawl/.worktrees/launch-readiness/xtask)
   Compiling trawl-server v0.4.0 (/home/jakub/code/trawl/.worktrees/launch-readiness/crates/trawl-server)
   Compiling fleet-admin v0.4.0 (/home/jakub/code/trawl/.worktrees/launch-readiness/crates/fleet-admin)
   Compiling fleet-dev v0.4.0 (/home/jakub/code/trawl/.worktrees/launch-readiness/crates/fleet-dev)
    Finished `test` profile [unoptimized + debuginfo] target(s) in 46.63s
────────────
 Nextest run ID 00a278f3-f69f-452e-b8d7-6921154eb488 with nextest profile: default
    Starting 4413 tests across 97 binaries (14 tests skipped)
        PASS [   0.003s] (   1/4413) fleet-admin commands::keys::tests::confirm_prompt_accepts_y_variants
        PASS [   0.003s] (   2/4413) fleet-admin commands::keys::tests::confirm_prompt_writes_caller_question_before_reading
        PASS [   0.003s] (   3/4413) fleet-admin commands::keys::tests::format_timestamp_strips_tz_to_seconds
        PASS [   0.003s] (   4/4413) fleet-admin commands::keys::tests::parse_duration_days
        PASS [   0.003s] (   5/4413) fleet-admin commands::keys::tests::format_roles_sorts_and_falls_back
        PASS [   0.004s] (   6/4413) fleet-admin commands::keys::tests::confirm_prompt_eof_is_distinguishable_from_no
        PASS [   0.004s] (   7/4413) fleet-admin commands::keys::tests::parse_duration_hours
        PASS [   0.004s] (   8/4413) fleet-admin commands::keys::tests::confirm_prompt_rejects_n_and_blank
        PASS [   0.003s] (   9/4413) fleet-admin commands::keys::tests::parse_duration_invalid_number
        PASS [   0.003s] (  10/4413) fleet-admin commands::keys::tests::parse_duration_multibyte_trailing_char_doesnt_panic
        PASS [   0.003s] (  11/4413) fleet-admin commands::keys::tests::parse_duration_rejects_never_literal
        PASS [   0.003s] (  12/4413) fleet-admin commands::keys::tests::parse_duration_invalid_unit
        PASS [   0.003s] (  13/4413) fleet-admin commands::keys::tests::parse_duration_rejects_overflow
        PASS [   0.003s] (  14/4413) fleet-admin commands::keys::tests::role_name_accepts_converted_shape
        PASS [   0.004s] (  15/4413) fleet-admin commands::keys::tests::parse_duration_weeks
        PASS [   0.004s] (  16/4413) fleet-admin commands::keys::tests::parse_duration_unit_only
        PASS [   0.003s] (  17/4413) fleet-admin commands::keys::tests::role_name_rejects_bad_charset
        PASS [   0.003s] (  18/4413) fleet-admin commands::roles::tests::parse_perm_empty_halves
        PASS [   0.004s] (  19/4413) fleet-admin commands::roles::tests::format_perms_joins_pairs
        PASS [   0.003s] (  20/4413) fleet-admin commands::roles::tests::parse_perm_missing_colon
        PASS [   0.003s] (  21/4413) fleet-admin commands::roles::tests::parse_perm_rejects_bad_charset
        PASS [   0.004s] (  22/4413) fleet-admin commands::roles::tests::parse_perm_valid
        PASS [   0.003s] (  23/4413) fleet-admin commands::session_key::tests::generated_key_encodes_to_43_base64url_chars
        PASS [   0.025s] (  24/4413) fleet-admin commands::roles::tests::snapshot_roles_table
        PASS [   0.028s] (  25/4413) fleet-admin commands::keys::tests::snapshot_keys_table_active_only
        PASS [   0.028s] (  26/4413) fleet-admin commands::keys::tests::snapshot_keys_table_all
        PASS [   1.047s] (  27/4413) fleet-admin::keys_pg create_with_unknown_role_is_refused
        PASS [   1.168s] (  28/4413) fleet-admin::keys_pg assign_role_unknown_prefix_returns_key_not_found
        PASS [   1.166s] (  29/4413) fleet-admin::keys_pg create_with_expires_persists_expires_at
        PASS [   1.211s] (  30/4413) fleet-admin::keys_pg assign_role_adds_and_rejects_duplicate
        PASS [   1.208s] (  31/4413) fleet-admin::keys_pg create_emits_flt_prefix_and_persists
        PASS [   1.211s] (  32/4413) fleet-admin::keys_pg assign_role_surfaces_key_revoked_for_inactive_keys
        PASS [   1.210s] (  33/4413) fleet-admin::keys_pg create_duplicate_name_is_allowed
        PASS [   1.187s] (  34/4413) fleet-admin::keys_pg list_all_includes_revoked
        PASS [   0.687s] (  35/4413) fleet-admin::keys_pg retype_flips_kind_both_directions
        PASS [   0.597s] (  36/4413) fleet-admin::keys_pg revoke_unknown_prefix_returns_key_not_found
        PASS [   0.601s] (  37/4413) fleet-admin::keys_pg unassign_role_not_held_returns_role_not_assigned
        PASS [   0.644s] (  38/4413) fleet-admin::keys_pg retype_revoked_key_returns_key_revoked
        PASS [   0.602s] (  39/4413) fleet-admin::keys_pg unassign_role_removes_only_named_role
        PASS [   0.627s] (  40/4413) fleet-admin::keys_pg retype_unknown_prefix_returns_key_not_found
        PASS [   0.607s] (  41/4413) fleet-admin::keys_pg revoke_twice_returns_already_revoked
        PASS [   0.607s] (  42/4413) fleet-admin::keys_pg revoke_sets_active_false_and_revoked_at
        PASS [   0.404s] (  43/4413) fleet-admin::keys_pg unassign_role_surfaces_key_revoked_for_inactive_keys
        PASS [   0.393s] (  44/4413) fleet-admin::migrate_pg migrator_creates_expected_tables
        PASS [   0.396s] (  45/4413) fleet-admin::migrate_pg cli_refuses_old_history_before_role_or_key_writes
        PASS [   0.397s] (  46/4413) fleet-admin::migrate_pg cli_allows_role_and_key_writes_on_current_history
        PASS [   0.392s] (  47/4413) fleet-admin::roles_pg add_and_remove_perm_roundtrip
        PASS [   0.392s] (  48/4413) fleet-admin::migrate_pg migrator_is_idempotent_on_already_migrated_db
        PASS [   0.392s] (  49/4413) fleet-admin::roles_pg add_perm_unknown_role_is_role_not_found
        PASS [   0.402s] (  50/4413) fleet-admin::keys_pg unassign_role_unknown_prefix_returns_key_not_found
        PASS [   0.320s] (  51/4413) fleet-admin::roles_pg assign_unassign_roundtrip_through_role_commands
        PASS [   0.004s] (  52/4413) fleet-admin::bin/fleet-admin tests::cli_definition_is_valid
        PASS [   0.004s] (  53/4413) fleet-admin::bin/fleet-admin tests::set_rate_takes_exactly_one_of_rate_rpm_or_default
        PASS [   0.003s] (  54/4413) fleet-auth cache::tests::build_is_deterministic
        PASS [   0.004s] (  55/4413) fleet-auth cache::tests::concurrent_inserts_do_not_panic
        PASS [   0.003s] (  56/4413) fleet-auth cache::tests::different_plaintext_produces_different_key_even_with_same_prefix_and_hash
        PASS [   0.003s] (  57/4413) fleet-auth cache::tests::different_stored_hash_invalidates
        PASS [   0.003s] (  58/4413) fleet-auth cache::tests::insert_then_contains_hits
        PASS [   0.003s] (  59/4413) fleet-auth middleware::tests::extract_bearer_case_insensitive
        PASS [   0.003s] (  60/4413) fleet-auth middleware::tests::extract_bearer_rejects_empty_and_non_bearer
        PASS [   0.003s] (  61/4413) fleet-auth middleware::tests::find_cookie_handles_whitespace
        PASS [   0.312s] (  62/4413) fleet-admin::roles_pg create_duplicate_is_role_exists
        PASS [   0.004s] (  63/4413) fleet-auth middleware::tests::find_cookie_picks_named_pair
        PASS [   0.003s] (  64/4413) fleet-auth middleware::tests::html_escape_handles_specials
        PASS [   0.314s] (  65/4413) fleet-admin::roles_pg list_handles_empty_and_populated
        PASS [   0.316s] (  66/4413) fleet-admin::roles_pg binary_warns_for_unknown_permission_and_persists
        PASS [   0.315s] (  67/4413) fleet-admin::roles_pg delete_refuses_in_use_role_without_force
        PASS [   0.315s] (  68/4413) fleet-admin::roles_pg schema_write_is_grantable_through_a_role
        PASS [   0.315s] (  69/4413) fleet-admin::roles_pg delete_unheld_role_succeeds
        PASS [   0.004s] (  70/4413) fleet-auth middleware::tests::no_grant_response_body_html_escaped_no_set_cookie
        PASS [   0.316s] (  71/4413) fleet-admin::roles_pg create_show_roundtrip
        PASS [   0.003s] (  72/4413) fleet-auth origin::tests::a_valid_list_contains_exactly_what_was_configured
        PASS [   0.003s] (  73/4413) fleet-auth origin::tests::a_bad_entry_names_its_index_and_the_operators_text
        PASS [   0.004s] (  74/4413) fleet-auth middleware::tests::unauthorized_json_has_application_json
        PASS [   0.003s] (  75/4413) fleet-auth origin::tests::display_is_canonical_and_round_trips
        PASS [   0.003s] (  76/4413) fleet-auth origin::tests::configured_origins_match_in_every_equivalent_spelling
        PASS [   0.004s] (  77/4413) fleet-auth origin::tests::cross_scheme_cross_port_and_neighbouring_hosts_are_rejected
        PASS [   0.003s] (  78/4413) fleet-auth origin::tests::empty_list_names_the_configuration_knob
        PASS [   0.004s] (  79/4413) fleet-auth origin::tests::entries_that_normalize_identically_are_refused
        PASS [   0.003s] (  80/4413) fleet-auth origin::tests::from_str_is_the_same_door_as_parse
        PASS [   0.003s] (  81/4413) fleet-auth origin::tests::ip_literals_normalize_within_a_family_and_never_across_one
        PASS [   0.003s] (  82/4413) fleet-auth origin::tests::host_charset_rules
        PASS [   0.003s] (  83/4413) fleet-auth origin::tests::opaque_wildcard_and_smuggled_origins_are_refused
        PASS [   0.003s] (  84/4413) fleet-auth origin::tests::oversized_input_is_refused_before_parsing
        PASS [   0.003s] (  85/4413) fleet-auth origin::tests::port_rules
        PASS [   0.003s] (  86/4413) fleet-auth origin::tests::rejection_log_fields_never_echo_a_hostile_header
        PASS [   0.003s] (  87/4413) fleet-auth origin::tests::rejection_log_fields_report_the_normalized_origin_when_it_parsed
        PASS [   0.003s] (  88/4413) fleet-auth origin::tests::rejection_reasons_are_a_closed_vocabulary
        PASS [   0.003s] (  89/4413) fleet-auth session::tests::a_duplicated_override_entry_is_refused
        PASS [   0.003s] (  90/4413) fleet-auth session::tests::a_bad_override_entry_names_the_variable_and_the_index
        PASS [   0.003s] (  91/4413) fleet-auth session::tests::clear_cookie_header_matches_session_attributes
        PASS [   0.003s] (  92/4413) fleet-auth session::tests::expired_detected
        PASS [   0.003s] (  93/4413) fleet-auth session::tests::distinct_nonces_produce_distinct_ciphertexts
        PASS [   0.003s] (  94/4413) fleet-auth session::tests::encrypt_decrypt_round_trip
        PASS [   0.003s] (  95/4413) fleet-auth session::tests::fleet_session_runtime_environment_names_are_frozen
        PASS [   0.003s] (  96/4413) fleet-auth session::tests::garbage_cookie_rejected
        PASS [   0.003s] (  97/4413) fleet-auth session::tests::invalid_runtime_values_fail_closed
        PASS [   0.004s] (  98/4413) fleet-auth session::tests::key_from_base64_accepts_all_four_flavors
        PASS [   0.003s] (  99/4413) fleet-auth session::tests::key_from_base64_round_trip
        PASS [   0.003s] ( 100/4413) fleet-auth session::tests::key_from_file_rejects_wrong_length
        PASS [   0.003s] ( 101/4413) fleet-auth session::tests::payload_serde_drops_no_fields
        PASS [   0.004s] ( 102/4413) fleet-auth session::tests::key_from_file_round_trip
        PASS [   0.003s] ( 103/4413) fleet-auth session::tests::runtime_overrides_parse_the_valid_shapes
        PASS [   0.003s] ( 104/4413) fleet-auth session::tests::session_config_builder_emits_sso_friendly_defaults
        PASS [   0.003s] ( 105/4413) fleet-auth session::tests::session_config_builder_rejects_empty_namespace
        PASS [   0.003s] ( 106/4413) fleet-auth session::tests::session_config_builder_requires_public_origins
        PASS [   0.003s] ( 107/4413) fleet-auth session::tests::session_config_new_validates_namespace
        PASS [   0.003s] ( 108/4413) fleet-auth session::tests::session_config_no_domain_clears_domain_setter
        PASS [   0.003s] ( 109/4413) fleet-auth session::tests::session_config_rejects_backslash_protocol_relative_redirect
        PASS [   0.003s] ( 110/4413) fleet-auth session::tests::session_config_rejects_crlf_in_redirect
        PASS [   0.003s] ( 111/4413) fleet-auth session::tests::session_config_rejects_empty_cookie_name
        PASS [   0.003s] ( 112/4413) fleet-auth session::tests::session_config_rejects_protocol_relative_redirect
        PASS [   0.003s] ( 113/4413) fleet-auth session::tests::session_config_rejects_relative_redirect
        PASS [   0.003s] ( 114/4413) fleet-auth session::tests::session_config_rejects_samesite_none_without_secure
        PASS [   0.003s] ( 115/4413) fleet-auth session::tests::session_cookie_header_includes_domain_when_set
        PASS [   0.003s] ( 116/4413) fleet-auth session::tests::session_cookie_header_omits_domain_when_none
        PASS [   0.003s] ( 117/4413) fleet-auth session::tests::session_cookie_header_respects_strict_same_site
        PASS [   0.003s] ( 118/4413) fleet-auth session::tests::session_expiry_after_duration_saturates
        PASS [   0.003s] ( 119/4413) fleet-auth session::tests::session_expiry_serde_is_bare_integer
        PASS [   0.003s] ( 120/4413) fleet-auth session::tests::the_public_origins_override_parses_a_comma_separated_list
        PASS [   0.003s] ( 121/4413) fleet-auth session::tests::tampered_cookie_fails_verification
        PASS [   0.003s] ( 122/4413) fleet-auth session::tests::to_base64url_roundtrips_through_from_base64
        PASS [   0.003s] ( 123/4413) fleet-auth session::tests::truncated_cookie_rejected
        PASS [   0.003s] ( 124/4413) fleet-auth session::tests::wrong_key_fails_verification
        PASS [   0.003s] ( 125/4413) fleet-auth token::tests::extract_prefix_missing_flt
        PASS [   0.003s] ( 126/4413) fleet-auth token::tests::extract_prefix_too_short
        PASS [   0.003s] ( 127/4413) fleet-auth token::tests::extract_prefix_valid
        PASS [   0.003s] ( 128/4413) fleet-auth token::tests::generate_token_format
        PASS [   0.003s] ( 129/4413) fleet-auth token::tests::generated_token_debug_redacts_plaintext
        PASS [   0.003s] ( 130/4413) fleet-auth token::tests::generated_token_prefix_matches_body
        PASS [   0.003s] ( 131/4413) fleet-auth token::tests::verify_corrupted_hash_errors
        PASS [   0.003s] ( 132/4413) fleet-auth types::tests::created_key_debug_redacts_plaintext
        PASS [   0.003s] ( 133/4413) fleet-auth types::tests::from_roles_cross_app_role_grants_in_both_namespaces
        PASS [   0.003s] ( 134/4413) fleet-auth types::tests::from_roles_rate_rpm_is_max_across_roles
        PASS [   0.003s] ( 135/4413) fleet-auth types::tests::from_roles_unions_overlapping_permissions
        PASS [   0.003s] ( 136/4413) fleet-auth types::tests::permissions_for_unknown_app_is_empty
        PASS [   0.003s] ( 137/4413) fleet-auth types::tests::principal_kind_rejects_unknown
        PASS [   0.003s] ( 138/4413) fleet-auth types::tests::principal_kind_roundtrips
        PASS [   0.003s] ( 139/4413) fleet-auth types::tests::roles_display_sorted_with_empty_fallback
        PASS [   0.003s] ( 140/4413) fleet-auth types::tests::verified_key_debug_is_bounded_to_identity_and_aggregate_fields
        PASS [   0.003s] ( 141/4413) fleet-auth types::tests::verified_key_debug_reports_empty_aggregates
        PASS [   0.003s] ( 142/4413) fleet-auth validation::tests::accepts_permission_strings
        PASS [   0.003s] ( 143/4413) fleet-auth validation::tests::accepts_role_names_including_converted_legacy_shape
        PASS [   0.003s] ( 144/4413) fleet-auth validation::tests::accepts_well_formed_namespaces
        PASS [   0.003s] ( 145/4413) fleet-auth validation::tests::rejects_bad_namespaces
        PASS [   0.003s] ( 146/4413) fleet-auth validation::tests::rejects_bad_permission_strings
        PASS [   0.003s] ( 147/4413) fleet-auth validation::tests::rejects_bad_role_names
        PASS [   0.019s] ( 148/4413) fleet-auth token::tests::dummy_hash_exists_and_verifies_false_for_random_input
        PASS [   0.003s] ( 149/4413) fleet-auth validation::tests::rejects_overlong_namespace
        PASS [   0.019s] ( 150/4413) fleet-auth token::tests::hash_and_verify_roundtrip
        PASS [   0.019s] ( 151/4413) fleet-auth token::tests::verify_wrong_token_returns_false
        PASS [   0.040s] ( 152/4413) fleet-auth token::tests::ten_thousand_tokens_are_unique
        PASS [   0.293s] ( 153/4413) fleet-auth::handlers_pg login_rejects_cross_origin_no_cookie
        PASS [   0.336s] ( 154/4413) fleet-auth::handlers_pg login_allows_the_configured_origin_with_no_host_header
        PASS [   0.335s] ( 155/4413) fleet-auth::handlers_pg login_rejects_empty_key
        PASS [   0.317s] ( 156/4413) fleet-auth::handlers_pg login_rejects_the_same_name_over_http
        PASS [   0.337s] ( 157/4413) fleet-auth::handlers_pg login_rejects_sibling_under_shared_domain
        PASS [   0.341s] ( 158/4413) fleet-auth::handlers_pg login_includes_domain_when_configured
        PASS [   0.343s] ( 159/4413) fleet-auth::handlers_pg login_allows_the_configured_origin
        PASS [   0.341s] ( 160/4413) fleet-auth::handlers_pg login_no_grant_returns_403_no_cookie
        PASS [   0.333s] ( 161/4413) fleet-auth::handlers_pg login_rejects_wrong_key
        PASS [   0.340s] ( 162/4413) fleet-auth::handlers_pg logout_rejects_a_foreign_origin_whatever_the_host_and_forwarding_headers_say
        PASS [   0.345s] ( 163/4413) fleet-auth::handlers_pg logout_allows_absent_origin
        PASS [   0.342s] ( 164/4413) fleet-auth::handlers_pg logout_requires_no_session
        PASS [   0.342s] ( 165/4413) fleet-auth::handlers_pg logout_clears_cookie_with_matching_attrs
        PASS [   0.349s] ( 166/4413) fleet-auth::handlers_pg login_valid_key_sets_cookie_and_redirects
        PASS [   0.342s] ( 167/4413) fleet-auth::handlers_pg logout_rejects_cross_origin_no_clear
        PASS [   0.342s] ( 168/4413) fleet-auth::middleware_pg bearer_does_not_enforce_namespace
        PASS [   0.325s] ( 169/4413) fleet-auth::middleware_pg bearer_invalid_token_returns_401
        PASS [   0.313s] ( 170/4413) fleet-auth::middleware_pg session_grant_revoked_during_session_returns_403
        PASS [   0.314s] ( 171/4413) fleet-auth::middleware_pg bearer_missing_header_returns_401
        PASS [   0.316s] ( 172/4413) fleet-auth::middleware_pg bearer_malformed_scheme_returns_401
        PASS [   0.314s] ( 173/4413) fleet-auth::middleware_pg session_expired_cookie_returns_401_keeps_cookie
        PASS [   0.314s] ( 174/4413) fleet-auth::middleware_pg session_no_grant_returns_403_html_keeps_cookie
        PASS [   0.315s] ( 175/4413) fleet-auth::middleware_pg bearer_valid_token_sets_extension
        PASS [   0.317s] ( 176/4413) fleet-auth::middleware_pg session_missing_cookie_returns_401
        PASS [   0.328s] ( 177/4413) fleet-auth::middleware_pg session_state_rejects_invalid_config
        PASS [   0.363s] ( 178/4413) fleet-auth::migration_pg cases::admission_observes_state_created_while_waiting_for_the_lock
        PASS [   0.366s] ( 179/4413) fleet-auth::middleware_pg session_tampered_cookie_returns_401
        PASS [   0.366s] ( 180/4413) fleet-auth::migration_pg cases::cancelled_lock_wait_does_not_recycle_a_locked_connection
        PASS [   0.367s] ( 181/4413) fleet-auth::middleware_pg session_valid_cookie_sets_extension
        PASS [   0.364s] ( 182/4413) fleet-auth::migration_pg cases::fresh_restart_preserves_history_and_forward_migrations_work
        PASS [   0.413s] ( 183/4413) fleet-auth::middleware_pg session_revoked_key_returns_401
        PASS [   0.003s] ( 184/4413) fleet-auth::no_forwarded_trust documented_non_goals_are_not_detected
        PASS [   0.007s] ( 185/4413) fleet-auth::no_forwarded_trust no_source_file_reads_a_host_or_forwarding_header
        PASS [   0.003s] ( 186/4413) fleet-auth::no_forwarded_trust the_scan_catches_every_shape_a_reintroduction_takes
        PASS [   0.003s] ( 187/4413) fleet-auth::no_forwarded_trust the_scan_reaches_a_nested_module
        PASS [   0.003s] ( 188/4413) fleet-auth::origin_guard_truth_table a_foreign_origin_logs_its_normalized_text
        PASS [   0.003s] ( 189/4413) fleet-auth::origin_guard_truth_table a_hostile_origin_header_never_reaches_the_log
        PASS [   0.390s] ( 190/4413) fleet-auth::migration_pg cases::current_checksums_dirty_and_unknown_versions_stay_distinct
        PASS [   0.003s] ( 191/4413) fleet-auth::origin_guard_truth_table an_absent_origin_is_allowed
        PASS [   0.003s] ( 192/4413) fleet-auth::origin_guard_truth_table a_non_utf8_origin_is_rejected
        PASS [   0.003s] ( 193/4413) fleet-auth::origin_guard_truth_table an_allowed_origin_logs_nothing
        PASS [   0.003s] ( 194/4413) fleet-auth::origin_guard_truth_table every_rejection_reason_is_from_the_closed_vocabulary
        PASS [   0.003s] ( 195/4413) fleet-auth::origin_guard_truth_table forwarding_headers_and_host_change_no_verdict
        PASS [   0.003s] ( 196/4413) fleet-auth::origin_guard_truth_table the_guard_answers_the_truth_table
        PASS [   0.003s] ( 197/4413) fleet-auth::origin_guard_truth_table two_origin_headers_are_rejected_even_when_identical
        PASS [   0.003s] ( 198/4413) fleet-auth::origin_parity a_bad_entry_is_reported_at_its_own_index
        PASS [   0.003s] ( 199/4413) fleet-auth::origin_parity a_configured_entry_matches_every_equivalent_header_spelling
        PASS [   0.003s] ( 200/4413) fleet-auth::origin_parity a_rooted_host_is_one_spelling_through_both_doors
        PASS [   0.004s] ( 201/4413) fleet-auth::origin_parity both_doors_refuse_the_same_inputs_for_the_same_reason
        PASS [   0.003s] ( 202/4413) fleet-auth::origin_parity distinct_origins_stay_distinct_through_both_doors
        PASS [   0.004s] ( 203/4413) fleet-auth::origin_parity the_canonical_form_round_trips_through_the_parser
        PASS [   0.431s] ( 204/4413) fleet-auth::migration_pg fresh_registry_grants_nothing
        PASS [   0.507s] ( 205/4413) fleet-auth::migration_pg cases::untracked_objects_are_refused_without_creating_history
        PASS [   0.514s] ( 206/4413) fleet-auth::migration_pg runtime_connect_rejects_old_and_invalid_histories_without_writes
        PASS [   0.519s] ( 207/4413) fleet-auth::migration_pg cases::old_histories_are_refused_without_changes_and_release_locks
        PASS [   0.475s] ( 208/4413) fleet-auth::store_pg add_and_remove_role_permissions_reflected_on_next_verify
        PASS [   0.519s] ( 209/4413) fleet-auth::migration_pg runtime_validation_is_read_only_and_requires_current_history
        PASS [   0.561s] ( 210/4413) fleet-auth::migration_pg cases::initial_schema_matches_final_old_catalog
        PASS [   0.475s] ( 211/4413) fleet-auth::store_pg assign_and_unassign_role_roundtrip
        PASS [   0.005s] ( 212/4413) fleet-auth::store_pg connect_malformed_url_errors
        PASS [   0.005s] ( 213/4413) fleet-auth::store_pg connect_unreachable_endpoint_errors
        PASS [   0.516s] ( 214/4413) fleet-auth::store_pg assign_rejects_duplicate_role
        PASS [   0.504s] ( 215/4413) fleet-auth::store_pg assign_unknown_role_is_role_not_found
        PASS [   0.498s] ( 216/4413) fleet-auth::store_pg cache_hit_skips_kdf_but_updates_last_used
        PASS [   0.498s] ( 217/4413) fleet-auth::store_pg concurrent_distinct_role_assignments_both_persist
        PASS [   0.482s] ( 218/4413) fleet-auth::store_pg create_and_verify_roundtrip
        PASS [   0.495s] ( 219/4413) fleet-auth::store_pg concurrent_duplicate_role_assignment_has_one_winner
        PASS [   0.493s] ( 220/4413) fleet-auth::store_pg connect_and_ping_via_url
        PASS [   0.496s] ( 221/4413) fleet-auth::store_pg concurrent_verifies_all_succeed
        PASS [   0.266s] ( 222/4413) fleet-auth::store_pg create_key_with_expiry_in_future
        PASS [   0.243s] ( 223/4413) fleet-auth::store_pg create_role_duplicate_name_is_role_exists
        PASS [   0.243s] ( 224/4413) fleet-auth::store_pg delete_role_refuses_while_assigned_unless_forced
        PASS [   0.245s] ( 225/4413) fleet-auth::store_pg create_role_rejects_bad_shapes
        PASS [   0.243s] ( 226/4413) fleet-auth::store_pg delete_unassigned_role_succeeds_without_force
        PASS [   0.245s] ( 227/4413) fleet-auth::store_pg create_role_roundtrip_with_rate_rpm
        PASS [   0.245s] ( 228/4413) fleet-auth::store_pg cross_app_role_grants_in_both_namespaces
        PASS [   0.248s] ( 229/4413) fleet-auth::store_pg create_key_with_unknown_role_is_role_not_found
        PASS [   0.429s] ( 230/4413) fleet-auth::store_pg double_revoke_errors_with_kindly_message
        PASS [   0.431s] ( 231/4413) fleet-auth::store_pg duplicate_role_in_batch_rejected
        PASS [   0.430s] ( 232/4413) fleet-auth::store_pg expired_key_fails_verify
        PASS [   0.431s] ( 233/4413) fleet-auth::store_pg is_known_permission_reads_the_registry
        PASS [   0.431s] ( 234/4413) fleet-auth::store_pg get_role_unknown_is_role_not_found
        PASS [   0.431s] ( 235/4413) fleet-auth::store_pg list_keys_active_only_filters
        PASS [   0.431s] ( 236/4413) fleet-auth::store_pg expired_active_key_still_accepts_role_mutations
        PASS [   0.432s] ( 237/4413) fleet-auth::store_pg empty_roles_create_then_verify
        PASS [   0.422s] ( 238/4413) fleet-auth::store_pg list_roles_ordered_with_bundles
        PASS [   0.435s] ( 239/4413) fleet-auth::store_pg live_key_by_id_unknown_is_none
        PASS [   0.437s] ( 240/4413) fleet-auth::store_pg malformed_token_rejected
        PASS [   0.437s] ( 241/4413) fleet-auth::store_pg live_key_by_id_revoked_is_none
        PASS [   0.439s] ( 242/4413) fleet-auth::store_pg live_key_by_id_active
        PASS [   0.437s] ( 243/4413) fleet-auth::store_pg multi_role_key_resolves_the_union
        PASS [   0.437s] ( 244/4413) fleet-auth::store_pg live_key_by_id_reflects_role_changes
        PASS [   0.439s] ( 245/4413) fleet-auth::store_pg live_key_by_id_expired_is_none
        PASS [   0.380s] ( 246/4413) fleet-auth::store_pg ping_succeeds
        PASS [   0.358s] ( 247/4413) fleet-auth::store_pg revoke_waiting_first_refuses_later_assignment
        PASS [   0.359s] ( 248/4413) fleet-auth::store_pg retype_revoked_key_errors
        PASS [   0.359s] ( 249/4413) fleet-auth::store_pg revoke_blocks_verify_even_with_cache_entry
        PASS [   0.359s] ( 250/4413) fleet-auth::store_pg role_mutations_reject_revoked_key_without_state_or_success_event
        PASS [   0.360s] ( 251/4413) fleet-auth::store_pg revoke_nonexistent_prefix_errors
        PASS [   0.360s] ( 252/4413) fleet-auth::store_pg role_mutations_reject_out_of_band_inactive_key_without_state_or_success_event
        PASS [   0.362s] ( 253/4413) fleet-auth::store_pg retype_key_succeeds
        PASS [   0.004s] ( 254/4413) fleet-auth::store_pg validation_reexported_works
        PASS [   0.404s] ( 255/4413) fleet-auth::store_pg set_role_rate_rpm_unknown_is_role_not_found
        PASS [   0.004s] ( 256/4413) fleet-dev cli::tests::cli_definition_is_valid
        PASS [   0.004s] ( 257/4413) fleet-dev cli::tests::coastwatch_release_spa_is_a_clap_usage_error
        PASS [   0.004s] ( 258/4413) fleet-dev cli::tests::global_overrides_work_after_subcommand
        PASS [   0.004s] ( 259/4413) fleet-dev cli::tests::global_overrides_work_before_subcommand
        PASS [   0.402s] ( 260/4413) fleet-auth::store_pg unassign_role_waits_for_key_row_lock
        PASS [   0.400s] ( 261/4413) fleet-auth::store_pg verify_nonexistent_prefix_runs_dummy_and_fails
        PASS [   0.401s] ( 262/4413) fleet-auth::store_pg unassignment_waiting_first_commits_before_later_revoke
        PASS [   0.403s] ( 263/4413) fleet-auth::store_pg unassign_role_not_held_errors
        PASS [   0.404s] ( 264/4413) fleet-auth::store_pg set_role_rate_rpm_updates_in_place_without_touching_assignments
        PASS [   0.404s] ( 265/4413) fleet-auth::store_pg toctou_revoke_between_select_and_update_rejects
        PASS [   0.399s] ( 266/4413) fleet-auth::store_pg wrong_token_with_existing_prefix_fails
        PASS [   0.004s] ( 267/4413) fleet-dev command::tests::debug_redacts_environment_values
        PASS [   0.014s] ( 268/4413) fleet-dev command::tests::system_runner_enforces_output_limits_while_the_child_is_running
        PASS [   0.014s] ( 269/4413) fleet-dev command::tests::system_runner_rejects_fast_finite_output_over_the_limit
        PASS [   0.014s] ( 270/4413) fleet-dev command::tests::system_runner_replaces_instead_of_extending_the_ambient_environment
        PASS [   0.004s] ( 271/4413) fleet-dev config::tests::consumer_rejects_duplicate_destinations
        PASS [   0.004s] ( 272/4413) fleet-dev config::tests::credential_template_is_frozen
        PASS [   0.004s] ( 273/4413) fleet-dev config::tests::docker_override_can_rescue_a_cnpg_profile_without_cnpg_configuration
        PASS [   0.003s] ( 274/4413) fleet-dev config::tests::invocation_overrides_win_over_profile_values
        PASS [   0.003s] ( 275/4413) fleet-dev config::tests::login_process_name_is_reserved
        PASS [   0.004s] ( 276/4413) fleet-dev config::tests::machine_host_is_a_bare_hostname
        PASS [   0.003s] ( 277/4413) fleet-dev config::tests::manifest_paths_cannot_escape_checkout
        PASS [   0.003s] ( 278/4413) fleet-dev config::tests::manifest_cannot_shadow_the_controller_token_or_use_malformed_sources
        PASS [   0.004s] ( 279/4413) fleet-dev config::tests::manifest_requires_shared_session_key_and_parameterized_web_ui
        PASS [   0.029s] ( 280/4413) fleet-dev command::tests::streamed_children_still_honour_the_deadline
        PASS [   0.030s] ( 281/4413) fleet-dev command::tests::streamed_children_ignore_output_limits_and_return_the_real_status
        PASS [   0.003s] ( 282/4413) fleet-dev config::tests::portable_profile_defaults
        PASS [   0.004s] ( 283/4413) fleet-dev config::tests::preparation_cannot_reference_resolver_produced_values
        PASS [   0.003s] ( 284/4413) fleet-dev config::tests::profile_rejects_unknown_fields
        PASS [   0.003s] ( 285/4413) fleet-dev config::tests::safe_state_scopes
        PASS [   0.003s] ( 286/4413) fleet-dev controller::tests::selected_manifest_projection_is_deterministic
        PASS [   0.003s] ( 287/4413) fleet-dev controller::tests::preparation_and_migration_receive_only_declared_values
        PASS [   0.004s] ( 288/4413) fleet-dev credentials::tests::cnpg_template_expansion_and_url_encoding_are_exact
        PASS [   0.003s] ( 289/4413) fleet-dev credentials::tests::op_receives_token_but_no_ambient_secret
        PASS [   0.003s] ( 290/4413) fleet-dev credentials::tests::resolver_receives_only_declared_values
        PASS [   0.003s] ( 291/4413) fleet-dev credentials::tests::token_loader_requires_a_regular_owner_only_file_and_rejects_symlinks
        PASS [   0.036s] ( 292/4413) fleet-dev command::tests::system_runner_enforces_deadlines_and_reaps_the_child
        PASS [   0.004s] ( 293/4413) fleet-dev database::tests::a_second_binding_or_an_extra_published_port_is_rejected
        PASS [   0.003s] ( 294/4413) fleet-dev database::tests::docker_inspection_enforces_image_and_loopback_binding
        PASS [   0.003s] ( 295/4413) fleet-dev database::tests::docker_urls_follow_fixed_contract
        PASS [   0.003s] ( 296/4413) fleet-dev database::tests::exposed_but_unpublished_sibling_ports_are_tolerated
        PASS [   0.003s] ( 297/4413) fleet-dev database::tests::onepassword_is_demand_driven
        PASS [   0.004s] ( 298/4413) fleet-dev database::tests::owned_docker_is_stopped_when_validation_fails_without_fallback
        PASS [   0.003s] ( 299/4413) fleet-dev environment::tests::allowlist_excludes_tokens_and_agent_sockets
        PASS [   0.003s] ( 300/4413) fleet-dev environment::tests::allowlist_keeps_the_tool_configuration_the_children_need
        PASS [   0.003s] ( 301/4413) fleet-dev fleet::tests::fleet_migration_builds_without_the_dsn_then_runs_the_binary_with_it
        PASS [   0.003s] ( 302/4413) fleet-dev fleet::tests::permission_union_is_sorted_and_deduplicated
        PASS [   0.003s] ( 303/4413) fleet-dev plan::tests::plan_json_never_has_a_secret_value_field
        PASS [   0.003s] ( 304/4413) fleet-dev plan::tests::process_roles_are_classified_per_app
        PASS [   0.003s] ( 305/4413) fleet-dev plan::tests::trawl_coastwatch_and_all_process_plans_are_selection_scoped
        PASS [   0.003s] ( 306/4413) fleet-dev resolver::tests::rejects_extra_stdout
        PASS [   0.004s] ( 307/4413) fleet-dev resolver::tests::rejects_duplicate_fields_and_oversized_output
        PASS [   0.003s] ( 308/4413) fleet-dev resolver::tests::rejects_non_string_values
        PASS [   0.003s] ( 309/4413) fleet-dev resolver::tests::rejects_schema_mismatch_and_reserved_names
        PASS [   0.003s] ( 310/4413) fleet-dev resolver::tests::rejects_unknown_top_level_fields
        PASS [   0.003s] ( 311/4413) fleet-dev resolver::tests::valid_document_is_namespaced
        PASS [   0.003s] ( 312/4413) fleet-dev runtime::tests::an_empty_developer_key_is_refused_rather_than_panicking
        PASS [   0.004s] ( 313/4413) fleet-dev runtime::tests::coastwatch_shaped_trunk_config_disables_the_serve_mode_nonce_csp
        PASS [   0.003s] ( 314/4413) fleet-dev runtime::tests::login_process_contains_only_paths_not_plaintext_key
        PASS [   0.005s] ( 315/4413) fleet-dev runtime::tests::supervisor_status_is_propagated_and_runtime_cleans_up_on_drop
        PASS [   0.004s] ( 316/4413) fleet-dev selection::tests::explicit_coastwatch_root_precedes_a_stale_profile_path
        PASS [   0.004s] ( 317/4413) fleet-dev selection::tests::stale_optional_coastwatch_path_does_not_break_trawl_only_selection
        PASS [   0.003s] ( 318/4413) fleet-dev session_key::tests::accepts_only_canonical_base64url
        PASS [   0.003s] ( 319/4413) fleet-dev session_key::tests::docker_key_is_generated_once_and_persisted_canonically
        PASS [   0.003s] ( 320/4413) fleet-dev state::tests::global_lock_rejects_a_concurrent_stack_and_releases_on_drop
        PASS [   0.004s] ( 321/4413) fleet-dev state::tests::scoped_state_binds_identity_and_reuses_secrets
        PASS [   0.004s] ( 322/4413) fleet-dev state::tests::state_modes_are_private_and_symlinks_are_rejected
        PASS [   0.003s] ( 323/4413) fleet-dev state::tests::xdg_precedes_home
        PASS [   0.004s] ( 324/4413) fleet-dev tailscale::tests::a_colon_prefixed_tcp_occupant_still_blocks_setup
        PASS [   0.003s] ( 325/4413) fleet-dev tailscale::tests::malformed_status_fails_closed
        PASS [   0.003s] ( 326/4413) fleet-dev tailscale::tests::multi_app_setup_preflights_every_conflict_before_mutating
        PASS [   0.003s] ( 327/4413) fleet-dev tailscale::tests::multiple_web_handlers_on_one_port_fail_closed
        PASS [   0.003s] ( 328/4413) fleet-dev tailscale::tests::non_proxy_web_and_tcp_handlers_occupy_public_ports
        PASS [   0.003s] ( 329/4413) fleet-dev tailscale::tests::normalizes_hostname_and_ip
        PASS [   0.003s] ( 330/4413) fleet-dev tailscale::tests::parses_matching_and_unrelated_mappings
        PASS [   0.003s] ( 331/4413) fleet-dev tailscale::tests::same_public_port_on_an_old_hostname_is_a_conflict
        PASS [   0.004s] ( 332/4413) fleet-dev tailscale::tests::setup_is_idempotent_and_conflicts_require_force
        PASS [   0.026s] ( 333/4413) fleet-dev runtime::tests::forced_cleanup_kills_a_supervisor_grandchild_tree
        PASS [   0.003s] ( 334/4413) fleet-dev tailscale::tests::tcp_keys_are_parsed_in_every_serve_form
        PASS [   0.003s] ( 335/4413) fleet-dev tailscale::tests::verify_reports_the_exact_missing_repair_without_mutating
        PASS [   0.003s] ( 336/4413) fleet-dev topology::tests::both_apps_keep_origin_and_proxy_on_the_same_tailscale_hostname
        PASS [   0.003s] ( 337/4413) fleet-dev topology::tests::cross_category_and_same_app_bind_collisions_are_rejected
        PASS [   0.003s] ( 338/4413) fleet-dev topology::tests::localhost_contract
        PASS [   0.003s] ( 339/4413) fleet-dev topology::tests::localhost_exposure_rejects_non_loopback_hosts
        PASS [   0.003s] ( 340/4413) fleet-dev topology::tests::tailscale_contract
        PASS [   0.004s] ( 341/4413) fleet-dev::contracts a_pinned_tailscale_profile_keeps_plan_offline
        PASS [   0.003s] ( 342/4413) fleet-dev::contracts committed_trawl_manifest_pins_the_frozen_contract
        PASS [   0.004s] ( 343/4413) fleet-dev::contracts docker_plan_is_secret_free_and_does_not_touch_commands_or_token_file
        PASS [   0.004s] ( 344/4413) fleet-dev::contracts rendered_runtime_is_private_isolated_and_ephemeral
        PASS [   0.004s] ( 345/4413) fleet-dev::contracts trawl_plan_and_release_spa_are_deterministic
        PASS [   0.005s] ( 346/4413) fleet-dev::contracts the_browser_origin_is_published_as_the_csrf_allowlist_in_both_modes
        PASS [   0.006s] ( 347/4413) fleet-dev::wrappers legacy_wrapper_rejects_unknown_flags
        PASS [   0.007s] ( 348/4413) fleet-dev::wrappers cargo_binstub_preserves_argument_boundaries_and_root
        PASS [   0.004s] ( 349/4413) fleet-dev::wrappers trawld_dev_has_valid_bash_syntax
        PASS [   0.007s] ( 350/4413) fleet-dev::wrappers trawld_dev_reports_a_missing_downloaded_library_without_running_binary
        PASS [   0.011s] ( 351/4413) fleet-dev::wrappers legacy_wrapper_translates_flags_from_any_cwd
        PASS [   0.007s] ( 352/4413) fleet-dev::wrappers trawld_dev_resolves_relative_target_against_checkout_and_propagates_exit
        PASS [   0.008s] ( 353/4413) fleet-dev::wrappers trawld_dev_supports_absolute_target_and_preserves_loader_path_and_arguments
        PASS [   0.003s] ( 354/4413) fleet-ui atmosphere::palette::tests::every_stop_is_lowercase_six_digit_hex
        PASS [   0.003s] ( 355/4413) fleet-ui atmosphere::palette::tests::knobs_stay_in_shader_range
        PASS [   0.003s] ( 356/4413) fleet-ui atmosphere::palette::tests::palette_values_are_pinned
        PASS [   0.003s] ( 357/4413) fleet-ui atmosphere::palette::tests::stop_counts_fit_the_mesh_gradient_uniform
        PASS [   0.003s] ( 358/4413) fleet-ui atmosphere::palette::tests::theme_lookup_matches_the_arrays
        PASS [   0.003s] ( 359/4413) fleet-ui atmosphere::palette::tests::themes_have_distinct_palettes
        PASS [   0.003s] ( 360/4413) fleet-ui badge::tone::tests::badge_class_composition
        PASS [   0.127s] ( 361/4413) fleet-dev command::tests::an_interrupt_aborts_the_running_child_and_refuses_the_next_one
        PASS [   0.003s] ( 362/4413) fleet-ui badge::tone::tests::css_class_mapping
        PASS [   0.003s] ( 363/4413) fleet-ui button::variant::tests::btn_class_composition
        PASS [   0.003s] ( 364/4413) fleet-ui badge::tone::tests::default_tone_is_neutral
        PASS [   0.003s] ( 365/4413) fleet-ui button::variant::tests::css_class_mapping
        PASS [   0.003s] ( 366/4413) fleet-ui button::variant::tests::size_suffix_mapping
        PASS [   0.003s] ( 367/4413) fleet-ui command_palette::tests::chord_modifier_and_editor_matrix
        PASS [   0.003s] ( 368/4413) fleet-ui command_palette::tests::chord_rejects_altered_consumed_repeated_and_composing_events
        PASS [   0.003s] ( 369/4413) fleet-ui command_palette::tests::commands_from_deduplicates_exact_paths_first_wins
        PASS [   0.003s] ( 370/4413) fleet-ui command_palette::tests::current_affix_requires_exact_pathname
        PASS [   0.003s] ( 371/4413) fleet-ui command_palette::tests::editable_input_table_excludes_non_text_disabled_and_read_only_controls
        PASS [   0.003s] ( 372/4413) fleet-ui command_palette::tests::empty_inventory_has_no_trigger_chord_or_selection
        PASS [   0.003s] ( 373/4413) fleet-ui command_palette::tests::platform_table_drives_primary_hint_aria_and_macos_classification
        PASS [   0.003s] ( 374/4413) fleet-ui command_palette::tests::filter_requires_every_token_across_label_or_path
        PASS [   0.003s] ( 375/4413) fleet-ui command_palette::tests::filter_preserves_order_paths_and_original_option_ids
        PASS [   0.003s] ( 376/4413) fleet-ui command_palette::tests::selection_resets_on_filter_changes_and_reopen
        PASS [   0.003s] ( 377/4413) fleet-ui copy_button::tests::copy_failure_fires_an_error_toast_carrying_the_reason
        PASS [   0.003s] ( 378/4413) fleet-ui load_more::tests::empty_wins_over_everything
        PASS [   0.003s] ( 379/4413) fleet-ui copy_button::tests::copy_success_fires_a_copied_toast
        PASS [   0.003s] ( 380/4413) fleet-ui load_more::tests::exhausted_cursor_is_the_end_state
        PASS [   0.003s] ( 381/4413) fleet-ui load_more::tests::live_cursor_renders_the_button_with_busy_disable
        PASS [   0.115s] ( 382/4413) fleet-dev command::tests::system_runner_does_not_hang_when_a_descendant_retains_the_pipes
        PASS [   0.003s] ( 383/4413) fleet-ui loaded::state::tests::canonical_copy_strings
        PASS [   0.003s] ( 384/4413) fleet-ui loaded::state::tests::from_parts_prioritizes_error_then_loading_then_ready
        PASS [   0.003s] ( 385/4413) fleet-ui loaded::state::tests::from_resource_maps_the_three_states
        PASS [   0.003s] ( 386/4413) fleet-ui loaded::state::tests::from_resource_with_customizes_error_copy
        PASS [   0.003s] ( 387/4413) fleet-ui loaded::state::tests::from_resource_with_missing_classifies_the_four_states
        PASS [   0.003s] ( 388/4413) fleet-ui loaded::state::tests::missing_copy_strings
        PASS [   0.003s] ( 389/4413) fleet-ui login::validate::tests::empty_key_rejected
        PASS [   0.003s] ( 390/4413) fleet-ui login::validate::tests::external_shown_when_no_local_error
        PASS [   0.003s] ( 391/4413) fleet-ui login::validate::tests::local_error_wins_over_external
        PASS [   0.003s] ( 392/4413) fleet-ui login::validate::tests::none_when_neither_error_present
        PASS [   0.003s] ( 393/4413) fleet-ui login::validate::tests::valid_key_passes
        PASS [   0.003s] ( 394/4413) fleet-ui login::validate::tests::whitespace_only_key_rejected
        PASS [   0.003s] ( 395/4413) fleet-ui menu::tests::every_keyboard_cause_restores_the_trigger_and_an_outside_press_does_not
        PASS [   0.003s] ( 396/4413) fleet-ui modal::confirm_state::tests::cancel_closes_and_drops
        PASS [   0.003s] ( 397/4413) fleet-ui modal::confirm_state::tests::request_opens_and_exposes_the_payload
        PASS [   0.003s] ( 398/4413) fleet-ui modal::confirm_state::tests::starts_closed
        PASS [   0.003s] ( 399/4413) fleet-ui modal::confirm_state::tests::take_confirms_exactly_once
        PASS [   0.003s] ( 400/4413) fleet-ui overlay::tests::a_disconnected_opener_is_not_refocused
        PASS [   0.003s] ( 401/4413) fleet-ui overlay::tests::a_single_focusable_wraps_to_itself_both_directions
        PASS [   0.003s] ( 402/4413) fleet-ui overlay::tests::boxed_candidates_are_rendered
        PASS [   0.003s] ( 403/4413) fleet-ui overlay::tests::command_palette_has_layers_tracks_full_overlay_lifecycle
        PASS [   0.003s] ( 404/4413) fleet-ui overlay::tests::display_none_candidates_are_not_rendered
        PASS [   0.003s] ( 405/4413) fleet-ui overlay::tests::drawer_alone_owns_focus_but_does_not_trap
        PASS [   0.003s] ( 406/4413) fleet-ui overlay::tests::focus_pos_empty_wins_over_every_other_bit
        PASS [   0.003s] ( 407/4413) fleet-ui overlay::tests::focus_pos_escaped_focus_is_outside_before_edges
        PASS [   0.003s] ( 408/4413) fleet-ui overlay::tests::focus_pos_maps_the_inside_edge_pairs
        PASS [   0.003s] ( 409/4413) fleet-ui overlay::tests::focusable_selector_excludes_negative_tabindex_on_every_arm
        PASS [   0.003s] ( 410/4413) fleet-ui overlay::tests::initial_focus_prefers_the_first_focusable
        PASS [   0.003s] ( 411/4413) fleet-ui overlay::tests::initial_focus_falls_back_to_the_panel_when_empty
        PASS [   0.003s] ( 412/4413) fleet-ui overlay::tests::menu_under_modal_yields_escape_to_the_modal_only
        PASS [   0.003s] ( 413/4413) fleet-ui overlay::tests::modal_over_drawer_takes_ownership_and_hands_it_back
        PASS [   0.003s] ( 414/4413) fleet-ui overlay::tests::none_layer_above_trap_keeps_the_trap
        PASS [   0.003s] ( 415/4413) fleet-ui overlay::tests::none_policy_layers_never_own_focus
        PASS [   0.003s] ( 416/4413) fleet-ui overlay::tests::none_policy_never_restores
        PASS [   0.003s] ( 417/4413) fleet-ui overlay::tests::owner_with_a_connected_opener_restores
        PASS [   0.003s] ( 418/4413) fleet-ui overlay::tests::ownership_transitions_track_release_and_re_expose
        PASS [   0.003s] ( 419/4413) fleet-ui overlay::tests::release_is_idempotent_and_order_independent
        PASS [   0.003s] ( 420/4413) fleet-ui overlay::tests::shadowed_layer_does_not_restore
        PASS [   0.003s] ( 421/4413) fleet-ui overlay::tests::tab_backward_at_first_wraps_to_last
        PASS [   0.003s] ( 422/4413) fleet-ui overlay::tests::tab_forward_at_last_wraps_to_first
        PASS [   0.003s] ( 423/4413) fleet-ui overlay::tests::tab_in_an_empty_panel_parks_on_the_panel
        PASS [   0.003s] ( 424/4413) fleet-ui overlay::tests::tab_in_the_interior_passes_through
        PASS [   0.003s] ( 425/4413) fleet-ui overlay::tests::tab_recaptures_focus_that_escaped_the_panel
        PASS [   0.003s] ( 426/4413) fleet-ui overlay::tests::tab_toward_the_far_edge_passes_through
        PASS [   0.003s] ( 427/4413) fleet-ui overlay::tests::topmost_is_last_pushed
        PASS [   0.003s] ( 428/4413) fleet-ui overlay::tests::zero_box_but_rect_bearing_candidates_stay_tabbable
        PASS [   0.003s] ( 429/4413) fleet-ui page_window::tests::page_window_busy_disables_both_directions
        PASS [   0.003s] ( 430/4413) fleet-ui page_window::tests::page_window_checked_arithmetic_at_usize_limits
        PASS [   0.003s] ( 431/4413) fleet-ui page_window::tests::page_window_known_boundaries
        PASS [   0.003s] ( 432/4413) fleet-ui page_window::tests::page_window_probe_keeps_empty_page
        PASS [   0.003s] ( 433/4413) fleet-ui range_dialog::tests::range_input_ids_are_unique_between_instances_and_controls
        PASS [   0.003s] ( 434/4413) fleet-ui roving::tests::a_known_tab_id_selects_its_own_tab
        PASS [   0.003s] ( 435/4413) fleet-ui roving::tests::a_single_item_navigates_to_itself
        PASS [   0.003s] ( 436/4413) fleet-ui roving::tests::a_strip_with_no_tabs_selects_nothing
        PASS [   0.003s] ( 437/4413) fleet-ui roving::tests::an_empty_or_out_of_range_widget_has_nowhere_to_go
        PASS [   0.003s] ( 438/4413) fleet-ui roving::tests::an_id_matching_no_tab_selects_the_first_one
        PASS [   0.003s] ( 439/4413) fleet-ui roving::tests::first_and_last_reach_the_endpoints_from_anywhere
        PASS [   0.003s] ( 440/4413) fleet-ui roving::tests::horizontal_keys_map_to_their_navigations_and_nothing_else
        PASS [   0.003s] ( 441/4413) fleet-ui roving::tests::next_and_prev_wrap_at_both_ends
        PASS [   0.003s] ( 442/4413) fleet-ui roving::tests::the_two_key_maps_share_only_the_endpoints
        PASS [   0.003s] ( 443/4413) fleet-ui roving::tests::vertical_keys_map_to_their_navigations_and_nothing_else
        PASS [   0.003s] ( 444/4413) fleet-ui segmented::class::tests::base_class_for_default_scale
        PASS [   0.003s] ( 445/4413) fleet-ui segmented::class::tests::full_adds_seg_full_across_scales
        PASS [   0.003s] ( 446/4413) fleet-ui segmented::class::tests::option_new_sets_id_and_label
        PASS [   0.003s] ( 447/4413) fleet-ui segmented::class::tests::sm_and_xs_both_render_as_seg_sm
        PASS [   0.003s] ( 448/4413) fleet-ui sparkline::geometry::tests::all_equal_series_draws_a_flat_top_line
        PASS [   0.003s] ( 449/4413) fleet-ui sparkline::geometry::tests::all_zero_series_draws_a_flat_bottom_line
        PASS [   0.003s] ( 450/4413) fleet-ui sparkline::geometry::tests::degenerate_inputs_yield_none
        PASS [   0.003s] ( 451/4413) fleet-ui sparkline::geometry::tests::fill_closes_the_polygon_along_the_baseline
        PASS [   0.003s] ( 452/4413) fleet-ui sparkline::geometry::tests::scaling_is_monotonic_and_x_spans_the_width
        PASS [   0.003s] ( 453/4413) fleet-ui status_dot::tone::tests::css_suffix_mapping
        PASS [   0.003s] ( 454/4413) fleet-ui status_dot::tone::tests::default_tone_is_neutral
        PASS [   0.003s] ( 455/4413) fleet-ui status_dot::tone::tests::dot_class_composition
        PASS [   0.003s] ( 456/4413) fleet-ui theme::prefs::tests::parse_error_carries_offending_input
        PASS [   0.003s] ( 457/4413) fleet-ui theme::prefs::tests::parse_stored_empty_object_returns_defaults
        PASS [   0.003s] ( 458/4413) fleet-ui theme::prefs::tests::parse_stored_full_payload_round_trips
        PASS [   0.003s] ( 459/4413) fleet-ui theme::prefs::tests::parse_stored_ignores_retired_density_field
        PASS [   0.003s] ( 460/4413) fleet-ui theme::prefs::tests::parse_stored_malformed_json_returns_defaults_with_warning
        PASS [   0.003s] ( 461/4413) fleet-ui theme::prefs::tests::parse_stored_unknown_variant_preserves_other_fields
        PASS [   0.003s] ( 462/4413) fleet-ui theme::prefs::tests::parse_stored_unknown_variant_warns_and_keeps_default
        PASS [   0.003s] ( 463/4413) fleet-ui theme::prefs::tests::parse_stored_wrong_field_type_silently_keeps_default
        PASS [   0.003s] ( 464/4413) fleet-ui theme::prefs::tests::theme_round_trips
        PASS [   0.003s] ( 465/4413) fleet-ui theme::prefs::tests::rowstyle_round_trips
        PASS [   0.003s] ( 466/4413) fleet-ui time::tests::calendar_fallback_beyond_week
        PASS [   0.003s] ( 467/4413) fleet-ui time::tests::days_bucket
        PASS [   0.003s] ( 468/4413) fleet-ui time::tests::format_duration_contract
        PASS [   0.003s] ( 469/4413) fleet-ui time::tests::future_clock_skew_is_just_now
        PASS [   0.003s] ( 470/4413) fleet-ui time::tests::hours_bucket
        PASS [   0.003s] ( 471/4413) fleet-ui time::tests::just_now_under_minute
        PASS [   0.003s] ( 472/4413) fleet-ui time::tests::malformed_input_passthrough
        PASS [   0.003s] ( 473/4413) fleet-ui time::tests::parse_timestamp_duckdb_no_frac
        PASS [   0.003s] ( 474/4413) fleet-ui time::tests::minutes_bucket
        PASS [   0.003s] ( 475/4413) fleet-ui time::tests::parse_timestamp_duckdb_with_frac
        PASS [   0.003s] ( 476/4413) fleet-ui time::tests::parse_timestamp_garbage_returns_none
        PASS [   0.003s] ( 477/4413) fleet-ui time::tests::parse_timestamp_rfc3339
        PASS [   0.003s] ( 478/4413) fleet-ui time::tests::parse_timestamp_rfc3339_with_offset
        PASS [   0.003s] ( 479/4413) fleet-ui time::tests::time_until_exact_now_is_overdue
        PASS [   0.003s] ( 480/4413) fleet-ui time::tests::time_until_future
        PASS [   0.003s] ( 481/4413) fleet-ui time::tests::time_until_past_is_overdue
        PASS [   0.003s] ( 482/4413) fleet-ui toast::stack::tests::dismiss_removes_only_the_named_toast_and_ids_never_reuse
        PASS [   0.003s] ( 483/4413) fleet-ui toast::stack::tests::dismiss_unknown_id_is_a_noop
        PASS [   0.003s] ( 484/4413) fleet-ui toast::stack::tests::ids_are_monotonic_and_unique
        PASS [   0.003s] ( 485/4413) fleet-ui toast::stack::tests::success_then_error_are_both_live
        PASS [   0.003s] ( 486/4413) fleet-ui::atmosphere_palette_parity atmosphere_css_floor_is_var_only
        PASS [   0.003s] ( 487/4413) fleet-ui::atmosphere_palette_parity atmosphere_geometry_is_pinned
        PASS [   0.003s] ( 488/4413) fleet-ui::atmosphere_palette_parity dark_palette_carries_the_css_dark_accent
        PASS [   0.003s] ( 489/4413) fleet-ui::atmosphere_palette_parity light_palette_carries_the_css_light_accent
        PASS [   0.004s] ( 490/4413) fleet-ui::atmosphere_palette_parity html_selector_declares_no_background
        PASS [   0.003s] ( 491/4413) fleet-ui::atmosphere_vendor_contract atmosphere_vendor_contract_dispose_removes_the_parent_style_marker
        PASS [   0.003s] ( 492/4413) fleet-ui::atmosphere_vendor_contract banner_version_matches_the_package_json_pin
        PASS [   0.003s] ( 493/4413) fleet-ui::atmosphere_vendor_contract bundle_carries_the_apache_attribution_banner
        PASS [   0.003s] ( 494/4413) fleet-ui::atmosphere_vendor_contract bundle_exports_the_wrapper_api
        PASS [   0.003s] ( 495/4413) fleet-ui::atmosphere_vendor_contract bundle_is_a_self_contained_esm_module
        PASS [   0.003s] ( 496/4413) fleet-ui::atmosphere_vendor_contract interop_path_agrees_with_the_vendored_filename
        PASS [   0.003s] ( 497/4413) fleet-ui::atmosphere_vendor_contract the_snippet_binding_stays_behind_the_default_off_atmosphere_feature
        PASS [   0.003s] ( 498/4413) fleet-ui::atmosphere_vendor_contract palette_shader_is_a_catalog_key
        PASS [   0.003s] ( 499/4413) fleet-ui::component_class_contract actions_menu_emits_its_hooks_and_registers_with_the_overlay_stack
        PASS [   0.003s] ( 500/4413) fleet-ui::component_class_contract atmosphere_disposes_its_shader_mount_on_cleanup
        PASS [   0.003s] ( 501/4413) fleet-ui::component_class_contract atmosphere_emits_its_hook_and_is_hidden_from_the_accessibility_tree
        PASS [   0.003s] ( 502/4413) fleet-ui::component_class_contract badge_emits_the_bdg_class_and_not_the_rail_chip_class
        PASS [   0.004s] ( 503/4413) fleet-ui::component_class_contract command_palette_dialog_uses_trap_combobox_and_real_router_options
        PASS [   0.004s] ( 504/4413) fleet-ui::component_class_contract command_palette_class_hooks_have_viewport_and_control_styles
        PASS [   0.003s] ( 505/4413) fleet-ui::component_class_contract command_palette_trigger_is_a_live_native_button
        PASS [   0.004s] ( 506/4413) fleet-ui::component_class_contract command_palette_shell_gates_chords_and_retains_anchors_through_dispatch
        PASS [   0.003s] ( 507/4413) fleet-ui::component_class_contract confirm_reason_emits_field_and_reason_input
        PASS [   0.003s] ( 508/4413) fleet-ui::component_class_contract copy_button_reports_through_the_shared_toast_bus
        PASS [   0.003s] ( 509/4413) fleet-ui::component_class_contract drawer_and_tabs_meta_is_reactive
        PASS [   0.003s] ( 510/4413) fleet-ui::component_class_contract drawer_emits_the_sd_shell_hooks_its_css_styles
        PASS [   0.003s] ( 511/4413) fleet-ui::component_class_contract drawer_is_an_honest_non_modal_dialog
        PASS [   0.003s] ( 512/4413) fleet-ui::component_class_contract error_banner_emits_error_class_with_alert_role
        PASS [   0.003s] ( 513/4413) fleet-ui::component_class_contract kbd_emits_both_chip_treatments
        PASS [   0.003s] ( 514/4413) fleet-ui::component_class_contract icon_ships_the_slice_d_glyphs_and_the_crate_doc_is_honest
        PASS [   0.003s] ( 515/4413) fleet-ui::component_class_contract load_more_emits_its_hooks_and_the_canonical_busy_label
        PASS [   0.003s] ( 516/4413) fleet-ui::component_class_contract loaded_emits_the_tri_state_hint_hooks
        PASS [   0.003s] ( 517/4413) fleet-ui::component_class_contract markup_only_hides_prose_and_keeps_markup
        PASS [   0.003s] ( 518/4413) fleet-ui::component_class_contract modal_family_traps_focus_and_keeps_aria_modal
        PASS [   0.003s] ( 519/4413) fleet-ui::component_class_contract modal_shell_emits_the_hooks_its_css_styles
        PASS [   0.004s] ( 520/4413) fleet-ui::component_class_contract modal_close_toast_dismiss_and_bare_copy_are_native_buttons
        PASS [   0.003s] ( 521/4413) fleet-ui::component_class_contract pager_emits_the_results_footer_family
        PASS [   0.003s] ( 522/4413) fleet-ui::component_class_contract range_scrim_is_exactly_one_mousedown_dismisser
        PASS [   0.003s] ( 523/4413) fleet-ui::component_class_contract range_scrim_scan_counts_paired_tags_and_duplicate_dismissers
        PASS [   0.004s] ( 524/4413) fleet-ui::component_class_contract range_control_owns_its_markup_and_styles
        PASS [   0.003s] ( 525/4413) fleet-ui::component_class_contract search_input_emits_the_inp_wrap_hook
        PASS [   0.003s] ( 526/4413) fleet-ui::component_class_contract segmented_emits_one_strip_family_with_a_single_active_treatment
        PASS [   0.003s] ( 527/4413) fleet-ui::component_class_contract sparkline_emits_the_spark_class
        PASS [   0.003s] ( 528/4413) fleet-ui::component_class_contract status_dot_emits_the_status_dot_class
        PASS [   0.003s] ( 529/4413) fleet-ui::component_class_contract tabs_emits_both_strip_families_with_distinct_active_idioms
        PASS [   0.003s] ( 530/4413) fleet-ui::component_class_contract tabs_render_a_named_tablist
        PASS [   0.003s] ( 531/4413) fleet-ui::component_class_contract the_menu_contract_is_shared_and_walks_by_index
        PASS [   0.003s] ( 532/4413) fleet-ui::component_class_contract toggle_emits_the_switch_hooks
        PASS [   0.003s] ( 533/4413) fleet-ui::component_class_contract topbar_menu_is_native_and_registers_with_the_stack
        PASS [   0.003s] ( 534/4413) fleet-ui::component_class_contract when_renders_both_modes_off_the_shared_clock
        PASS [   0.003s] ( 535/4413) fleet-ui::css_chrome_parity btn_size_classes_shipped_with_crate
        PASS [   0.003s] ( 536/4413) fleet-ui::css_chrome_parity chrome_keyframes_present
        PASS [   0.003s] ( 537/4413) fleet-ui::css_chrome_parity control_fills_route_through_the_per_theme_token
        PASS [   0.003s] ( 538/4413) fleet-ui::css_chrome_parity dark_outline_hover_is_a_backdrop_independent_lift
        PASS [   0.003s] ( 539/4413) fleet-ui::css_chrome_parity login_error_spacing_preserved
        PASS [   0.003s] ( 540/4413) fleet-ui::css_chrome_parity drawer_shell_classes_shipped_with_crate
        PASS [   0.003s] ( 541/4413) fleet-ui::css_chrome_parity login_shell_declares_no_background
        PASS [   0.003s] ( 542/4413) fleet-ui::css_chrome_parity mira_blue_button_recipes_pinned
        PASS [   0.003s] ( 543/4413) fleet-ui::css_chrome_parity mira_blue_tokens_declared
        PASS [   0.003s] ( 544/4413) fleet-ui::css_chrome_parity modal_family_classes_shipped_with_crate
        PASS [   0.003s] ( 545/4413) fleet-ui::css_chrome_parity mode_tabs_suppress_anchor_underline
        PASS [   0.003s] ( 546/4413) fleet-ui::css_chrome_parity rail_items_suppress_anchor_underline
        PASS [   0.003s] ( 547/4413) fleet-ui::css_chrome_parity native_control_rules_carry_the_button_reset
        PASS [   0.004s] ( 548/4413) fleet-ui::css_chrome_parity moved_chrome_is_byte_identical_to_premigration
        PASS [   0.003s] ( 549/4413) fleet-ui::css_chrome_parity shell_grid_has_auto_footer_row
        PASS [   0.003s] ( 550/4413) fleet-ui::css_chrome_parity tab_strip_families_stay_distinct
        PASS [   0.003s] ( 551/4413) fleet-ui::css_chrome_parity the_focus_ring_reaches_anchors
        PASS [   0.003s] ( 552/4413) fleet-ui::css_chrome_parity the_tablist_is_a_flex_row_inside_each_strip
        PASS [   0.003s] ( 553/4413) fleet-ui::font_assets_contract both_trunk_distributions_copy_the_fleet_owned_font_directory
        PASS [   0.003s] ( 554/4413) fleet-ui::font_assets_contract runtime_surfaces_have_no_google_font_dependency_or_allowance
        PASS [   0.004s] ( 555/4413) fleet-ui::css_range_parity moved_range_rules_keep_their_exact_declarations
        PASS [   0.003s] ( 556/4413) fleet-ui::toast_kind_native toast_kind_css_class_mapping
        PASS [   0.003s] ( 557/4413) fleet-ui::font_assets_contract stylesheet_declares_the_two_local_variable_faces
        PASS [   0.003s] ( 558/4413) fleet-ui::toast_kind_native toast_kind_is_native_and_copy
        PASS [   0.006s] ( 559/4413) fleet-ui::font_assets_contract committed_assets_carry_source_checksum_and_ofl_evidence
        PASS [   0.003s] ( 560/4413) trawl-admin::bin/trawl-admin tests::db_flag_is_gone
        PASS [   0.003s] ( 561/4413) trawl-admin::bin/trawl-admin tests::cli_parses
        PASS [   0.003s] ( 562/4413) trawl-admin::bin/trawl-admin tests::keys_subcommand_is_gone
        PASS [   0.003s] ( 563/4413) trawl-admin::bin/trawl-admin tests::tls_generate_still_parses
        PASS [   0.003s] ( 564/4413) trawl-api display::tests::downsample_empty_or_zero_target
        PASS [   0.003s] ( 565/4413) trawl-api display::tests::downsample_noop_when_within_target
        PASS [   0.003s] ( 566/4413) trawl-api display::tests::downsample_preserves_peaks
        PASS [   0.003s] ( 567/4413) trawl-api display::tests::extract_series_caps_to_top_6
        PASS [   0.003s] ( 568/4413) trawl-api display::tests::extract_series_multi_agg_capped
        PASS [   0.003s] ( 569/4413) trawl-api display::tests::extract_series_group_by_still_works
        PASS [   0.003s] ( 570/4413) trawl-api display::tests::extract_series_multi_agg
        PASS [   0.003s] ( 571/4413) trawl-api display::tests::extract_series_multi_agg_three_cols
        PASS [   0.003s] ( 572/4413) trawl-api display::tests::extract_series_multi_series
        PASS [   0.003s] ( 573/4413) trawl-api display::tests::extract_series_single_series
        PASS [   0.003s] ( 574/4413) trawl-api display::tests::is_timechart_result_detects_time_column
        PASS [   0.003s] ( 575/4413) trawl-api display::tests::value_to_string_renders_all_variants
        PASS [   0.003s] ( 576/4413) trawl-api tests::a_healthy_field_serialises_without_the_new_keys
        PASS [   0.003s] ( 577/4413) trawl-api tests::an_unacknowledged_field_carries_no_ack_key
        PASS [   0.003s] ( 578/4413) trawl-api tests::catalog_conflicts_response_roundtrip
        PASS [   0.003s] ( 579/4413) trawl-api tests::catalog_field_response_roundtrip
        PASS [   0.003s] ( 580/4413) trawl-api tests::catalog_fields_response_roundtrip
        PASS [   0.003s] ( 581/4413) trawl-api tests::dashboard_snapshot_roundtrip
        PASS [   0.003s] ( 582/4413) trawl-api tests::error_code_serializes_snake_case
        PASS [   0.003s] ( 583/4413) trawl-api tests::error_envelope_simple_omits_empty_details
        PASS [   0.003s] ( 584/4413) trawl-api tests::error_envelope_with_details_roundtrip
        PASS [   0.003s] ( 585/4413) trawl-api tests::error_response_roundtrip
        PASS [   0.003s] ( 586/4413) trawl-api tests::export_format_display
        PASS [   0.003s] ( 587/4413) trawl-api tests::export_format_roundtrip
        PASS [   0.003s] ( 588/4413) trawl-api tests::health_response_format
        PASS [   0.003s] ( 589/4413) trawl-api tests::health_response_with_checks_roundtrip
        PASS [   0.003s] ( 590/4413) trawl-api tests::health_response_without_checks_deserializes
        PASS [   0.003s] ( 591/4413) trawl-api tests::health_status_roundtrip
        PASS [   0.003s] ( 592/4413) trawl-api tests::history_entry_uses_query_status
        PASS [   0.003s] ( 593/4413) trawl-api tests::ingest_response_no_errors_omits_fields
        PASS [   0.003s] ( 594/4413) trawl-api tests::health_status_variants_roundtrip
        PASS [   0.003s] ( 595/4413) trawl-api tests::ingest_response_with_errors_roundtrip
        PASS [   0.003s] ( 596/4413) trawl-api tests::principal_kind_wire_format_is_lowercase
        PASS [   0.003s] ( 597/4413) trawl-api tests::query_request_defaults
        PASS [   0.003s] ( 598/4413) trawl-api tests::query_request_roundtrip
        PASS [   0.003s] ( 599/4413) trawl-api tests::query_status_roundtrip
        PASS [   0.003s] ( 600/4413) trawl-api tests::query_status_serializes_lowercase
        PASS [   0.003s] ( 601/4413) trawl-api tests::repin_ceilings_are_absent_unless_the_request_states_them
        PASS [   0.003s] ( 602/4413) trawl-api tests::repin_job_reports_requested_and_accepted_ceilings
        PASS [   0.003s] ( 603/4413) trawl-api tests::retained_counts_are_required_and_roundtrip
        PASS [   0.003s] ( 604/4413) trawl-api tests::service_schema_response_empty_omits_optional
        PASS [   0.003s] ( 605/4413) trawl-api tests::service_schema_degraded_fields_defaults_and_omits
        PASS [   0.003s] ( 606/4413) trawl-api tests::service_schema_response_roundtrip
        PASS [   0.003s] ( 607/4413) trawl-api tests::service_schema_wire_keys_are_pinned
        PASS [   0.003s] ( 608/4413) trawl-api tests::successful_ingest_omits_zero_rejections
        PASS [   0.003s] ( 609/4413) trawl-api tests::whoami_multi_role_roundtrip
        PASS [   0.003s] ( 610/4413) trawl-api tests::whoami_roundtrip
        PASS [   0.003s] ( 611/4413) trawl-api value::tests::field_display_rank_orders_envelope_custom_trailing
        PASS [   0.003s] ( 612/4413) trawl-api value::tests::reorder_columns_empty_result
        PASS [   0.003s] ( 613/4413) trawl-api value::tests::reorder_columns_moves_well_known_first
        PASS [   0.003s] ( 614/4413) trawl-api value::tests::reorder_columns_noop_when_already_ordered
        PASS [   0.003s] ( 615/4413) trawl-api value::tests::reorder_columns_skips_missing_fields
        PASS [   0.003s] ( 616/4413) trawl-api value::tests::reorder_log_columns_demotes_trailing
        PASS [   0.009s] ( 617/4413) trawl-cli cli::tests::a_declared_severity_column_displays_its_token_in_the_table_only
        PASS [   0.009s] ( 618/4413) trawl-cli cli::tests::csv_at_sign_prefixed
        PASS [   0.010s] ( 619/4413) trawl-cli arg_tests::the_command_tree_is_well_formed
        PASS [   0.011s] ( 620/4413) trawl-cli arg_tests::repin_ceiling_flags_parse
        PASS [   0.009s] ( 621/4413) trawl-cli cli::tests::csv_formula_string_prefixed
        PASS [   0.013s] ( 622/4413) trawl-cli arg_tests::ack_note_and_clear_are_mutually_exclusive
        PASS [   0.008s] ( 623/4413) trawl-cli cli::tests::csv_negative_float_not_prefixed
        PASS [   0.008s] ( 624/4413) trawl-cli cli::tests::csv_negative_number_not_prefixed
        PASS [   0.008s] ( 625/4413) trawl-cli cli::tests::csv_null_empty
        PASS [   0.007s] ( 626/4413) trawl-cli cli::tests::csv_pipe_prefixed
        PASS [   0.008s] ( 627/4413) trawl-cli cli::tests::csv_string_with_comma
        PASS [   0.008s] ( 628/4413) trawl-cli cli::tests::csv_string_with_quotes
        PASS [   0.007s] ( 629/4413) trawl-cli cli::tests::csv_tab_prefixed
        PASS [   0.008s] ( 630/4413) trawl-cli cli::tests::parquet_format_without_output_flag_errors
        PASS [   0.008s] ( 631/4413) trawl-cli cli::tests::the_daemon_note_reaches_the_terminal_and_never_the_deliverable
        PASS [   0.008s] ( 632/4413) trawl-cli cli::tests::the_degraded_footer_is_table_only
        PASS [   0.009s] ( 633/4413) trawl-cli cli::tests::the_embedded_lane_declares_sev_columns_without_a_catalog
        PASS [   0.007s] ( 634/4413) trawl-cli config::tests::apply_overrides_updates_config
        PASS [   0.009s] ( 635/4413) trawl-cli cli::tests::the_severity_column_displays_its_token_in_the_table_only
        PASS [   0.008s] ( 636/4413) trawl-cli config::tests::config_token_is_trimmed
        PASS [   0.008s] ( 637/4413) trawl-cli config::tests::default_config_has_expected_values
        PASS [   0.008s] ( 638/4413) trawl-cli config::tests::config_token_used_when_no_direct_token
        PASS [   0.008s] ( 639/4413) trawl-cli config::tests::direct_token_overrides_config_token
        PASS [   0.008s] ( 640/4413) trawl-cli config::tests::minimal_toml_deserializes_with_defaults
        PASS [   0.008s] ( 641/4413) trawl-cli config::tests::no_token_returns_error
        PASS [   0.008s] ( 642/4413) trawl-cli config::tests::partial_overrides_preserve_defaults
        PASS [   0.008s] ( 643/4413) trawl-cli config::tests::partial_profile_preserves_base
        PASS [   0.008s] ( 644/4413) trawl-cli config::tests::profile_insecure_override
        PASS [   0.008s] ( 645/4413) trawl-cli config::tests::profile_overlays_server_config
        PASS [   0.008s] ( 646/4413) trawl-cli config::tests::profile_token_overrides_base_token
        PASS [   0.041s] ( 647/4413) trawl-cli cli::tests::embedded_data_glob_still_selects_local_parquet_files
        PASS [   0.008s] ( 648/4413) trawl-cli config::tests::profiles_toml_round_trips
        PASS [   0.008s] ( 649/4413) trawl-cli config::tests::toml_serialization_round_trips
        PASS [   0.044s] ( 650/4413) trawl-cli cli::tests::embedded_parquet_export_without_limit_roundtrips
        PASS [   0.008s] ( 651/4413) trawl-cli config::tests::unknown_profile_returns_error
        PASS [   0.008s] ( 652/4413) trawl-cli config::tests::unknown_profile_with_no_profiles
        PASS [   0.008s] ( 653/4413) trawl-cli schema::ack_tests::a_hostile_note_is_sanitised_before_it_reaches_the_terminal
        PASS [   0.008s] ( 654/4413) trawl-cli schema::ack_tests::the_table_field_cell_sanitises_and_the_machine_cell_does_not
        PASS [   0.009s] ( 655/4413) trawl-cli schema::ack_tests::the_ack_renders_as_one_record_in_every_format
        PASS [   0.008s] ( 656/4413) trawl-cli schema::gc_tests::an_executed_run_reports_the_servers_deleted_count
        PASS [   0.008s] ( 657/4413) trawl-cli schema::gc_tests::candidate_rows_carry_every_column
        PASS [   0.008s] ( 658/4413) trawl-cli schema::gc_tests::csv_output_is_one_rectangle
        PASS [   0.007s] ( 659/4413) trawl-cli schema::gc_tests::human_secs_uses_whole_units_only
        PASS [   0.008s] ( 660/4413) trawl-cli schema::gc_tests::older_than_takes_the_last_window_grammar
        PASS [   0.008s] ( 661/4413) trawl-cli schema::gc_tests::json_output_is_one_record_per_candidate
        PASS [   0.008s] ( 662/4413) trawl-cli schema::gc_tests::table_output_carries_the_window_provenance_and_the_count
        PASS [   0.007s] ( 663/4413) trawl-cli schema::gc_tests::the_floor_line_says_whether_it_applied
        PASS [   0.008s] ( 664/4413) trawl-cli schema::repin_tests::a_cancelled_job_row_names_the_asker
        PASS [   0.008s] ( 665/4413) trawl-cli schema::repin_tests::a_cancel_receipt_renders_its_verdict_in_every_format
        PASS [   0.008s] ( 666/4413) trawl-cli schema::repin_tests::a_forced_refusal_is_labelled_by_its_ceilings_not_by_the_flag
        PASS [   0.007s] ( 667/4413) trawl-cli schema::repin_tests::a_forced_run_binds_stated_ceilings_and_previews_for_the_rest
        PASS [   0.008s] ( 668/4413) trawl-cli schema::repin_tests::a_refusal_names_the_remedy_the_operator_has_not_tried
        PASS [   0.007s] ( 669/4413) trawl-cli schema::repin_tests::a_successor_job_on_the_status_surface_is_not_an_answer
        PASS [   0.008s] ( 670/4413) trawl-cli schema::repin_tests::dialect_applies_to_a_severity_target_only
        PASS [   0.008s] ( 671/4413) trawl-cli schema::repin_tests::non_tty_execute_without_yes_refuses
        PASS [   0.008s] ( 672/4413) trawl-cli schema::repin_tests::only_a_finished_repin_exits_zero
        PASS [   0.008s] ( 673/4413) trawl-cli schema::repin_tests::repin_job_renders_in_table_json_and_csv
        PASS [   0.008s] ( 674/4413) trawl-cli schema::repin_tests::the_case_file_and_the_row_report_the_accepted_ceilings
        PASS [   0.008s] ( 675/4413) trawl-cli schema::repin_tests::the_dry_run_transcript_shows_the_plan_the_evidence_and_the_verdict
        PASS [   0.007s] ( 676/4413) trawl-cli schema::repin_tests::the_header_verdict_follows_the_terminal_row
        PASS [   0.007s] ( 677/4413) trawl-cli schema::repin_tests::the_preview_restates_both_accepted_ceilings_or_neither
        PASS [   0.008s] ( 678/4413) trawl-cli schema::repin_tests::the_repin_case_file_states_the_evidence_and_the_discontinuity
        PASS [   0.008s] ( 679/4413) trawl-cli schema::repin_tests::the_repin_row_carries_the_evidence_in_every_machine_format
        PASS [   0.007s] ( 680/4413) trawl-cli schema::tests::a_flag_shaped_field_name_gets_no_command
        PASS [   0.008s] ( 681/4413) trawl-cli schema::tests::a_name_that_cannot_be_printed_gets_no_command
        PASS [   0.008s] ( 682/4413) trawl-cli schema::tests::a_window_error_names_the_option_that_failed
        PASS [   0.008s] ( 683/4413) trawl-cli schema::tests::conflicts_converter_orders_columns
        PASS [   0.007s] ( 684/4413) trawl-cli schema::tests::field_detail_converters_split_services_and_conflicts
        PASS [   0.008s] ( 685/4413) trawl-cli schema::tests::fields_converter_maps_every_aggregate
        PASS [   0.008s] ( 686/4413) trawl-cli schema::tests::parse_last_understands_dsl_units
        PASS [   0.008s] ( 687/4413) trawl-cli schema::tests::fields_to_rows_carries_the_degraded_flag
        PASS [   0.008s] ( 688/4413) trawl-cli schema::tests::seeded_responses_render_populated_output
        PASS [   0.007s] ( 689/4413) trawl-cli schema::tests::shell_quoting_leaves_ordinary_names_bare
        PASS [   0.007s] ( 690/4413) trawl-cli schema::tests::the_case_file_renders_facts_samples_and_the_remedy
        PASS [   0.007s] ( 691/4413) trawl-cli tui::autocomplete::tests::byte_offset_at_line_end
        PASS [   0.008s] ( 692/4413) trawl-cli schema::tests::the_remedy_line_quotes_a_hostile_field_name
        PASS [   0.008s] ( 693/4413) trawl-cli tui::autocomplete::tests::a_data_backtick_does_not_capture_the_rest_of_the_line
        PASS [   0.008s] ( 694/4413) trawl-cli tui::autocomplete::tests::byte_offset_multiline
        PASS [   0.008s] ( 695/4413) trawl-cli tui::autocomplete::tests::byte_offset_single_line
        PASS [   0.028s] ( 696/4413) trawl-cli schema::tests::describe_data_lists_local_parquet_columns
        PASS [   0.008s] ( 697/4413) trawl-cli tui::autocomplete::tests::closed_string_not_inside
        PASS [   0.008s] ( 698/4413) trawl-cli tui::autocomplete::tests::complete_agg_function_avg
        PASS [   0.008s] ( 699/4413) trawl-cli tui::autocomplete::tests::complete_agg_function
        PASS [   0.008s] ( 700/4413) trawl-cli tui::autocomplete::tests::complete_exact_field_no_ghost_with_longer_variant
        PASS [   0.008s] ( 701/4413) trawl-cli tui::autocomplete::tests::complete_exact_match_no_ghost
        PASS [   0.008s] ( 702/4413) trawl-cli tui::autocomplete::tests::complete_field_after_by
        PASS [   0.008s] ( 703/4413) trawl-cli tui::autocomplete::tests::complete_field_hostname
        PASS [   0.007s] ( 704/4413) trawl-cli tui::autocomplete::tests::complete_free_text_before_pipe
        PASS [   0.008s] ( 705/4413) trawl-cli tui::autocomplete::tests::complete_field_needing_backticks_inserts_quoted
        PASS [   0.008s] ( 706/4413) trawl-cli tui::autocomplete::tests::complete_inside_string
        PASS [   0.008s] ( 707/4413) trawl-cli tui::autocomplete::tests::complete_mid_word_suppressed
        PASS [   0.008s] ( 708/4413) trawl-cli tui::autocomplete::tests::complete_now_zero_arg
        PASS [   0.008s] ( 709/4413) trawl-cli tui::autocomplete::tests::complete_pipe_stage
        PASS [   0.007s] ( 710/4413) trawl-cli tui::autocomplete::tests::complete_scalar_function_in_let
        PASS [   0.009s] ( 711/4413) trawl-cli tui::autocomplete::tests::complete_no_match
        PASS [   0.008s] ( 712/4413) trawl-cli tui::autocomplete::tests::complete_sort_field
        PASS [   0.008s] ( 713/4413) trawl-cli tui::autocomplete::tests::complete_where_stage
        PASS [   0.007s] ( 714/4413) trawl-cli tui::autocomplete::tests::completing_an_open_quoted_name_replaces_its_opening_tick
        PASS [   0.007s] ( 715/4413) trawl-cli tui::autocomplete::tests::context_after_pipe
        PASS [   0.008s] ( 716/4413) trawl-cli tui::autocomplete::tests::completion_lengths_are_characters_not_utf8_bytes
        PASS [   0.008s] ( 717/4413) trawl-cli tui::autocomplete::tests::context_after_pipe_with_space
        PASS [   0.007s] ( 718/4413) trawl-cli tui::autocomplete::tests::context_bare_search_text_is_none
        PASS [   0.007s] ( 719/4413) trawl-cli tui::autocomplete::tests::context_empty_prefix_is_none
        PASS [   0.007s] ( 720/4413) trawl-cli tui::autocomplete::tests::context_function_arg_field
        PASS [   0.008s] ( 721/4413) trawl-cli tui::autocomplete::tests::context_eventstats_agg
        PASS [   0.008s] ( 722/4413) trawl-cli tui::autocomplete::tests::context_inside_string_is_none
        PASS [   0.008s] ( 723/4413) trawl-cli tui::autocomplete::tests::context_let_function
        PASS [   0.008s] ( 724/4413) trawl-cli tui::autocomplete::tests::context_sort_field
        PASS [   0.007s] ( 725/4413) trawl-cli tui::autocomplete::tests::context_stats_by_field
        PASS [   0.007s] ( 726/4413) trawl-cli tui::autocomplete::tests::context_table_field
        PASS [   0.008s] ( 727/4413) trawl-cli tui::autocomplete::tests::context_stats_function
        PASS [   0.007s] ( 728/4413) trawl-cli tui::autocomplete::tests::context_timechart_agg
        PASS [   0.008s] ( 729/4413) trawl-cli tui::autocomplete::tests::context_where_field
        PASS [   0.007s] ( 730/4413) trawl-cli tui::autocomplete::tests::inside_double_quote
        PASS [   0.008s] ( 731/4413) trawl-cli tui::autocomplete::tests::inside_regex
        PASS [   0.007s] ( 732/4413) trawl-cli tui::autocomplete::tests::not_inside_string
        PASS [   0.007s] ( 733/4413) trawl-cli tui::autocomplete::tests::past_by_false
        PASS [   0.008s] ( 734/4413) trawl-cli tui::autocomplete::tests::past_by_true
        PASS [   0.008s] ( 735/4413) trawl-cli tui::autocomplete::tests::prefix_after_space
        PASS [   0.007s] ( 736/4413) trawl-cli tui::autocomplete::tests::prefix_empty_at_space
        PASS [   0.008s] ( 737/4413) trawl-cli tui::autocomplete::tests::prefix_match_case_insensitive
        PASS [   0.007s] ( 738/4413) trawl-cli tui::autocomplete::tests::prefix_match_exact_suppresses_longer_variant
        PASS [   0.008s] ( 739/4413) trawl-cli tui::autocomplete::tests::prefix_match_exact_returns_none
        PASS [   0.007s] ( 740/4413) trawl-cli tui::autocomplete::tests::prefix_match_finds_first
        PASS [   0.008s] ( 741/4413) trawl-cli tui::autocomplete::tests::prefix_simple_word
        PASS [   0.008s] ( 742/4413) trawl-cli tui::autocomplete::tests::prefix_underscore
        PASS [   0.008s] ( 743/4413) trawl-cli tui::autocomplete::tests::stage_none_before_pipe
        PASS [   0.008s] ( 744/4413) trawl-cli tui::autocomplete::tests::stage_stats
        PASS [   0.008s] ( 745/4413) trawl-cli tui::autocomplete::tests::stage_sort_after_stats
        PASS [   0.007s] ( 746/4413) trawl-cli tui::autocomplete::tests::unrepresentable_catalog_names_are_not_suggested
        PASS [   0.007s] ( 747/4413) trawl-cli tui::driver::tests::deserialize_capture
        PASS [   0.008s] ( 748/4413) trawl-cli tui::driver::tests::deserialize_execute_custom_timeout
        PASS [   0.008s] ( 749/4413) trawl-cli tui::driver::tests::deserialize_execute_default_timeout
        PASS [   0.007s] ( 750/4413) trawl-cli tui::driver::tests::deserialize_get_results
        PASS [   0.008s] ( 751/4413) trawl-cli tui::driver::tests::deserialize_get_results_no_tab
        PASS [   0.007s] ( 752/4413) trawl-cli tui::driver::tests::deserialize_key
        PASS [   0.008s] ( 753/4413) trawl-cli tui::driver::tests::deserialize_keys
        PASS [   0.007s] ( 754/4413) trawl-cli tui::driver::tests::deserialize_quit
        PASS [   0.008s] ( 755/4413) trawl-cli tui::driver::tests::deserialize_set_query
        PASS [   0.008s] ( 756/4413) trawl-cli tui::driver::tests::deserialize_status
        PASS [   0.007s] ( 757/4413) trawl-cli tui::driver::tests::deserialize_unknown_cmd_is_error
        PASS [   0.007s] ( 758/4413) trawl-cli tui::driver::tests::parse_alt_modifier
        PASS [   0.007s] ( 759/4413) trawl-cli tui::driver::tests::parse_arrow_keys
        PASS [   0.007s] ( 760/4413) trawl-cli tui::driver::tests::parse_backspace_delete
        PASS [   0.008s] ( 761/4413) trawl-cli tui::driver::tests::parse_backtab
        PASS [   0.007s] ( 762/4413) trawl-cli tui::driver::tests::parse_ctrl_enter
        PASS [   0.008s] ( 763/4413) trawl-cli tui::driver::tests::parse_case_insensitive
        PASS [   0.007s] ( 764/4413) trawl-cli tui::driver::tests::parse_ctrl_modifier
        PASS [   0.007s] ( 765/4413) trawl-cli tui::driver::tests::parse_empty_is_error
        PASS [   0.008s] ( 766/4413) trawl-cli tui::driver::tests::parse_enter
        PASS [   0.008s] ( 767/4413) trawl-cli tui::driver::tests::parse_escape
        PASS [   0.007s] ( 768/4413) trawl-cli tui::driver::tests::parse_home_end
        PASS [   0.008s] ( 769/4413) trawl-cli tui::driver::tests::parse_function_keys
        PASS [   0.008s] ( 770/4413) trawl-cli tui::driver::tests::parse_f5
        PASS [   0.007s] ( 771/4413) trawl-cli tui::driver::tests::parse_meta_alias
        PASS [   0.008s] ( 772/4413) trawl-cli tui::driver::tests::parse_multiple_modifiers
        PASS [   0.007s] ( 773/4413) trawl-cli tui::driver::tests::parse_option_alias
        PASS [   0.007s] ( 774/4413) trawl-cli tui::driver::tests::parse_simple_char
        PASS [   0.008s] ( 775/4413) trawl-cli tui::driver::tests::parse_shift_tab
        PASS [   0.008s] ( 776/4413) trawl-cli tui::driver::tests::parse_page_keys
        PASS [   0.008s] ( 777/4413) trawl-cli tui::driver::tests::parse_space
        PASS [   0.008s] ( 778/4413) trawl-cli tui::driver::tests::parse_unknown_key_is_error
        PASS [   0.008s] ( 779/4413) trawl-cli tui::driver::tests::parse_unknown_modifier_is_error
        PASS [   0.008s] ( 780/4413) trawl-cli tui::driver::tests::serialize_error_response
        PASS [   0.008s] ( 781/4413) trawl-cli tui::driver::tests::serialize_ok_response
        PASS [   0.008s] ( 782/4413) trawl-cli tui::driver::tests::parse_uppercase_char
        PASS [   0.008s] ( 783/4413) trawl-cli tui::driver::tests::serialize_ok_with_data_skips_none
        PASS [   0.008s] ( 784/4413) trawl-cli tui::highlight::tests::a_hash_colours_as_a_comment_only_at_a_layout_boundary
        PASS [   0.008s] ( 785/4413) trawl-cli tui::highlight::tests::slashes_are_not_a_comment
        PASS [   0.008s] ( 786/4413) trawl-cli tui::palette::tests::action_items_always_present
        PASS [   0.008s] ( 787/4413) trawl-cli tui::live::tests::no_table_stage_or_unparseable_query_yields_no_order
        PASS [   0.008s] ( 788/4413) trawl-cli tui::live::tests::table_field_order_follows_the_user
        PASS [   0.010s] ( 789/4413) trawl-cli tui::live::tests::table_field_names_are_verbatim_and_distinct
        PASS [   0.008s] ( 790/4413) trawl-cli tui::palette::tests::admin_gets_dashboard_tab
        PASS [   0.008s] ( 791/4413) trawl-cli tui::palette::tests::detail_match_finds_saved_query_by_body
        PASS [   0.008s] ( 792/4413) trawl-cli tui::palette::tests::fuzzy_filter_matches_label
        PASS [   0.008s] ( 793/4413) trawl-cli tui::palette::tests::empty_filter_returns_all
        PASS [   0.008s] ( 794/4413) trawl-cli tui::palette::tests::fuzzy_filter_no_match
        PASS [   0.008s] ( 795/4413) trawl-cli tui::palette::tests::ghost_text_completes_column_name
        PASS [   0.008s] ( 796/4413) trawl-cli tui::palette::tests::ghost_text_completes_service_name
        PASS [   0.008s] ( 797/4413) trawl-cli tui::palette::tests::ghost_text_empty_input_returns_none
        PASS [   0.008s] ( 798/4413) trawl-cli tui::palette::tests::history_dedup
        PASS [   0.009s] ( 799/4413) trawl-cli tui::palette::tests::ghost_text_no_match_returns_none
        PASS [   0.010s] ( 800/4413) trawl-cli tui::palette::tests::ghost_text_exact_match_returns_none
        PASS [   0.008s] ( 801/4413) trawl-cli tui::palette::tests::service_drill_actions_are_valid_dsl_or_absent
        PASS [   0.008s] ( 802/4413) trawl-cli tui::palette::tests::service_drill_builds_column_items
        PASS [   0.008s] ( 803/4413) trawl-cli tui::palette::tests::service_drill_unknown_service_returns_empty
        PASS [   0.008s] ( 804/4413) trawl-cli tui::palette::tests::services_appear_in_palette
        PASS [   0.008s] ( 805/4413) trawl-cli tui::state::tests::common_fields_empty_services
        PASS [   0.008s] ( 806/4413) trawl-cli tui::state::tests::common_fields_threshold_promotes_frequent_fields
        PASS [   0.008s] ( 807/4413) trawl-cli tui::state::tests::common_fields_well_known_always_included
        PASS [   0.008s] ( 808/4413) trawl-cli tui::state::tests::common_fields_well_known_order_preserved
        PASS [   0.008s] ( 809/4413) trawl-cli tui::state::tests::editor_backspace_at_origin_is_noop
        PASS [   0.008s] ( 810/4413) trawl-cli tui::state::tests::editor_backspace_joins_lines
        PASS [   0.008s] ( 811/4413) trawl-cli tui::state::tests::editor_backspace_multibyte
        PASS [   0.008s] ( 812/4413) trawl-cli tui::state::tests::editor_clear_pushes_undo
        PASS [   0.008s] ( 813/4413) trawl-cli tui::state::tests::editor_clear
        PASS [   0.008s] ( 814/4413) trawl-cli tui::state::tests::editor_clear_selection
        PASS [   0.008s] ( 815/4413) trawl-cli tui::state::tests::editor_delete_at_end_is_noop
        PASS [   0.008s] ( 816/4413) trawl-cli tui::state::tests::editor_delete_at_multibyte
        PASS [   0.008s] ( 817/4413) trawl-cli tui::state::tests::editor_delete_joins_lines
        PASS [   0.008s] ( 818/4413) trawl-cli tui::state::tests::editor_delete_selection_multibyte
        PASS [   0.008s] ( 819/4413) trawl-cli tui::state::tests::editor_delete_selection_single_line
        PASS [   0.008s] ( 820/4413) trawl-cli tui::state::tests::editor_delete_selection_multiline
        PASS [   0.008s] ( 821/4413) trawl-cli tui::state::tests::editor_delete_to_line_end
        PASS [   0.008s] ( 822/4413) trawl-cli tui::state::tests::editor_delete_to_line_start
        PASS [   0.008s] ( 823/4413) trawl-cli tui::state::tests::editor_delete_word_after_at_end
        PASS [   0.008s] ( 824/4413) trawl-cli tui::state::tests::editor_delete_word_after
        PASS [   0.007s] ( 825/4413) trawl-cli tui::state::tests::editor_delete_word_before
        PASS [   0.007s] ( 826/4413) trawl-cli tui::state::tests::editor_delete_word_before_at_start
        PASS [   0.007s] ( 827/4413) trawl-cli tui::state::tests::editor_home_end
        PASS [   0.008s] ( 828/4413) trawl-cli tui::state::tests::editor_insert_after_multibyte
        PASS [   0.007s] ( 829/4413) trawl-cli tui::state::tests::editor_insert_char_replaces_selection
        PASS [   0.008s] ( 830/4413) trawl-cli tui::state::tests::editor_insert_chars
        PASS [   0.008s] ( 831/4413) trawl-cli tui::state::tests::editor_insert_multibyte_char
        PASS [   0.007s] ( 832/4413) trawl-cli tui::state::tests::editor_insert_newline_splits_line
        PASS [   0.008s] ( 833/4413) trawl-cli tui::state::tests::editor_insert_text_at_cursor
        PASS [   0.008s] ( 834/4413) trawl-cli tui::state::tests::editor_insert_text_multiline
        PASS [   0.008s] ( 835/4413) trawl-cli tui::state::tests::editor_insert_text_single_line
        PASS [   0.008s] ( 836/4413) trawl-cli tui::state::tests::editor_insert_text_strips_cr
        PASS [   0.008s] ( 837/4413) trawl-cli tui::state::tests::editor_kill_line_multibyte
        PASS [   0.008s] ( 838/4413) trawl-cli tui::state::tests::editor_move_across_multibyte
        PASS [   0.008s] ( 839/4413) trawl-cli tui::state::tests::editor_move_down_clamps_col
        PASS [   0.008s] ( 840/4413) trawl-cli tui::state::tests::editor_move_left_at_origin_is_noop
        PASS [   0.007s] ( 841/4413) trawl-cli tui::state::tests::editor_move_left_wraps_to_prev_line
        PASS [   0.007s] ( 842/4413) trawl-cli tui::state::tests::editor_move_right_at_end_is_noop
        PASS [   0.008s] ( 843/4413) trawl-cli tui::state::tests::editor_move_right_wraps_to_next_line
        PASS [   0.008s] ( 844/4413) trawl-cli tui::state::tests::editor_move_up_clamps_col
        PASS [   0.008s] ( 845/4413) trawl-cli tui::state::tests::editor_move_word_left
        PASS [   0.008s] ( 846/4413) trawl-cli tui::state::tests::editor_move_word_right
        PASS [   0.008s] ( 847/4413) trawl-cli tui::state::tests::editor_new_is_empty
        PASS [   0.008s] ( 848/4413) trawl-cli tui::state::tests::editor_newline_split_multibyte
        PASS [   0.007s] ( 849/4413) trawl-cli tui::state::tests::editor_redo_after_undo
        PASS [   0.008s] ( 850/4413) trawl-cli tui::state::tests::editor_redo_at_end_is_noop
        PASS [   0.008s] ( 851/4413) trawl-cli tui::state::tests::editor_select_multibyte
        PASS [   0.008s] ( 852/4413) trawl-cli tui::state::tests::editor_selected_text_multiline
        PASS [   0.008s] ( 853/4413) trawl-cli tui::state::tests::editor_selected_text_single_line
        PASS [   0.007s] ( 854/4413) trawl-cli tui::state::tests::editor_selection_range_none_by_default
        PASS [   0.008s] ( 855/4413) trawl-cli tui::state::tests::editor_selection_range_reversed
        PASS [   0.008s] ( 856/4413) trawl-cli tui::state::tests::editor_start_and_extend_selection
        PASS [   0.008s] ( 857/4413) trawl-cli tui::state::tests::editor_sticky_column_cleared_on_horizontal_move
        PASS [   0.007s] ( 858/4413) trawl-cli tui::state::tests::editor_sticky_column_preserved_across_short_line
        PASS [   0.007s] ( 859/4413) trawl-cli tui::state::tests::editor_undo_at_empty_is_noop
        PASS [   0.008s] ( 860/4413) trawl-cli tui::state::tests::editor_text_multiline
        PASS [   0.008s] ( 861/4413) trawl-cli tui::state::tests::editor_undo_restores_state
        PASS [   0.008s] ( 862/4413) trawl-cli tui::state::tests::editor_word_boundary_left_at_origin
        PASS [   0.008s] ( 863/4413) trawl-cli tui::state::tests::editor_word_boundary_left_skips_word
        PASS [   0.007s] ( 864/4413) trawl-cli tui::state::tests::editor_word_boundary_left_wraps_line
        PASS [   0.008s] ( 865/4413) trawl-cli tui::state::tests::editor_word_boundary_left_with_symbols
        PASS [   0.008s] ( 866/4413) trawl-cli tui::state::tests::editor_word_boundary_right_at_end
        PASS [   0.007s] ( 867/4413) trawl-cli tui::state::tests::editor_word_boundary_right_skips_word
        PASS [   0.007s] ( 868/4413) trawl-cli tui::state::tests::editor_word_boundary_right_wraps_line
        PASS [   0.007s] ( 869/4413) trawl-cli tui::state::tests::editor_wrap_ensure_cursor_visible_scrolls_visual
        PASS [   0.008s] ( 870/4413) trawl-cli tui::state::tests::editor_wrap_move_down_within_same_logical_line
        PASS [   0.008s] ( 871/4413) trawl-cli tui::state::tests::editor_wrap_move_up_within_same_logical_line
        PASS [   0.008s] ( 872/4413) trawl-cli tui::state::tests::live_buffer_caps_at_max_rows
        PASS [   0.008s] ( 873/4413) trawl-cli tui::state::tests::live_buffer_column_union_extends_with_nulls
        PASS [   0.008s] ( 874/4413) trawl-cli tui::state::tests::live_buffer_empty
        PASS [   0.008s] ( 875/4413) trawl-cli tui::state::tests::live_buffer_handles_mixed_value_types
        PASS [   0.007s] ( 876/4413) trawl-cli tui::state::tests::wrap_map_empty_lines
        PASS [   0.008s] ( 877/4413) trawl-cli tui::state::tests::live_buffer_push_single_event
        PASS [   0.008s] ( 878/4413) trawl-cli tui::state::tests::well_known_fields_match_api_leading_order
        PASS [   0.008s] ( 879/4413) trawl-cli tui::state::tests::wrap_map_logical_to_visual_first_line
        PASS [   0.008s] ( 880/4413) trawl-cli tui::state::tests::wrap_map_multi_logical_lines
        PASS [   0.008s] ( 881/4413) trawl-cli tui::state::tests::wrap_map_exact_width_no_break
        PASS [   0.008s] ( 882/4413) trawl-cli tui::state::tests::wrap_map_multiple_wraps
        PASS [   0.007s] ( 883/4413) trawl-cli tui::state::tests::wrap_map_one_char_over_wraps
        PASS [   0.008s] ( 884/4413) trawl-cli tui::state::tests::wrap_map_short_line_no_breaks
        PASS [   0.008s] ( 885/4413) trawl-cli tui::state::tests::wrap_map_zero_width_no_panic
        PASS [   0.008s] ( 886/4413) trawl-cli tui::state::tests::wrap_map_visual_to_logical_second_line
        PASS [   0.008s] ( 887/4413) trawl-cli tui::state::tests::wrap_map_visual_to_logical_round_trip
        PASS [   0.008s] ( 888/4413) trawl-cli tui::tests::error_popup_dismissed_by_enter
        PASS [   0.008s] ( 889/4413) trawl-cli tui::tests::error_popup_blocks_global_keys
        PASS [   0.009s] ( 890/4413) trawl-cli tui::tests::editor_keys_reach_editor
        PASS [   0.008s] ( 891/4413) trawl-cli tui::tests::error_popup_dismissed_by_esc
        PASS [   0.008s] ( 892/4413) trawl-cli tui::tests::key_alt_1_switches_to_query_tab
        PASS [   0.008s] ( 893/4413) trawl-cli tui::tests::focus_preserved_across_tab_switch
        PASS [   0.008s] ( 894/4413) trawl-cli tui::tests::key_alt_3_switches_to_schema_tab
        PASS [   0.008s] ( 895/4413) trawl-cli tui::tests::key_alt_2_switches_to_history_tab
        PASS [   0.008s] ( 896/4413) trawl-cli tui::tests::key_alt_4_switches_to_saved_tab
        PASS [   0.008s] ( 897/4413) trawl-cli tui::tests::key_alt_b_moves_word_left
        PASS [   0.008s] ( 898/4413) trawl-cli tui::tests::key_alt_f_moves_word_right
        PASS [   0.008s] ( 899/4413) trawl-cli tui::tests::key_ctrl_left_moves_word_left
        PASS [   0.008s] ( 900/4413) trawl-cli tui::tests::key_ctrl_q_sets_quit
        PASS [   0.008s] ( 901/4413) trawl-cli tui::tests::key_ctrl_right_moves_word_right
        PASS [   0.008s] ( 902/4413) trawl-cli tui::tests::key_ctrl_s_with_empty_editor_is_noop
        PASS [   0.008s] ( 903/4413) trawl-cli tui::tests::key_ctrl_s_opens_save_popup
        PASS [   0.008s] ( 904/4413) trawl-cli tui::tests::key_esc_on_panel_tab_switches_to_query
        PASS [   0.008s] ( 905/4413) trawl-cli tui::tests::key_f1_toggles_help_popup
        PASS [   0.008s] ( 906/4413) trawl-cli tui::tests::key_tab_switches_focus_editor_to_results
        PASS [   0.008s] ( 907/4413) trawl-cli tui::tests::key_tab_switches_focus_results_to_editor
        PASS [   0.008s] ( 908/4413) trawl-cli tui::tests::multiple_results_last_wins
        PASS [   0.008s] ( 909/4413) trawl-cli tui::tests::poll_mutation_cache_refreshed
        PASS [   0.008s] ( 910/4413) trawl-cli tui::tests::poll_mutation_cache_refreshed_selects_name
        PASS [   0.008s] ( 911/4413) trawl-cli tui::tests::poll_mutation_error_shows_popup
        PASS [   0.008s] ( 912/4413) trawl-cli tui::tests::poll_query_result_resets_scroll
        PASS [   0.008s] ( 913/4413) trawl-cli tui::tests::poll_mutation_saved_created
        PASS [   0.008s] ( 914/4413) trawl-cli tui::tests::poll_query_result_sets_error_status
        PASS [   0.008s] ( 915/4413) trawl-cli tui::tests::poll_query_result_timechart_auto_switches_view
        PASS [   0.008s] ( 916/4413) trawl-cli tui::tests::poll_query_result_updates_tab
        PASS [   0.008s] ( 917/4413) trawl-cli tui::tests::popup_backspace_removes
        PASS [   0.008s] ( 918/4413) trawl-cli tui::tests::popup_blocks_global_keys
        PASS [   0.008s] ( 919/4413) trawl-cli tui::tests::popup_esc_closes
        PASS [   0.008s] ( 920/4413) trawl-cli tui::tests::popup_typing_appends
        PASS [   0.008s] ( 921/4413) trawl-cli tui::tests::schedule_popup_esc_cancels
        PASS [   0.008s] ( 922/4413) trawl-cli tui::tests::results_keys_select_rows
        PASS [   0.008s] ( 923/4413) trawl-cli tui::tests::schedule_popup_prefills_a_zero_lag_as_empty
        PASS [   0.008s] ( 924/4413) trawl-cli tui::tests::schedule_popup_prefills_from_the_schedule_in_force
        PASS [   0.008s] ( 925/4413) trawl-cli tui::tests::schedule_popup_sends_a_lag_without_a_window
        PASS [   0.008s] ( 926/4413) trawl-cli tui::tests::schedule_popup_tab_cycles_the_three_rows
        PASS [   0.008s] ( 927/4413) trawl-cli tui::tests::schedule_popup_types_into_the_focused_row
        PASS [   0.009s] ( 928/4413) trawl-cli tui::tests::schedule_popup_refuses_an_empty_interval
        PASS [   0.008s] ( 929/4413) trawl-cli tui::tests::tab_on_panel_switches_to_query
        PASS [   0.008s] ( 930/4413) trawl-cli tui::theme::tests::all_builtins_have_six_chart_colors
        PASS [   0.008s] ( 931/4413) trawl-cli tui::theme::tests::parse_hex_colors
        PASS [   0.008s] ( 932/4413) trawl-cli tui::theme::tests::dark_theme_has_correct_name
        PASS [   0.008s] ( 933/4413) trawl-cli tui::theme::tests::parse_indexed_colors
        PASS [   0.011s] ( 934/4413) trawl-cli tui::tests::whoami_error_clears_dashboard_access
        PASS [   0.012s] ( 935/4413) trawl-cli tui::tests::whoami_permissions_drive_dashboard_tab_false_true_false
        PASS [   0.007s] ( 936/4413) trawl-cli tui::theme::tests::parse_invalid_color
        PASS [   0.008s] ( 937/4413) trawl-cli tui::theme::tests::parse_named_colors
        PASS [   0.007s] ( 938/4413) trawl-cli tui::theme::tests::resolve_builtin_names
        PASS [   0.008s] ( 939/4413) trawl-cli tui::theme::tests::resolve_dark_returns_dark
        PASS [   0.007s] ( 940/4413) trawl-cli tui::theme::tests::resolve_default_returns_dark
        PASS [   0.008s] ( 941/4413) trawl-cli tui::theme::tests::resolve_unknown_falls_back_to_dark
        PASS [   0.007s] ( 942/4413) trawl-cli tui::ui::history::tests::duration_ms_minutes
        PASS [   0.008s] ( 943/4413) trawl-cli tui::ui::history::tests::duration_ms_seconds
        PASS [   0.007s] ( 944/4413) trawl-cli tui::ui::history::tests::duration_ms_under_second
        PASS [   0.008s] ( 945/4413) trawl-cli tui::ui::history::tests::full_timestamp_malformed_fallback
        PASS [   0.007s] ( 946/4413) trawl-cli tui::ui::history::tests::full_timestamp_valid
        PASS [   0.008s] ( 947/4413) trawl-cli tui::ui::history::tests::full_timestamp_with_fractional
        PASS [   0.007s] ( 948/4413) trawl-cli tui::ui::panels::tests::instant_utc_passes_through_an_unparseable_value
        PASS [   0.007s] ( 949/4413) trawl-cli tui::ui::panels::tests::relative_time_days
        PASS [   0.007s] ( 950/4413) trawl-cli tui::ui::panels::tests::relative_time_hours
        PASS [   0.008s] ( 951/4413) trawl-cli tui::ui::panels::tests::relative_time_invalid_fallback
        PASS [   0.007s] ( 952/4413) trawl-cli tui::ui::panels::tests::relative_time_minutes
        PASS [   0.007s] ( 953/4413) trawl-cli tui::ui::panels::tests::relative_time_right_justified
        PASS [   0.008s] ( 954/4413) trawl-cli tui::ui::panels::tests::relative_time_seconds
        PASS [   0.007s] ( 955/4413) trawl-cli tui::ui::panels::tests::relative_time_weeks
        PASS [   0.007s] ( 956/4413) trawl-cli tui::ui::panels::tests::run_window_across_midnight_keeps_the_end_date
        PASS [   0.008s] ( 957/4413) trawl-cli tui::ui::panels::tests::run_window_normalizes_an_offset_to_utc
        PASS [   0.007s] ( 958/4413) trawl-cli tui::ui::panels::tests::run_window_passes_through_an_unparseable_bound
        PASS [   0.007s] ( 959/4413) trawl-cli tui::ui::panels::tests::run_window_same_day_drops_the_end_date
        PASS [   0.007s] ( 960/4413) trawl-cli tui::ui::panels::tests::schedule_badge_names_the_window_mode
        PASS [   0.007s] ( 961/4413) trawl-cli tui::ui::panels::tests::schedule_window_is_none_in_query_mode
        PASS [   0.007s] ( 962/4413) trawl-cli tui::ui::panels::tests::schedule_bounds_preserve_subminute_precision
        PASS [   0.008s] ( 963/4413) trawl-cli tui::ui::panels::tests::schedule_window_omits_a_zero_lag
        PASS [   0.007s] ( 964/4413) trawl-cli tui::ui::panels::tests::schedule_window_omits_an_absent_watermark
        PASS [   0.008s] ( 965/4413) trawl-cli tui::ui::panels::tests::schedule_window_tiled_with_lag_and_watermark
        PASS [   0.007s] ( 966/4413) trawl-cli tui::ui::results::severity_tests::a_severity_cell_shows_its_otel_token
        PASS [   0.012s] ( 967/4413) trawl-cli tui::ui::results::placeholder_tests::placeholder_renders_in_a_terminal_too_narrow_to_centre_in
        PASS [   0.030s] ( 968/4413) trawl-cli tui::ui::tests::render_empty_app
        PASS [   0.029s] ( 969/4413) trawl-cli tui::ui::tests::render_saved_runs_with_windows
        PASS [   0.032s] ( 970/4413) trawl-cli tui::ui::tests::render_narrow_terminal_with_results
        PASS [   0.029s] ( 971/4413) trawl-cli tui::ui::tests::render_saved_schedule_query_mode
        PASS [   0.029s] ( 972/4413) trawl-cli tui::ui::tests::render_saved_schedule_windowed_with_lag
        PASS [   0.010s] ( 973/4413) trawl-cli tui::ui::tests::render_schedule_popup_on_a_tiny_terminal
        PASS [   0.030s] ( 974/4413) trawl-cli tui::ui::tests::render_saved_schedule_windowed_without_lag
        PASS [   0.028s] ( 975/4413) trawl-cli tui::ui::tests::render_with_error_status
        PASS [   0.028s] ( 976/4413) trawl-cli tui::ui::tests::render_with_query_text
        PASS [   0.032s] ( 977/4413) trawl-cli tui::ui::tests::render_with_help_popup
        PASS [   0.033s] ( 978/4413) trawl-cli tui::ui::tests::render_with_results
        PASS [   0.007s] ( 979/4413) trawl-cli tui_log_tests::tui_log_chmod_failure_preserves_existing_contents
        PASS [   0.031s] ( 980/4413) trawl-cli tui::ui::tests::render_with_save_popup
        PASS [   0.007s] ( 981/4413) trawl-cli tui_log_tests::tui_log_is_owner_only
        PASS [   0.030s] ( 982/4413) trawl-cli tui::ui::tests::render_with_schedule_popup
        PASS [   0.003s] ( 983/4413) trawl-client client::tests::a_cancelled_job_decodes_as_cancelled_not_as_a_report
        PASS [   0.003s] ( 984/4413) trawl-client client::tests::a_failed_job_under_a_200_never_decodes_as_a_report
        PASS [   0.003s] ( 985/4413) trawl-client client::tests::a_running_job_under_a_200_is_a_protocol_error
        PASS [   0.004s] ( 986/4413) trawl-client client::tests::debug_redacts_token
        PASS [   0.004s] ( 987/4413) trawl-client client::tests::connection_error_identifies_api_origin_without_url_secrets
        PASS [   0.008s] ( 988/4413) trawl-cli tui_log_tests::tui_log_tightens_existing_looser_file
        PASS [   0.004s] ( 989/4413) trawl-client client::tests::endpoint_no_trailing_slash
        PASS [   0.004s] ( 990/4413) trawl-client client::tests::endpoint_strips_multiple_trailing_slashes
        PASS [   0.003s] ( 991/4413) trawl-client client::tests::gc_pins_conflict_decodes_to_a_server_error
        PASS [   0.004s] ( 992/4413) trawl-client client::tests::endpoint_strips_trailing_slash
        PASS [   0.003s] ( 993/4413) trawl-client client::tests::gc_pins_dry_run_response_deserializes
        PASS [   0.003s] ( 994/4413) trawl-client client::tests::gc_pins_executed_response_deserializes_without_a_floor
        PASS [   0.003s] ( 995/4413) trawl-client client::tests::gc_pins_request_omits_an_unset_window
        PASS [   0.003s] ( 996/4413) trawl-client client::tests::health_response_deserializes_degraded
        PASS [   0.003s] ( 997/4413) trawl-client client::tests::health_response_deserializes_ok
        PASS [   0.003s] ( 998/4413) trawl-client client::tests::health_response_deserializes_unavailable
        PASS [   0.004s] ( 999/4413) trawl-client client::tests::invalid_url_error_does_not_expose_input
        PASS [   0.003s] (1000/4413) trawl-client client::tests::queries_response_deserializes
        PASS [   0.003s] (1001/4413) trawl-client client::tests::query_request_omits_none
        PASS [   0.003s] (1002/4413) trawl-client client::tests::query_request_serializes
        PASS [   0.003s] (1003/4413) trawl-client client::tests::repin_cancel_outcome_spells_snake_case
        PASS [   0.003s] (1004/4413) trawl-client client::tests::repin_cancel_refuses_a_status_the_body_contradicts
        PASS [   0.003s] (1005/4413) trawl-client client::tests::repin_cancel_status_codes_decode_to_their_variants
        PASS [   0.004s] (1006/4413) trawl-client client::tests::schema_response_deserializes
        PASS [   0.003s] (1007/4413) trawl-config fs::tests::creates_the_file_at_the_requested_mode
        PASS [   0.003s] (1008/4413) trawl-config fs::tests::honours_the_configured_open_flags
        PASS [   0.032s] (1009/4413) trawl-cli tui::ui::tests::render_with_severity_tokens
        PASS [   0.003s] (1010/4413) trawl-config fs::tests::refuses_to_follow_a_symlink_at_the_path
        PASS [   0.003s] (1011/4413) trawl-config fs::tests::tightens_a_pre_existing_looser_file
        PASS [   0.003s] (1012/4413) trawl-config tests::auth_database_url_optional_in_toml
        PASS [   0.004s] (1013/4413) trawl-config tests::auth_database_url_parses_from_toml
        PASS [   0.003s] (1014/4413) trawl-config tests::auth_resolve_error_names_fleet_database_url
        PASS [   0.003s] (1015/4413) trawl-config tests::auth_resolve_ignores_bare_database_url
        PASS [   0.003s] (1016/4413) trawl-config tests::byte_size_field_accepts_integer
        PASS [   0.003s] (1017/4413) trawl-config tests::byte_size_field_accepts_string
        PASS [   0.003s] (1018/4413) trawl-config tests::cors_defaults_to_empty
        PASS [   0.003s] (1019/4413) trawl-config tests::cors_parses_origins
        PASS [   0.003s] (1020/4413) trawl-config tests::daemon_data_directory_is_preserved_and_drives_wal_location
        PASS [   0.003s] (1021/4413) trawl-config tests::daily_rollup_disabled_explicitly
        PASS [   0.003s] (1022/4413) trawl-config tests::daemon_data_path_rejects_glob_metacharacters
        PASS [   0.003s] (1023/4413) trawl-config tests::derivation_source_empty_list_parses
        PASS [   0.003s] (1024/4413) trawl-config tests::derivation_source_entry_needs_a_field_key
        PASS [   0.003s] (1025/4413) trawl-config tests::derivation_source_rejects_a_non_string_entry
        PASS [   0.003s] (1026/4413) trawl-config tests::derivation_source_typo_in_a_typed_entry_is_an_error
        PASS [   0.003s] (1027/4413) trawl-config tests::derivation_sources_accept_both_spellings_in_one_list
        PASS [   0.003s] (1028/4413) trawl-config tests::derivation_sources_default_to_the_packaged_lists
        PASS [   0.003s] (1029/4413) trawl-config tests::dynamic_maps_and_typed_derivation_entries_remain_supported
        PASS [   0.003s] (1030/4413) trawl-config tests::env_name_charset_helper
        PASS [   0.003s] (1031/4413) trawl-config tests::http_addr_empty_env_counts_as_unset
        PASS [   0.003s] (1032/4413) trawl-config tests::http_addr_env_wins_over_config
        PASS [   0.003s] (1033/4413) trawl-config tests::http_addr_falls_back_to_config
        PASS [   0.003s] (1034/4413) trawl-config tests::ingest_byte_size_string
        PASS [   0.003s] (1035/4413) trawl-config tests::ingest_defaults_when_omitted
        PASS [   0.003s] (1036/4413) trawl-config tests::ingest_env_zero_config_defaults
        PASS [   0.003s] (1037/4413) trawl-config tests::ingest_envs_omitted_behaves_as_default_env
        PASS [   0.003s] (1038/4413) trawl-config tests::ingest_explicit_envs_parse_and_validate
        PASS [   0.003s] (1039/4413) trawl-config tests::internal_telemetry_defaults_to_true
        PASS [   0.003s] (1040/4413) trawl-config tests::internal_telemetry_disabled_explicitly
        PASS [   0.003s] (1041/4413) trawl-config tests::internal_telemetry_requires_ingest_enabled
        PASS [   0.003s] (1042/4413) trawl-config tests::internal_telemetry_warns_only_when_log_file_is_not_opened
        PASS [   0.003s] (1043/4413) trawl-config tests::interval_custom_values
        PASS [   0.003s] (1044/4413) trawl-config tests::interval_defaults_when_omitted
        PASS [   0.003s] (1045/4413) trawl-config tests::invalid_values_and_syntax_do_not_echo_credentials
        PASS [   0.003s] (1046/4413) trawl-config tests::max_age_days_for_prefers_the_entry_then_the_global
        PASS [   0.003s] (1047/4413) trawl-config tests::no_warning_when_tls_cert_configured
        PASS [   0.003s] (1048/4413) trawl-config tests::parse_byte_size_bare_bytes
        PASS [   0.003s] (1049/4413) trawl-config tests::parse_byte_size_case_insensitive
        PASS [   0.003s] (1050/4413) trawl-config tests::parse_byte_size_empty
        PASS [   0.003s] (1051/4413) trawl-config tests::parse_byte_size_gigabytes
        PASS [   0.003s] (1052/4413) trawl-config tests::parse_byte_size_invalid_suffix
        PASS [   0.003s] (1053/4413) trawl-config tests::parse_byte_size_kilobytes
        PASS [   0.003s] (1054/4413) trawl-config tests::parse_byte_size_megabytes
        PASS [   0.003s] (1055/4413) trawl-config tests::parse_byte_size_raw_number
        PASS [   0.003s] (1056/4413) trawl-config tests::parse_byte_size_with_whitespace
        PASS [   0.003s] (1057/4413) trawl-config tests::parse_full_config
        PASS [   0.003s] (1058/4413) trawl-config tests::parse_minimal_config
        PASS [   0.003s] (1059/4413) trawl-config tests::parse_tls_config
        PASS [   0.003s] (1060/4413) trawl-config tests::rate_limit_custom_values
        PASS [   0.003s] (1061/4413) trawl-config tests::resolve_database_url_env_wins
        PASS [   0.003s] (1062/4413) trawl-config tests::rate_limit_defaults
        PASS [   0.003s] (1063/4413) trawl-config tests::resolve_database_url_falls_back_to_toml
        PASS [   0.003s] (1064/4413) trawl-config tests::resolve_database_url_neither_is_an_error
        PASS [   0.003s] (1065/4413) trawl-config tests::retention_both_disabled
        PASS [   0.003s] (1066/4413) trawl-config tests::retention_byte_size_string
        PASS [   0.003s] (1067/4413) trawl-config tests::retention_custom_values
        PASS [   0.003s] (1068/4413) trawl-config tests::retention_defaults_when_omitted
        PASS [   0.003s] (1069/4413) trawl-config tests::retention_env_keys_are_held_to_the_env_charset
        PASS [   0.003s] (1070/4413) trawl-config tests::retention_env_keys_reject_reserved_names
        PASS [   0.003s] (1071/4413) trawl-config tests::retention_env_overrides_parse_alongside_the_globals
        PASS [   0.003s] (1072/4413) trawl-config tests::retention_env_refuses_what_the_chart_passes_through_typed
        PASS [   0.003s] (1073/4413) trawl-config tests::retention_env_rejects_an_unknown_key
        PASS [   0.003s] (1074/4413) trawl-config tests::retention_env_table_without_max_age_days_is_a_load_error
        PASS [   0.003s] (1075/4413) trawl-config tests::retention_rejects_a_misspelled_scalar
        PASS [   0.003s] (1076/4413) trawl-config tests::retention_rejects_a_misspelled_sub_table_name
        PASS [   0.003s] (1077/4413) trawl-config tests::scheduler_catchup_span_always_fits_a_timedelta
        PASS [   0.003s] (1078/4413) trawl-config tests::scheduler_max_catchup_intervals_defaults_to_a_day_of_hourly_runs
        PASS [   0.003s] (1079/4413) trawl-config tests::scheduler_max_catchup_intervals_outside_the_range_is_boot_fatal
        PASS [   0.003s] (1080/4413) trawl-config tests::service_name_charset_helper
        PASS [   0.003s] (1081/4413) trawl-config tests::stats_interval_disabled
        PASS [   0.003s] (1082/4413) trawl-config tests::storage_database_url_parses_from_toml
        PASS [   0.003s] (1083/4413) trawl-config tests::storage_resolve_env_wins
        PASS [   0.003s] (1084/4413) trawl-config tests::storage_resolve_falls_back_to_toml
        PASS [   0.003s] (1085/4413) trawl-config tests::storage_resolve_neither_is_a_descriptive_error
        PASS [   0.003s] (1086/4413) trawl-config tests::storage_section_optional_in_toml
        PASS [   0.003s] (1087/4413) trawl-config tests::storage_resolve_never_falls_back_to_auth_url
        PASS [   0.003s] (1088/4413) trawl-config tests::syslog_service_config_is_validated_at_load
        PASS [   0.003s] (1089/4413) trawl-config tests::telemetry_buffer_zero_is_boot_fatal_with_the_off_switch
        PASS [   0.004s] (1090/4413) trawl-config tests::unknown_settings_fail_with_paths_without_values
        PASS [   0.003s] (1091/4413) trawl-config tests::validation_accepts_fleet_database_url
        PASS [   0.003s] (1092/4413) trawl-config tests::validation_rejects_bad_default_env_charset
        PASS [   0.056s] (1093/4413) trawl-client client::tests::timeout_identifies_only_api_origin
        PASS [   0.003s] (1094/4413) trawl-config tests::validation_rejects_default_env_not_in_envs
        PASS [   0.003s] (1095/4413) trawl-config tests::validation_rejects_empty_data_path
        PASS [   0.003s] (1096/4413) trawl-config tests::validation_rejects_partial_tls_config
        PASS [   0.003s] (1097/4413) trawl-config tests::validation_rejects_reserved_env_names
        PASS [   0.003s] (1098/4413) trawl-config tests::validation_rejects_env_charset_violations
        PASS [   0.003s] (1099/4413) trawl-config tests::validation_rejects_zero_concurrency
        PASS [   0.003s] (1100/4413) trawl-config tests::warning_when_no_tls_cert_configured
        PASS [   0.003s] (1101/4413) trawl-config tests::web_public_origins_parse_as_written
        PASS [   0.003s] (1102/4413) trawl-config tests::web_section_optional_preserves_backcompat
        PASS [   0.003s] (1103/4413) trawl-config tests::web_shared_domain_absent_is_none
        PASS [   0.003s] (1104/4413) trawl-config tests::web_section_populated
        PASS [   0.003s] (1105/4413) trawl-config tests::web_shared_domain_parses_from_toml
        PASS [   0.004s] (1106/4413) trawl-config::derivation_packaging_contract every_documented_typed_example_actually_loads
        PASS [   0.003s] (1107/4413) trawl-config::derivation_packaging_contract standalone_starter_uses_defaults_without_development_credentials
        PASS [   0.003s] (1108/4413) trawl-config::derivation_packaging_contract the_code_default_is_what_ingest_config_deserializes_to
        PASS [   0.004s] (1109/4413) trawl-core ast::tests::a_backticked_keyword_is_a_field_filter_not_a_window
        PASS [   0.004s] (1110/4413) trawl-core ast::tests::a_hoisted_clause_still_counts
        PASS [   0.004s] (1111/4413) trawl-core ast::tests::a_query_without_a_time_clause_carries_none
        PASS [   0.004s] (1112/4413) trawl-core ast::tests::grammar_keywords_and_time_clause_variants_agree
        PASS [   0.004s] (1113/4413) trawl-core ast::tests::each_keyword_reports_its_own_variant
        PASS [   0.004s] (1114/4413) trawl-core compare::tests::bound_float_literal_above_2_53_binds_its_source_token
        PASS [   0.004s] (1115/4413) trawl-core compare::tests::bound_null_literal_has_no_form
        PASS [   0.004s] (1116/4413) trawl-core compare::tests::bound_string_literal_with_numeric_content_binds_like_the_number
        PASS [   0.003s] (1117/4413) trawl-core compare::tests::bound_typed_pin_binds_the_ast_literal_unchanged
        PASS [   0.003s] (1118/4413) trawl-core compare::tests::bound_varchar_rules_mirror_compare_form
        PASS [   0.003s] (1119/4413) trawl-core compare::tests::canonical_double_text_mirrors_duckdb_rendering
        PASS [   0.003s] (1120/4413) trawl-core compare::tests::canonical_timestamp_text_declines_the_documented_residuals
        PASS [   0.004s] (1121/4413) trawl-core compare::tests::canonical_timestamp_text_is_none_without_a_reading
        PASS [   0.004s] (1122/4413) trawl-core compare::tests::canonical_timestamp_text_mirrors_duckdb_rendering
        PASS [   0.003s] (1123/4413) trawl-core compare::tests::conformed_bigint_is_the_whole_microsteps_of_the_decimal_reading
        PASS [   0.004s] (1124/4413) trawl-core compare::tests::conformed_bigint_preserves_value_not_spelling
        PASS [   0.004s] (1125/4413) trawl-core compare::tests::conformed_boolean_keeps_only_the_rendered_spellings
        PASS [   0.004s] (1126/4413) trawl-core compare::tests::decimal_micros_mirrors_duckdb_decimal_domain
        PASS [   0.003s] (1127/4413) trawl-core compare::tests::decimal_micros_separates_ids_a_double_would_equate
        PASS [   0.004s] (1128/4413) trawl-core compare::tests::numeric_detection_follows_the_coercion_ladder
        PASS [   0.003s] (1129/4413) trawl-core compare::tests::severity_band_tokens_bind_bands_for_equality_and_numbers_for_ordering
        PASS [   0.004s] (1130/4413) trawl-core compare::tests::severity_doors_agree
        PASS [   0.003s] (1131/4413) trawl-core compare::tests::severity_exact_names_and_integers_bind_exactly
        PASS [   0.004s] (1132/4413) trawl-core compare::tests::severity_points_expands_exactly_the_forms_own_membership
        PASS [   0.003s] (1133/4413) trawl-core compare::tests::severity_points_refuses_mixed_and_empty_form_sets
        PASS [   0.003s] (1134/4413) trawl-core compare::tests::severity_ranges_collapse_out_of_ladder_points_to_one_representative
        PASS [   0.003s] (1135/4413) trawl-core compare::tests::severity_ranges_merges_adjacent_points_into_maximal_runs
        PASS [   0.004s] (1136/4413) trawl-core compare::tests::severity_refuses_literals_outside_the_ladder_vocabulary
        PASS [   0.003s] (1137/4413) trawl-core compare::tests::try_cast_double_mirrors_duckdb_cast_domain
        PASS [   0.003s] (1138/4413) trawl-core compare::tests::typed_pins_bind_natively_and_carry_the_pin
        PASS [   0.003s] (1139/4413) trawl-core compare::tests::typed_pins_each_take_their_own_pattern_text
        PASS [   0.003s] (1140/4413) trawl-core compare::tests::unpinned_is_native_for_every_op_and_literal
        PASS [   0.003s] (1141/4413) trawl-core compare::tests::varchar_eq_and_ordered_agree_on_what_is_numeric
        PASS [   0.003s] (1142/4413) trawl-core compare::tests::varchar_eq_class_binds_text_for_every_literal
        PASS [   0.003s] (1143/4413) trawl-core compare::tests::varchar_ordered_non_numeric_literal_stays_lexical
        PASS [   0.003s] (1144/4413) trawl-core compare::tests::varchar_ordered_numeric_literal_carries_the_literal_text
        PASS [   0.003s] (1145/4413) trawl-core compare::tests::varchar_patterns_stay_native
        PASS [   0.004s] (1146/4413) trawl-core complexity::tests::a_disjoint_severity_set_renders_twelve_runs
        PASS [   0.006s] (1147/4413) trawl-core complexity::tests::a_deep_chain_is_refused_without_expanding
        PASS [   0.012s] (1148/4413) trawl-core complexity::tests::a_quoted_target_renders_as_dsl_text
        PASS [   0.004s] (1149/4413) trawl-core complexity::tests::an_unknown_call_scores_structurally
        PASS [   0.011s] (1150/4413) trawl-core complexity::tests::an_else_less_case_is_priced_for_the_else_the_parser_adds
        PASS [   0.003s] (1151/4413) trawl-core complexity::tests::an_unknown_severity_token_is_not_a_complexity_refusal
        PASS [   0.003s] (1152/4413) trawl-core complexity::tests::an_unquotable_name_is_omitted_from_the_sentence
        PASS [   0.022s] (1153/4413) trawl-core complexity::tests::a_constructible_boundary_case_refuses_one_reference_late
        PASS [   0.020s] (1154/4413) trawl-core complexity::tests::alias_names_fold_ascii_case
        PASS [   0.004s] (1155/4413) trawl-core complexity::tests::eventstats_outputs_carry_their_window_wrapper
        PASS [   0.003s] (1156/4413) trawl-core complexity::tests::every_known_function_has_a_profile
        PASS [   0.004s] (1157/4413) trawl-core complexity::tests::forward_and_self_references_score_as_leaves
        PASS [   0.003s] (1158/4413) trawl-core complexity::tests::hand_calculated_profiles
        PASS [   0.004s] (1159/4413) trawl-core complexity::tests::from_saved_counts_toward_the_stage_cap
        PASS [   0.029s] (1160/4413) trawl-core complexity::tests::aggregating_stages_carry_their_own_alias_sequence
        PASS [   0.003s] (1161/4413) trawl-core complexity::tests::saturated_weights_are_over_limit
        PASS [   0.004s] (1162/4413) trawl-core complexity::tests::severity_pattern_chain_is_refused
        PASS [   0.005s] (1163/4413) trawl-core complexity::tests::severity_chain_is_refused
        PASS [   0.005s] (1164/4413) trawl-core complexity::tests::stage_cap
        PASS [   0.068s] (1165/4413) trawl-config::derivation_packaging_contract every_packaging_artifact_states_the_same_derivation_defaults
        PASS [   0.005s] (1166/4413) trawl-core complexity::tests::stages_without_an_output_sequence_charge_nothing
        PASS [   0.023s] (1167/4413) trawl-core complexity::tests::docs_and_fixtures_stay_below_caps
        PASS [   0.005s] (1168/4413) trawl-core complexity::tests::the_original_measure_scores_the_chain_at_408_and_would_admit_it
        PASS [   0.003s] (1169/4413) trawl-core complexity::tests::the_severity_reading_profiles_match_their_documented_shapes
        PASS [   0.013s] (1170/4413) trawl-core complexity::tests::the_alias_table_resets_between_stages
        PASS [   0.003s] (1171/4413) trawl-core complexity::tests::the_severity_run_ceiling_is_thirteen
        PASS [   0.003s] (1172/4413) trawl-core complexity::tests::the_token_text_kernel_is_priced_for_the_parser_rewrite
        PASS [   0.004s] (1173/4413) trawl-core conform::tests::dialect_ambiguity_sql_compares_both_readings
        PASS [   0.006s] (1174/4413) trawl-core complexity::tests::the_stage_cap_wins_over_the_expansion_budget
        PASS [   0.003s] (1175/4413) trawl-core conform::tests::every_typed_rung_casts_only_the_text_form
        PASS [   0.003s] (1176/4413) trawl-core conform::tests::guarded_cast_is_the_otel_reading_of_every_pin
        PASS [   0.003s] (1177/4413) trawl-core conform::tests::guarded_rungs_compare_the_cast_against_the_text
        PASS [   0.020s] (1178/4413) trawl-core complexity::tests::the_boundary_is_the_delta_not_the_weight
        PASS [   0.003s] (1179/4413) trawl-core conform::tests::only_the_severity_rung_reads_a_dialect
        PASS [   0.003s] (1180/4413) trawl-core conform::tests::raw_extract_escapes_sql_quotes
        PASS [   0.003s] (1181/4413) trawl-core conform::tests::raw_json_pointer_escapes_rfc_6901
        PASS [   0.019s] (1182/4413) trawl-core complexity::tests::the_refusal_sentence_names_the_stage_the_budget_and_a_remedy
        PASS [   0.003s] (1183/4413) trawl-core conform::tests::resurrection_expr_is_stored_reading_then_guarded_raw_arm
        PASS [   0.004s] (1184/4413) trawl-core conform::tests::resurrection_arms_take_their_own_dialects
        PASS [   0.004s] (1185/4413) trawl-core conform::tests::severity_reading_sql_covers_both_name_tables_and_the_numeric_arm
        PASS [   0.003s] (1186/4413) trawl-core conform::tests::severity_reading_sql_dialect_changes_only_the_numeric_arm
        PASS [   0.003s] (1187/4413) trawl-core conform::tests::severity_reading_sql_shapes_differ_only_in_where_the_subject_lands
        PASS [   0.003s] (1188/4413) trawl-core conform::tests::severity_rung_is_the_reading_kernel
        PASS [   0.003s] (1189/4413) trawl-core conform::tests::severity_token_text_covers_the_whole_ladder
        PASS [   0.004s] (1190/4413) trawl-core conform::tests::timestamp_rung_parses_through_timestamptz
        PASS [   0.003s] (1191/4413) trawl-core conform::tests::untyped_text_unquotes_through_json
        PASS [   0.003s] (1192/4413) trawl-core conform::tests::varchar_conform_is_the_text_itself
        PASS [   0.003s] (1193/4413) trawl-core context::tests::accessors_agree_on_one_instant
        PASS [   0.004s] (1194/4413) trawl-core context::tests::at_truncates_nanoseconds_to_microseconds
        PASS [   0.003s] (1195/4413) trawl-core context::tests::capture_truncates_too
        PASS [   0.003s] (1196/4413) trawl-core context::tests::equality_is_by_instant
        PASS [   0.003s] (1197/4413) trawl-core context::tests::truncation_never_rounds_up
        PASS [   0.004s] (1198/4413) trawl-core emitter::fields::tests::coerce_empty_string
        PASS [   0.003s] (1199/4413) trawl-core emitter::fields::tests::coerce_float
        PASS [   0.003s] (1200/4413) trawl-core emitter::fields::tests::coerce_i64_overflow_becomes_float
        PASS [   0.003s] (1201/4413) trawl-core emitter::fields::tests::coerce_integer
        PASS [   0.003s] (1202/4413) trawl-core emitter::fields::tests::coerce_negative_float
        PASS [   0.003s] (1203/4413) trawl-core emitter::fields::tests::coerce_negative_integer
        PASS [   0.003s] (1204/4413) trawl-core emitter::fields::tests::coerce_string_fallback
        PASS [   0.003s] (1205/4413) trawl-core emitter::fields::tests::coerce_zero
        PASS [   0.003s] (1206/4413) trawl-core emitter::fields::tests::quote_field_is_verbatim
        PASS [   0.003s] (1207/4413) trawl-core emitter::fields::tests::quote_field_escapes_embedded_quotes
        PASS [   0.003s] (1208/4413) trawl-core emitter::fields::tests::quote_field_simple
        PASS [   0.003s] (1209/4413) trawl-core emitter::functions::tests::aggregates_detected
        PASS [   0.050s] (1210/4413) trawl-core complexity::tests::independent_expressions_and_flat_lists_have_no_delta
        PASS [   0.004s] (1211/4413) trawl-core emitter::functions::tests::alias_avg_with_field
        PASS [   0.004s] (1212/4413) trawl-core emitter::functions::tests::alias_count_no_arg
        PASS [   0.004s] (1213/4413) trawl-core emitter::functions::tests::alias_dc_with_field
        PASS [   0.003s] (1214/4413) trawl-core emitter::functions::tests::date_diff_rejects_non_literal
        PASS [   0.004s] (1215/4413) trawl-core emitter::functions::tests::date_diff_accepts_allowlisted_units
        PASS [   0.004s] (1216/4413) trawl-core emitter::functions::tests::alias_quotes_a_backticked_name_verbatim
        PASS [   0.003s] (1217/4413) trawl-core emitter::functions::tests::date_part_accepts_allowlisted_units
        PASS [   0.003s] (1218/4413) trawl-core emitter::functions::tests::date_part_rejects_unknown_unit
        PASS [   0.003s] (1219/4413) trawl-core emitter::functions::tests::date_trunc_accepts_allowlisted_units
        PASS [   0.003s] (1220/4413) trawl-core emitter::functions::tests::date_trunc_rejects_dow_not_in_allowlist
        PASS [   0.004s] (1221/4413) trawl-core emitter::functions::tests::emit_date_part_unknown_unit_errors
        PASS [   0.004s] (1222/4413) trawl-core emitter::functions::tests::emit_date_trunc_dow_errors
        PASS [   0.004s] (1223/4413) trawl-core emitter::functions::tests::emit_strftime_invalid_format_errors
        PASS [   0.003s] (1224/4413) trawl-core emitter::functions::tests::scalars_not_aggregate
        PASS [   0.004s] (1225/4413) trawl-core emitter::functions::tests::emit_strptime_invalid_format_errors
        PASS [   0.003s] (1226/4413) trawl-core emitter::functions::tests::sev_refuses_a_dialect_it_cannot_parse_rather_than_defaulting
        PASS [   0.003s] (1227/4413) trawl-core emitter::functions::tests::translate_avg
        PASS [   0.004s] (1228/4413) trawl-core emitter::functions::tests::translate_abs
        PASS [   0.003s] (1229/4413) trawl-core emitter::functions::tests::translate_avg_too_many_args_errors
        PASS [   0.004s] (1230/4413) trawl-core emitter::functions::tests::translate_avg_no_args_errors
        PASS [   0.003s] (1231/4413) trawl-core emitter::functions::tests::translate_ceil
        PASS [   0.003s] (1232/4413) trawl-core emitter::functions::tests::translate_ceiling_alias
        PASS [   0.003s] (1233/4413) trawl-core emitter::functions::tests::translate_coalesce
        PASS [   0.003s] (1234/4413) trawl-core emitter::functions::tests::translate_coalesce_no_args_errors
        PASS [   0.003s] (1235/4413) trawl-core emitter::functions::tests::translate_count_no_args
        PASS [   0.003s] (1236/4413) trawl-core emitter::functions::tests::translate_dc
        PASS [   0.003s] (1237/4413) trawl-core emitter::functions::tests::translate_count_with_field
        PASS [   0.003s] (1238/4413) trawl-core emitter::functions::tests::translate_distinct_count
        PASS [   0.003s] (1239/4413) trawl-core emitter::functions::tests::translate_floor
        PASS [   0.003s] (1240/4413) trawl-core emitter::functions::tests::translate_if
        PASS [   0.003s] (1241/4413) trawl-core emitter::functions::tests::translate_isnull
        PASS [   0.004s] (1242/4413) trawl-core emitter::functions::tests::translate_first
        PASS [   0.004s] (1243/4413) trawl-core emitter::functions::tests::translate_isnotnull
        PASS [   0.003s] (1244/4413) trawl-core emitter::functions::tests::translate_last
        PASS [   0.003s] (1245/4413) trawl-core emitter::functions::tests::translate_len_alias
        PASS [   0.003s] (1246/4413) trawl-core emitter::functions::tests::translate_length
        PASS [   0.003s] (1247/4413) trawl-core emitter::functions::tests::translate_list_alias
        PASS [   0.003s] (1248/4413) trawl-core emitter::functions::tests::translate_lower
        PASS [   0.003s] (1249/4413) trawl-core emitter::functions::tests::translate_max
        PASS [   0.003s] (1250/4413) trawl-core emitter::functions::tests::translate_median
        PASS [   0.003s] (1251/4413) trawl-core emitter::functions::tests::translate_min
        PASS [   0.003s] (1252/4413) trawl-core emitter::functions::tests::translate_now_binds_the_anchor_under_an_explicit_cast
        PASS [   0.003s] (1253/4413) trawl-core emitter::functions::tests::translate_p50
        PASS [   0.003s] (1254/4413) trawl-core emitter::functions::tests::translate_p90
        PASS [   0.003s] (1255/4413) trawl-core emitter::functions::tests::translate_p95
        PASS [   0.003s] (1256/4413) trawl-core emitter::functions::tests::translate_p99
        PASS [   0.003s] (1257/4413) trawl-core emitter::functions::tests::translate_p99_no_args_errors
        PASS [   0.003s] (1258/4413) trawl-core emitter::functions::tests::translate_replace
        PASS [   0.003s] (1259/4413) trawl-core emitter::functions::tests::translate_round_one_arg
        PASS [   0.003s] (1260/4413) trawl-core emitter::functions::tests::translate_round_two_args
        PASS [   0.003s] (1261/4413) trawl-core emitter::functions::tests::translate_stddev
        PASS [   0.003s] (1262/4413) trawl-core emitter::functions::tests::translate_strftime_dsl_order
        PASS [   0.003s] (1263/4413) trawl-core emitter::functions::tests::translate_strptime_uses_try_variant
        PASS [   0.003s] (1264/4413) trawl-core emitter::functions::tests::translate_substr_three_args
        PASS [   0.003s] (1265/4413) trawl-core emitter::functions::tests::translate_substr_two_args
        PASS [   0.003s] (1266/4413) trawl-core emitter::functions::tests::translate_sum
        PASS [   0.003s] (1267/4413) trawl-core emitter::functions::tests::translate_tonumber
        PASS [   0.003s] (1268/4413) trawl-core emitter::functions::tests::translate_tostring
        PASS [   0.003s] (1269/4413) trawl-core emitter::functions::tests::translate_trim
        PASS [   0.003s] (1270/4413) trawl-core emitter::functions::tests::translate_typeof
        PASS [   0.003s] (1271/4413) trawl-core emitter::functions::tests::translate_unknown_function
        PASS [   0.003s] (1272/4413) trawl-core emitter::functions::tests::translate_upper
        PASS [   0.003s] (1273/4413) trawl-core emitter::functions::tests::translate_values
        PASS [   0.003s] (1274/4413) trawl-core emitter::functions::tests::validate_format_literal_accepts_standard_codes
        PASS [   0.003s] (1275/4413) trawl-core emitter::functions::tests::validate_format_literal_rejects_invalid_code
        PASS [   0.004s] (1276/4413) trawl-core emitter::functions::tests::validate_format_literal_rejects_trailing_percent
        PASS [   0.003s] (1277/4413) trawl-core emitter::state::tests::cte_indentation_never_enters_a_multiline_string_literal
        PASS [   0.003s] (1278/4413) trawl-core emitter::state::tests::inlining_chains_the_parameter_index_across_fragments
        PASS [   0.003s] (1279/4413) trawl-core emitter::state::tests::inlining_skips_placeholders_inside_quoted_regions
        PASS [   0.003s] (1280/4413) trawl-core emitter::state::tests::inlining_treats_doubled_quotes_as_escapes
        PASS [   0.004s] (1281/4413) trawl-core emitter::tests::a_nan_parameter_keeps_the_raw_free_parameter_lists_identical
        PASS [   0.003s] (1282/4413) trawl-core emitter::tests::a_severity_set_pushes_no_parameters_and_preserves_positions
        PASS [   0.004s] (1283/4413) trawl-core emitter::tests::a_pivot_inlines_the_anchor_as_a_typed_literal
        PASS [   0.004s] (1284/4413) trawl-core emitter::tests::a_refused_pinned_comparison_keeps_its_type_and_its_sentence
        PASS [   0.004s] (1285/4413) trawl-core emitter::tests::a_timechart_aggregate_parameter_flushes_the_predicate_first
        PASS [   0.004s] (1286/4413) trawl-core emitter::tests::a_whole_second_anchor_renders_six_digits
        PASS [   0.003s] (1287/4413) trawl-core emitter::tests::a_year_outside_four_digits_renders_without_a_plus
        PASS [   0.004s] (1288/4413) trawl-core emitter::tests::accepts_valid_glob_source
        PASS [   0.004s] (1289/4413) trawl-core emitter::tests::an_aggregate_that_pushes_a_parameter_flushes_the_predicate_first
        PASS [   0.004s] (1290/4413) trawl-core emitter::tests::an_aggregate_literal_argument_takes_the_same_guard
        PASS [   0.004s] (1291/4413) trawl-core emitter::tests::an_aggregate_that_pushes_nothing_is_left_unnested
        PASS [   0.004s] (1292/4413) trawl-core emitter::tests::backticked_name_folds_to_the_same_pin
        PASS [   0.004s] (1293/4413) trawl-core emitter::tests::bare_search_covers_raw
        PASS [   0.004s] (1294/4413) trawl-core emitter::tests::cte_finalization_preserves_a_multiline_parameter
        PASS [   0.023s] (1295/4413) trawl-core emitter::tests::backticked_keyword_field_filter_beside_the_time_filter
        PASS [   0.023s] (1296/4413) trawl-core emitter::tests::backticked_group_key_quotes_verbatim
        PASS [   0.025s] (1297/4413) trawl-core emitter::tests::backticked_table_fields_quote_verbatim
        PASS [   0.022s] (1298/4413) trawl-core emitter::tests::empty_query
        PASS [   0.022s] (1299/4413) trawl-core emitter::tests::error_eventstats_dc
        PASS [   0.025s] (1300/4413) trawl-core emitter::tests::error_extract_no_named_groups
        PASS [   0.022s] (1301/4413) trawl-core emitter::tests::error_round_non_int_precision
        PASS [   0.023s] (1302/4413) trawl-core emitter::tests::error_last_with_earliest
        PASS [   0.022s] (1303/4413) trawl-core emitter::tests::error_severity_unknown_token
        PASS [   0.023s] (1304/4413) trawl-core emitter::tests::error_severity_unknown_token_in_where
        PASS [   0.023s] (1305/4413) trawl-core emitter::tests::error_unknown_function
        PASS [   0.023s] (1306/4413) trawl-core emitter::tests::expr_arithmetic
        PASS [   1.005s] (1307/4413) fleet-dev runtime::tests::forwarded_signal_is_observed_by_the_supervisor
        PASS [   0.023s] (1308/4413) trawl-core emitter::tests::expr_compound_and
        PASS [   0.022s] (1309/4413) trawl-core emitter::tests::expr_ilike
        PASS [   0.025s] (1310/4413) trawl-core emitter::tests::expr_compound_or
        PASS [   0.024s] (1311/4413) trawl-core emitter::tests::expr_in_list
        PASS [   0.025s] (1312/4413) trawl-core emitter::tests::expr_like
        PASS [   0.023s] (1313/4413) trawl-core emitter::tests::expr_matches_string_literal
        PASS [   0.025s] (1314/4413) trawl-core emitter::tests::expr_matches_regex_literal
        PASS [   0.022s] (1315/4413) trawl-core emitter::tests::expr_not_equal
        PASS [   0.023s] (1316/4413) trawl-core emitter::tests::field_filter_with_float_coercion
        PASS [   0.026s] (1317/4413) trawl-core emitter::tests::expr_negation
        PASS [   0.022s] (1318/4413) trawl-core emitter::tests::field_filter_with_numeric_coercion
        PASS [   0.025s] (1319/4413) trawl-core emitter::tests::fn_case_no_default
        PASS [   0.022s] (1320/4413) trawl-core emitter::tests::fn_case_with_default
        PASS [   0.023s] (1321/4413) trawl-core emitter::tests::fn_concat
        PASS [   0.023s] (1322/4413) trawl-core emitter::tests::fn_date_diff
        PASS [   0.022s] (1323/4413) trawl-core emitter::tests::fn_date_part
        PASS [   0.024s] (1324/4413) trawl-core emitter::tests::fn_contains
        PASS [   0.022s] (1325/4413) trawl-core emitter::tests::fn_date_trunc
        PASS [   0.022s] (1326/4413) trawl-core emitter::tests::fn_json_valid
        PASS [   0.024s] (1327/4413) trawl-core emitter::tests::fn_endswith
        PASS [   0.024s] (1328/4413) trawl-core emitter::tests::fn_json_extract
        PASS [   0.004s] (1329/4413) trawl-core emitter::tests::hot_source_empty_pins_is_plain_union_with_timestamp_casts
        PASS [   0.004s] (1330/4413) trawl-core emitter::tests::hot_source_non_ascii_distinct_pins_each_get_an_entry
        PASS [   0.004s] (1331/4413) trawl-core emitter::tests::hot_source_pinned_timestamp_columns_not_duplicated
        PASS [   0.004s] (1332/4413) trawl-core emitter::tests::hot_source_pins_cast_hot_branch_only
        PASS [   0.004s] (1333/4413) trawl-core emitter::tests::hot_source_rejects_invalid_path
        PASS [   0.004s] (1334/4413) trawl-core emitter::tests::kv_split_stamps_rust_stage_pins_at_the_boundary
        PASS [   0.004s] (1335/4413) trawl-core emitter::tests::let_wildcard_folds_ascii_only
        PASS [   0.022s] (1336/4413) trawl-core emitter::tests::fn_startswith
        PASS [   0.022s] (1337/4413) trawl-core emitter::tests::fn_strftime_dsl_order
        PASS [   0.006s] (1338/4413) trawl-core emitter::tests::level_is_an_ordinary_field_in_every_position
        PASS [   0.026s] (1339/4413) trawl-core emitter::tests::fn_split
        PASS [   0.004s] (1340/4413) trawl-core emitter::tests::list_source_rejects_invalid_path
        PASS [   0.004s] (1341/4413) trawl-core emitter::tests::list_source_rejects_malformed_list
        PASS [   0.026s] (1342/4413) trawl-core emitter::tests::hot_source_emits_union_all
        PASS [   0.026s] (1343/4413) trawl-core emitter::tests::hot_source_with_comparison_pins
        PASS [   0.025s] (1344/4413) trawl-core emitter::tests::list_source_emits_read_parquet_list
        PASS [   0.023s] (1345/4413) trawl-core emitter::tests::multi_double_stats
        PASS [   0.023s] (1346/4413) trawl-core emitter::tests::multi_let_chained
        PASS [   0.023s] (1347/4413) trawl-core emitter::tests::multi_full_pipeline
        PASS [   0.024s] (1348/4413) trawl-core emitter::tests::multi_extract_then_where
        PASS [   0.023s] (1349/4413) trawl-core emitter::tests::multi_let_then_where
        PASS [   0.007s] (1350/4413) trawl-core emitter::tests::out_of_ladder_severity_points_render_one_representative
        PASS [   0.003s] (1351/4413) trawl-core emitter::tests::parameter_identity_reads_bits_not_ieee_equality
        PASS [   0.023s] (1352/4413) trawl-core emitter::tests::multi_search_then_dedup
        PASS [   0.024s] (1353/4413) trawl-core emitter::tests::multi_stats_then_drop
        PASS [   0.022s] (1354/4413) trawl-core emitter::tests::multi_stats_then_sort_then_limit
        PASS [   0.023s] (1355/4413) trawl-core emitter::tests::multi_stats_then_table
        PASS [   0.025s] (1356/4413) trawl-core emitter::tests::multi_stats_then_where
        PASS [   0.004s] (1357/4413) trawl-core emitter::tests::pinned_lookup_is_case_folded
        PASS [   0.026s] (1358/4413) trawl-core emitter::tests::multi_table_then_stats
        PASS [   0.026s] (1359/4413) trawl-core emitter::tests::pinned_bigint_glob_casts_to_varchar
        PASS [   0.027s] (1360/4413) trawl-core emitter::tests::pinned_let_comparison_adopts_the_rule_table
        PASS [   0.024s] (1361/4413) trawl-core emitter::tests::pinned_severity_eq_exact_otel_name
        PASS [   0.025s] (1362/4413) trawl-core emitter::tests::pinned_severity_eq_band_token
        PASS [   0.025s] (1363/4413) trawl-core emitter::tests::pinned_severity_glob_matches_the_canonical_token_text
        PASS [   0.033s] (1364/4413) trawl-core emitter::tests::pinned_pipeline_emission_is_byte_identical_outside_the_changed_cells
        PASS [   0.025s] (1365/4413) trawl-core emitter::tests::pinned_severity_gte_token_is_the_exact_number
        PASS [   0.025s] (1366/4413) trawl-core emitter::tests::pinned_severity_in_list_binds_the_subject_once
        PASS [   0.022s] (1367/4413) trawl-core emitter::tests::pinned_severity_ne_band_widens_with_null_in_the_search_stage
        PASS [   0.024s] (1368/4413) trawl-core emitter::tests::pinned_severity_regex_matches_the_canonical_token_text
        PASS [   0.025s] (1369/4413) trawl-core emitter::tests::pinned_severity_negated_list_composes_scalar_widening
        PASS [   0.063s] (1370/4413) trawl-core emitter::tests::pinned_emission_is_byte_identical_outside_the_changed_cells
        PASS [   0.025s] (1371/4413) trawl-core emitter::tests::pinned_severity_where_eq_band
        PASS [   0.023s] (1372/4413) trawl-core emitter::tests::pinned_severity_where_gte_token
        PASS [   0.023s] (1373/4413) trawl-core emitter::tests::pinned_severity_where_ne_band_stays_strict
        PASS [   0.024s] (1374/4413) trawl-core emitter::tests::pinned_timestamp_regex_renders_rfc3339_text
        PASS [   0.023s] (1375/4413) trawl-core emitter::tests::pinned_varchar_eq_numeric_binds_text_and_reading
        PASS [   0.022s] (1376/4413) trawl-core emitter::tests::pinned_varchar_in_list_mixes_text_and_numeric_elements
        PASS [   0.026s] (1377/4413) trawl-core emitter::tests::pinned_varchar_in_list_expands_to_or_of_equalities
        PASS [   0.004s] (1378/4413) trawl-core emitter::tests::pinned_where_after_computed_let_is_literal_driven
        PASS [   0.025s] (1379/4413) trawl-core emitter::tests::pinned_varchar_in_list_without_numbers_keeps_in_shape
        PASS [   0.022s] (1380/4413) trawl-core emitter::tests::pinned_varchar_ne_numeric_binds_text_and_reading_keeping_null_policy
        PASS [   0.004s] (1381/4413) trawl-core emitter::tests::pinned_where_excluded_shapes_emit_byte_identical_sql
        PASS [   0.022s] (1382/4413) trawl-core emitter::tests::pinned_varchar_negated_list_composes_scalar_equalities
        PASS [   0.022s] (1383/4413) trawl-core emitter::tests::pinned_varchar_ordered_numeric_compares_in_decimal_space
        PASS [   0.024s] (1384/4413) trawl-core emitter::tests::pinned_varchar_ordered_lexical_unchanged
        PASS [   0.004s] (1385/4413) trawl-core emitter::tests::pinned_where_quoted_numeric_literal_binds_content
        PASS [   0.022s] (1386/4413) trawl-core emitter::tests::pinned_where_after_stats_group_key_stays_pin_aware
        PASS [   0.025s] (1387/4413) trawl-core emitter::tests::pinned_where_after_rename_is_pin_aware_under_new_name
        PASS [   0.004s] (1388/4413) trawl-core emitter::tests::pinned_where_typed_pin_comparison_is_byte_identical
        PASS [   0.023s] (1389/4413) trawl-core emitter::tests::pinned_where_in_list_expands_numeric_elements
        PASS [   0.023s] (1390/4413) trawl-core emitter::tests::pinned_where_like_timestamp_pin_renders_rfc3339_text
        PASS [   0.023s] (1391/4413) trawl-core emitter::tests::pinned_where_matches_typed_pin_targets_canonical_text
        PASS [   0.022s] (1392/4413) trawl-core emitter::tests::pinned_where_reversed_operands_bind_the_field_rule
        PASS [   0.022s] (1393/4413) trawl-core emitter::tests::pinned_where_varchar_eq_numeric_binds_text_and_reading
        PASS [   0.022s] (1394/4413) trawl-core emitter::tests::pinned_where_varchar_ne_keeps_strict_null_policy
        PASS [   0.024s] (1395/4413) trawl-core emitter::tests::pinned_where_varchar_ordered_numeric_compares_in_decimal_space
        PASS [   0.024s] (1396/4413) trawl-core emitter::tests::pipe_dedup_bare
        PASS [   0.022s] (1397/4413) trawl-core emitter::tests::pipe_dedup_multiple_fields
        PASS [   0.023s] (1398/4413) trawl-core emitter::tests::pipe_dedup_single_field
        PASS [   0.022s] (1399/4413) trawl-core emitter::tests::pipe_drop_multiple
        PASS [   0.022s] (1400/4413) trawl-core emitter::tests::pipe_drop_single
        PASS [   0.023s] (1401/4413) trawl-core emitter::tests::pipe_eventstats_basic
        PASS [   0.022s] (1402/4413) trawl-core emitter::tests::pipe_eventstats_multi_agg
        PASS [   0.022s] (1403/4413) trawl-core emitter::tests::pipe_eventstats_no_by
        PASS [   0.023s] (1404/4413) trawl-core emitter::tests::pipe_eventstats_then_where
        PASS [   0.022s] (1405/4413) trawl-core emitter::tests::pipe_extract_kv_basic
        PASS [   0.028s] (1406/4413) trawl-core emitter::tests::pipe_extract_default_field
        PASS [   0.023s] (1407/4413) trawl-core emitter::tests::pipe_extract_kv_with_downstream
        PASS [   0.023s] (1408/4413) trawl-core emitter::tests::pipe_extract_kv_with_search_prefix
        PASS [   0.024s] (1409/4413) trawl-core emitter::tests::pipe_extract_kv_with_sep
        PASS [   0.023s] (1410/4413) trawl-core emitter::tests::pipe_let_arithmetic
        PASS [   0.027s] (1411/4413) trawl-core emitter::tests::pipe_extract_named_group
        PASS [   0.023s] (1412/4413) trawl-core emitter::tests::pipe_let_function_call
        PASS [   0.023s] (1413/4413) trawl-core emitter::tests::pipe_let_multi_assignment
        PASS [   0.025s] (1414/4413) trawl-core emitter::tests::pipe_let_override_existing
        PASS [   0.022s] (1415/4413) trawl-core emitter::tests::pipe_let_round_no_precision
        PASS [   0.024s] (1416/4413) trawl-core emitter::tests::pipe_let_round_with_precision
        PASS [   0.023s] (1417/4413) trawl-core emitter::tests::pipe_limit
        PASS [   0.025s] (1418/4413) trawl-core emitter::tests::pipe_pivot_basic
        PASS [   0.024s] (1419/4413) trawl-core emitter::tests::pipe_pivot_no_by
        PASS [   0.022s] (1420/4413) trawl-core emitter::tests::pipe_pivot_then_where
        PASS [   0.024s] (1421/4413) trawl-core emitter::tests::pipe_pivot_with_search
        PASS [   0.025s] (1422/4413) trawl-core emitter::tests::pipe_rare_basic
        PASS [   0.026s] (1423/4413) trawl-core emitter::tests::pipe_rare_with_by
        PASS [   0.023s] (1424/4413) trawl-core emitter::tests::pipe_rename_multiple
        PASS [   0.025s] (1425/4413) trawl-core emitter::tests::pipe_rename_single
        PASS [   0.023s] (1426/4413) trawl-core emitter::tests::pipe_sample_percent
        PASS [   0.025s] (1427/4413) trawl-core emitter::tests::pipe_sample_count
        PASS [   0.022s] (1428/4413) trawl-core emitter::tests::pipe_sort_desc
        PASS [   0.031s] (1429/4413) trawl-core emitter::tests::pipe_sort_asc
        PASS [   0.024s] (1430/4413) trawl-core emitter::tests::pipe_sort_timestamp
        PASS [   0.026s] (1431/4413) trawl-core emitter::tests::pipe_stats_avg
        PASS [   0.023s] (1432/4413) trawl-core emitter::tests::pipe_stats_multiple_aggs
        PASS [   0.022s] (1433/4413) trawl-core emitter::tests::pipe_stats_no_group
        PASS [   0.022s] (1434/4413) trawl-core emitter::tests::pipe_stats_with_alias
        PASS [   0.025s] (1435/4413) trawl-core emitter::tests::pipe_stats_with_group
        PASS [   0.025s] (1436/4413) trawl-core emitter::tests::pipe_table
        PASS [   0.024s] (1437/4413) trawl-core emitter::tests::pipe_tail
        PASS [   0.022s] (1438/4413) trawl-core emitter::tests::pipe_tail_after_sort
        PASS [   0.024s] (1439/4413) trawl-core emitter::tests::pipe_timechart_auto_bucket_1h
        PASS [   0.022s] (1440/4413) trawl-core emitter::tests::pipe_timechart_auto_bucket_7d
        PASS [   0.025s] (1441/4413) trawl-core emitter::tests::pipe_timechart_by_then_where
        PASS [   0.025s] (1442/4413) trawl-core emitter::tests::pipe_timechart_explicit_span
        PASS [   0.004s] (1443/4413) trawl-core emitter::tests::pivot_cte_finalization_preserves_a_multiline_literal
        PASS [   0.022s] (1444/4413) trawl-core emitter::tests::pipe_timechart_multiple_aggs
        PASS [   0.022s] (1445/4413) trawl-core emitter::tests::pipe_timechart_with_by
        PASS [   0.025s] (1446/4413) trawl-core emitter::tests::pipe_top_basic
        PASS [   0.004s] (1447/4413) trawl-core emitter::tests::queries_without_text_search_have_no_raw_free_variant
        PASS [   0.005s] (1448/4413) trawl-core emitter::tests::pivot_inlining_never_splices_into_a_quoted_region
        PASS [   0.004s] (1449/4413) trawl-core emitter::tests::rejects_dotdot_source
        PASS [   0.023s] (1450/4413) trawl-core emitter::tests::pipe_top_with_by
        PASS [   0.023s] (1451/4413) trawl-core emitter::tests::pipe_top_with_search
        PASS [   0.004s] (1452/4413) trawl-core emitter::tests::rejects_source_with_semicolon
        PASS [   0.004s] (1453/4413) trawl-core emitter::tests::rejects_source_with_single_quote
        PASS [   0.004s] (1454/4413) trawl-core emitter::tests::rejects_tilde_source
        PASS [   0.006s] (1455/4413) trawl-core emitter::tests::reserved_names_cannot_be_minted_by_the_pipeline
        PASS [   0.023s] (1456/4413) trawl-core emitter::tests::pipe_where
        PASS [   0.022s] (1457/4413) trawl-core emitter::tests::search_bare_text
        PASS [   0.022s] (1458/4413) trawl-core emitter::tests::search_comparison_gt
        PASS [   0.022s] (1459/4413) trawl-core emitter::tests::search_comparison_lt
        PASS [   0.023s] (1460/4413) trawl-core emitter::tests::search_comparison_gte
        PASS [   0.024s] (1461/4413) trawl-core emitter::tests::search_comparison_ne
        PASS [   0.022s] (1462/4413) trawl-core emitter::tests::search_earliest_latest
        PASS [   0.023s] (1463/4413) trawl-core emitter::tests::search_earliest_only
        PASS [   0.022s] (1464/4413) trawl-core emitter::tests::search_glob
        PASS [   0.022s] (1465/4413) trawl-core emitter::tests::search_in_list
        PASS [   0.022s] (1466/4413) trawl-core emitter::tests::search_level_is_a_plain_field_filter
        PASS [   0.024s] (1467/4413) trawl-core emitter::tests::search_kitchen_sink
        PASS [   0.022s] (1468/4413) trawl-core emitter::tests::search_multiple_filters
        PASS [   0.022s] (1469/4413) trawl-core emitter::tests::search_negated_list
        PASS [   0.024s] (1470/4413) trawl-core emitter::tests::search_negated_text
        PASS [   0.022s] (1471/4413) trawl-core emitter::tests::search_not_paren_group
        PASS [   0.024s] (1472/4413) trawl-core emitter::tests::search_not_field
        PASS [   0.022s] (1473/4413) trawl-core emitter::tests::search_or_multi_token_groups
        PASS [   0.022s] (1474/4413) trawl-core emitter::tests::search_or_with_time_filter
        PASS [   0.023s] (1475/4413) trawl-core emitter::tests::search_or_with_stats
        PASS [   0.025s] (1476/4413) trawl-core emitter::tests::search_or_two_services
        PASS [   0.023s] (1477/4413) trawl-core emitter::tests::search_paren_group
        PASS [   0.004s] (1478/4413) trawl-core emitter::tests::sev_dialect_argument_selects_the_expression_and_binds_nothing
        PASS [   0.004s] (1479/4413) trawl-core emitter::tests::sev_emits_the_reading_kernel_over_the_arguments_text
        PASS [   0.004s] (1480/4413) trawl-core emitter::tests::sev_is_not_an_aggregate
        PASS [   0.023s] (1481/4413) trawl-core emitter::tests::search_quoted_phrase
        PASS [   0.023s] (1482/4413) trawl-core emitter::tests::search_regex
        PASS [   0.004s] (1483/4413) trawl-core emitter::tests::sev_over_a_literal_types_its_parameter
        PASS [   0.022s] (1484/4413) trawl-core emitter::tests::search_single_field_filter
        PASS [   0.004s] (1485/4413) trawl-core emitter::tests::sev_refuses_a_non_literal_dialect
        PASS [   0.004s] (1486/4413) trawl-core emitter::tests::sev_refuses_an_unknown_dialect
        PASS [   0.004s] (1487/4413) trawl-core emitter::tests::sev_reports_arity_before_vocabulary
        PASS [   0.022s] (1488/4413) trawl-core emitter::tests::search_wildcard_no_filter
        PASS [   0.006s] (1489/4413) trawl-core emitter::tests::severity_predicates_render_the_subject_once_per_range
        PASS [   0.027s] (1490/4413) trawl-core emitter::tests::search_time_filter_days
        PASS [   0.027s] (1491/4413) trawl-core emitter::tests::search_time_filter
        PASS [   0.004s] (1492/4413) trawl-core emitter::tests::the_inlined_and_displayed_anchor_agree
        PASS [   0.004s] (1493/4413) trawl-core emitter::tests::text_search_carries_a_raw_free_variant
        PASS [   0.004s] (1494/4413) trawl-core emitter::tests::time_alias_spellings_name_their_own_columns
        PASS [   0.006s] (1495/4413) trawl-core emitter::tests::severity_subjects_never_push_parameters
        PASS [   0.004s] (1496/4413) trawl-core emitter::tests::time_filter_uses_time_column
        PASS [   0.004s] (1497/4413) trawl-core emitter::tests::two_now_calls_bind_one_instant
        PASS [   0.003s] (1498/4413) trawl-core emitter::validate::tests::aggregation_alias_cannot_mint_a_reserved_name
        PASS [   0.003s] (1499/4413) trawl-core emitter::validate::tests::ordinary_aggregation_alias_is_accepted
        PASS [   0.004s] (1500/4413) trawl-core eval::tests::abs_and_neg_null_on_i64_min_overflow
        PASS [   0.003s] (1501/4413) trawl-core eval::tests::add_int_float
        PASS [   0.003s] (1502/4413) trawl-core eval::tests::add_ints
        PASS [   0.003s] (1503/4413) trawl-core eval::tests::all_scalar_known_functions_return_some
        PASS [   0.003s] (1504/4413) trawl-core eval::tests::an_infinity_compares_as_duckdb_orders_it
        PASS [   0.003s] (1505/4413) trawl-core eval::tests::and_false_null
        PASS [   0.003s] (1506/4413) trawl-core eval::tests::and_null_true
        PASS [   0.003s] (1507/4413) trawl-core eval::tests::and_true_false
        PASS [   0.003s] (1508/4413) trawl-core eval::tests::and_true_true
        PASS [   0.003s] (1509/4413) trawl-core eval::tests::arithmetic_null_propagation
        PASS [   0.003s] (1510/4413) trawl-core eval::tests::arithmetic_with_field
        PASS [   0.004s] (1511/4413) trawl-core eval::tests::as_finite_is_none_for_a_text_with_no_reading
        PASS [   0.003s] (1512/4413) trawl-core eval::tests::as_finite_reads_the_literal_timestamp_syntax
        PASS [   0.003s] (1513/4413) trawl-core eval::tests::cmp_null_propagation
        PASS [   0.003s] (1514/4413) trawl-core eval::tests::as_instant_reads_an_infinity_that_as_finite_refuses
        PASS [   0.003s] (1515/4413) trawl-core eval::tests::cmp_strings
        PASS [   0.003s] (1516/4413) trawl-core eval::tests::complex_let_expression
        PASS [   0.003s] (1517/4413) trawl-core eval::tests::complex_where_condition
        PASS [   0.003s] (1518/4413) trawl-core eval::tests::current_strptime_reads_only_a_six_digit_fraction
        PASS [   0.004s] (1519/4413) trawl-core eval::tests::div_by_zero_float
        PASS [   0.003s] (1520/4413) trawl-core eval::tests::div_by_zero_int
        PASS [   0.003s] (1521/4413) trawl-core eval::tests::div_floats
        PASS [   0.004s] (1522/4413) trawl-core eval::tests::div_ints
        PASS [   0.003s] (1523/4413) trawl-core eval::tests::duckdb_double_text_matches_cast_to_varchar
        PASS [   0.004s] (1524/4413) trawl-core eval::tests::eq_int_float_cross
        PASS [   0.003s] (1525/4413) trawl-core eval::tests::eq_ints
        PASS [   0.024s] (1526/4413) trawl-core emitter::tests::timestamp_mapping
        PASS [   0.003s] (1527/4413) trawl-core eval::tests::eval_value_to_json_roundtrip
        PASS [   0.023s] (1528/4413) trawl-core emitter::tests::where_level_is_a_plain_comparison
        PASS [   0.003s] (1529/4413) trawl-core eval::tests::field_ref_missing
        PASS [   0.003s] (1530/4413) trawl-core eval::tests::field_ref_numeric
        PASS [   0.003s] (1531/4413) trawl-core eval::tests::field_ref_time_alias
        PASS [   0.004s] (1532/4413) trawl-core eval::tests::field_ref_present
        PASS [   0.003s] (1533/4413) trawl-core eval::tests::field_ref_timestamp_is_not_an_alias_for_time
        PASS [   0.003s] (1534/4413) trawl-core eval::tests::fn_abs_positive
        PASS [   0.004s] (1535/4413) trawl-core eval::tests::fn_abs_float
        PASS [   0.003s] (1536/4413) trawl-core eval::tests::fn_case_stops_at_the_first_true_arm_and_nulls_on_an_unreadable_one
        PASS [   0.003s] (1537/4413) trawl-core eval::tests::fn_ceil
        PASS [   0.003s] (1538/4413) trawl-core eval::tests::fn_ceil_keeps_negative_zero
        PASS [   0.003s] (1539/4413) trawl-core eval::tests::fn_ceiling_alias
        PASS [   0.004s] (1540/4413) trawl-core eval::tests::fn_ceil_widens_an_integer_argument
        PASS [   0.003s] (1541/4413) trawl-core eval::tests::fn_coalesce_all_null
        PASS [   0.004s] (1542/4413) trawl-core eval::tests::fn_coalesce_first_non_null
        PASS [   0.003s] (1543/4413) trawl-core eval::tests::fn_concat_all_null_is_empty_string
        PASS [   0.004s] (1544/4413) trawl-core eval::tests::fn_concat_float_renders_duckdb_way
        PASS [   0.003s] (1545/4413) trawl-core eval::tests::fn_concat_mixed_types
        PASS [   0.003s] (1546/4413) trawl-core eval::tests::fn_concat_skips_null
        PASS [   0.003s] (1547/4413) trawl-core eval::tests::fn_concat_trailing_null
        PASS [   0.003s] (1548/4413) trawl-core eval::tests::fn_date_diff_day
        PASS [   0.003s] (1549/4413) trawl-core eval::tests::fn_date_diff_hour_boundary_crossing
        PASS [   0.004s] (1550/4413) trawl-core eval::tests::fn_date_diff_month
        PASS [   0.003s] (1551/4413) trawl-core eval::tests::fn_date_diff_negative
        PASS [   0.003s] (1552/4413) trawl-core eval::tests::fn_date_diff_week_boundary
        PASS [   0.003s] (1553/4413) trawl-core eval::tests::fn_date_part_day
        PASS [   0.003s] (1554/4413) trawl-core eval::tests::fn_date_part_dow_sunday
        PASS [   0.003s] (1555/4413) trawl-core eval::tests::fn_date_part_hour
        PASS [   0.003s] (1556/4413) trawl-core eval::tests::fn_date_part_month
        PASS [   0.003s] (1557/4413) trawl-core eval::tests::fn_date_part_quarter
        PASS [   0.003s] (1558/4413) trawl-core eval::tests::fn_date_part_unknown_unit
        PASS [   0.003s] (1559/4413) trawl-core eval::tests::fn_date_part_year
        PASS [   0.003s] (1560/4413) trawl-core eval::tests::fn_date_trunc_day
        PASS [   0.003s] (1561/4413) trawl-core eval::tests::fn_date_trunc_hour
        PASS [   0.003s] (1562/4413) trawl-core eval::tests::fn_date_trunc_month
        PASS [   0.003s] (1563/4413) trawl-core eval::tests::fn_date_trunc_week_to_monday
        PASS [   0.003s] (1564/4413) trawl-core eval::tests::fn_date_trunc_year
        PASS [   0.003s] (1565/4413) trawl-core eval::tests::fn_floor
        PASS [   0.003s] (1566/4413) trawl-core eval::tests::fn_floor_widens_an_integer_argument
        PASS [   0.003s] (1567/4413) trawl-core eval::tests::fn_if_false
        PASS [   0.003s] (1568/4413) trawl-core eval::tests::fn_if_reads_its_condition_as_duckdb_casts_it
        PASS [   0.003s] (1569/4413) trawl-core eval::tests::fn_if_true
        PASS [   0.004s] (1570/4413) trawl-core eval::tests::fn_isnotnull
        PASS [   0.004s] (1571/4413) trawl-core eval::tests::fn_isnull_not_null
        PASS [   0.003s] (1572/4413) trawl-core eval::tests::fn_isnull_null
        PASS [   0.003s] (1573/4413) trawl-core eval::tests::fn_len_alias
        PASS [   0.004s] (1574/4413) trawl-core eval::tests::fn_json_extract_returns_json_text
        PASS [   0.004s] (1575/4413) trawl-core eval::tests::fn_length
        PASS [   0.003s] (1576/4413) trawl-core eval::tests::fn_length_counts_chars_not_bytes
        PASS [   0.003s] (1577/4413) trawl-core eval::tests::fn_lower
        PASS [   0.003s] (1578/4413) trawl-core eval::tests::fn_ltrim
        PASS [   0.003s] (1579/4413) trawl-core eval::tests::fn_now_returns_the_contexts_instant
        PASS [   0.003s] (1580/4413) trawl-core eval::tests::fn_replace
        PASS [   0.003s] (1581/4413) trawl-core eval::tests::fn_round_explicit_zero_precision_stays_double
        PASS [   0.003s] (1582/4413) trawl-core eval::tests::fn_round_int_passthrough
        PASS [   0.003s] (1583/4413) trawl-core eval::tests::fn_round_no_precision
        PASS [   0.003s] (1584/4413) trawl-core eval::tests::fn_round_with_precision
        PASS [   0.003s] (1585/4413) trawl-core eval::tests::fn_rtrim
        PASS [   0.003s] (1586/4413) trawl-core eval::tests::fn_sev_dialect_inverts_numerics_only
        PASS [   0.003s] (1587/4413) trawl-core eval::tests::fn_sev_reads_the_ladder
        PASS [   0.004s] (1588/4413) trawl-core eval::tests::fn_sev_over_event_columns
        PASS [   0.003s] (1589/4413) trawl-core eval::tests::fn_strftime_basic
        PASS [   0.003s] (1590/4413) trawl-core eval::tests::fn_strftime_full
        PASS [   0.003s] (1591/4413) trawl-core eval::tests::fn_strftime_invalid_specifier_returns_null_not_panic
        PASS [   0.003s] (1592/4413) trawl-core eval::tests::fn_strftime_percent_f_is_microseconds
        PASS [   0.003s] (1593/4413) trawl-core eval::tests::fn_strftime_trailing_percent_returns_null_not_panic
        PASS [   0.003s] (1594/4413) trawl-core eval::tests::fn_strptime_failure_returns_null
        PASS [   0.003s] (1595/4413) trawl-core eval::tests::fn_strptime_partial_formats_fill_like_duckdb
        PASS [   0.003s] (1596/4413) trawl-core eval::tests::fn_strptime_success
        PASS [   0.003s] (1597/4413) trawl-core eval::tests::fn_substr_null
        PASS [   0.003s] (1598/4413) trawl-core eval::tests::fn_substr_three_args
        PASS [   0.003s] (1599/4413) trawl-core eval::tests::fn_substr_two_args
        PASS [   0.003s] (1600/4413) trawl-core eval::tests::fn_tonumber_from_bool
        PASS [   0.003s] (1601/4413) trawl-core eval::tests::fn_tonumber_from_float
        PASS [   0.003s] (1602/4413) trawl-core eval::tests::fn_tonumber_from_int
        PASS [   0.003s] (1603/4413) trawl-core eval::tests::fn_tonumber_from_str
        PASS [   0.003s] (1604/4413) trawl-core eval::tests::fn_tonumber_honors_inner_digit_separators
        PASS [   0.003s] (1605/4413) trawl-core eval::tests::fn_tonumber_non_numeric_str
        PASS [   0.003s] (1606/4413) trawl-core eval::tests::fn_tonumber_rejects_misplaced_digit_separators
        PASS [   0.004s] (1607/4413) trawl-core eval::tests::fn_tostring_float_renders_duckdb_way
        PASS [   0.003s] (1608/4413) trawl-core eval::tests::fn_tostring_int
        PASS [   0.003s] (1609/4413) trawl-core eval::tests::fn_tostring_null
        PASS [   0.003s] (1610/4413) trawl-core eval::tests::fn_tostring_timestamp
        PASS [   0.003s] (1611/4413) trawl-core eval::tests::fn_trim
        PASS [   0.003s] (1612/4413) trawl-core eval::tests::fn_typeof_now_is_timestamp
        PASS [   0.004s] (1613/4413) trawl-core eval::tests::fn_typeof_int
        PASS [   0.003s] (1614/4413) trawl-core eval::tests::fn_typeof_null
        PASS [   0.003s] (1615/4413) trawl-core eval::tests::fn_typeof_string
        PASS [   0.004s] (1616/4413) trawl-core eval::tests::fn_upper
        PASS [   0.003s] (1617/4413) trawl-core eval::tests::gt_ints
        PASS [   0.004s] (1618/4413) trawl-core eval::tests::gt_false
        PASS [   0.003s] (1619/4413) trawl-core eval::tests::if_with_field_condition
        PASS [   0.004s] (1620/4413) trawl-core eval::tests::gte_equal
        PASS [   0.004s] (1621/4413) trawl-core eval::tests::if_with_null_field
        PASS [   0.003s] (1622/4413) trawl-core eval::tests::in_list_found
        PASS [   0.003s] (1623/4413) trawl-core eval::tests::in_list_not_found
        PASS [   0.003s] (1624/4413) trawl-core eval::tests::in_list_null_target
        PASS [   0.003s] (1625/4413) trawl-core eval::tests::int_arithmetic_overflow_is_null
        PASS [   0.003s] (1626/4413) trawl-core eval::tests::json_to_eval_value
        PASS [   0.005s] (1627/4413) trawl-core eval::tests::ilike_case_insensitive
        PASS [   0.004s] (1628/4413) trawl-core eval::tests::like_null_propagation
        PASS [   0.005s] (1629/4413) trawl-core eval::tests::like_case_sensitive
        PASS [   0.003s] (1630/4413) trawl-core eval::tests::literal_bool
        PASS [   0.003s] (1631/4413) trawl-core eval::tests::literal_float
        PASS [   0.004s] (1632/4413) trawl-core eval::tests::like_underscore_wildcard
        PASS [   0.005s] (1633/4413) trawl-core eval::tests::like_no_match
        PASS [   0.005s] (1634/4413) trawl-core eval::tests::like_percent_wildcard
        PASS [   0.003s] (1635/4413) trawl-core eval::tests::literal_int
        PASS [   0.003s] (1636/4413) trawl-core eval::tests::literal_string
        PASS [   0.003s] (1637/4413) trawl-core eval::tests::lt_ints
        PASS [   0.004s] (1638/4413) trawl-core eval::tests::literal_null
        PASS [   0.003s] (1639/4413) trawl-core eval::tests::lte_equal
        PASS [   0.005s] (1640/4413) trawl-core eval::tests::matches_no_match
        PASS [   0.003s] (1641/4413) trawl-core eval::tests::modulo_by_zero
        PASS [   0.005s] (1642/4413) trawl-core eval::tests::matches_regex
        PASS [   0.003s] (1643/4413) trawl-core eval::tests::modulo_by_zero_float
        PASS [   0.003s] (1644/4413) trawl-core eval::tests::modulo_ints
        PASS [   0.003s] (1645/4413) trawl-core eval::tests::mul_ints
        PASS [   0.003s] (1646/4413) trawl-core eval::tests::nan_compares_as_duckdb_orders_it
        PASS [   0.003s] (1647/4413) trawl-core eval::tests::ne_ints
        PASS [   0.003s] (1648/4413) trawl-core eval::tests::neg_float
        PASS [   0.003s] (1649/4413) trawl-core eval::tests::neg_int
        PASS [   0.003s] (1650/4413) trawl-core eval::tests::nested_function_call
        PASS [   0.003s] (1651/4413) trawl-core eval::tests::not_false
        PASS [   0.003s] (1652/4413) trawl-core eval::tests::not_true
        PASS [   0.003s] (1653/4413) trawl-core eval::tests::not_null
        PASS [   0.003s] (1654/4413) trawl-core eval::tests::or_false_false
        PASS [   0.003s] (1655/4413) trawl-core eval::tests::or_null_false
        PASS [   0.003s] (1656/4413) trawl-core eval::tests::or_true_null
        PASS [   0.004s] (1657/4413) trawl-core eval::tests::pinned::matches_over_varchar_pin_reads_the_stored_text
        PASS [   0.004s] (1658/4413) trawl-core eval::tests::pinned::ne_over_absent_field_is_unknown
        PASS [   0.005s] (1659/4413) trawl-core eval::tests::pinned::in_list_routes_each_element_through_eq
        PASS [   0.005s] (1660/4413) trawl-core eval::tests::pinned::matches_over_typed_pin_targets_canonical_text
        PASS [   0.004s] (1661/4413) trawl-core eval::tests::pinned::quoted_numeric_literal_binds_content
        PASS [   0.004s] (1662/4413) trawl-core eval::tests::pinned::reversed_operands_bind_the_field_rule
        PASS [   0.004s] (1663/4413) trawl-core eval::tests::pinned::pinned_lookup_binds_the_rows_key_case_insensitively
        PASS [   0.004s] (1664/4413) trawl-core eval::tests::pinned::typed_pin_unreadable_value_is_unknown_even_for_ne
        PASS [   0.004s] (1665/4413) trawl-core eval::tests::pinned::unpinned_field_falls_through_to_literal_driven_eval
        PASS [   0.004s] (1666/4413) trawl-core eval::tests::pinned::unpinned_lookup_binds_the_rows_key_case_insensitively
        PASS [   0.004s] (1667/4413) trawl-core eval::tests::pinned::varchar_eq_numeric_matches_text_or_reading
        PASS [   0.003s] (1668/4413) trawl-core eval::tests::sub_ints
        PASS [   0.003s] (1669/4413) trawl-core eval::tests::substr_duckdb_window_semantics
        PASS [   0.004s] (1670/4413) trawl-core eval::tests::pinned::varchar_ordered_numeric_compares_in_decimal_space
        PASS [   0.003s] (1671/4413) trawl-core eval::tests::substr_extreme_bounds_do_not_panic
        PASS [   0.004s] (1672/4413) trawl-core eval::tests::the_date_scalars_mirror_duckdb_over_an_infinity
        PASS [   0.004s] (1673/4413) trawl-core eval::tests::the_format_translation_touches_only_a_bare_percent_f
        PASS [   0.003s] (1674/4413) trawl-core eval::tests::the_json_spelling_pass_only_touches_an_exponent_sign
        PASS [   0.003s] (1675/4413) trawl-core eval::tests::timestamp_eq_str_same_instant
        PASS [   0.003s] (1676/4413) trawl-core eval::tests::timestamp_gt_str_past_is_true
        PASS [   0.003s] (1677/4413) trawl-core eval::tests::timestamp_is_truthy
        PASS [   0.003s] (1678/4413) trawl-core eval::tests::timestamp_lt_str_future_is_true
        PASS [   0.003s] (1679/4413) trawl-core eval::tests::timestamp_to_duckdb_text_no_frac
        PASS [   0.003s] (1680/4413) trawl-core eval::tests::timestamp_to_duckdb_text_trims_trailing_zeros
        PASS [   0.003s] (1681/4413) trawl-core eval::tests::timestamp_to_duckdb_text_with_micros
        PASS [   0.003s] (1682/4413) trawl-core eval::tests::timestamp_to_json_is_duckdb_text
        PASS [   0.003s] (1683/4413) trawl-core eval::tests::truthiness
        PASS [   0.003s] (1684/4413) trawl-core eval::tests::two_now_calls_in_one_expression_are_one_instant
        PASS [   0.003s] (1685/4413) trawl-core eval::tests::where_timestamp_gt_now_for_future_event
        PASS [   0.003s] (1686/4413) trawl-core eval::tests::where_timestamp_gt_now_for_past_event
        PASS [   0.004s] (1687/4413) trawl-core field_refs::tests::a_computed_target_shadowing_a_field_is_over_collected
        PASS [   0.004s] (1688/4413) trawl-core field_refs::tests::an_unparseable_query_contributes_nothing
        PASS [   0.004s] (1689/4413) trawl-core field_refs::tests::names_fold_and_never_alias
        PASS [   0.004s] (1690/4413) trawl-core field_refs::tests::text_search_and_time_bounds_bind_nothing
        PASS [   0.004s] (1691/4413) trawl-core filter::tests::empty_search_matches_all
        PASS [   0.006s] (1692/4413) trawl-core field_refs::tests::every_binding_position_is_collected
        PASS [   0.004s] (1693/4413) trawl-core filter::tests::absolute_bounds_are_half_open_at_the_microsecond
        PASS [   0.005s] (1694/4413) trawl-core filter::tests::absent_field_matches_ne_like_explicit_null
        PASS [   0.004s] (1695/4413) trawl-core filter::tests::field_eq_numeric
        PASS [   0.004s] (1696/4413) trawl-core filter::tests::field_eq_string
        PASS [   0.004s] (1697/4413) trawl-core filter::tests::field_gt
        PASS [   0.004s] (1698/4413) trawl-core filter::tests::field_gte
        PASS [   0.004s] (1699/4413) trawl-core filter::tests::field_in_list
        PASS [   0.006s] (1700/4413) trawl-core filter::tests::field_glob
        PASS [   0.006s] (1701/4413) trawl-core filter::tests::field_glob_question_mark
        PASS [   0.004s] (1702/4413) trawl-core filter::tests::field_lt
        PASS [   0.007s] (1703/4413) trawl-core filter::tests::field_glob_with_character_class
        PASS [   0.004s] (1704/4413) trawl-core filter::tests::field_lte
        PASS [   0.004s] (1705/4413) trawl-core filter::tests::field_ne
        PASS [   0.004s] (1706/4413) trawl-core filter::tests::glob_conversion_character_class
        PASS [   0.003s] (1707/4413) trawl-core filter::tests::glob_conversion_escapes_dots
        PASS [   0.003s] (1708/4413) trawl-core filter::tests::glob_conversion_negated_class
        PASS [   0.003s] (1709/4413) trawl-core filter::tests::glob_conversion_question
        PASS [   0.006s] (1710/4413) trawl-core filter::tests::field_regex
        PASS [   0.004s] (1711/4413) trawl-core filter::tests::glob_conversion_star
        PASS [   0.004s] (1712/4413) trawl-core filter::tests::matches_at_uses_the_contexts_instant
        PASS [   0.004s] (1713/4413) trawl-core filter::tests::missing_field_no_match
        PASS [   0.004s] (1714/4413) trawl-core filter::tests::null_field_no_match
        PASS [   0.004s] (1715/4413) trawl-core filter::tests::or_groups
        PASS [   0.004s] (1716/4413) trawl-core filter::tests::or_groups_with_and
        PASS [   0.003s] (1717/4413) trawl-core filter::tests::parse_epoch_f64_fractional
        PASS [   0.008s] (1718/4413) trawl-core filter::tests::level_is_an_ordinary_field
        PASS [   0.003s] (1719/4413) trawl-core filter::tests::parse_epoch_i64_millis
        PASS [   0.004s] (1720/4413) trawl-core filter::tests::parse_epoch_i64_seconds
        PASS [   0.004s] (1721/4413) trawl-core filter::tests::parse_timestamp_epoch_millis_string
        PASS [   0.003s] (1722/4413) trawl-core filter::tests::parse_timestamp_epoch_seconds_string
        PASS [   0.003s] (1723/4413) trawl-core filter::tests::parse_timestamp_iso_with_offset
        PASS [   0.004s] (1724/4413) trawl-core filter::tests::parse_timestamp_naive_fractional
        PASS [   0.003s] (1725/4413) trawl-core filter::tests::parse_timestamp_rejects_malformed
        PASS [   0.004s] (1726/4413) trawl-core filter::tests::parse_timestamp_naive_t_separator
        PASS [   0.003s] (1727/4413) trawl-core filter::tests::parse_timestamp_rfc3339
        PASS [   0.003s] (1728/4413) trawl-core filter::tests::parse_timestamp_space_fractional
        PASS [   0.004s] (1729/4413) trawl-core filter::tests::parse_timestamp_rfc3339_fractional
        PASS [   0.004s] (1730/4413) trawl-core filter::tests::parse_timestamp_space_separator
        PASS [   0.004s] (1731/4413) trawl-core filter::tests::pinned_lookup_is_case_folded
        PASS [   0.004s] (1732/4413) trawl-core filter::tests::pinned_varchar_ne_numeric_includes_json_null
        PASS [   0.004s] (1733/4413) trawl-core filter::tests::pinned_varchar_eq_numeric_compares_as_text_or_reading
        PASS [   0.004s] (1734/4413) trawl-core filter::tests::pinned_varchar_in_list_compares_as_text
        PASS [   0.004s] (1735/4413) trawl-core filter::tests::pinned_varchar_ne_numeric_keeps_unreadable_values
        PASS [   0.008s] (1736/4413) trawl-core filter::tests::pinned_bigint_glob_and_regex_match_text_form
        PASS [   0.004s] (1737/4413) trawl-core filter::tests::pinned_varchar_ordered_lexical_stays_lexical
        PASS [   0.004s] (1738/4413) trawl-core filter::tests::quoted_search_case_insensitive
        PASS [   0.004s] (1739/4413) trawl-core filter::tests::quoted_search
        PASS [   0.004s] (1740/4413) trawl-core filter::tests::pinned_varchar_ordered_numeric_matches_numeric_text
        PASS [   0.004s] (1741/4413) trawl-core filter::tests::text_search_case_insensitive
        PASS [   0.004s] (1742/4413) trawl-core filter::tests::severity_pin_carries_the_band_vocabulary
        PASS [   0.011s] (1743/4413) trawl-core filter::tests::pinned_not_over_unknown_is_never_a_match
        PASS [   0.005s] (1744/4413) trawl-core filter::tests::text_search_covers_the_whole_event_through_raw
        PASS [   0.004s] (1745/4413) trawl-core filter::tests::text_search_negated
        PASS [   0.004s] (1746/4413) trawl-core filter::tests::text_search_missing_message
        PASS [   0.004s] (1747/4413) trawl-core filter::tests::text_search_positive
        PASS [   0.004s] (1748/4413) trawl-core filter::tests::time_filter_boundary_matches
        PASS [   0.004s] (1749/4413) trawl-core filter::tests::time_filter_epoch_seconds_event
        PASS [   0.004s] (1750/4413) trawl-core filter::tests::time_filter_just_past_boundary_excluded
        PASS [   0.004s] (1751/4413) trawl-core filter::tests::time_filter_no_timestamp_excluded
        PASS [   0.004s] (1752/4413) trawl-core filter::tests::time_filter_old_event_excluded
        PASS [   0.004s] (1753/4413) trawl-core filter::tests::time_filter_recent_event_matches
        PASS [   0.004s] (1754/4413) trawl-core filter::tests::unpinned_not_over_null_column_is_not_a_match
        PASS [   0.004s] (1755/4413) trawl-core filter::tests::wildcard_matches_everything
        PASS [   0.004s] (1756/4413) trawl-core format::tests::an_inexpressible_name_does_not_panic_the_formatter
        PASS [   0.005s] (1757/4413) trawl-core format::tests::backslashes_survive_filter_and_expression_round_trips
        PASS [   0.020s] (1758/4413) trawl-core format::tests::a_formatted_filter_value_reparses_to_the_same_ast
        PASS [   0.022s] (1759/4413) trawl-core format::tests::dedup_with_fields
        PASS [   0.023s] (1760/4413) trawl-core format::tests::bare_star
        PASS [   0.022s] (1761/4413) trawl-core format::tests::drop_fields
        PASS [   0.024s] (1762/4413) trawl-core format::tests::dedup_bare
        PASS [   0.023s] (1763/4413) trawl-core format::tests::earliest_latest
        PASS [   0.022s] (1764/4413) trawl-core format::tests::eventstats
        PASS [   0.022s] (1765/4413) trawl-core format::tests::expr_function_call
        PASS [   0.022s] (1766/4413) trawl-core format::tests::expr_minimal_parens
        PASS [   0.023s] (1767/4413) trawl-core format::tests::expr_needed_parens
        PASS [   0.023s] (1768/4413) trawl-core format::tests::expr_unary_neg
        PASS [   0.022s] (1769/4413) trawl-core format::tests::expr_unary_not
        PASS [   0.026s] (1770/4413) trawl-core format::tests::expr_in_list
        PASS [   0.025s] (1771/4413) trawl-core format::tests::extract_kv
        PASS [   0.023s] (1772/4413) trawl-core format::tests::extract_kv_from_field
        PASS [   0.023s] (1773/4413) trawl-core format::tests::extract_kv_with_sep
        PASS [   0.024s] (1774/4413) trawl-core format::tests::extract_regex
        PASS [   0.024s] (1775/4413) trawl-core format::tests::field_filter_with_glob
        PASS [   0.024s] (1776/4413) trawl-core format::tests::field_filter_with_regex
        PASS [   0.026s] (1777/4413) trawl-core format::tests::field_filter_with_list
        PASS [   0.004s] (1778/4413) trawl-core format::tests::idempotent
        PASS [   0.008s] (1779/4413) trawl-core format::tests::hostile_names_round_trip_through_the_formatter
        PASS [   0.026s] (1780/4413) trawl-core format::tests::from_saved
        PASS [   0.023s] (1781/4413) trawl-core format::tests::from_saved_with_run
        PASS [   0.023s] (1782/4413) trawl-core format::tests::full_pipeline
        PASS [   0.024s] (1783/4413) trawl-core format::tests::limit_and_head_preserve_keyword
        PASS [   0.025s] (1784/4413) trawl-core format::tests::let_and_eval_preserve_keyword
        PASS [   0.022s] (1785/4413) trawl-core format::tests::multiple_field_filters
        PASS [   0.022s] (1786/4413) trawl-core format::tests::multiple_let_assignments
        PASS [   0.025s] (1787/4413) trawl-core format::tests::negated_text_search
        PASS [   0.023s] (1788/4413) trawl-core format::tests::not_token
        PASS [   0.025s] (1789/4413) trawl-core format::tests::or_groups_inline
        PASS [   0.022s] (1790/4413) trawl-core format::tests::pipe_only_no_search
        PASS [   0.023s] (1791/4413) trawl-core format::tests::or_groups_with_time_filter
        PASS [   0.004s] (1792/4413) trawl-core format::tests::reformat_invalid_returns_none
        PASS [   0.022s] (1793/4413) trawl-core format::tests::quoted_phrase
        PASS [   0.025s] (1794/4413) trawl-core format::tests::pivot
        PASS [   0.004s] (1795/4413) trawl-core format::tests::reformat_valid
        PASS [   0.022s] (1796/4413) trawl-core format::tests::quoted_value_with_space
        PASS [   0.023s] (1797/4413) trawl-core format::tests::rare_basic
        PASS [   0.022s] (1798/4413) trawl-core format::tests::rex_preserves_keyword
        PASS [   0.022s] (1799/4413) trawl-core format::tests::sample_count
        PASS [   0.022s] (1800/4413) trawl-core format::tests::sample_percent
        PASS [   0.026s] (1801/4413) trawl-core format::tests::rename
        PASS [   0.026s] (1802/4413) trawl-core format::tests::single_field_filter
        PASS [   0.025s] (1803/4413) trawl-core format::tests::sort_multi_field
        PASS [   0.025s] (1804/4413) trawl-core format::tests::stats_with_alias
        PASS [   0.022s] (1805/4413) trawl-core format::tests::text_search
        PASS [   0.025s] (1806/4413) trawl-core format::tests::table_and_fields_preserve_keyword
        PASS [   0.022s] (1807/4413) trawl-core format::tests::the_grammar_keywords_print_quoted
        PASS [   0.025s] (1808/4413) trawl-core format::tests::tail_stage
        PASS [   0.022s] (1809/4413) trawl-core format::tests::time_filter_at_end
        PASS [   0.005s] (1810/4413) trawl-core format::tests::values_refused_by_the_bare_grammar_round_trip_quoted
        PASS [   0.005s] (1811/4413) trawl-core format::tests::values_that_round_trip_bare_are_not_quoted
        PASS [   0.023s] (1812/4413) trawl-core format::tests::time_filter_only
        PASS [   0.003s] (1813/4413) trawl-core fuzz_input::tests::a_leading_nul_leaves_an_empty_query
        PASS [   0.004s] (1814/4413) trawl-core fuzz_input::tests::a_query_binding_no_fields_yields_an_empty_catalog
        PASS [   0.003s] (1815/4413) trawl-core fuzz_input::tests::a_trailing_nul_leaves_an_empty_selector
        PASS [   0.004s] (1816/4413) trawl-core fuzz_input::tests::a_short_selector_is_reused_cyclically
        PASS [   0.003s] (1817/4413) trawl-core fuzz_input::tests::an_empty_input_decodes_to_two_empty_halves
        PASS [   0.004s] (1818/4413) trawl-core fuzz_input::tests::an_empty_selector_leaves_every_field_unpinned
        PASS [   0.023s] (1819/4413) trawl-core format::tests::timechart
        PASS [   0.004s] (1820/4413) trawl-core fuzz_input::tests::decoding_and_deriving_compose_into_one_case
        PASS [   0.004s] (1821/4413) trawl-core fuzz_input::tests::every_canonical_type_is_reachable_from_some_byte
        PASS [   0.004s] (1822/4413) trawl-core fuzz_input::tests::fields_take_selector_bytes_in_sorted_folded_order
        PASS [   0.003s] (1823/4413) trawl-core fuzz_input::tests::later_nuls_are_ordinary_selector_bytes
        PASS [   0.004s] (1824/4413) trawl-core fuzz_input::tests::no_admission_policy_is_applied
        PASS [   0.003s] (1825/4413) trawl-core fuzz_input::tests::the_first_nul_separates_the_halves
        PASS [   0.003s] (1826/4413) trawl-core parser::comment::tests::a_command_hint_offers_only_the_comment_spelling
        PASS [   0.003s] (1827/4413) trawl-core parser::comment::tests::a_foreign_message_with_a_separator_is_not_split
        PASS [   0.003s] (1828/4413) trawl-core parser::comment::tests::a_negated_term_hint_offers_the_not_spelling
        PASS [   0.003s] (1829/4413) trawl-core parser::comment::tests::a_payload_splits_back_into_its_halves
        PASS [   0.003s] (1830/4413) trawl-core parser::comment::tests::a_value_hint_quotes_the_slice_the_production_held
        PASS [   0.022s] (1831/4413) trawl-core format::tests::top_with_by
        PASS [   0.003s] (1832/4413) trawl-core parser::comment::tests::carriage_return_is_comment_content
        PASS [   0.003s] (1833/4413) trawl-core parser::comment::tests::only_a_quotable_token_earns_the_quoting_half
        PASS [   0.003s] (1834/4413) trawl-core parser::comment::tests::only_ascii_whitespace_opens_a_comment
        PASS [   0.003s] (1835/4413) trawl-core parser::comment::tests::opener_in_command_word_is_narrow
        PASS [   0.024s] (1836/4413) trawl-core format::tests::where_complex_expr
        PASS [   0.004s] (1837/4413) trawl-core parser::comment::tests::the_generic_net_names_the_escapes_without_spelling_one
        PASS [   0.003s] (1838/4413) trawl-core parser::comment::tests::token_span_recovers_the_offending_token
        PASS [   0.003s] (1839/4413) trawl-core parser::comment::tests::ws_consumes_whitespace_and_comments
        PASS [   0.003s] (1840/4413) trawl-core parser::comment::tests::ws_does_not_open_a_comment_without_whitespace
        PASS [   0.003s] (1841/4413) trawl-core parser::expr::tests::backticked_field_reference_keeps_its_name
        PASS [   0.003s] (1842/4413) trawl-core parser::expr::tests::test_arithmetic
        PASS [   0.003s] (1843/4413) trawl-core parser::expr::tests::test_binary_comparison
        PASS [   0.004s] (1844/4413) trawl-core parser::expr::tests::backticked_name_is_never_a_function_call
        PASS [   0.003s] (1845/4413) trawl-core parser::expr::tests::test_division_still_works
        PASS [   0.003s] (1846/4413) trawl-core parser::expr::tests::test_dotted_field_ref
        PASS [   0.003s] (1847/4413) trawl-core parser::expr::tests::test_double_minus
        PASS [   0.003s] (1848/4413) trawl-core parser::expr::tests::test_field_ref
        PASS [   0.003s] (1849/4413) trawl-core parser::expr::tests::test_function_call_no_args
        PASS [   0.003s] (1850/4413) trawl-core parser::expr::tests::test_function_call_with_arg
        PASS [   0.003s] (1851/4413) trawl-core parser::expr::tests::test_in_list_complex_exprs
        PASS [   0.003s] (1852/4413) trawl-core parser::expr::tests::test_in_list_field_refs
        PASS [   0.004s] (1853/4413) trawl-core parser::expr::tests::test_in_list_literals
        PASS [   0.003s] (1854/4413) trawl-core parser::expr::tests::test_in_list_span
        PASS [   0.003s] (1855/4413) trawl-core parser::expr::tests::test_keyword_not_in_ident
        PASS [   0.003s] (1856/4413) trawl-core parser::expr::tests::test_literal_bool
        PASS [   0.003s] (1857/4413) trawl-core parser::expr::tests::test_literal_float
        PASS [   0.003s] (1858/4413) trawl-core parser::expr::tests::test_literal_int
        PASS [   0.003s] (1859/4413) trawl-core parser::expr::tests::test_literal_string
        PASS [   0.004s] (1860/4413) trawl-core parser::expr::tests::test_logical_and_or
        PASS [   0.003s] (1861/4413) trawl-core parser::expr::tests::test_matches_string_literal
        PASS [   0.003s] (1862/4413) trawl-core parser::expr::tests::test_negation
        PASS [   0.003s] (1863/4413) trawl-core parser::expr::tests::test_nested_function_call
        PASS [   0.005s] (1864/4413) trawl-core parser::expr::tests::test_matches_regex_literal
        PASS [   0.003s] (1865/4413) trawl-core parser::expr::tests::test_not
        PASS [   0.003s] (1866/4413) trawl-core parser::expr::tests::test_parenthesized
        PASS [   0.004s] (1867/4413) trawl-core parser::pipe::tests::aggregate_function_names_take_no_backticks
        PASS [   0.004s] (1868/4413) trawl-core parser::pipe::tests::backticks_do_not_unseal_the_reserved_namespace
        PASS [   0.005s] (1869/4413) trawl-core parser::pipe::tests::backticks_are_accepted_in_every_field_position
        PASS [   0.004s] (1870/4413) trawl-core parser::pipe::tests::projection_assignment_targets_must_be_folded_distinct
        PASS [   0.004s] (1871/4413) trawl-core parser::pipe::tests::saved_query_names_take_no_backticks
        PASS [   0.003s] (1872/4413) trawl-core parser::pipe::tests::test_dedup_bare
        PASS [   0.004s] (1873/4413) trawl-core parser::pipe::tests::test_dedup_multiple_fields
        PASS [   0.003s] (1874/4413) trawl-core parser::pipe::tests::test_dedup_single_field
        PASS [   0.003s] (1875/4413) trawl-core parser::pipe::tests::test_drop_multiple
        PASS [   0.004s] (1876/4413) trawl-core parser::pipe::tests::test_drop_single
        PASS [   0.003s] (1877/4413) trawl-core parser::pipe::tests::test_extract_kv
        PASS [   0.003s] (1878/4413) trawl-core parser::pipe::tests::test_extract_kv_from_field
        PASS [   0.003s] (1879/4413) trawl-core parser::pipe::tests::test_extract_kv_with_sep
        PASS [   0.004s] (1880/4413) trawl-core parser::pipe::tests::test_extract_kv_with_sep_and_from
        PASS [   0.004s] (1881/4413) trawl-core parser::pipe::tests::test_extract_regex
        PASS [   0.004s] (1882/4413) trawl-core parser::pipe::tests::test_fields
        PASS [   0.004s] (1883/4413) trawl-core parser::pipe::tests::test_from_saved_bare_name
        PASS [   0.003s] (1884/4413) trawl-core parser::pipe::tests::test_from_saved_quoted_name
        PASS [   0.004s] (1885/4413) trawl-core parser::pipe::tests::test_from_saved_run_all
        PASS [   0.004s] (1886/4413) trawl-core parser::pipe::tests::test_from_saved_run_latest
        PASS [   0.004s] (1887/4413) trawl-core parser::pipe::tests::test_from_saved_run_specific
        PASS [   0.004s] (1888/4413) trawl-core parser::pipe::tests::test_from_saved_with_pipeline
        PASS [   0.004s] (1889/4413) trawl-core parser::pipe::tests::test_head
        PASS [   0.004s] (1890/4413) trawl-core parser::pipe::tests::test_let_arithmetic
        PASS [   0.004s] (1891/4413) trawl-core parser::pipe::tests::test_let_function_call
        PASS [   0.045s] (1892/4413) trawl-core fuzz_input::tests::the_parse_corpus_decodes_within_the_encoding_contract
        PASS [   0.004s] (1893/4413) trawl-core parser::pipe::tests::test_let_multi_assignment
        PASS [   0.004s] (1894/4413) trawl-core parser::pipe::tests::test_limit
        PASS [   0.004s] (1895/4413) trawl-core parser::pipe::tests::test_multi_stage_pipeline
        PASS [   0.004s] (1896/4413) trawl-core parser::pipe::tests::test_pivot_basic
        PASS [   0.004s] (1897/4413) trawl-core parser::pipe::tests::test_pivot_with_by
        PASS [   0.004s] (1898/4413) trawl-core parser::pipe::tests::test_rare_basic
        PASS [   0.004s] (1899/4413) trawl-core parser::pipe::tests::test_rare_with_by
        PASS [   0.004s] (1900/4413) trawl-core parser::pipe::tests::test_rename_multiple
        PASS [   0.004s] (1901/4413) trawl-core parser::pipe::tests::test_rename_single
        PASS [   0.004s] (1902/4413) trawl-core parser::pipe::tests::test_rex_kv
        PASS [   0.004s] (1903/4413) trawl-core parser::pipe::tests::test_rex_regex
        PASS [   0.004s] (1904/4413) trawl-core parser::pipe::tests::test_sort_desc
        PASS [   0.004s] (1905/4413) trawl-core parser::pipe::tests::test_splunk_eval_alias
        PASS [   0.004s] (1906/4413) trawl-core parser::pipe::tests::test_stats_avg_with_alias
        PASS [   0.004s] (1907/4413) trawl-core parser::pipe::tests::test_stats_count_by_host
        PASS [   0.004s] (1908/4413) trawl-core parser::pipe::tests::test_table
        PASS [   0.003s] (1909/4413) trawl-core parser::pipe::tests::test_tail
        PASS [   0.004s] (1910/4413) trawl-core parser::pipe::tests::test_timechart_multiple_aggs
        PASS [   0.003s] (1911/4413) trawl-core parser::pipe::tests::test_timechart_with_by
        PASS [   0.004s] (1912/4413) trawl-core parser::pipe::tests::test_timechart_with_span
        PASS [   0.003s] (1913/4413) trawl-core parser::pipe::tests::test_top_basic
        PASS [   0.004s] (1914/4413) trawl-core parser::pipe::tests::test_top_with_by
        PASS [   0.004s] (1915/4413) trawl-core parser::pipe::tests::test_where_stage
        PASS [   0.003s] (1916/4413) trawl-core parser::primitives::tests::backtick_name_dot_is_literal
        PASS [   0.003s] (1917/4413) trawl-core parser::primitives::tests::backtick_name_doubled_backtick_escapes
        PASS [   0.003s] (1918/4413) trawl-core parser::primitives::tests::backtick_name_empty_and_control_chars_rejected
        PASS [   0.003s] (1919/4413) trawl-core parser::primitives::tests::backtick_name_lexes_any_content
        PASS [   0.003s] (1920/4413) trawl-core parser::primitives::tests::plain_name_takes_no_backticks
        PASS [   0.003s] (1921/4413) trawl-core parser::primitives::tests::test_bool_literal
        PASS [   0.003s] (1922/4413) trawl-core parser::primitives::tests::test_duration
        PASS [   0.004s] (1923/4413) trawl-core parser::primitives::tests::test_bare_value
        PASS [   0.004s] (1924/4413) trawl-core parser::primitives::tests::test_duration_large_but_safe
        PASS [   0.003s] (1925/4413) trawl-core parser::primitives::tests::test_duration_overflow_rejected
        PASS [   0.003s] (1926/4413) trawl-core parser::primitives::tests::test_duration_zero_rejected
        PASS [   0.003s] (1927/4413) trawl-core parser::primitives::tests::test_filter_op
        PASS [   0.003s] (1928/4413) trawl-core parser::primitives::tests::test_float
        PASS [   0.003s] (1929/4413) trawl-core parser::primitives::tests::test_float_keeps_source_token
        PASS [   0.004s] (1930/4413) trawl-core parser::primitives::tests::test_ident
        PASS [   0.003s] (1931/4413) trawl-core parser::primitives::tests::test_int
        PASS [   0.003s] (1932/4413) trawl-core parser::primitives::tests::test_int_overflow
        PASS [   0.004s] (1933/4413) trawl-core parser::primitives::tests::test_keyword_boundary
        PASS [   0.003s] (1934/4413) trawl-core parser::primitives::tests::test_null_literal
        PASS [   0.003s] (1935/4413) trawl-core parser::primitives::tests::test_quoted_string
        PASS [   0.003s] (1936/4413) trawl-core parser::primitives::tests::test_regex_pattern_invalid
        PASS [   0.003s] (1937/4413) trawl-core parser::primitives::tests::test_regex_pattern_length_limit_exceeded
        PASS [   0.004s] (1938/4413) trawl-core parser::primitives::tests::test_regex_pattern_at_length_limit
        PASS [   0.003s] (1939/4413) trawl-core parser::primitives::tests::test_system_field
        PASS [   0.005s] (1940/4413) trawl-core parser::primitives::tests::test_regex_pattern
        PASS [   0.003s] (1941/4413) trawl-core parser::primitives::tests::test_uint
        PASS [   0.003s] (1942/4413) trawl-core parser::primitives::tests::test_uint_overflow
        PASS [   0.003s] (1943/4413) trawl-core parser::scan::tests::a_backslash_escapes_only_inside_a_delimited_span
        PASS [   0.003s] (1944/4413) trawl-core parser::scan::tests::a_comment_hides_its_content
        PASS [   0.003s] (1945/4413) trawl-core parser::scan::tests::a_regex_body_is_skipped
        PASS [   0.003s] (1946/4413) trawl-core parser::scan::tests::an_apostrophe_is_not_a_delimiter
        PASS [   0.003s] (1947/4413) trawl-core parser::scan::tests::an_unterminated_span_runs_to_end_of_input
        PASS [   0.003s] (1948/4413) trawl-core parser::scan::tests::ends_inside_comment_reports_the_open_comment
        PASS [   0.003s] (1949/4413) trawl-core parser::scan::tests::only_ascii_whitespace_opens_a_comment
        PASS [   0.003s] (1950/4413) trawl-core parser::scan::tests::quotes_and_backticks_shield_their_contents
        PASS [   0.003s] (1951/4413) trawl-core parser::scan::tests::slashes_in_a_value_do_not_hide_a_later_clause
        PASS [   0.004s] (1952/4413) trawl-core parser::search::tests::a_double_quoted_value_still_carries_a_backtick
        PASS [   0.003s] (1953/4413) trawl-core parser::search::tests::backticked_earliest_and_latest_are_field_filters
        PASS [   0.004s] (1954/4413) trawl-core parser::search::tests::backticked_keyword_is_a_field_filter_beside_the_time_filter
        PASS [   0.004s] (1955/4413) trawl-core parser::search::tests::no_unquoted_position_absorbs_a_backtick
        PASS [   0.003s] (1956/4413) trawl-core parser::search::tests::not_negates_a_backticked_field_filter
        PASS [   0.004s] (1957/4413) trawl-core parser::search::tests::ordered_field_filter_lists_name_the_supported_operators
        PASS [   0.004s] (1958/4413) trawl-core parser::search::tests::test_empty_query_groups
        PASS [   0.003s] (1959/4413) trawl-core parser::search::tests::test_field_filter_list
        PASS [   0.004s] (1960/4413) trawl-core parser::search::tests::test_field_filter_glob
        PASS [   0.003s] (1961/4413) trawl-core parser::search::tests::test_field_filter_ne
        PASS [   0.003s] (1962/4413) trawl-core parser::search::tests::test_field_filter_quoted_value
        PASS [   0.003s] (1963/4413) trawl-core parser::search::tests::test_field_filter_quoted_value_with_spaces
        PASS [   0.003s] (1964/4413) trawl-core parser::search::tests::test_field_filter_simple
        PASS [   0.003s] (1965/4413) trawl-core parser::search::tests::test_field_filter_with_op
        PASS [   0.003s] (1966/4413) trawl-core parser::search::tests::test_last_time_filter_wins
        PASS [   0.003s] (1967/4413) trawl-core parser::search::tests::test_multiple_tokens
        PASS [   0.003s] (1968/4413) trawl-core parser::search::tests::test_negated_text_search
        PASS [   0.005s] (1969/4413) trawl-core parser::search::tests::test_field_filter_regex
        PASS [   0.003s] (1970/4413) trawl-core parser::search::tests::test_negated_with_field_filter
        PASS [   0.004s] (1971/4413) trawl-core parser::search::tests::test_not_at_end_is_text_search
        PASS [   0.003s] (1972/4413) trawl-core parser::search::tests::test_not_negates_field_filter
        PASS [   0.004s] (1973/4413) trawl-core parser::search::tests::test_not_parenthesized_group
        PASS [   0.003s] (1974/4413) trawl-core parser::search::tests::test_only_time_filter_produces_empty_groups
        PASS [   0.003s] (1975/4413) trawl-core parser::search::tests::test_or_implicit_and_binds_tighter
        PASS [   0.003s] (1976/4413) trawl-core parser::search::tests::test_or_lowercase
        PASS [   0.004s] (1977/4413) trawl-core parser::search::tests::test_or_two_groups
        PASS [   0.003s] (1978/4413) trawl-core parser::search::tests::test_parenthesized_group
        PASS [   0.003s] (1979/4413) trawl-core parser::search::tests::test_quoted_search
        PASS [   0.004s] (1980/4413) trawl-core parser::search::tests::test_time_filter
        PASS [   0.003s] (1981/4413) trawl-core parser::search::tests::test_time_filter_hoisted_from_or_groups
        PASS [   0.003s] (1982/4413) trawl-core parser::suggest::tests::a_bare_lexable_name_renders_bare
        PASS [   0.003s] (1983/4413) trawl-core parser::suggest::tests::a_name_the_bare_production_cannot_spell_is_backticked
        PASS [   0.003s] (1984/4413) trawl-core parser::suggest::tests::an_embedded_backtick_is_doubled
        PASS [   0.003s] (1985/4413) trawl-core parser::suggest::tests::an_inexpressible_catalog_name_is_declined
        PASS [   0.003s] (1986/4413) trawl-core parser::suggest::tests::levenshtein_empty
        PASS [   0.003s] (1987/4413) trawl-core parser::suggest::tests::levenshtein_identical
        PASS [   0.006s] (1988/4413) trawl-core parser::suggest::tests::known_pipe_stages_all_parse
        PASS [   0.003s] (1989/4413) trawl-core parser::suggest::tests::levenshtein_one_edit
        PASS [   0.003s] (1990/4413) trawl-core parser::suggest::tests::levenshtein_two_edits
        PASS [   0.009s] (1991/4413) trawl-core parser::suggest::tests::expression_keywords_round_trip_in_expression_positions
        PASS [   0.003s] (1992/4413) trawl-core parser::suggest::tests::suggest_case_insensitive
        PASS [   0.003s] (1993/4413) trawl-core parser::suggest::tests::suggest_function_no_match
        PASS [   0.011s] (1994/4413) trawl-core parser::suggest::tests::known_functions_all_validate
        PASS [   0.003s] (1995/4413) trawl-core parser::suggest::tests::suggest_function_typo
        PASS [   0.003s] (1996/4413) trawl-core parser::suggest::tests::suggest_pipe_stage_exact
        PASS [   0.003s] (1997/4413) trawl-core parser::suggest::tests::suggest_pipe_stage_no_match
        PASS [   0.008s] (1998/4413) trawl-core parser::suggest::tests::quoting_agrees_with_the_real_grammar
        PASS [   0.003s] (1999/4413) trawl-core parser::suggest::tests::suggest_pipe_stage_typo
        PASS [   0.004s] (2000/4413) trawl-core parser::suggest::tests::the_or_separator_round_trips_in_the_search_stage
        PASS [   0.003s] (2001/4413) trawl-core parser::suggest::tests::the_three_grammar_keywords_are_always_quoted
        PASS [   0.004s] (2002/4413) trawl-core parser::tests::a_negated_backtick_is_a_parse_error
        PASS [   0.005s] (2003/4413) trawl-core parser::tests::a_backtick_after_an_operator_opens_a_name
        PASS [   0.004s] (2004/4413) trawl-core parser::tests::a_value_never_absorbs_a_backtick_shielded_comment
        PASS [   0.004s] (2005/4413) trawl-core parser::tests::backticked_names_carry_comment_openers_verbatim
        PASS [   0.005s] (2006/4413) trawl-core parser::tests::expression_nesting_past_the_bound_is_a_loud_parse_error
        PASS [   0.004s] (2007/4413) trawl-core parser::tests::leading_backtick_that_is_not_a_name_is_a_parse_error
        PASS [   0.010s] (2008/4413) trawl-core parser::tests::a_backtick_run_parses_without_blowing_up
        PASS [   0.029s] (2009/4413) trawl-core parser::suggest::tests::a_bare_rendering_means_that_name_in_every_position
        PASS [   0.004s] (2010/4413) trawl-core parser::tests::stray_backtick_does_not_shield_later_comments
        PASS [   0.004s] (2011/4413) trawl-core parser::tests::test_comment_error_spans_match_original
        PASS [   0.004s] (2012/4413) trawl-core parser::tests::test_comment_at_end_of_input
        PASS [   0.003s] (2013/4413) trawl-core parser::tests::test_comment_inside_string_preserved
        PASS [   0.004s] (2014/4413) trawl-core parser::tests::test_complex_query
        PASS [   0.004s] (2015/4413) trawl-core parser::tests::test_double_slash_in_a_value_is_data
        PASS [   0.014s] (2016/4413) trawl-core parser::tests::abandoned_nesting_does_not_spend_the_depth_budget
        PASS [   0.004s] (2017/4413) trawl-core parser::tests::test_empty_query
        PASS [   0.004s] (2018/4413) trawl-core parser::tests::test_double_slash_inside_string_preserved
        PASS [   0.004s] (2019/4413) trawl-core parser::tests::test_double_slash_is_no_longer_a_comment
        PASS [   0.004s] (2020/4413) trawl-core parser::tests::test_error_display
        PASS [   0.004s] (2021/4413) trawl-core parser::tests::test_error_display_with_hint
        PASS [   0.004s] (2022/4413) trawl-core parser::tests::test_error_integer_overflow_no_panic
        PASS [   0.004s] (2023/4413) trawl-core parser::tests::test_error_invalid_pipe_stage
        PASS [   0.004s] (2024/4413) trawl-core parser::tests::test_error_missing_stats_agg
        PASS [   0.004s] (2025/4413) trawl-core parser::tests::test_error_message_has_span
        PASS [   0.004s] (2026/4413) trawl-core parser::tests::test_error_unclosed_paren
        PASS [   0.003s] (2027/4413) trawl-core parser::tests::test_error_unclosed_quote
        PASS [   0.004s] (2028/4413) trawl-core parser::tests::test_error_unknown_command_no_suggestion
        PASS [   0.004s] (2029/4413) trawl-core parser::tests::test_error_unknown_command_with_suggestion
        PASS [   0.004s] (2030/4413) trawl-core parser::tests::test_error_unterminated_string
        PASS [   0.004s] (2031/4413) trawl-core parser::tests::test_error_unmatched_paren
        PASS [   0.004s] (2032/4413) trawl-core parser::tests::test_error_whre_suggests_where
        PASS [   0.004s] (2033/4413) trawl-core parser::tests::test_full_pipeline
        PASS [   0.003s] (2034/4413) trawl-core parser::tests::test_hash_comment_at_start_of_input
        PASS [   0.004s] (2035/4413) trawl-core parser::tests::test_multi_token_search
        PASS [   0.003s] (2036/4413) trawl-core parser::tests::test_multiline_comments
        PASS [   0.004s] (2037/4413) trawl-core parser::tests::test_negated_text_search
        PASS [   0.004s] (2038/4413) trawl-core parser::tests::test_only_comments
        PASS [   0.003s] (2039/4413) trawl-core parser::tests::test_only_comments_multiline
        PASS [   0.003s] (2040/4413) trawl-core parser::tests::test_parse_error
        PASS [   0.003s] (2041/4413) trawl-core parser::tests::test_query_length_limit_exceeded
        PASS [   0.003s] (2042/4413) trawl-core parser::tests::test_quoted_search
        PASS [   0.004s] (2043/4413) trawl-core parser::tests::test_search_with_stats
        PASS [   0.004s] (2044/4413) trawl-core parser::tests::test_simple_field_filter
        PASS [   0.004s] (2045/4413) trawl-core parser::tests::test_stats_avg_table
        PASS [   0.004s] (2046/4413) trawl-core pin_scope::tests::a_declared_pin_survives_as_a_group_by_key
        PASS [   0.004s] (2047/4413) trawl-core pin_scope::tests::drop_removes_named_pins
        PASS [   0.004s] (2048/4413) trawl-core pin_scope::tests::eventstats_alias_kills_the_alias
        PASS [   0.004s] (2049/4413) trawl-core pin_scope::tests::eventstats_keeps_inputs_and_kills_aggregate_outputs
        PASS [   0.004s] (2050/4413) trawl-core pin_scope::tests::extract_kv_passes_the_scope_through
        PASS [   0.013s] (2051/4413) trawl-core parser::tests::test_query_at_length_limit_not_rejected_for_length
        PASS [   0.004s] (2052/4413) trawl-core pin_scope::tests::extract_regex_kills_capture_group_names
        PASS [   0.004s] (2053/4413) trawl-core pin_scope::tests::fields_alias_restricts_like_table
        PASS [   0.003s] (2054/4413) trawl-core pin_scope::tests::from_saved_clears_the_scope
        PASS [   0.004s] (2055/4413) trawl-core pin_scope::tests::let_adopts_a_declared_function_result_pin
        PASS [   0.004s] (2056/4413) trawl-core pin_scope::tests::let_bare_alias_copies_the_pin
        PASS [   0.004s] (2057/4413) trawl-core pin_scope::tests::let_alias_copies_the_named_columns_pin
        PASS [   0.004s] (2058/4413) trawl-core pin_scope::tests::let_computed_expression_kills_the_target_pin
        PASS [   0.053s] (2059/4413) trawl-core parser::suggest::tests::quote_dsl_field_round_trips_in_every_position
        PASS [   0.004s] (2060/4413) trawl-core pin_scope::tests::let_function_wrapped_kills_the_target_pin
        PASS [   0.004s] (2061/4413) trawl-core pin_scope::tests::let_overwrite_and_alias_resolve_in_parallel
        PASS [   0.004s] (2062/4413) trawl-core pin_scope::tests::pivot_keeps_by_keys_only
        PASS [   0.004s] (2063/4413) trawl-core pin_scope::tests::let_sibling_reference_resolves_against_the_pre_stage_scope
        PASS [   0.004s] (2064/4413) trawl-core pin_scope::tests::rename_of_unpinned_source_scrubs_the_target_pin
        PASS [   0.004s] (2065/4413) trawl-core pin_scope::tests::rename_chain_resolves_against_the_pre_stage_scope
        PASS [   0.004s] (2066/4413) trawl-core pin_scope::tests::rename_folds_case_like_the_catalog
        PASS [   0.004s] (2067/4413) trawl-core pin_scope::tests::rename_onto_one_target_is_refused_before_any_scope_walk
        PASS [   0.004s] (2068/4413) trawl-core pin_scope::tests::rename_remaps_the_pin_to_the_new_name
        PASS [   0.004s] (2069/4413) trawl-core pin_scope::tests::rename_onto_pinned_target_takes_the_source_pin
        PASS [   0.004s] (2070/4413) trawl-core pin_scope::tests::rename_swap_exchanges_the_pins
        PASS [   0.004s] (2071/4413) trawl-core pin_scope::tests::rename_then_where_carries_the_pin_under_the_new_name
        PASS [   0.004s] (2072/4413) trawl-core pin_scope::tests::selection_and_ordering_stages_pass_the_scope_through
        PASS [   0.004s] (2073/4413) trawl-core pin_scope::tests::stats_keeps_group_by_keys_and_kills_everything_else
        PASS [   0.004s] (2074/4413) trawl-core pin_scope::tests::stats_alias_matching_a_pinned_name_is_killed
        PASS [   0.005s] (2075/4413) trawl-core pin_scope::tests::severity_output_columns_names_declared_columns_only
        PASS [   0.004s] (2076/4413) trawl-core pin_scope::tests::table_restricts_the_scope
        PASS [   0.004s] (2077/4413) trawl-core pin_scope::tests::timechart_kills_the_time_bucket_and_keeps_by_keys
        PASS [   0.005s] (2078/4413) trawl-core pin_scope::tests::subject_pin_admits_a_pinned_field_and_a_declaring_call
        PASS [   0.004s] (2079/4413) trawl-core pin_scope::tests::top_over_a_pinned_field_named_count_still_kills_count
        PASS [   0.004s] (2080/4413) trawl-core pin_scope::tests::unpinned_scope_stays_empty_and_cheap
        PASS [   0.004s] (2081/4413) trawl-core projection::tests::a_bucket_collision_says_the_bucket_is_fixed
        PASS [   0.004s] (2082/4413) trawl-core pin_scope::tests::top_and_rare_keep_field_and_by_keys
        PASS [   0.004s] (2083/4413) trawl-core projection::tests::a_collision_with_an_aggregate_demands_as
        PASS [   0.004s] (2084/4413) trawl-core projection::tests::a_frequency_collision_offers_the_stats_rewrite
        PASS [   0.004s] (2085/4413) trawl-core projection::tests::a_literal_argument_has_no_field_to_name
        PASS [   0.004s] (2086/4413) trawl-core projection::tests::a_refusal_renders_names_as_dsl_text
        PASS [   0.004s] (2087/4413) trawl-core projection::tests::a_refusal_never_echoes_control_characters
        PASS [   0.004s] (2088/4413) trawl-core projection::tests::default_is_func_or_func_arg
        PASS [   0.004s] (2089/4413) trawl-core projection::tests::default_walks_to_the_innermost_field
        PASS [   0.004s] (2090/4413) trawl-core projection::tests::duplicate_group_keys_are_told_to_name_it_once
        PASS [   0.004s] (2091/4413) trawl-core projection::tests::only_non_null_literal_count_uses_the_row_counter
        PASS [   0.004s] (2092/4413) trawl-core projection::tests::explicit_alias_wins
        PASS [   0.005s] (2093/4413) trawl-core projection::tests::every_lane_projects_the_same_column_name
        PASS [   0.003s] (2094/4413) trawl-core row::tests::a_timestamp_reads_as_its_own_text_not_as_json
        PASS [   0.004s] (2095/4413) trawl-core projection::tests::pivot_checks_by_keys_only
        PASS [   0.004s] (2096/4413) trawl-core projection::tests::the_collision_check_folds_names
        PASS [   0.003s] (2097/4413) trawl-core row::tests::an_unsigned_number_keeps_its_digits
        PASS [   0.003s] (2098/4413) trawl-core row::tests::cell_key_tags_the_kind_json_quoting_used_to_carry
        PASS [   0.003s] (2099/4413) trawl-core row::tests::both_doors_order_by_key_whatever_the_input_order
        PASS [   0.003s] (2100/4413) trawl-core row::tests::cell_text_renders_each_variant
        PASS [   0.003s] (2101/4413) trawl-core row::tests::count_value_reads_a_counter_as_the_json_round_trip_did
        PASS [   0.014s] (2102/4413) trawl-core projection::tests::duplicate_capture_names_are_refused_in_both_lanes
        PASS [   0.003s] (2103/4413) trawl-core row::tests::the_wire_door_is_the_one_place_a_special_becomes_null
        PASS [   0.003s] (2104/4413) trawl-core row::tests::json_round_trips_through_both_doors
        PASS [   0.003s] (2105/4413) trawl-core sanitize::tests::every_named_group_is_replaced
        PASS [   0.003s] (2106/4413) trawl-core sanitize::tests::ordinary_text_is_untouched
        PASS [   0.003s] (2107/4413) trawl-core schema::tests::canonical_type_all_is_ordered_and_duplicate_free
        PASS [   0.003s] (2108/4413) trawl-core schema::tests::catalog_key_only_folds_ascii
        PASS [   0.003s] (2109/4413) trawl-core schema::tests::cloning_shares_the_map_and_insert_copies_on_write
        PASS [   0.004s] (2110/4413) trawl-core schema::tests::canonical_type_catalog_spellings_round_trip
        PASS [   0.003s] (2111/4413) trawl-core schema::tests::envelope_types_cover_the_declared_ten
        PASS [   0.003s] (2112/4413) trawl-core schema::tests::every_envelope_field_is_contract_typed
        PASS [   0.003s] (2113/4413) trawl-core schema::tests::field_types_is_ordered_and_deduplicated
        PASS [   0.003s] (2114/4413) trawl-core schema::tests::inference_can_never_pin_severity
        PASS [   0.003s] (2115/4413) trawl-core schema::tests::lattice_normalizes_every_duckdb_inference
        PASS [   0.003s] (2116/4413) trawl-core schema::tests::ladder_order_is_fixed
        PASS [   0.003s] (2117/4413) trawl-core schema::tests::leading_and_trailing_disjoint
        PASS [   0.003s] (2118/4413) trawl-core schema::tests::pin_for_looks_up_through_the_catalog_key
        PASS [   0.003s] (2119/4413) trawl-core schema::tests::remove_and_restrict_edit_copy_on_write_with_noop_fast_paths
        PASS [   0.003s] (2120/4413) trawl-core schema::tests::storable_field_names_are_bounded_in_bytes
        PASS [   0.003s] (2121/4413) trawl-core schema::tests::severity_is_physically_bigint_and_unreachable_by_physical_parse
        PASS [   0.003s] (2122/4413) trawl-core schema::tests::the_underscore_prefix_is_sealed_as_a_predicate
        PASS [   0.003s] (2123/4413) trawl-core schema::tests::timestamp_columns_cover_time_and_ingested
        PASS [   0.003s] (2124/4413) trawl-core severity::tests::band_bounds
        PASS [   0.003s] (2125/4413) trawl-core severity::tests::band_names
        PASS [   0.004s] (2126/4413) trawl-core severity::tests::dialect_ambiguity_is_exactly_the_syslog_overlap
        PASS [   0.003s] (2127/4413) trawl-core severity::tests::dialect_tokens_round_trip
        PASS [   0.003s] (2128/4413) trawl-core severity::tests::exact_names_spell_the_band_base_and_suffix
        PASS [   0.003s] (2129/4413) trawl-core severity::tests::otel_names_are_injective_over_the_ladder
        PASS [   0.003s] (2130/4413) trawl-core severity::tests::reading_number_per_dialect
        PASS [   0.003s] (2131/4413) trawl-core severity::tests::reading_over_json_shapes
        PASS [   0.003s] (2132/4413) trawl-core severity::tests::reading_text_matrix
        PASS [   0.003s] (2133/4413) trawl-core severity::tests::renders_as_severity_folds_ascii_case
        PASS [   0.004s] (2134/4413) trawl-core severity::tests::reading_text_trims_the_unicode_whitespace_set
        PASS [   0.003s] (2135/4413) trawl-core severity::tests::syslog_inversion
        PASS [   0.003s] (2136/4413) trawl-core severity::tests::token_entries_expose_the_table
        PASS [   0.003s] (2137/4413) trawl-core severity::tests::token_table_exact_numbers
        PASS [   0.003s] (2138/4413) trawl-core severity::tests::token_text_reads_a_wire_severity_cell
        PASS [   0.003s] (2139/4413) trawl-core severity::tests::tokens_case_fold
        PASS [   0.003s] (2140/4413) trawl-core severity::tests::unknown_tokens_rejected
        PASS [   0.003s] (2141/4413) trawl-core severity::tests::valid_number_range
        PASS [   0.003s] (2142/4413) trawl-core stream::tests::accepts_empty_pipeline
        PASS [   0.003s] (2143/4413) trawl-core stream::tests::dedup_bare_deduplicates_full_event
        PASS [   0.003s] (2144/4413) trawl-core stream::tests::dedup_by_field
        PASS [   0.003s] (2145/4413) trawl-core stream::tests::drop_ignores_missing_fields
        PASS [   0.004s] (2146/4413) trawl-core stream::tests::dedup_by_multiple_fields
        PASS [   0.003s] (2147/4413) trawl-core stream::tests::drop_removes_specified_fields
        PASS [   0.048s] (2148/4413) trawl-core projection::tests::a_very_wide_stage_is_checked_in_linear_time
        PASS [   0.003s] (2149/4413) trawl-core stream::tests::extract_kv_basic
        PASS [   0.003s] (2150/4413) trawl-core stream::tests::extract_invalid_regex_errors
        PASS [   0.003s] (2151/4413) trawl-core stream::tests::extract_kv_quoted_values
        PASS [   0.003s] (2152/4413) trawl-core stream::tests::extract_kv_custom_separator
        PASS [   0.003s] (2153/4413) trawl-core stream::tests::extract_kv_type_coercion
        PASS [   0.003s] (2154/4413) trawl-core stream::tests::extract_kv_write_owns_its_folded_name
        PASS [   0.004s] (2155/4413) trawl-core stream::tests::extract_regex_empty_capture_is_null
        PASS [   0.005s] (2156/4413) trawl-core stream::tests::extract_reads_a_computed_timestamp_as_its_cast_text
        PASS [   0.005s] (2157/4413) trawl-core stream::tests::extract_regex_captures_named_groups
        PASS [   0.005s] (2158/4413) trawl-core stream::tests::extract_regex_no_match_writes_null
        PASS [   0.005s] (2159/4413) trawl-core stream::tests::extract_regex_default_field
        PASS [   0.004s] (2160/4413) trawl-core stream::tests::extract_still_skips_a_numeric_or_boolean_source
        PASS [   0.003s] (2161/4413) trawl-core stream::tests::kv_cannot_mint_reserved_names
        PASS [   0.003s] (2162/4413) trawl-core stream::tests::kv_custom_separator
        PASS [   0.003s] (2163/4413) trawl-core stream::tests::kv_empty_input
        PASS [   0.003s] (2164/4413) trawl-core stream::tests::kv_quoted_value
        PASS [   0.003s] (2165/4413) trawl-core stream::tests::kv_simple_pairs
        PASS [   0.003s] (2166/4413) trawl-core stream::tests::kv_with_prefix_text
        PASS [   0.003s] (2167/4413) trawl-core stream::tests::let_adds_computed_field
        PASS [   0.003s] (2168/4413) trawl-core stream::tests::let_overwrite_does_not_feed_its_siblings
        PASS [   0.003s] (2169/4413) trawl-core stream::tests::let_sibling_binds_the_alias_when_the_row_has_no_such_column
        PASS [   0.003s] (2170/4413) trawl-core stream::tests::let_siblings_read_the_pre_stage_event
        PASS [   0.003s] (2171/4413) trawl-core stream::tests::let_target_shadows_a_case_variant_column
        PASS [   0.003s] (2172/4413) trawl-core stream::tests::let_with_function
        PASS [   0.004s] (2173/4413) trawl-core stream::tests::limit_allows_n_events
        PASS [   0.004s] (2174/4413) trawl-core stream::tests::limit_exhaustion_is_sticky
        PASS [   0.004s] (2175/4413) trawl-core stream::tests::limit_zero_is_done_immediately
        PASS [   0.003s] (2176/4413) trawl-core stream::tests::pipeline_table_then_rename
        PASS [   0.003s] (2177/4413) trawl-core stream::tests::pipeline_where_then_limit
        PASS [   0.006s] (2178/4413) trawl-core stream::tests::level_is_an_ordinary_field_in_every_position
        PASS [   0.003s] (2179/4413) trawl-core stream::tests::rare_counts_least_frequent
        PASS [   0.003s] (2180/4413) trawl-core stream::tests::rejects_pivot
        PASS [   0.004s] (2181/4413) trawl-core stream::tests::rejects_an_unknown_or_computed_sev_dialect
        PASS [   0.005s] (2182/4413) trawl-core stream::tests::rejects_a_wrong_arity_call_with_the_emitters_own_sentence
        PASS [   0.003s] (2183/4413) trawl-core stream::tests::rejects_sort
        PASS [   0.005s] (2184/4413) trawl-core stream::tests::rejects_unknown_severity_values_under_a_severity_pin
        PASS [   0.007s] (2185/4413) trawl-core stream::tests::rejects_minting_reserved_names
        PASS [   0.003s] (2186/4413) trawl-core stream::tests::rename_chain_reads_the_pre_stage_event
        PASS [   0.003s] (2187/4413) trawl-core stream::tests::rename_collision_on_one_target_takes_the_last_source
        PASS [   0.003s] (2188/4413) trawl-core stream::tests::rename_from_absent_source_scrubs_the_target
        PASS [   0.003s] (2189/4413) trawl-core stream::tests::rename_missing_field_is_noop
        PASS [   0.003s] (2190/4413) trawl-core stream::tests::rename_renames_field
        PASS [   0.003s] (2191/4413) trawl-core stream::tests::rename_swap_exchanges_values
        PASS [   0.004s] (2192/4413) trawl-core stream::tests::rename_multiple
        PASS [   0.003s] (2193/4413) trawl-core stream::tests::stats_count_by_field
        PASS [   0.003s] (2194/4413) trawl-core stream::tests::stats_count_field_ignores_nulls
        PASS [   0.003s] (2195/4413) trawl-core stream::tests::stats_count_no_group
        PASS [   0.003s] (2196/4413) trawl-core stream::tests::stats_custom_alias
        PASS [   0.004s] (2197/4413) trawl-core stream::tests::stats_dc_and_values
        PASS [   0.004s] (2198/4413) trawl-core stream::tests::stats_empty_snapshot_returns_empty
        PASS [   0.003s] (2199/4413) trawl-core stream::tests::stats_median_even_count
        PASS [   0.004s] (2200/4413) trawl-core stream::tests::stats_first_last
        PASS [   0.004s] (2201/4413) trawl-core stream::tests::stats_median
        PASS [   0.003s] (2202/4413) trawl-core stream::tests::stats_stage_produces_aggregate_plan
        PASS [   0.003s] (2203/4413) trawl-core stream::tests::stats_stddev
        PASS [   0.003s] (2204/4413) trawl-core stream::tests::stats_sum_avg_min_max
        PASS [   0.003s] (2205/4413) trawl-core stream::tests::stats_with_pre_and_post_stages
        PASS [   0.003s] (2206/4413) trawl-core stream::tests::stream_date_diff_rejects_non_literal_unit
        PASS [   0.004s] (2207/4413) trawl-core stream::tests::stream_date_part_accepts_allowlisted_units
        PASS [   0.003s] (2208/4413) trawl-core stream::tests::stream_date_part_rejects_unknown_unit
        PASS [   0.003s] (2209/4413) trawl-core stream::tests::stream_date_trunc_accepts_allowlisted_units
        PASS [   0.003s] (2210/4413) trawl-core stream::tests::stream_date_trunc_rejects_dow
        PASS [   0.003s] (2211/4413) trawl-core stream::tests::stream_strftime_accepts_standard_format
        PASS [   0.003s] (2212/4413) trawl-core stream::tests::stream_strftime_rejects_invalid_format
        PASS [   0.003s] (2213/4413) trawl-core stream::tests::stream_strptime_rejects_invalid_format
        PASS [   0.003s] (2214/4413) trawl-core stream::tests::stream_where_date_part_rejects_unknown_unit
        PASS [   0.003s] (2215/4413) trawl-core stream::tests::stream_where_strftime_rejects_invalid_format
        PASS [   0.003s] (2216/4413) trawl-core stream::tests::table_maps_field_names
        PASS [   0.003s] (2217/4413) trawl-core stream::tests::table_retains_specified_fields
        PASS [   0.003s] (2218/4413) trawl-core stream::tests::table_stores_fields_in_user_order
        PASS [   0.003s] (2219/4413) trawl-core stream::tests::the_time_bucket_reads_the_wire_string
        PASS [   0.003s] (2220/4413) trawl-core stream::tests::top_counts_most_frequent
        PASS [   0.003s] (2221/4413) trawl-core stream::tests::where_filters_non_matching
        PASS [   0.003s] (2222/4413) trawl-core stream::tests::where_level_reads_the_senders_own_column
        PASS [   0.003s] (2223/4413) trawl-core stream::tests::where_null_is_filtered
        PASS [   0.003s] (2224/4413) trawl-core stream::tests::where_passes_matching
        PASS [   0.003s] (2225/4413) trawl-core::comment_rulings a_delimiter_does_not_open_a_comment
        PASS [   0.004s] (2226/4413) trawl-core::comment_rulings a_comment_opens_only_after_ascii_whitespace
        PASS [   0.004s] (2227/4413) trawl-core::comment_rulings a_negated_term_is_pointed_at_the_not_spelling
        PASS [   0.004s] (2228/4413) trawl-core::comment_rulings a_hint_drops_advice_the_grammar_cannot_read
        PASS [   0.004s] (2229/4413) trawl-core::comment_rulings a_span_after_a_comment_indexes_the_original_input
        PASS [   0.004s] (2230/4413) trawl-core::comment_rulings a_term_hint_admits_a_comma
        PASS [   0.004s] (2231/4413) trawl-core::comment_rulings a_term_opening_with_slashes_names_the_real_opener
        PASS [   0.134s] (2232/4413) trawl-core parser::tests::the_pathological_corpus_parses_within_a_tokio_workers_stack
        PASS [   0.004s] (2233/4413) trawl-core::comment_rulings a_whitespace_preceded_hash_opens_a_comment
        PASS [   0.004s] (2234/4413) trawl-core::comment_rulings an_in_list_is_hinted_one_element_at_a_time
        PASS [   0.005s] (2235/4413) trawl-core::comment_rulings a_value_hint_admits_that_quoting_a_glob_drops_the_pattern
        PASS [   0.004s] (2236/4413) trawl-core::comment_rulings an_opener_in_a_stage_name_is_not_an_unknown_command
        PASS [   0.004s] (2237/4413) trawl-core::comment_rulings quoted_contexts_carry_the_opener_verbatim
        PASS [   0.004s] (2238/4413) trawl-core::comment_rulings slashes_in_a_value_are_data
        PASS [   0.004s] (2239/4413) trawl-core::comment_rulings an_opener_inside_an_unquoted_token_is_a_loud_error
        PASS [   0.004s] (2240/4413) trawl-core::comment_rulings the_value_hint_names_the_whole_value
        PASS [   0.004s] (2241/4413) trawl-core::comment_rulings the_cap_keeps_the_terminal_error
        PASS [   0.006s] (2242/4413) trawl-core::complexity_emission_bounds a_sev_subject_inside_a_severity_set_is_copied_per_run
        PASS [   0.007s] (2243/4413) trawl-core::complexity_emission_bounds arity_dependent_shapes_match_their_emission
        PASS [   0.004s] (2244/4413) trawl-core::complexity_emission_bounds every_conform_helper_matches_its_profile
        PASS [   0.005s] (2245/4413) trawl-core::complexity_emission_bounds every_comparison_form_matches_its_emission
        PASS [   0.004s] (2246/4413) trawl-core::complexity_emission_bounds every_in_list_shape_matches_its_emission
        PASS [   0.004s] (2247/4413) trawl-core::complexity_emission_bounds every_severity_range_class_matches_its_emission
        PASS [   0.006s] (2248/4413) trawl-core::complexity_emission_bounds every_pattern_target_matches_its_emission
        PASS [   0.004s] (2249/4413) trawl-core::complexity_emission_bounds structural_renderings_match_their_emission
        PASS [   0.003s] (2250/4413) trawl-core::complexity_emission_bounds the_eventstats_window_wrapper_is_covered
        PASS [   0.003s] (2251/4413) trawl-core::complexity_emission_bounds the_node_oracle_agrees_with_hand_counting
        PASS [   0.003s] (2252/4413) trawl-core::complexity_emission_bounds the_node_oracle_refuses_syntax_it_has_not_been_taught
        PASS [   0.004s] (2253/4413) trawl-core::complexity_parity admission_does_not_make_a_stage_streamable
        PASS [   0.034s] (2254/4413) trawl-core::comment_rulings a_pathological_query_reports_a_bounded_number_of_diagnostics
        PASS [   0.015s] (2255/4413) trawl-core::complexity_emission_bounds every_known_function_has_an_emission_fixture
        PASS [   0.021s] (2256/4413) trawl-core::complexity_parity the_same_pipelines_are_admitted_one_reference_short
        PASS [   0.032s] (2257/4413) trawl-core::filter_parity bare_search_raw_parity
        PASS [   0.073s] (2258/4413) trawl-core::complexity_parity the_verdict_never_depends_on_the_catalog
        PASS [   0.158s] (2259/4413) trawl-core::complexity_parity both_doors_refuse_with_one_sentence
        PASS [   0.092s] (2260/4413) trawl-core::filter_parity mixed_case_field_reference_parity
        PASS [   0.114s] (2261/4413) trawl-core::filter_parity pinned_bigint_pattern_parity
        PASS [   0.184s] (2262/4413) trawl-core::filter_parity pinned_double_special_value_parity
        PASS [   0.039s] (2263/4413) trawl-core::filter_parity pinned_hot_cold_union_parity
        PASS [   0.356s] (2264/4413) trawl-core::filter_parity pinned_double_pattern_parity
        PASS [   0.032s] (2265/4413) trawl-core::filter_parity pinned_let_matrix_with_expected_values
        PASS [   0.062s] (2266/4413) trawl-core::filter_parity pinned_severity_matrix_parity
        PASS [   0.684s] (2267/4413) trawl-core::eval_no_panic eval_returns_for_every_composed_expression
        PASS [   0.843s] (2268/4413) trawl-core::build_provenance linked_worktree_metadata_tracks_only_product_changes
        PASS [   0.842s] (2269/4413) trawl-core::build_provenance normal_repository_metadata_tracks_only_product_changes
        PASS [   0.856s] (2270/4413) trawl-core::eval_no_panic eval_returns_for_every_parsed_dsl_expression
        PASS [   0.103s] (2271/4413) trawl-core::filter_parity pinned_varchar_eq_survives_read_json_widening
        PASS [   0.107s] (2272/4413) trawl-core::filter_parity pinned_varchar_eq_over_conformed_number_spellings
        PASS [   0.031s] (2273/4413) trawl-core::filter_parity pinned_where_expected_answers
        PASS [   0.547s] (2274/4413) trawl-core::filter_parity pinned_hot_only_pattern_parity
        PASS [   0.026s] (2275/4413) trawl-core::filter_parity pinned_where_timestamp_offset_instant
        PASS [   0.466s] (2276/4413) trawl-core::filter_parity pinned_timestamp_pattern_parity
        PASS [   0.415s] (2277/4413) trawl-core::filter_parity pinned_typed_comparison_parity
        PASS [   0.200s] (2278/4413) trawl-core::filter_parity pinned_varchar_numeric_comparison_is_exact_above_2_pow_53
        PASS [   0.064s] (2279/4413) trawl-core::filter_parity search_stage_ne_over_a_list_is_compositional_in_both_lanes
        PASS [   0.023s] (2280/4413) trawl-core::filter_parity time_filter_parity_on_time_column
        PASS [   0.222s] (2281/4413) trawl-core::filter_parity sparse_text_containment_is_total_in_both_lanes
        PASS [   0.004s] (2282/4413) trawl-core::live_sampling a_bucketless_event_buckets_at_its_own_contexts_instant
        PASS [   0.004s] (2283/4413) trawl-core::live_sampling a_dropped_group_does_not_move_the_survivors_instant
        PASS [   0.005s] (2284/4413) trawl-core::live_sampling a_limit_reports_done_rather_than_emitting
        PASS [   0.004s] (2285/4413) trawl-core::live_sampling a_post_stage_limit_caps_a_snapshots_rows
        PASS [   0.004s] (2286/4413) trawl-core::live_sampling a_post_stage_limit_is_re_armed_for_each_snapshot
        PASS [   0.004s] (2287/4413) trawl-core::live_sampling a_pre_stage_limit_caps_what_reaches_the_accumulators
        PASS [   0.004s] (2288/4413) trawl-core::live_sampling a_snapshot_stamps_one_instant_on_every_group_row
        PASS [   0.298s] (2289/4413) trawl-core::filter_parity pinned_where_varchar_matrix_parity
        PASS [   0.004s] (2290/4413) trawl-core::live_sampling a_timechart_snapshot_stamps_one_instant_too
        PASS [   0.004s] (2291/4413) trawl-core::live_sampling one_event_freezes_now_across_siblings_and_a_later_stage
        PASS [   0.004s] (2292/4413) trawl-core::live_sampling pre_stage_rows_sample_per_event
        PASS [   0.004s] (2293/4413) trawl-core::live_sampling the_filter_and_the_stages_cannot_read_different_clocks
        PASS [   0.004s] (2294/4413) trawl-core::now_anchor_contract the_clock_has_exactly_one_door
        PASS [   0.017s] (2295/4413) trawl-core::now_anchor_contract the_scan_counts_calls_not_mentions
        PASS [   0.076s] (2296/4413) trawl-core::now_anchor_contract no_evaluation_path_in_trawl_core_reads_the_clock
        PASS [   0.033s] (2297/4413) trawl-core::pin_stage_parity compare_form_coverage_in_both_pipeline_lanes
        PASS [   0.036s] (2298/4413) trawl-core::pin_stage_parity float_literal_above_2_53_binds_its_source_token_in_both_lanes
        PASS [   0.024s] (2299/4413) trawl-core::pin_stage_parity let_sibling_references_bind_column_then_alias_in_both_lanes
        PASS [   0.038s] (2300/4413) trawl-core::pin_stage_parity mixed_case_aliases_resolve_in_both_lanes
        PASS [   0.735s] (2301/4413) trawl-core::filter_parity pinned_varchar_matrix_parity
        PASS [   0.036s] (2302/4413) trawl-core::pin_stage_parity negative_literals_bind_pin_aware_in_both_lanes
        PASS [   0.030s] (2303/4413) trawl-core::pin_stage_parity pattern_form_coverage_in_both_pipeline_lanes
        PASS [   0.040s] (2304/4413) trawl-core::pin_stage_parity sev_let_target_adopts_the_declared_pin_in_both_lanes
        PASS [   0.270s] (2305/4413) trawl-core::pin_stage_parity case_variant_projections_agree_across_lanes
        PASS [   0.064s] (2306/4413) trawl-core::pin_stage_parity sev_out_of_ladder_points_agree_in_both_lanes
        PASS [   0.010s] (2307/4413) trawl-core::pin_stage_parity sev_subject_refuses_an_unknown_token_in_both_lanes
        PASS [   0.038s] (2308/4413) trawl-core::pin_stage_parity sev_subject_carries_its_dialect_in_both_lanes
        PASS [   0.005s] (2309/4413) trawl-core::projection_collision_parity both_lanes_refuse_a_collision_with_the_identical_sentence
        PASS [   0.006s] (2310/4413) trawl-core::projection_collision_parity clean_projections_stay_clean_in_both_lanes
        PASS [   0.004s] (2311/4413) trawl-core::projection_collision_parity eventstats_without_an_alias_is_refused_in_both_lanes
        PASS [   0.004s] (2312/4413) trawl-core::projection_collision_parity the_shared_check_precedes_the_stream_lanes_own_refusals
        PASS [   0.023s] (2313/4413) trawl-core::scalar_parity a_failed_timestamp_coercion_is_null_in_both_operand_orders
        PASS [   0.653s] (2314/4413) trawl-core::filter_parity severity_band_parity_exhaustive
        PASS [   0.584s] (2315/4413) trawl-core::filter_parity where_severity_band_parity_exhaustive
        PASS [   0.021s] (2316/4413) trawl-core::scalar_parity a_malformed_offset_has_no_timestamp_reading
        PASS [   0.073s] (2317/4413) trawl-core::pin_stage_parity sev_subject_sets_and_reversed_operands_agree_in_both_lanes
        PASS [   0.018s] (2318/4413) trawl-core::scalar_parity accepted_locale_percent_c_residual_is_pinned
        PASS [   0.019s] (2319/4413) trawl-core::scalar_parity accepted_bare_percent_y_strptime_residual_is_pinned
        PASS [   0.019s] (2320/4413) trawl-core::scalar_parity accepted_percent_z_strptime_wall_clock_residual_is_pinned
        PASS [   0.020s] (2321/4413) trawl-core::scalar_parity batch_errors_imply_streaming_null
        PASS [   0.022s] (2322/4413) trawl-core::scalar_parity current_typeof_null_and_list_spellings_are_pinned
        PASS [   0.037s] (2323/4413) trawl-core::scalar_parity ceil_floor_and_round_return_duckdbs_argument_driven_shapes
        PASS [   0.010s] (2324/4413) trawl-core::scalar_parity generated_parse_rejection_panics
        PASS [   0.029s] (2325/4413) trawl-core::scalar_parity division_by_zero_matches_duckdbs_ieee_answer
        PASS [   0.169s] (2326/4413) trawl-core::pin_stage_parity sev_subject_binds_through_the_severity_rules_in_both_lanes
        PASS [   0.019s] (2327/4413) trawl-core::scalar_parity duckdb_conditionals_and_coalesce_short_circuit
        PASS [   0.007s] (2328/4413) trawl-core::scalar_parity infrastructure_failure_panics
        PASS [   0.022s] (2329/4413) trawl-core::scalar_parity integer_overflow_nulls_where_duckdb_errors
        PASS [   0.024s] (2330/4413) trawl-core::scalar_parity integer_division_is_true_division_like_duckdb
        PASS [   0.089s] (2331/4413) trawl-core::scalar_parity an_if_or_case_condition_takes_duckdbs_boolean_domain
        PASS [   0.020s] (2332/4413) trawl-core::scalar_parity now_is_one_instant_per_unit_of_output
        PASS [   0.036s] (2333/4413) trawl-core::scalar_parity json_extract_returns_json_text_in_both_lanes
        PASS [   0.033s] (2334/4413) trawl-core::scalar_parity now_reads_the_statements_anchor_in_both_lanes
        PASS [   0.024s] (2335/4413) trawl-core::scalar_parity percent_f_is_microseconds_in_both_lanes
        PASS [   0.019s] (2336/4413) trawl-core::scalar_parity random_generator_surface_is_complete
        PASS [   0.019s] (2337/4413) trawl-core::scalar_parity strftime_over_strptime_binds_params_in_order
        PASS [   0.023s] (2338/4413) trawl-core::scalar_parity sev_over_the_now_anchor_is_null_never_a_binder_error
        PASS [   0.027s] (2339/4413) trawl-core::scalar_parity strptime_partial_formats_match_duckdb
        PASS [   0.007s] (2340/4413) trawl-core::scalar_parity timestamp_comparison_is_microsecond_exact
        PASS [   0.028s] (2341/4413) trawl-core::scalar_parity the_epoch_reading_agrees_at_every_magnitude
        PASS [   0.034s] (2342/4413) trawl-core::scalar_parity the_hostile_timestamp_corpus_agrees_in_both_lanes
        PASS [   0.020s] (2343/4413) trawl-core::scalar_parity tonumber_reads_a_boolean_the_way_try_cast_double_does
        PASS [   0.020s] (2344/4413) trawl-core::stage_parity a_computed_nan_survives_the_stage_boundary
        PASS [   0.026s] (2345/4413) trawl-core::scalar_parity typeof_spells_a_value_the_way_the_bound_literal_arrives
        PASS [   0.035s] (2346/4413) trawl-core::stage_parity a_computed_timestamp_agrees_across_the_lanes
        PASS [   0.021s] (2347/4413) trawl-core::stage_parity a_malformed_offset_drops_the_row_where_batch_refuses_the_query
        PASS [   0.158s] (2348/4413) trawl-core::scalar_parity generated_scalar_families_are_complete_and_match
        PASS [   0.022s] (2349/4413) trawl-core::stage_parity a_nan_group_key_is_one_group
        PASS [   0.008s] (2350/4413) trawl-core::stage_parity an_sse_frame_keeps_its_pre_change_bytes
        PASS [   0.019s] (2351/4413) trawl-core::stage_parity a_timestamp_group_key_is_the_instants_own_text
        PASS [   0.024s] (2352/4413) trawl-core::stage_parity a_signed_nan_string_crosses_a_stage_byte_for_byte
        PASS [   0.023s] (2353/4413) trawl-core::stage_parity an_infinity_compares_in_a_later_stage
        PASS [   0.025s] (2354/4413) trawl-core::stage_parity an_unsigned_number_keeps_its_identity_across_stages
        PASS [   0.022s] (2355/4413) trawl-core::stage_parity finite_floats_render_the_same_in_both_lanes
        PASS [   0.026s] (2356/4413) trawl-core::stage_parity extract_reads_a_computed_timestamp_where_batch_refuses_the_query
        PASS [   0.024s] (2357/4413) trawl-core::stage_parity negative_zero_groups_with_positive_zero
        PASS [   0.023s] (2358/4413) trawl-core::stage_parity the_aggregates_read_an_infinity
        PASS [   0.003s] (2359/4413) trawl-crashdump caps::tests::a_negative_signal_number_is_refused_without_a_syscall
        PASS [   0.004s] (2360/4413) trawl-crashdump caps::tests::an_ordinary_process_is_dumpable
        PASS [   0.004s] (2361/4413) trawl-crashdump caps::tests::arming_the_parent_death_signal_succeeds
        PASS [   0.023s] (2362/4413) trawl-core::stage_parity two_nan_rows_dedup_to_one
        PASS [   0.003s] (2363/4413) trawl-crashdump caps::tests::peer_cred_of_something_that_is_not_a_socket_is_an_error
        PASS [   0.003s] (2364/4413) trawl-crashdump caps::tests::capget_agrees_with_proc_status
        PASS [   0.025s] (2365/4413) trawl-crashdump caps::tests::a_child_that_armed_the_signal_dies_with_its_parent
        PASS [   0.003s] (2366/4413) trawl-crashdump caps::tests::peer_cred_reports_this_process_when_it_holds_the_name
        PASS [   0.003s] (2367/4413) trawl-crashdump caps::tests::raising_succeeds_exactly_when_the_bit_is_permitted
        PASS [   0.036s] (2368/4413) trawl-core::stage_parity the_two_nan_signs_are_one_identity
        PASS [   0.003s] (2369/4413) trawl-crashdump caps::tests::sealing_clears_the_bit_and_forbids_regaining_it
        PASS [   0.003s] (2370/4413) trawl-crashdump caps::tests::set_ptracer_accepts_a_pid
        PASS [   0.003s] (2371/4413) trawl-crashdump imp::tests::a_new_descriptor_that_is_not_a_socket_is_refused
        PASS [   0.003s] (2372/4413) trawl-crashdump imp::tests::an_unchanged_snapshot_names_no_new_descriptor
        PASS [   0.003s] (2373/4413) trawl-crashdump imp::tests::connect_names_the_descriptor_the_client_opened
        PASS [   0.003s] (2374/4413) trawl-crashdump imp::tests::the_spawning_parent_pid_round_trips_through_the_environment
        PASS [   0.003s] (2375/4413) trawl-crashdump imp::tests::two_new_descriptors_are_refused
        PASS [   0.003s] (2376/4413) trawl-crashdump mdmp::tests::a_bad_magic_is_an_error
        PASS [   0.003s] (2377/4413) trawl-crashdump mdmp::tests::a_directory_pointing_past_the_end_is_an_error
        PASS [   0.003s] (2378/4413) trawl-crashdump mdmp::tests::a_short_file_is_an_error_not_a_zero
        PASS [   0.024s] (2379/4413) trawl-crashdump caps::tests::peer_cred_reports_the_other_process_that_bound_the_name
        PASS [   0.003s] (2380/4413) trawl-crashdump mdmp::tests::a_stream_count_over_the_cap_is_an_error
        PASS [   0.003s] (2381/4413) trawl-crashdump mdmp::tests::an_absent_stream_reports_minus_one
        PASS [   0.024s] (2382/4413) trawl-crashdump caps::tests::peer_cred_separates_the_held_connection_from_a_later_binder
        PASS [   0.003s] (2383/4413) trawl-crashdump mdmp::tests::counts_a_populated_dump
        PASS [   0.003s] (2384/4413) trawl-crashdump mdmp::tests::counts_the_denied_signature
        PASS [   0.003s] (2385/4413) trawl-crashdump mdmp::tests::unrelated_streams_are_skipped
        PASS [   0.003s] (2386/4413) trawl-crashdump probe::tests::a_duplicate_required_field_is_unreadable
        PASS [   0.003s] (2387/4413) trawl-crashdump probe::tests::a_field_name_must_match_whole
        PASS [   0.003s] (2388/4413) trawl-crashdump probe::tests::a_mask_wider_than_u64_is_unreadable
        PASS [   0.003s] (2389/4413) trawl-crashdump probe::tests::a_missing_required_field_is_unreadable
        PASS [   0.003s] (2390/4413) trawl-crashdump probe::tests::a_prefixed_or_signed_mask_is_unreadable
        PASS [   0.003s] (2391/4413) trawl-crashdump probe::tests::field_order_does_not_matter
        PASS [   0.003s] (2392/4413) trawl-crashdump probe::tests::ids_are_exactly_four_decimals
        PASS [   0.003s] (2393/4413) trawl-crashdump probe::tests::no_new_privs_is_exactly_zero_or_one
        PASS [   0.003s] (2394/4413) trawl-crashdump probe::tests::parses_a_real_shaped_status
        PASS [   0.003s] (2395/4413) trawl-crashdump probe::tests::reads_our_own_status_from_procfs
        PASS [   0.003s] (2396/4413) trawl-crashdump probe::tests::reads_the_yama_scope_or_defaults_to_zero
        PASS [   0.003s] (2397/4413) trawl-crashdump probe::tests::uppercase_hex_parses
        PASS [   0.003s] (2398/4413) trawl-crashdump readiness::tests::classify_fallback_is_indeterminate_when_dumpable_or_credentials_are_unknown
        PASS [   0.003s] (2399/4413) trawl-crashdump readiness::tests::classify_scope0_capable_monitor_is_ready
        PASS [   0.003s] (2400/4413) trawl-crashdump readiness::tests::classify_scope0_fallback_denied_on_credentials_or_dumpable
        PASS [   0.003s] (2401/4413) trawl-crashdump readiness::tests::classify_scope0_fallback_ignores_the_ptracer_call
        PASS [   0.003s] (2402/4413) trawl-crashdump readiness::tests::classify_scope1_capable_monitor_is_ready
        PASS [   0.003s] (2403/4413) trawl-crashdump readiness::tests::classify_scope1_fallback_denied_on_mismatched_credentials
        PASS [   0.003s] (2404/4413) trawl-crashdump readiness::tests::classify_scope1_fallback_denied_when_not_dumpable
        PASS [   0.003s] (2405/4413) trawl-crashdump readiness::tests::classify_scope1_fallback_is_ready_when_ptracer_creds_and_dumpable_hold
        PASS [   0.003s] (2406/4413) trawl-crashdump readiness::tests::classify_scope1_fallback_needs_the_ptracer_call
        PASS [   0.003s] (2407/4413) trawl-crashdump readiness::tests::classify_scope2_capable_monitor_is_ready
        PASS [   0.003s] (2408/4413) trawl-crashdump readiness::tests::classify_scope2_without_the_capability_is_denied
        PASS [   0.003s] (2409/4413) trawl-crashdump readiness::tests::classify_scope3_denies_before_the_monitor_is_consulted
        PASS [   0.003s] (2410/4413) trawl-crashdump readiness::tests::classify_scope3_denies_even_a_capable_monitor
        PASS [   0.003s] (2411/4413) trawl-crashdump readiness::tests::classify_scope_outside_the_table_is_indeterminate
        PASS [   0.003s] (2412/4413) trawl-crashdump readiness::tests::classify_unreadable_monitor_is_indeterminate_at_every_live_scope
        PASS [   0.003s] (2413/4413) trawl-crashdump readiness::tests::classify_unreadable_scope_is_indeterminate
        PASS [   0.003s] (2414/4413) trawl-crashdump readiness::tests::credentials_match_accepts_the_ordinary_pod
        PASS [   0.003s] (2415/4413) trawl-crashdump readiness::tests::credentials_match_rejects_a_monitor_missing_an_unrelated_permitted_bit
        PASS [   0.003s] (2416/4413) trawl-crashdump readiness::tests::credentials_match_rejects_a_uid_or_gid_mismatch
        PASS [   0.003s] (2417/4413) trawl-crashdump readiness::tests::missing_capability_is_silent_when_the_capability_would_not_help
        PASS [   0.003s] (2418/4413) trawl-crashdump readiness::tests::missing_capability_names_the_bit_the_verdict_turned_on
        PASS [   0.003s] (2419/4413) trawl-crashdump readiness::tests::status_words_are_pinned_and_delegated
        PASS [   0.003s] (2420/4413) trawl-crashdump::class_names ci_script_names_only_real_readiness_classes
        PASS [   0.003s] (2421/4413) trawl-crashdump::class_names readiness_class_names_are_pinned
        PASS [   0.004s] (2422/4413) trawl-crashdump::config_check_seal config_check_seals_only_the_child_process
        PASS [   0.003s] (2423/4413) trawl-dashboard tests::format_bytes_units
        PASS [   0.003s] (2424/4413) trawl-dashboard tests::format_duration_display
        PASS [   0.003s] (2425/4413) trawl-dashboard tests::format_number_thousands
        PASS [   0.030s] (2426/4413) trawl-dashboard tests::render_dashboard_empty
        PASS [   0.034s] (2427/4413) trawl-dashboard tests::render_dashboard_narrow
        PASS [   0.035s] (2428/4413) trawl-dashboard tests::render_dashboard_full
        PASS [   0.034s] (2429/4413) trawl-dashboard tests::render_dashboard_no_footer
        PASS [   0.003s] (2430/4413) trawl-dashboard tests::truncate_query_ascii
        PASS [   0.003s] (2431/4413) trawl-dashboard tests::truncate_query_collapses_whitespace
        PASS [   0.003s] (2432/4413) trawl-dashboard tests::truncate_query_multibyte
        PASS [   0.003s] (2433/4413) trawl-dashboard tests::truncate_query_zero_width
        PASS [   0.009s] (2434/4413) trawl-engine cancel::tests::a_shared_flag_reaches_every_clone
        PASS [   0.031s] (2435/4413) trawl-dashboard tests::render_dashboard_retained_narrow
        PASS [   0.007s] (2436/4413) trawl-engine cancel::tests::an_absent_latch_is_never_cancelled
        PASS [   0.007s] (2437/4413) trawl-engine executor::tests::cold_action_matrix_is_exhaustive
        PASS [   0.035s] (2438/4413) trawl-dashboard tests::render_dashboard_retained_nonzero
        PASS [   0.034s] (2439/4413) trawl-dashboard tests::render_dashboard_retained_zero
        PASS [   0.024s] (2440/4413) trawl-engine executor::tests::cold_presence_reads_resolved_list_evidence
        PASS [   0.026s] (2441/4413) trawl-engine executor::tests::describe_schema_reconciles_union_able_scalar_drift
        PASS [   0.028s] (2442/4413) trawl-engine executor::tests::describe_schema_keeps_union_able_struct_drift
        PASS [   0.007s] (2443/4413) trawl-engine executor::tests::export_row_limit_sentinel_is_target_independent
        PASS [   0.019s] (2444/4413) trawl-engine executor::tests::empty_window_without_a_hot_buffer_is_an_empty_success
        PASS [   0.049s] (2445/4413) trawl-engine executor::tests::conflicting_kind_mixes_all_carry_the_conversion_class
        PASS [   0.039s] (2446/4413) trawl-engine executor::tests::duckdb_error_classes_parsed_from_live_errors
        PASS [   0.022s] (2447/4413) trawl-engine executor::tests::export_with_hot_falls_back_to_hot_only_for_empty_list_source
        PASS [   0.018s] (2448/4413) trawl-engine executor::tests::export_without_hot_stays_loud_for_an_empty_window
        PASS [   0.033s] (2449/4413) trawl-engine executor::tests::export_with_hot_keeps_cold_rows_on_partial_list_miss
        PASS [   0.032s] (2450/4413) trawl-engine executor::tests::export_without_hot_keeps_cold_rows_on_partial_list_miss
        PASS [   0.027s] (2451/4413) trawl-engine executor::tests::fs_matcher_agrees_with_duckdb_glob_on_literals
        PASS [   0.008s] (2452/4413) trawl-engine executor::tests::glob_list_items_splits_list_sources
        PASS [   0.008s] (2453/4413) trawl-engine executor::tests::has_glob_meta_splits_the_matcher
        PASS [   0.025s] (2454/4413) trawl-engine executor::tests::genuine_data_conversion_error_carries_the_conversion_class
        PASS [   0.016s] (2455/4413) trawl-engine executor::tests::literal_path_is_file_retains_on_a_non_notfound_error
        PASS [   0.032s] (2456/4413) trawl-engine executor::tests::irreconcilable_drift_describes_raw_and_errors_loudly_at_read
        PASS [   0.040s] (2457/4413) trawl-engine executor::tests::is_conversion_error_matches_real_strings
        PASS [   0.029s] (2458/4413) trawl-engine executor::tests::missing_column_with_cold_files_returns_empty_not_error
        PASS [   0.029s] (2459/4413) trawl-engine executor::tests::no_files_outcome_with_cold_data_errors_instead_of_empty_success
        PASS [   0.007s] (2460/4413) trawl-engine executor::tests::resolve_list_source_fails_closed_on_an_unparseable_list
        PASS [   0.027s] (2461/4413) trawl-engine executor::tests::partial_list_source_miss_keeps_cold_rows
        PASS [   0.008s] (2462/4413) trawl-engine executor::tests::resolve_list_source_keeps_the_original_when_nothing_is_narrowed
        PASS [   0.008s] (2463/4413) trawl-engine executor::tests::resolve_list_source_narrows_to_matching_elements
        PASS [   0.028s] (2464/4413) trawl-engine executor::tests::partial_list_source_miss_keeps_cold_rows_without_a_hot_buffer
        PASS [   0.026s] (2465/4413) trawl-engine executor::tests::plain_glob_resolves_lazily_and_is_globbed_on_demand
        PASS [   0.008s] (2466/4413) trawl-engine executor::tests::resolve_list_source_preserves_order_and_duplicates
        PASS [   0.007s] (2467/4413) trawl-engine executor::tests::subquery_source_is_never_a_list
        PASS [   0.007s] (2468/4413) trawl-engine executor::tests::the_happy_path_never_pays_the_presence_check
        PASS [   0.008s] (2469/4413) trawl-engine executor::tests::the_raw_free_retry_inherits_the_anchor
        PASS [   0.019s] (2470/4413) trawl-engine executor::tests::run_query_with_hot_returns_hot_on_cold_start
        PASS [   0.017s] (2471/4413) trawl-engine executor::tests::unexpected_cold_failure_returns_error_not_hot_only
        PASS [   0.019s] (2472/4413) trawl-engine executor::tests::trigger_variants_produce_conversion_class_errors
        PASS [   0.018s] (2473/4413) trawl-engine parquet_stats::tests::a_dotted_scalar_name_is_returned_whole
        PASS [   0.008s] (2474/4413) trawl-engine parquet_stats::tests::corrupt_file_is_err_not_panic
        PASS [   0.017s] (2475/4413) trawl-engine parquet_stats::tests::a_nested_schema_is_refused_not_flattened
        PASS [   0.007s] (2476/4413) trawl-engine parquet_stats::tests::long_byte_array_sample_is_truncated
        PASS [   0.007s] (2477/4413) trawl-engine parquet_stats::tests::missing_file_is_open_error
        PASS [   0.017s] (2478/4413) trawl-engine parquet_stats::tests::column_names_come_from_the_schema_not_the_rows
        PASS [   0.016s] (2479/4413) trawl-engine parquet_stats::tests::merges_minmax_across_files_in_typed_space
        PASS [   0.008s] (2480/4413) trawl-engine post_process::tests::a_timestamp_cell_leaves_the_bridge_as_text
        PASS [   0.018s] (2481/4413) trawl-engine parquet_stats::tests::reads_counts_and_typed_minmax_from_duckdb_parquet
        PASS [   0.007s] (2482/4413) trawl-engine post_process::tests::empty_result_passthrough
        PASS [   0.016s] (2483/4413) trawl-engine parquet_stats::tests::truncated_and_garbage_footers_are_err_not_panic
        PASS [   0.008s] (2484/4413) trawl-engine post_process::tests::kv_custom_separator
        PASS [   0.008s] (2485/4413) trawl-engine post_process::tests::kv_extraction_on_result
        PASS [   0.007s] (2486/4413) trawl-engine post_process::tests::kv_with_sort
        PASS [   0.008s] (2487/4413) trawl-engine post_process::tests::kv_tail_let_sibling_binds_the_alias
        PASS [   0.007s] (2488/4413) trawl-engine post_process::tests::kv_with_stats
        PASS [   2.343s] (2489/4413) trawl-core::filter_parity filter_matches_sql_parity
        PASS [   0.008s] (2490/4413) trawl-engine post_process::tests::kv_with_where_filter
        PASS [   0.008s] (2491/4413) trawl-engine post_process::tests::the_bridge_round_trips_every_cell_shape
        PASS [   0.008s] (2492/4413) trawl-engine post_process::tests::type_coercion
        PASS [   0.007s] (2493/4413) trawl-engine timezone::tests::invalid_format_errors
        PASS [   0.007s] (2494/4413) trawl-engine timezone::tests::local_resolves_to_system_offset
        PASS [   0.007s] (2495/4413) trawl-engine timezone::tests::negative_offset_parses
        PASS [   0.007s] (2496/4413) trawl-engine timezone::tests::out_of_range_errors
        PASS [   0.007s] (2497/4413) trawl-engine timezone::tests::reformat_crosses_midnight
        PASS [   0.008s] (2498/4413) trawl-engine timezone::tests::positive_offset_parses
        PASS [   0.008s] (2499/4413) trawl-engine timezone::tests::reformat_invalid_input_passthrough
        PASS [   0.008s] (2500/4413) trawl-engine timezone::tests::reformat_negative_offset
        PASS [   0.008s] (2501/4413) trawl-engine timezone::tests::reformat_positive_offset
        PASS [   0.008s] (2502/4413) trawl-engine timezone::tests::reformat_preserves_subseconds
        PASS [   0.007s] (2503/4413) trawl-engine timezone::tests::reformat_trims_trailing_zeros
        PASS [   0.007s] (2504/4413) trawl-engine timezone::tests::reformat_utc_no_change
        PASS [   0.007s] (2505/4413) trawl-engine timezone::tests::utc_resolves_to_zero
        PASS [   0.007s] (2506/4413) trawl-engine timezone::tests::whitespace_trimmed
        PASS [   0.028s] (2507/4413) trawl-engine::complexity_admission the_bind_counter_counts_an_admitted_query
        PASS [   0.029s] (2508/4413) trawl-engine::complexity_admission the_batch_lane_refuses_over_budget_dsl_without_binding
        PASS [   0.033s] (2509/4413) trawl-engine::complexity_admission the_hot_lanes_refuse_over_budget_dsl_without_binding
        PASS [   0.042s] (2510/4413) trawl-engine::complexity_admission the_bind_counter_counts_admitted_exports
        PASS [   0.042s] (2511/4413) trawl-engine::complexity_admission the_export_lanes_refuse_over_budget_dsl_without_binding
        PASS [   0.017s] (2512/4413) trawl-engine::duckdb_probe a_bound_anchor_is_a_timestamp_not_a_timestamptz
        PASS [   0.019s] (2513/4413) trawl-engine::duckdb_probe a_boolean_casts_to_double_as_one_and_zero
        PASS [   0.017s] (2514/4413) trawl-engine::duckdb_probe a_bound_anchor_renders_as_the_canonical_timestamp_text
        PASS [   0.017s] (2515/4413) trawl-engine::duckdb_probe a_bound_literal_casts_as_text_and_nulls_instead_of_throwing
        PASS [   0.017s] (2516/4413) trawl-engine::duckdb_probe a_case_reads_its_arms_in_order_and_stops_at_the_first_true
        PASS [   0.020s] (2517/4413) trawl-engine::duckdb_probe a_rendered_nan_keeps_its_sign
        PASS [   0.024s] (2518/4413) trawl-engine::duckdb_probe a_cloned_connection_starts_from_the_process_default_not_the_parent
        PASS [   0.019s] (2519/4413) trawl-engine::duckdb_probe a_same_list_alias_reference_copies_its_expression
        PASS [   0.024s] (2520/4413) trawl-engine::duckdb_probe a_scalar_stats_or_timechart_output_shares_the_select_list_it_substitutes_into
        PASS [   0.023s] (2521/4413) trawl-engine::duckdb_probe a_stored_double_column_compares_in_that_same_total_order
        PASS [   0.020s] (2522/4413) trawl-engine::duckdb_probe a_timestamp_casts_to_the_text_duckdb_prints
        PASS [   0.022s] (2523/4413) trawl-engine::duckdb_probe a_typed_columns_literal_takes_the_columns_own_cast
        PASS [   0.019s] (2524/4413) trawl-engine::duckdb_probe an_else_less_case_still_binds_an_else_node
        PASS [   0.017s] (2525/4413) trawl-engine::duckdb_probe an_infinity_timestamp_cell_is_an_i64_sentinel
        PASS [   0.019s] (2526/4413) trawl-engine::duckdb_probe backticked_names_describe_as_the_names_the_dsl_spells
        PASS [   0.030s] (2527/4413) trawl-engine::duckdb_probe an_if_condition_is_a_boolean_cast_not_truthiness
        PASS [   0.018s] (2528/4413) trawl-engine::duckdb_probe bigint_round_trip_is_exact_in_decimal_space_beyond_2_pow_53
        PASS [   0.019s] (2529/4413) trawl-engine::duckdb_probe case_collided_json_keys_are_renamed_and_replace_binds_the_first
        PASS [   0.020s] (2530/4413) trawl-engine::duckdb_probe cast_text_patterns_match_bigint_text_form
        PASS [   0.031s] (2531/4413) trawl-engine::duckdb_probe boolean_pattern_text_is_the_cast_reading_on_both_engines
        PASS [   0.047s] (2532/4413) trawl-engine::duckdb_probe bigint_pattern_text_is_the_cast_reading_on_both_engines
        PASS [   0.105s] (2533/4413) trawl-engine::duckdb_probe a_severity_chain_multiplies_its_subject_twelve_times_per_link
        PASS [   0.022s] (2534/4413) trawl-engine::duckdb_probe current_json_number_spelling_follows_serdes_f64
        PASS [   0.035s] (2535/4413) trawl-engine::duckdb_probe ceil_floor_and_round_split_their_return_type_on_the_argument_type
        PASS [   0.031s] (2536/4413) trawl-engine::duckdb_probe declared_copy_counts_cover_the_parsed_tree
        PASS [   0.024s] (2537/4413) trawl-engine::duckdb_probe division_by_zero_is_an_ieee_special_and_integer_modulo_by_zero_is_null
        PASS [   0.022s] (2538/4413) trawl-engine::duckdb_probe double_comparison_orders_nan_greatest_and_ties_the_two_zeros
        PASS [   0.021s] (2539/4413) trawl-engine::duckdb_probe double_pattern_text_is_duckdb_rendering_on_both_engines
        PASS [   0.055s] (2540/4413) trawl-engine::duckdb_probe decimal_comparison_space_domain_matches_the_live_mirror
        PASS [   0.021s] (2541/4413) trawl-engine::duckdb_probe duckdb_rewrites_a_simple_case_into_one_equality_per_arm
        PASS [   0.021s] (2542/4413) trawl-engine::duckdb_probe eventstats_alias_overwrites_the_incoming_column
        PASS [   0.019s] (2543/4413) trawl-engine::duckdb_probe eventstats_case_variant_alias_overwrites_the_incoming_column
        PASS [   0.020s] (2544/4413) trawl-engine::duckdb_probe eventstats_refuses_a_substituted_alias_inside_its_window
        PASS [   0.021s] (2545/4413) trawl-engine::duckdb_probe integer_arithmetic_overflow_is_an_error_never_a_wrap
        PASS [   0.023s] (2546/4413) trawl-engine::duckdb_probe integer_division_is_true_division_through_double
        PASS [   0.033s] (2547/4413) trawl-engine::duckdb_probe hot_and_compaction_conform_agree_across_inference_classes
        PASS [   0.024s] (2548/4413) trawl-engine::duckdb_probe json_extract_returns_the_values_json_text
        PASS [   0.019s] (2549/4413) trawl-engine::duckdb_probe left_truncates_by_character_not_by_byte
        PASS [   0.021s] (2550/4413) trawl-engine::duckdb_probe pattern_targets_take_like_and_ilike
        PASS [   0.026s] (2551/4413) trawl-engine::duckdb_probe misfit_sample_capture_is_distinct_null_free_and_capped
        PASS [   0.021s] (2552/4413) trawl-engine::duckdb_probe percent_f_is_six_digit_microseconds
        PASS [   0.834s] (2553/4413) trawl-core::scalar_parity scalar_eval_matches_sql_parity
        PASS [   0.043s] (2554/4413) trawl-engine::duckdb_probe mixed_ladder_pair_unions_promote_rather_than_error
        PASS [   0.020s] (2555/4413) trawl-engine::duckdb_probe percent_f_parses_a_variable_length_fraction
        PASS [   0.019s] (2556/4413) trawl-engine::duckdb_probe pin_blind_int_comparison_on_varchar_column_errors
        PASS [   0.016s] (2557/4413) trawl-engine::duckdb_probe pin_blind_patterns_on_bigint_column_refuse_to_bind
        PASS [   0.017s] (2558/4413) trawl-engine::duckdb_probe pin_blind_select_list_comparison_on_varchar_column_errors
        PASS [   0.020s] (2559/4413) trawl-engine::duckdb_probe pinned_comparison_shapes_as_select_list_values
        PASS [   0.021s] (2560/4413) trawl-engine::duckdb_probe pinned_rules_hold_over_read_json_columns
        PASS [   0.023s] (2561/4413) trawl-engine::duckdb_probe pivot_cte_finalization_preserves_multiline_literal_matching
        PASS [   0.024s] (2562/4413) trawl-engine::duckdb_probe raw_extraction_is_exact_key_lookup_and_survives_hostile_keys
        PASS [   0.018s] (2563/4413) trawl-engine::duckdb_probe replace_list_identifier_folding_is_ascii_only
        PASS [   0.031s] (2564/4413) trawl-engine::duckdb_probe raw_guard_is_vector_safe_over_mixed_validity
        PASS [   0.023s] (2565/4413) trawl-engine::duckdb_probe recursive_glob_descends_into_dot_directories
        PASS [   0.021s] (2566/4413) trawl-engine::duckdb_probe resurrection_recovers_shelved_values_per_ladder_target
        PASS [   0.020s] (2567/4413) trawl-engine::duckdb_probe round_takes_a_precision_only_as_an_inlined_integer
        PASS [   0.033s] (2568/4413) trawl-engine::duckdb_probe severity_conform_yields_the_physical_bigint
        PASS [   0.031s] (2569/4413) trawl-engine::duckdb_probe severity_token_text_matches_the_rust_mirror_over_the_ladder
        PASS [   0.020s] (2570/4413) trawl-engine::duckdb_probe the_absolute_time_window_is_half_open_at_the_microsecond
        PASS [   5.006s] (2571/4413) fleet-dev database::tests::cnpg_connection_failure_never_invokes_docker
        PASS [   0.094s] (2572/4413) trawl-engine::duckdb_probe severity_conform_rung_bounds_the_ladder_on_both_engines
        PASS [   0.018s] (2573/4413) trawl-engine::duckdb_probe the_anchor_literal_parses_at_every_year_chrono_can_render
        PASS [   0.017s] (2574/4413) trawl-engine::duckdb_probe the_bind_time_probes_run_against_the_pinned_engine_line
        PASS [   0.018s] (2575/4413) trawl-engine::duckdb_probe the_columns_exclusion_fold_mirrors_catalog_key
        PASS [   0.022s] (2576/4413) trawl-engine::duckdb_probe the_decimal_comparison_space_separates_ids_a_double_equates
        PASS [   0.020s] (2577/4413) trawl-engine::duckdb_probe the_epoch_reading_is_the_micro_count_divided_once
        PASS [   0.032s] (2578/4413) trawl-engine::duckdb_probe the_date_scalars_answer_for_an_infinity
        PASS [   0.018s] (2579/4413) trawl-engine::duckdb_probe the_inlined_anchor_literal_matches_the_bound_form
        PASS [   0.020s] (2580/4413) trawl-engine::duckdb_probe the_severity_kernels_parse_to_their_pinned_copy_counts
        PASS [   0.025s] (2581/4413) trawl-engine::duckdb_probe the_split_let_remedy_admits_a_depth_twenty_four_chain
        PASS [   0.033s] (2582/4413) trawl-engine::duckdb_probe the_timestamp_mirror_residuals_are_one_directional
        PASS [   0.073s] (2583/4413) trawl-engine::duckdb_probe the_literal_timestamp_cast_differs_from_the_conform_only_in_the_zone
        PASS [   0.023s] (2584/4413) trawl-engine::duckdb_probe the_varchar_pin_stores_the_text_form_so_both_lanes_must_share_one
        PASS [   0.020s] (2585/4413) trawl-engine::duckdb_probe time_conform_never_nulls_the_partition_key
        PASS [   0.017s] (2586/4413) trawl-engine::duckdb_probe timestamp_cast_text_form_is_space_separated
        PASS [   0.028s] (2587/4413) trawl-engine::duckdb_probe timestamp_conform_applies_the_offset_under_the_pinned_session
        PASS [   0.016s] (2588/4413) trawl-engine::duckdb_probe try_cast_bigint_rounds_where_the_comparison_space_preserves
        PASS [   0.029s] (2589/4413) trawl-engine::duckdb_probe try_cast_double_domain_matches_the_live_mirror
        PASS [   0.086s] (2590/4413) trawl-engine::duckdb_probe timestamp_pattern_text_is_rfc3339_micros_on_both_engines
        PASS [   0.025s] (2591/4413) trawl-engine::duckdb_probe typed_casts_round_so_the_conform_guard_must_round_trip
        PASS [   0.021s] (2592/4413) trawl-engine::duckdb_probe typeof_spells_a_bound_dsl_literal_by_its_bound_type
        PASS [   0.021s] (2593/4413) trawl-engine::duckdb_probe unconformed_hot_column_throws_the_union_and_varchar_conform_saves_it
        PASS [   0.349s] (2594/4413) trawl-engine::duckdb_probe severity_reading_sql_generates_its_arms_and_types_as_bigint
        PASS [   0.020s] (2595/4413) trawl-engine::duckdb_probe untyped_varchar_conform_expression_is_unquoted_across_inference_classes
        PASS [   0.019s] (2596/4413) trawl-engine::duckdb_probe varchar_negated_list_executes_as_pin_aware_not_in_with_null_widening
        PASS [   0.021s] (2597/4413) trawl-engine::duckdb_probe varchar_ordered_rung_compares_in_the_decimal_space
        PASS [   0.019s] (2598/4413) trawl-engine::duckdb_probe varchar_text_equality_matches_exact_string_only
        PASS [   0.209s] (2599/4413) trawl-engine::duckdb_probe the_trim_set_is_the_same_on_both_engines
        PASS [   0.030s] (2600/4413) trawl-engine::integration a_bare_text_search_keeps_aggregate_params_aligned_in_both_raw_variants
        PASS [   0.019s] (2601/4413) trawl-engine::integration a_limit_before_stats_answers_the_same_beside_a_bound_sibling
        PASS [   0.021s] (2602/4413) trawl-engine::integration a_limit_before_rare_applies_before_the_aggregation
        PASS [   0.020s] (2603/4413) trawl-engine::integration a_limit_before_stats_applies_before_the_aggregation
        PASS [   0.021s] (2604/4413) trawl-engine::integration a_limit_before_timechart_applies_before_the_aggregation
        PASS [   0.020s] (2605/4413) trawl-engine::integration a_limit_before_top_applies_before_the_aggregation
        PASS [   0.019s] (2606/4413) trawl-engine::integration a_pending_sort_orders_the_aggregations_input
        PASS [   0.020s] (2607/4413) trawl-engine::integration a_pending_sort_orders_the_frequency_stages_input
        PASS [   0.022s] (2608/4413) trawl-engine::integration a_second_pivot_cannot_see_a_column_the_first_consumed
        PASS [   0.022s] (2609/4413) trawl-engine::integration a_terminal_pivot_is_unchanged
        PASS [   0.020s] (2610/4413) trawl-engine::integration a_time_window_bound_cannot_swap_with_an_aggregate_now
        PASS [   0.026s] (2611/4413) trawl-engine::integration a_second_pivot_reads_the_first_pivots_output
        PASS [   0.021s] (2612/4413) trawl-engine::integration a_timechart_aggregate_now_binds_after_the_search_predicate
        PASS [   0.019s] (2613/4413) trawl-engine::integration an_aggregate_literal_argument_binds_after_the_search_predicate
        PASS [   0.022s] (2614/4413) trawl-engine::integration an_aggregate_literal_after_a_pivot_binds_after_the_predicate
        PASS [   0.029s] (2615/4413) trawl-engine::integration a_timechart_aggregate_after_a_pivot_binds_after_the_predicate
        PASS [   0.021s] (2616/4413) trawl-engine::integration an_aggregate_now_binds_after_the_search_predicate
        PASS [   0.024s] (2617/4413) trawl-engine::integration an_aggregate_now_after_a_pivot_binds_after_the_predicate
        PASS [   0.022s] (2618/4413) trawl-engine::integration bare_word_matches_content_only_in_raw
        PASS [   0.032s] (2619/4413) trawl-engine::integration bare_word_search_reaches_the_whole_event_through_raw
        PASS [   0.018s] (2620/4413) trawl-engine::integration describe_schema_missing_source
        PASS [   0.022s] (2621/4413) trawl-engine::integration dedup_multiple_fields
        PASS [   0.023s] (2622/4413) trawl-engine::integration dedup_single_field
        PASS [   0.018s] (2623/4413) trawl-engine::integration describe_schema_returns_columns
        PASS [   0.018s] (2624/4413) trawl-engine::integration drop_columns
        PASS [   0.019s] (2625/4413) trawl-engine::integration empty_result
        PASS [   0.028s] (2626/4413) trawl-engine::integration export_hot_only_fallback_conforms_hot_columns_to_the_pin
        PASS [   0.027s] (2627/4413) trawl-engine::integration export_parquet_foreign_nonconformant_corpus_errors_loudly
        PASS [   0.028s] (2628/4413) trawl-engine::integration export_parquet_foreign_nonconformant_corpus_errors_loudly_for_a_pruned_list_source
        PASS [   0.037s] (2629/4413) trawl-engine::integration export_parquet_hot_pin_conflict_nulls_hot_value
        PASS [   0.025s] (2630/4413) trawl-engine::integration export_parquet_rejects_rust_stages
        PASS [   0.037s] (2631/4413) trawl-engine::integration export_parquet_hot_pin_conflict_nulls_hot_value_for_a_pruned_list_source
        PASS [   0.022s] (2632/4413) trawl-engine::integration export_parquet_row_limit_above_i64_max_is_unbounded
        PASS [   0.572s] (2633/4413) trawl-engine::duckdb_probe severity_conform_rung_reads_the_asserted_dialect
        PASS [   0.022s] (2634/4413) trawl-engine::integration export_parquet_row_limit_binds
        PASS [   0.022s] (2635/4413) trawl-engine::integration export_parquet_with_stats_roundtrips
        PASS [   0.018s] (2636/4413) trawl-engine::integration extract_kv_basic_pipeline
        PASS [   0.022s] (2637/4413) trawl-engine::integration export_parquet_writes_valid_file
        PASS [   0.022s] (2638/4413) trawl-engine::integration extract_ip_from_message
        PASS [   0.025s] (2639/4413) trawl-engine::integration extract_kv_tail_after_rename_carries_the_remapped_pin
        PASS [   0.024s] (2640/4413) trawl-engine::integration extract_kv_tail_alias_copy_keeps_the_display_zone
        PASS [   0.023s] (2641/4413) trawl-engine::integration extract_kv_tail_rename_keeps_the_display_zone
        PASS [   0.026s] (2642/4413) trawl-engine::integration extract_kv_tail_computed_value_stays_as_rendered
        PASS [   0.025s] (2643/4413) trawl-engine::integration extract_kv_tail_still_renders_timestamps_in_the_display_zone
        PASS [   0.017s] (2644/4413) trawl-engine::integration extract_kv_with_stats
        PASS [   0.018s] (2645/4413) trawl-engine::integration extract_kv_with_search_prefix
        PASS [   0.032s] (2646/4413) trawl-engine::integration extract_kv_tail_timestamp_compare_ignores_the_display_offset
        PASS [   0.025s] (2647/4413) trawl-engine::integration extract_kv_tail_without_pins_stays_literal_driven
        PASS [   0.028s] (2648/4413) trawl-engine::integration extract_kv_tail_where_is_pin_aware
        PASS [   0.019s] (2649/4413) trawl-engine::integration field_filter_severity_number
        PASS [   0.022s] (2650/4413) trawl-engine::integration field_filter_service
        PASS [   0.022s] (2651/4413) trawl-engine::integration extract_kv_with_where
        PASS [   0.026s] (2652/4413) trawl-engine::integration foreign_nonconformant_corpus_errors_loudly_for_a_pruned_list_source
        PASS [   0.029s] (2653/4413) trawl-engine::integration foreign_nonconformant_corpus_errors_loudly
        PASS [   0.022s] (2654/4413) trawl-engine::integration full_pipeline
        PASS [   0.023s] (2655/4413) trawl-engine::integration hot_only_fallback_conforms_hot_columns_to_the_pin
        PASS [   0.036s] (2656/4413) trawl-engine::integration hot_cold_malformed_timestamp_keeps_cold_data
        PASS [   0.027s] (2657/4413) trawl-engine::integration hot_pin_conflict_nulls_hot_value_for_a_pruned_list_source
        PASS [   0.026s] (2658/4413) trawl-engine::integration hot_pin_conflict_nulls_hot_value_keeps_both_rows
        PASS [   0.018s] (2659/4413) trawl-engine::integration in_list_filter
        PASS [   0.016s] (2660/4413) trawl-engine::integration invalid_dsl_returns_parse_error
        PASS [   0.018s] (2661/4413) trawl-engine::integration json_field_filter
        PASS [   0.020s] (2662/4413) trawl-engine::integration json_stats_pipeline
        PASS [   0.020s] (2663/4413) trawl-engine::integration json_wildcard_returns_all_rows
        PASS [   0.017s] (2664/4413) trawl-engine::integration missing_source_returns_empty_result
        PASS [   0.020s] (2665/4413) trawl-engine::integration let_computed_column
        PASS [   0.019s] (2666/4413) trawl-engine::integration negated_text_search
        PASS [   0.025s] (2667/4413) trawl-engine::integration pinned_comparison_applies_on_cold_only_run_query
        PASS [   0.020s] (2668/4413) trawl-engine::integration pinned_comparison_survives_hot_only_fallback
        PASS [   0.026s] (2669/4413) trawl-engine::integration pinned_comparison_survives_pruned_list_source
        PASS [   0.036s] (2670/4413) trawl-engine::integration pinned_comparison_survives_export_retry
        PASS [   0.023s] (2671/4413) trawl-engine::integration pivot_on_service
        PASS [   0.764s] (2672/4413) trawl-engine::duckdb_probe severity_reading_sql_matches_the_rust_kernel_in_both_dialects
        PASS [   0.030s] (2673/4413) trawl-engine::integration pivot_over_sev_keeps_the_digits_guard_intact
        PASS [   0.019s] (2674/4413) trawl-engine::integration quoted_search
        PASS [   0.019s] (2675/4413) trawl-engine::integration rare_by_service
        PASS [   0.019s] (2676/4413) trawl-engine::integration severity_error_band_matches_three_rows
        PASS [   0.029s] (2677/4413) trawl-engine::integration sev_in_an_aggregation_position_keeps_its_dialect
        PASS [   0.019s] (2678/4413) trawl-engine::integration severity_gte_warn_returns_only_warn_and_above
        PASS [   0.022s] (2679/4413) trawl-engine::integration sort_and_limit
        PASS [   0.020s] (2680/4413) trawl-engine::integration stats_count_by_service
        PASS [   0.020s] (2681/4413) trawl-engine::integration stats_group_by_repairs_separates_clean_from_repaired
        PASS [   0.022s] (2682/4413) trawl-engine::integration stats_with_where_cte
        PASS [   0.019s] (2683/4413) trawl-engine::integration table_projection
        PASS [   0.023s] (2684/4413) trawl-engine::integration status_comparison_gte
        PASS [   0.021s] (2685/4413) trawl-engine::integration text_search_ilike
        PASS [   0.035s] (2686/4413) trawl-engine::integration text_containment_is_total_for_sparse_rows
        PASS [   0.030s] (2687/4413) trawl-engine::integration text_containment_treats_non_text_columns_as_non_matches
        PASS [   0.024s] (2688/4413) trawl-engine::integration text_search_without_a_raw_column_keeps_unknown_field_errors
        PASS [   0.034s] (2689/4413) trawl-engine::integration text_search_without_a_raw_column_searches_message
        PASS [   0.020s] (2690/4413) trawl-engine::integration time_filter_large_window
        PASS [   0.025s] (2691/4413) trawl-engine::integration timechart_bucket_values_group_by_full_expression
        PASS [   0.022s] (2692/4413) trawl-engine::integration timechart_minute_buckets
        PASS [   0.013s] (2693/4413) trawl-engine::integration well_known_fields_match_core_schema
        PASS [   0.027s] (2694/4413) trawl-engine::integration top_by_service
        PASS [   0.025s] (2695/4413) trawl-engine::integration wildcard_returns_all_rows
        PASS [   0.025s] (2696/4413) trawl-engine::parse_emit_prepare control_prepare_rejects_a_missing_column
        PASS [   0.017s] (2697/4413) trawl-engine::parse_emit_prepare control_prepare_rejects_a_missing_source_file
        PASS [   0.045s] (2698/4413) trawl-engine::list_source_gate a_file_that_vanishes_between_resolution_and_the_read_is_never_an_empty_answer
        PASS [   0.233s] (2699/4413) trawl-engine::integration hot_sparse_repair_column_survives_inside_the_sample_window
        PASS [   0.020s] (2700/4413) trawl-engine::parse_emit_prepare control_prepare_rejects_a_type_invalid_expression
        PASS [   0.069s] (2701/4413) trawl-engine::list_source_gate an_all_missing_list_is_an_empty_window_not_a_failure
        PASS [   0.022s] (2702/4413) trawl-engine::rust_tail_specials a_post_stage_limit_caps_the_kv_tails_one_snapshot
        PASS [   0.019s] (2703/4413) trawl-engine::rust_tail_specials a_pre_stage_limit_caps_what_the_kv_tail_aggregates
        PASS [   0.037s] (2704/4413) trawl-engine::parse_emit_prepare every_committed_seed_emits_sql_duckdb_can_prepare
        PASS [   0.030s] (2705/4413) trawl-engine::rust_tail_specials a_double_pinned_infinity_compares_in_the_tail
        PASS [   0.081s] (2706/4413) trawl-engine::list_source_gate partial_list_miss_keeps_the_cold_rows_on_every_lane
        PASS [   0.020s] (2707/4413) trawl-engine::rust_tail_specials a_tail_computed_infinity_survives_a_shifted_run
        PASS [   0.020s] (2708/4413) trawl-engine::rust_tail_specials a_timestamp_column_still_shifts_after_the_tail
        PASS [   0.020s] (2709/4413) trawl-engine::rust_tail_specials the_cold_start_fallback_keeps_the_statements_anchor
        PASS [   0.021s] (2710/4413) trawl-engine::rust_tail_specials the_kv_tail_receives_the_specials_the_sql_prefix_computed
        PASS [   0.009s] (2711/4413) trawl-engine::severity_set_bench emitted_shapes_match_the_hand_built_ones
        PASS [   0.025s] (2712/4413) trawl-engine::rust_tail_specials the_kv_tail_and_the_sql_prefix_read_one_now
        PASS [   0.010s] (2713/4413) trawl-server admission::tests::a_pipeline_over_the_stage_cap_is_refused
        PASS [   0.009s] (2714/4413) trawl-server admission::tests::an_ordinary_query_is_admitted
        PASS [   0.009s] (2715/4413) trawl-server admission::tests::an_over_budget_pipeline_carries_the_shared_sentence
        PASS [   0.022s] (2716/4413) trawl-engine::rust_tail_specials the_tail_computes_over_the_specials_it_received
        PASS [   0.009s] (2717/4413) trawl-server admission::tests::unparseable_text_is_a_parse_error
        PASS [   0.009s] (2718/4413) trawl-server bus::tests::closed_bus
        PASS [   0.009s] (2719/4413) trawl-server bus::tests::lagged_subscriber
        PASS [   0.009s] (2720/4413) trawl-server bus::tests::multiple_subscribers
        PASS [   0.008s] (2721/4413) trawl-server bus::tests::publish_and_receive
        PASS [   0.008s] (2722/4413) trawl-server bus::tests::publish_with_no_subscribers
        PASS [   0.008s] (2723/4413) trawl-server catalog::analyzer::tests::equal_clocks_differing_counts_are_decided_by_the_count
        PASS [   0.009s] (2724/4413) trawl-server catalog::analyzer::tests::an_ack_suppresses_evidence_up_to_its_high_water
        PASS [   0.008s] (2725/4413) trawl-server catalog::analyzer::tests::single_service_evidence_qualifies
        PASS [   0.008s] (2726/4413) trawl-server catalog::analyzer::tests::suggested_target_is_the_uniform_rung_else_varchar
        PASS [   0.009s] (2727/4413) trawl-server catalog::analyzer::tests::the_degraded_gate_is_span_and_volume
        PASS [   0.008s] (2728/4413) trawl-server catalog::analyzer::tests::the_verdict_is_capped_distinct_facts
        PASS [   0.008s] (2729/4413) trawl-server catalog::conform::tests::a_fully_pinned_file_needs_no_counts_at_all
        PASS [   0.008s] (2730/4413) trawl-server catalog::conform::tests::case_variant_columns_are_one_observation
        PASS [   0.009s] (2731/4413) trawl-server catalog::conform::tests::all_null_column_does_not_vote
        PASS [   0.008s] (2732/4413) trawl-server catalog::conform::tests::existing_pins_are_left_alone
        PASS [   0.008s] (2733/4413) trawl-server catalog::conform::tests::layout_path_reads_the_hour_and_the_daily_rollup
        PASS [   0.008s] (2734/4413) trawl-server catalog::conform::tests::observations_span_the_corpus_and_cover_only_pinned_fields
        PASS [   0.008s] (2735/4413) trawl-server catalog::conform::tests::only_unpinned_columns_are_counted
        PASS [   0.012s] (2736/4413) trawl-server catalog::conform::tests::layout_path_declines_everything_trawl_did_not_write
        PASS [   0.008s] (2737/4413) trawl-server catalog::conform::tests::vote_weight_is_rows_carrying_the_field_not_file_rows
        PASS [   0.008s] (2738/4413) trawl-server catalog::gc::tests::a_failed_purge_reconciles_the_cache_before_it_returns
        PASS [   0.008s] (2739/4413) trawl-server catalog::gc::tests::an_unknown_commit_over_evicts_and_never_reads_the_store
        PASS [   0.008s] (2740/4413) trawl-server catalog::gc::tests::dead_window_truth_table
        PASS [   0.010s] (2741/4413) trawl-server catalog::gc::tests::a_never_observed_pin_is_a_candidate
        PASS [   0.010s] (2742/4413) trawl-server catalog::gc::tests::an_unsubtractable_window_clamps_to_the_epoch
        PASS [   0.008s] (2743/4413) trawl-server catalog::gc::tests::every_envelope_seed_survives_gc
        PASS [   0.008s] (2744/4413) trawl-server catalog::gc::tests::every_gated_store_read_rides_the_timeout_and_the_purge_does_not
        PASS [   0.008s] (2745/4413) trawl-server catalog::gc::tests::observation_exactly_at_the_cutoff_is_alive
        PASS [   0.008s] (2746/4413) trawl-server catalog::tests::a_purge_the_cache_never_held_still_bumps_the_generation
        PASS [   0.008s] (2747/4413) trawl-server catalog::gc::tests::the_generation_follows_the_store_not_the_map
        PASS [   0.008s] (2748/4413) trawl-server catalog::tests::all_returns_the_full_unfiltered_snapshot
        PASS [   0.008s] (2749/4413) trawl-server catalog::tests::intersect_is_exact_name_lookup
        PASS [   0.008s] (2750/4413) trawl-server catalog::tests::evict_many_removes_the_set_without_stamping_it
        PASS [   0.008s] (2751/4413) trawl-server catalog::tests::intersect_keeps_pins_for_observed_keys_only
        PASS [   0.008s] (2752/4413) trawl-server catalog::tests::merge_adds_deltas_without_dropping_existing_pins
        PASS [   0.008s] (2753/4413) trawl-server catalog::tests::merge_last_write_wins_for_one_spelling
        PASS [   0.008s] (2754/4413) trawl-server catalog::tests::only_a_repin_bumps_the_generation
        PASS [   0.009s] (2755/4413) trawl-server catalog::tests::repin_overwrites_exactly_one_key
        PASS [   0.043s] (2756/4413) trawl-server catalog::conform::tests::non_null_counts_span_chunk_boundary_without_crossing_columns
        PASS [   0.008s] (2757/4413) trawl-server deadline::tests::an_expired_deadline_grants_no_further_wait
        PASS [   0.009s] (2758/4413) trawl-server deadline::tests::an_unrepresentable_budget_is_clamped
        PASS [   0.008s] (2759/4413) trawl-server deadline::tests::run_expires_on_a_wait_past_the_budget
        PASS [   0.008s] (2760/4413) trawl-server deadline::tests::run_returns_the_output_inside_the_budget
        PASS [   0.008s] (2761/4413) trawl-server deadline::tests::the_budget_is_spent_once_across_phases
        PASS [   0.008s] (2762/4413) trawl-server env_dirs::tests::keeps_valid_envs_sorted_and_skips_the_rest
        PASS [   0.008s] (2763/4413) trawl-server env_dirs::tests::missing_root_is_empty
        PASS [   0.008s] (2764/4413) trawl-server env_dirs::tests::try_list_separates_cold_start_from_unreadable_root
        PASS [   0.008s] (2765/4413) trawl-server epoch::tests::current_environment_wal_is_preserved
        PASS [   0.008s] (2766/4413) trawl-server epoch::tests::dangling_symlinks_are_errors_not_absence
        PASS [   0.008s] (2767/4413) trawl-server epoch::tests::flat_wal_refuses_before_fresh_empty_or_current_root_mutation
        PASS [   0.008s] (2768/4413) trawl-server epoch::tests::fresh_and_empty_roots_initialize_and_restart
        PASS [   0.008s] (2769/4413) trawl-server epoch::tests::invalid_path_types_fail_before_initialization
        PASS [   0.010s] (2770/4413) trawl-server epoch::tests::explicit_noncurrent_epochs_refuse_in_every_mode_without_mutation
        PASS [   0.008s] (2771/4413) trawl-server epoch::tests::markerless_nonempty_ingest_roots_refuse_without_mutation
        PASS [   0.008s] (2772/4413) trawl-server epoch::tests::query_only_generic_archives_and_unused_wal_are_untouched
        PASS [   0.008s] (2773/4413) trawl-server epoch::tests::query_only_owned_roots_still_require_their_epoch_marker
        PASS [   0.008s] (2774/4413) trawl-server epoch::tests::suffix_siblings_and_report_results_are_never_adopted_or_deleted
        PASS [   0.008s] (2775/4413) trawl-server error::tests::a_window_policy_refusal_is_a_400_naming_both_sides
        PASS [   0.008s] (2776/4413) trawl-server error::tests::authentication_failures_use_the_current_opaque_wire_code
        PASS [   0.008s] (2777/4413) trawl-server error::tests::conflict_maps_to_409_with_its_message
        PASS [   0.008s] (2778/4413) trawl-server error::tests::error_class_never_carries_user_content
        PASS [   0.008s] (2779/4413) trawl-server error::tests::internal_maps_to_500
        PASS [   0.008s] (2780/4413) trawl-server error::tests::safe_message_keeps_the_capacity_refusal_and_generalizes_the_rest
        PASS [   0.008s] (2781/4413) trawl-server error::tests::safe_message_preserves_parse_errors
        PASS [   0.010s] (2782/4413) trawl-server error::tests::purge_commit_unknown_is_a_store_class_503_with_its_message
        PASS [   0.008s] (2783/4413) trawl-server error::tests::safe_message_redacts_database_errors
        PASS [   0.008s] (2784/4413) trawl-server error::tests::safe_message_redacts_internal_errors
        PASS [   0.008s] (2785/4413) trawl-server error::tests::service_unavailable_maps_to_503
        PASS [   0.009s] (2786/4413) trawl-server error::tests::safe_message_redacts_store_backend_errors
        PASS [   0.008s] (2787/4413) trawl-server error::tests::store_error_http_table
        PASS [   0.008s] (2788/4413) trawl-server error::tests::store_unavailable_body_is_redacted
        PASS [   0.008s] (2789/4413) trawl-server error::tests::window_plan_and_materialize_failures_are_redacted_500s
        PASS [   1.447s] (2790/4413) trawl-engine::duckdb_probe dialect_ambiguity_pairs_across_both_engines
        PASS [   0.534s] (2791/4413) trawl-server from_saved::pg_tests::resolve_all_not_found_without_successful_runs
        PASS [   0.569s] (2792/4413) trawl-server from_saved::pg_tests::resolve_carries_the_saved_querys_own_dsl
        PASS [   0.359s] (2793/4413) trawl-server from_saved::pg_tests::resolve_latest_not_found_without_successful_runs
        PASS [   0.566s] (2794/4413) trawl-server from_saved::pg_tests::resolve_latest_errors_on_a_success_with_neither_file_nor_blob
        PASS [   0.572s] (2795/4413) trawl-server from_saved::pg_tests::resolve_all_skips_zero_row_members
        PASS [   0.573s] (2796/4413) trawl-server from_saved::pg_tests::resolve_all_builds_union_duckdb_executes
        PASS [   0.571s] (2797/4413) trawl-server from_saved::pg_tests::resolve_latest_answers_a_zero_row_success_not_an_older_run
        PASS [   0.245s] (2798/4413) trawl-server from_saved::pg_tests::resolve_latest_over_a_blob_backed_nonempty_run_errors
        PASS [   0.267s] (2799/4413) trawl-server from_saved::pg_tests::resolve_latest_picks_newest_successful_run
        PASS [   0.266s] (2800/4413) trawl-server from_saved::pg_tests::resolve_specific_errors_on_a_success_with_neither_file_nor_blob
        PASS [   0.266s] (2801/4413) trawl-server from_saved::pg_tests::resolve_specific_not_found_for_other_users_run
        PASS [   0.266s] (2802/4413) trawl-server from_saved::pg_tests::resolve_specific_not_found_for_missing_run
        PASS [   0.266s] (2803/4413) trawl-server from_saved::pg_tests::resolve_specific_refuses_a_blob_backed_nonempty_run
        PASS [   0.270s] (2804/4413) trawl-server from_saved::pg_tests::resolve_specific_answers_a_zero_row_run
        PASS [   0.008s] (2805/4413) trawl-server from_saved::tests::parquet_source_basic
        PASS [   0.010s] (2806/4413) trawl-server from_saved::tests::empty_typed_source_projects_quoted_names
        PASS [   0.010s] (2807/4413) trawl-server from_saved::tests::parquet_source_escapes_single_quotes
        PASS [   0.010s] (2808/4413) trawl-server from_saved::tests::parquet_source_strips_trailing_slash
        PASS [   0.009s] (2809/4413) trawl-server handlers::tests::cancel_authority_is_the_key_id_and_admin_reaches_system_work
        PASS [   0.009s] (2810/4413) trawl-server handlers::tests::a_filtered_retained_entry_omits_the_fields_it_hides
        PASS [   0.033s] (2811/4413) trawl-server from_saved::tests::empty_typed_source_executes_downstream_shapes
        PASS [   0.008s] (2812/4413) trawl-server handlers::tests::csv_generation_sanitizes_string_values
        PASS [   0.008s] (2813/4413) trawl-server handlers::tests::health_all_down_is_unavailable
        PASS [   0.008s] (2814/4413) trawl-server handlers::tests::health_all_noncritical_down_is_degraded
        PASS [   0.008s] (2815/4413) trawl-server handlers::tests::health_all_ok
        PASS [   0.008s] (2816/4413) trawl-server handlers::tests::health_auth_down_is_degraded
        PASS [   0.008s] (2817/4413) trawl-server handlers::tests::health_data_path_down_is_degraded
        PASS [   0.008s] (2818/4413) trawl-server handlers::tests::health_duckdb_down_is_unavailable
        PASS [   0.008s] (2819/4413) trawl-server handlers::tests::health_duckdb_and_noncritical_down_is_unavailable
        PASS [   0.008s] (2820/4413) trawl-server handlers::tests::health_storage_down_is_degraded
        PASS [   0.008s] (2821/4413) trawl-server handlers::tests::retained_interactive_work_keeps_its_existing_display_visibility
        PASS [   0.009s] (2822/4413) trawl-server handlers::tests::ndjson_generation_produces_valid_output
        PASS [   0.009s] (2823/4413) trawl-server handlers::tests::sanitize_csv_formula_passes_safe_strings
        PASS [   0.009s] (2824/4413) trawl-server handlers::tests::sanitize_csv_formula_prefixes_dangerous_chars
        PASS [   0.009s] (2825/4413) trawl-server handlers::tests::schema_window_is_the_retention_horizon
        PASS [   0.008s] (2826/4413) trawl-server handlers::tests::since_from_secs_saturates_instead_of_panicking
        PASS [   0.009s] (2827/4413) trawl-server handlers::tests::system_retained_work_shows_no_text_below_server_manage
        PASS [   0.009s] (2828/4413) trawl-server handlers::tests::value_to_string_does_not_sanitize_numbers
        PASS [   0.008s] (2829/4413) trawl-server handlers::tests::value_to_string_sanitizes_strings
        PASS [   0.009s] (2830/4413) trawl-server hot_buffer::tests::drain_after_snapshot_leaves_snapshot_valid
        PASS [   0.009s] (2831/4413) trawl-server hot_buffer::tests::drain_nonexistent_is_noop
        PASS [   0.008s] (2832/4413) trawl-server hot_buffer::tests::drain_removes_batches
        PASS [   0.010s] (2833/4413) trawl-server hot_buffer::tests::drain_updates_byte_count
        PASS [   0.009s] (2834/4413) trawl-server hot_buffer::tests::empty_buffer_returns_none
        PASS [   0.009s] (2835/4413) trawl-server hot_buffer::tests::eviction_by_bytes_limit
        PASS [   0.009s] (2836/4413) trawl-server hot_buffer::tests::eviction_removes_oldest_by_insertion_order
        PASS [   0.009s] (2837/4413) trawl-server hot_buffer::tests::insert_and_snapshot
        PASS [   0.008s] (2838/4413) trawl-server hot_buffer::tests::snapshot_field_types_is_pins_intersect_observed_keys
        PASS [   0.008s] (2839/4413) trawl-server hot_buffer::tests::snapshot_includes_all_batches
        PASS [   0.009s] (2840/4413) trawl-server hot_buffer::tests::snapshot_hoists_schema_pioneers_to_the_front
        PASS [   0.008s] (2841/4413) trawl-server hot_buffer::tests::snapshot_reflects_new_pins_at_same_generation
        PASS [   0.232s] (2842/4413) trawl-server from_saved::pg_tests::resolve_specific_refuses_a_run_that_did_not_succeed
        PASS [   0.190s] (2843/4413) trawl-server from_saved::pg_tests::resolve_strips_stage_and_prepends_wildcard
        PASS [   0.192s] (2844/4413) trawl-server from_saved::pg_tests::resolve_specific_returns_source_for_run
        PASS [   0.192s] (2845/4413) trawl-server from_saved::pg_tests::resolve_unknown_saved_query_is_not_found
        PASS [   0.009s] (2846/4413) trawl-server ingest::compaction::tests::a_hung_observations_write_counts_against_observations
        PASS [   0.011s] (2847/4413) trawl-server ingest::compaction::tests::a_hung_conflicts_write_counts_against_conflicts
        PASS [   0.021s] (2848/4413) trawl-server ingest::compaction::tests::a_rename_alongside_the_guard_is_not_guard_only
        PASS [   0.048s] (2849/4413) trawl-server ingest::compaction::tests::a_guard_only_plan_over_an_in_range_source_nulls_nothing
        PASS [   0.008s] (2850/4413) trawl-server ingest::compaction::tests::bookkeeping_budget_bounds_a_hung_write
        PASS [   0.008s] (2851/4413) trawl-server ingest::compaction::tests::both_sampling_aggregates_share_the_subject_and_the_decode
        PASS [   0.008s] (2852/4413) trawl-server ingest::compaction::tests::budget_leaves_room_for_every_fast_failing_attempt
        PASS [   0.046s] (2853/4413) trawl-server ingest::compaction::tests::all_null_unpinned_column_defers_then_later_batch_pins
        PASS [   0.058s] (2854/4413) trawl-server ingest::compaction::tests::cleanup_removes_day_level_stale_tmp
        PASS [   0.197s] (2855/4413) trawl-server ingest::compaction::tests::a_failed_sample_capture_still_records_the_conflict
        PASS [   0.011s] (2856/4413) trawl-server ingest::compaction::tests::collect_hour_dirs_finds_valid_hours
        PASS [   0.058s] (2857/4413) trawl-server ingest::compaction::tests::cleanup_removes_stale_tmp_files
        PASS [   0.009s] (2858/4413) trawl-server ingest::compaction::tests::collect_service_files_groups_correctly
        PASS [   0.009s] (2859/4413) trawl-server ingest::compaction::tests::compact_all_nul_is_data_loss_not_error
        PASS [   0.020s] (2860/4413) trawl-server ingest::compaction::tests::compact_creates_canonical_file
        PASS [   0.025s] (2861/4413) trawl-server ingest::compaction::tests::compact_excludes_wal_provenance_column
        PASS [   0.036s] (2862/4413) trawl-server ingest::compaction::tests::compact_chunked_merges_incrementally
        PASS [   0.159s] (2863/4413) trawl-server ingest::compaction::tests::a_severity_source_keeps_its_stored_arm_dialect_free
        PASS [   0.254s] (2864/4413) trawl-server ingest::compaction::tests::a_batch_with_no_conflicts_runs_no_sample_query
        PASS [   0.028s] (2865/4413) trawl-server ingest::compaction::tests::compact_filename_fallback_is_per_file
        PASS [   0.027s] (2866/4413) trawl-server ingest::compaction::tests::compact_handles_duplicate_key_across_nesting_levels
        PASS [   0.027s] (2867/4413) trawl-server ingest::compaction::tests::compact_handles_heterogeneous_schemas
        PASS [   0.030s] (2868/4413) trawl-server ingest::compaction::tests::compact_handles_nested_json
        PASS [   0.020s] (2869/4413) trawl-server ingest::compaction::tests::compact_keeps_quarantine_count_when_a_later_step_fails
        PASS [   0.029s] (2870/4413) trawl-server ingest::compaction::tests::compact_isolates_malformed_textual_ndjson_keeps_good
        PASS [   0.027s] (2871/4413) trawl-server ingest::compaction::tests::compact_keeps_user_field_named_filename
        PASS [   0.019s] (2872/4413) trawl-server ingest::compaction::tests::compact_once_counts_quarantine_as_error
        PASS [   0.040s] (2873/4413) trawl-server ingest::compaction::tests::compact_merges_despite_type_conflict
        PASS [   0.029s] (2874/4413) trawl-server ingest::compaction::tests::compact_nonconforming_filename_falls_back_to_now
        PASS [   0.037s] (2875/4413) trawl-server ingest::compaction::tests::compact_merges_with_existing_file
        PASS [   0.009s] (2876/4413) trawl-server ingest::compaction::tests::compact_once_is_clean_when_wal_root_is_missing
        PASS [   0.010s] (2877/4413) trawl-server ingest::compaction::tests::compact_once_errors_on_unreadable_wal_root
        PASS [   0.230s] (2878/4413) trawl-server ingest::compaction::tests::a_running_rollup_pass_is_gated_by_the_cutover_and_stands_down
        PASS [   0.031s] (2879/4413) trawl-server ingest::compaction::tests::compact_once_drains_bad_timestamp_without_errors
        PASS [   0.021s] (2880/4413) trawl-server ingest::compaction::tests::compact_once_isolates_unreadable_env_wal_dir
        PASS [   0.026s] (2881/4413) trawl-server ingest::compaction::tests::compact_quarantines_nul_ndjson_keeps_good
        PASS [   0.038s] (2882/4413) trawl-server ingest::compaction::tests::compact_once_drains_wal_carrying_reserved_provenance_key
        PASS [   0.357s] (2883/4413) trawl-server hot_buffer::tests::sparse_key_survives_a_snapshot_larger_than_the_detection_prefix
        PASS [   0.032s] (2884/4413) trawl-server ingest::compaction::tests::compact_repairs_malformed_timestamp_from_filename
        PASS [   0.029s] (2885/4413) trawl-server ingest::compaction::tests::compaction_coerces_complex_fields_to_varchar
        PASS [   0.037s] (2886/4413) trawl-server ingest::compaction::tests::compact_sorts_rows_by_timestamp
        PASS [   0.025s] (2887/4413) trawl-server ingest::compaction::tests::conflict_samples_are_control_sanitised_then_byte_capped
        PASS [   0.073s] (2888/4413) trawl-server ingest::compaction::tests::compact_once_partitions_by_env_and_verbatim_service
        PASS [   0.009s] (2889/4413) trawl-server ingest::compaction::tests::conform_plan_folds_mixed_case_columns_onto_their_pins
        PASS [   0.070s] (2890/4413) trawl-server ingest::compaction::tests::compact_repairs_all_trigger_variants
        PASS [   0.026s] (2891/4413) trawl-server ingest::compaction::tests::conflict_samples_are_distinct_after_sanitisation
        PASS [   0.077s] (2892/4413) trawl-server ingest::compaction::tests::compact_preserves_repair_column_past_the_sample_window
        PASS [   0.023s] (2893/4413) trawl-server ingest::compaction::tests::conflict_samples_are_the_distinct_nulled_values_capped_at_five
        PASS [   0.009s] (2894/4413) trawl-server ingest::compaction::tests::corrupt_tmp_preserves_old_daily_and_hourlies
        PASS [   0.008s] (2895/4413) trawl-server ingest::compaction::tests::decoding_samples_caps_sanitises_then_dedups
        PASS [   0.008s] (2896/4413) trawl-server ingest::compaction::tests::extract_service_simple
        PASS [   0.009s] (2897/4413) trawl-server ingest::compaction::tests::extract_service_with_underscores
        PASS [   0.010s] (2898/4413) trawl-server ingest::compaction::tests::failed_rollup_recovery_keeps_readers_closed
        PASS [   0.023s] (2899/4413) trawl-server ingest::compaction::tests::conform_to_bigint_pin_nulls_rounded_values_and_records_them
        PASS [   0.028s] (2900/4413) trawl-server ingest::compaction::tests::conform_to_bigint_pin_nulls_beyond_2_pow_53_fractionals
        PASS [   0.010s] (2901/4413) trawl-server ingest::compaction::tests::fast_retry_exhaustion_counts_no_timeout
        PASS [   0.009s] (2902/4413) trawl-server ingest::compaction::tests::is_valid_ndjson_detects_corruption
        PASS [   0.010s] (2903/4413) trawl-server ingest::compaction::tests::group_by_service_groups_correctly
        PASS [   0.009s] (2904/4413) trawl-server ingest::compaction::tests::looks_like_date_invalid
        PASS [   0.009s] (2905/4413) trawl-server ingest::compaction::tests::looks_like_date_valid
        PASS [   0.019s] (2906/4413) trawl-server ingest::compaction::tests::is_valid_parquet_detects_corruption
        PASS [   0.008s] (2907/4413) trawl-server ingest::compaction::tests::merged_suffix_is_not_picked_up_by_collect_service_files
        PASS [   0.041s] (2908/4413) trawl-server ingest::compaction::tests::failed_invalid_tmp_quarantine_cannot_retire_unpublished_rows_on_retry
        PASS [   0.049s] (2909/4413) trawl-server ingest::compaction::tests::duplicate_name_collision_drains_at_depth_1_keeping_all_columns
        PASS [   0.044s] (2910/4413) trawl-server ingest::compaction::tests::failed_marker_stage_preserves_complete_list_and_stage_is_ignored
        PASS [   0.023s] (2911/4413) trawl-server ingest::compaction::tests::lossless_conform_is_not_recorded_as_a_conflict
        PASS [   0.031s] (2912/4413) trawl-server ingest::compaction::tests::merge_into_foreign_nonconformant_parquet_errors_and_retains_wal
        PASS [   0.042s] (2913/4413) trawl-server ingest::compaction::tests::nested_object_keeps_batchmates_columns_and_stays_reachable
        PASS [   0.038s] (2914/4413) trawl-server ingest::compaction::tests::pin_ladder_boolean_majority_pins_boolean
        PASS [   0.040s] (2915/4413) trawl-server ingest::compaction::tests::pin_ladder_even_split_pins_varchar_unquoted
        PASS [   0.043s] (2916/4413) trawl-server ingest::compaction::tests::pin_ladder_fractional_majority_pins_double_not_bigint
        PASS [   0.035s] (2917/4413) trawl-server ingest::compaction::tests::pin_ladder_huge_outlier_among_integers_pins_bigint
        PASS [   0.008s] (2918/4413) trawl-server ingest::compaction::tests::quarantine_file_signals_rename_failure
        PASS [   0.009s] (2919/4413) trawl-server ingest::compaction::tests::quarantine_file_signals_reservation_failure
        PASS [   0.038s] (2920/4413) trawl-server ingest::compaction::tests::pin_ladder_one_outlier_among_integers_pins_bigint
        PASS [   0.031s] (2921/4413) trawl-server ingest::compaction::tests::pin_ladder_u64_range_batch_pins_double
        PASS [   0.080s] (2922/4413) trawl-server ingest::compaction::tests::pin_ladder_beyond_2_pow_53_integral_doubles_pin_bigint
        PASS [   0.008s] (2923/4413) trawl-server ingest::compaction::tests::recovery_keeps_marker_when_hourly_retire_fails
        PASS [   0.088s] (2924/4413) trawl-server ingest::compaction::tests::pending_rollup_recovers_before_fresh_wal_even_when_rollup_disabled
        PASS [   0.018s] (2925/4413) trawl-server ingest::compaction::tests::recovery_discards_truncated_tmp
        PASS [   0.008s] (2926/4413) trawl-server ingest::compaction::tests::repeated_quarantine_keeps_every_artifact
        PASS [   0.027s] (2927/4413) trawl-server ingest::compaction::tests::recovery_completes_after_partial_hourly_cleanup
        PASS [   0.054s] (2928/4413) trawl-server ingest::compaction::tests::publication_blocks_reader_until_hot_batch_is_drained
        PASS [   0.008s] (2929/4413) trawl-server ingest::compaction::tests::repin_policy_without_raw_column_falls_back_to_plain_conform
        PASS [   0.019s] (2930/4413) trawl-server ingest::compaction::tests::repin_policy_routes_the_target_through_resurrection
        PASS [   0.019s] (2931/4413) trawl-server ingest::compaction::tests::repin_policy_fires_even_when_the_dtype_already_matches_the_pin
        PASS [   0.008s] (2932/4413) trawl-server ingest::compaction::tests::retire_merged_hourly_deletes_when_possible
        PASS [   0.008s] (2933/4413) trawl-server ingest::compaction::tests::retire_merged_hourly_renames_aside_when_delete_fails
        PASS [   0.009s] (2934/4413) trawl-server ingest::compaction::tests::retire_merged_hourly_is_idempotent_on_missing_file
        PASS [   0.042s] (2935/4413) trawl-server ingest::compaction::tests::recovery_promotes_tmp_over_old_daily_before_retiring_hourlies
        PASS [   0.038s] (2936/4413) trawl-server ingest::compaction::tests::rollup_day_blocking_merges_hourly_files
        PASS [   0.038s] (2937/4413) trawl-server ingest::compaction::tests::rollup_day_blocking_sorts_by_timestamp
        PASS [   0.038s] (2938/4413) trawl-server ingest::compaction::tests::rollup_does_not_duplicate_rows_when_hourly_survives
        PASS [   0.043s] (2939/4413) trawl-server ingest::compaction::tests::rollup_day_blocking_merges_with_existing_daily
        PASS [   0.017s] (2940/4413) trawl-server ingest::compaction::tests::rollup_keeps_quarantine_count_when_merge_errors
        PASS [   0.028s] (2941/4413) trawl-server ingest::compaction::tests::rollup_is_suppressed_while_a_repin_pause_is_held
        PASS [   0.024s] (2942/4413) trawl-server ingest::compaction::tests::rollup_marker_written_and_cleaned
        PASS [   0.029s] (2943/4413) trawl-server ingest::compaction::tests::rollup_of_nonconformant_hourlies_errors_loudly_and_retains_inputs
        PASS [   0.123s] (2944/4413) trawl-server ingest::compaction::tests::recovery_keeps_runtime_responsive_and_guards_after_cancellation
        PASS [   0.018s] (2945/4413) trawl-server ingest::compaction::tests::rollup_recovery_after_rename_crash
        PASS [   0.008s] (2946/4413) trawl-server ingest::compaction::tests::rollup_recovery_stale_marker
        PASS [   0.021s] (2947/4413) trawl-server ingest::compaction::tests::rollup_recovery_after_tmp_crash
        PASS [   0.034s] (2948/4413) trawl-server ingest::compaction::tests::rollup_quarantines_truncated_hourly_file
        PASS [   0.017s] (2949/4413) trawl-server ingest::compaction::tests::rollup_skips_when_all_inputs_corrupt
        PASS [   0.008s] (2950/4413) trawl-server ingest::compaction::tests::the_conform_pass_through_excludes_the_severity_range_guard
        PASS [   0.032s] (2951/4413) trawl-server ingest::compaction::tests::rollup_runs_without_wal_files
        PASS [   0.071s] (2952/4413) trawl-server ingest::compaction::tests::rollup_publication_blocks_readers_until_hourly_retirement
        PASS [   0.009s] (2953/4413) trawl-server ingest::envelope::tests::a_bare_level_that_is_not_a_severity_survives_untouched
        PASS [   0.012s] (2954/4413) trawl-server ingest::envelope::tests::a_forged_severity_strips_to_the_bare_name_and_is_then_derived
        PASS [   0.037s] (2955/4413) trawl-server ingest::compaction::tests::write_report_counts_only_this_batch_and_written_fields
        PASS [   0.008s] (2956/4413) trawl-server ingest::envelope::tests::a_non_string_raw_strips_like_any_other_reserved_name
        PASS [   0.009s] (2957/4413) trawl-server ingest::envelope::tests::a_numeric_severity_is_stored_verbatim_and_derived_as_otel
        PASS [   0.008s] (2958/4413) trawl-server ingest::envelope::tests::a_payload_null_in_an_asserted_slot_is_absence_not_a_collision
        PASS [   0.010s] (2959/4413) trawl-server ingest::envelope::tests::a_prefixed_name_loses_to_the_bare_one_it_would_shadow
        PASS [   0.008s] (2960/4413) trawl-server ingest::envelope::tests::a_profile_assertion_beats_a_colliding_payload_key
        PASS [   0.008s] (2961/4413) trawl-server ingest::envelope::tests::a_profile_never_defaults_its_env
        PASS [   0.010s] (2962/4413) trawl-server ingest::envelope::tests::a_profile_faces_every_universal_gate
        PASS [   0.008s] (2963/4413) trawl-server ingest::envelope::tests::a_profile_with_no_honest_host_keeps_the_event_and_omits_it
        PASS [   0.008s] (2964/4413) trawl-server ingest::envelope::tests::a_stripped_identity_name_is_sender_asserted_not_overwritten
        PASS [   0.008s] (2965/4413) trawl-server ingest::envelope::tests::a_syslog_over_http_forwarder_inverts_through_the_configured_dialect
        PASS [   0.008s] (2966/4413) trawl-server ingest::envelope::tests::absent_severity_sources_are_silent
        PASS [   0.008s] (2967/4413) trawl-server ingest::envelope::tests::all_lowercase_event_records_no_fold_repair
        PASS [   0.008s] (2968/4413) trawl-server ingest::envelope::tests::an_all_underscore_name_is_dropped_not_stored
        PASS [   0.008s] (2969/4413) trawl-server ingest::envelope::tests::an_empty_configured_severity_list_derives_nothing_but_keeps_the_fixed_source
        PASS [   0.008s] (2970/4413) trawl-server ingest::envelope::tests::an_identical_payload_value_is_not_a_collision
        PASS [   0.008s] (2971/4413) trawl-server ingest::envelope::tests::an_incoming_producer_key_cannot_forge_the_column
        PASS [   0.008s] (2972/4413) trawl-server ingest::envelope::tests::an_invalid_asserted_service_rejects_through_the_doors_own_validator
        PASS [   0.008s] (2973/4413) trawl-server ingest::envelope::tests::an_unparseable_time_proposal_does_not_fall_through_to_a_lower_source
        PASS [   0.008s] (2974/4413) trawl-server ingest::envelope::tests::array_values_are_stringified_to_json_text
        PASS [   0.008s] (2975/4413) trawl-server ingest::envelope::tests::case_variant_ingested_folds_then_takes_the_reserved_prefix_strip
        PASS [   0.008s] (2976/4413) trawl-server ingest::envelope::tests::client_ingested_and_repairs_strip_to_bare_names
        PASS [   0.011s] (2977/4413) trawl-server ingest::envelope::tests::client_raw_under_a_case_variant_is_honoured_verbatim
        PASS [   0.010s] (2978/4413) trawl-server ingest::envelope::tests::client_string_raw_survives_verbatim
        PASS [   0.009s] (2979/4413) trawl-server ingest::envelope::tests::every_door_stamps_its_own_producer
        PASS [   0.010s] (2980/4413) trawl-server ingest::envelope::tests::exact_envelope_keys_cannot_be_shadowed_by_case_variants
        PASS [   0.011s] (2981/4413) trawl-server ingest::envelope::tests::field_name_at_the_cap_is_kept
        PASS [   0.012s] (2982/4413) trawl-server ingest::envelope::tests::field_name_bound_counts_bytes_not_chars
        PASS [   0.014s] (2983/4413) trawl-server ingest::envelope::tests::folded_severity_inputs_join_the_derivation_chain
        PASS [   0.016s] (2984/4413) trawl-server ingest::envelope::tests::folding_is_ascii_only_and_lowercase_names_are_untouched
        PASS [   0.075s] (2985/4413) trawl-server ingest::envelope::tests::deeply_nested_env_object_reject_message_is_bounded
        PASS [   0.009s] (2986/4413) trawl-server ingest::envelope::tests::fully_specified_event_is_clean
        PASS [   0.009s] (2987/4413) trawl-server ingest::envelope::tests::in_event_collision_keeps_the_exact_spelling_deterministically
        PASS [   0.008s] (2988/4413) trawl-server ingest::envelope::tests::lone_case_variant_envelope_keys_fold_and_are_consumed_canonically
        PASS [   0.245s] (2989/4413) trawl-server ingest::compaction::tests::tally_conflicts_spans_chunk_boundary_without_crossing_columns
        PASS [   0.012s] (2990/4413) trawl-server ingest::envelope::tests::invalid_env_shape_rejects
        PASS [   0.010s] (2991/4413) trawl-server ingest::envelope::tests::missing_env_repairs_from_default
        PASS [   0.011s] (2992/4413) trawl-server ingest::envelope::tests::missing_host_behind_trusted_relay_rejects
        PASS [   0.009s] (2993/4413) trawl-server ingest::envelope::tests::missing_host_repairs_from_peer
        PASS [   0.008s] (2994/4413) trawl-server ingest::envelope::tests::missing_time_repairs_from_ingest
        PASS [   0.010s] (2995/4413) trawl-server ingest::envelope::tests::missing_service_rejects
        PASS [   0.011s] (2996/4413) trawl-server ingest::envelope::tests::multiple_repairs_join_comma_separated
        PASS [   0.011s] (2997/4413) trawl-server ingest::envelope::tests::non_string_raw_is_still_stripped_before_stringification
        PASS [   0.010s] (2998/4413) trawl-server ingest::envelope::tests::non_string_raw_replaced_with_the_server_serialization
        PASS [   0.010s] (2999/4413) trawl-server ingest::envelope::tests::null_env_defaults_like_absent
        PASS [   0.416s] (3000/4413) trawl-server ingest::compaction::tests::repin_counts_over_a_severity_target_separate_loss_from_ambiguity
        PASS [   0.010s] (3001/4413) trawl-server ingest::envelope::tests::overlong_field_name_is_dropped_not_fatal
        PASS [   0.011s] (3002/4413) trawl-server ingest::envelope::tests::object_values_are_stringified_to_json_text
        PASS [   0.010s] (3003/4413) trawl-server ingest::envelope::tests::oversized_raw_truncated_on_char_boundary
        PASS [   0.008s] (3004/4413) trawl-server ingest::envelope::tests::present_host_behind_trusted_relay_accepted
        PASS [   0.011s] (3005/4413) trawl-server ingest::envelope::tests::producer_contributed_codes_lead_the_repairs_list
        PASS [   0.008s] (3006/4413) trawl-server ingest::envelope::tests::raw_captured_before_host_fill
        PASS [   0.009s] (3007/4413) trawl-server ingest::envelope::tests::raw_contains_stripped_client_meta
        PASS [   0.009s] (3008/4413) trawl-server ingest::envelope::tests::raw_preserves_the_original_nesting
        PASS [   0.008s] (3009/4413) trawl-server ingest::envelope::tests::reserved_prefixes_strip_to_the_bare_remainder
        PASS [   0.011s] (3010/4413) trawl-server ingest::envelope::tests::service_dot_names_reject
        PASS [   0.009s] (3011/4413) trawl-server ingest::envelope::tests::service_dotted_names_accepted_verbatim
        PASS [   0.008s] (3012/4413) trawl-server ingest::envelope::tests::service_null_rejects_with_type_reason
        PASS [   0.009s] (3013/4413) trawl-server ingest::envelope::tests::service_number_rejects_with_type_reason
        PASS [   0.008s] (3014/4413) trawl-server ingest::envelope::tests::service_space_now_rejects
        PASS [   0.011s] (3015/4413) trawl-server ingest::envelope::tests::service_object_rejects_with_type_reason
        PASS [   0.008s] (3016/4413) trawl-server ingest::envelope::tests::service_supplied_under_a_case_variant_validates
        PASS [   0.009s] (3017/4413) trawl-server ingest::envelope::tests::service_traversal_rejects
        PASS [   0.011s] (3018/4413) trawl-server ingest::envelope::tests::severity_numeric_dialect_matrix
        PASS [   0.010s] (3019/4413) trawl-server ingest::envelope::tests::severity_source_precedence_is_first_mappable
        PASS [   0.011s] (3020/4413) trawl-server ingest::envelope::tests::severity_token_spellings_normalize
        PASS [   4.837s] (3021/4413) trawl-core::filter_parity pinned_where_let_parity_generative
        PASS [   0.011s] (3022/4413) trawl-server ingest::envelope::tests::stringification_is_canonicalization_not_a_repair
        PASS [   0.010s] (3023/4413) trawl-server ingest::envelope::tests::stringification_leaves_scalars_untouched
        PASS [   0.010s] (3024/4413) trawl-server ingest::envelope::tests::the_syslog_profile_derives_severity_from_its_own_artifact
        PASS [   0.010s] (3025/4413) trawl-server ingest::envelope::tests::the_syslog_profile_reads_its_frame_timestamp_first
        PASS [   0.011s] (3026/4413) trawl-server ingest::envelope::tests::the_two_proposable_slots_are_not_stripped
        PASS [   0.011s] (3027/4413) trawl-server ingest::envelope::tests::time_alias_sources_are_stored_verbatim
        PASS [   0.010s] (3028/4413) trawl-server ingest::envelope::tests::time_malformed_substituted_and_flagged
        PASS [   0.120s] (3029/4413) trawl-server ingest::envelope::tests::multi_megabyte_env_string_reject_message_is_bounded
        PASS [   0.010s] (3030/4413) trawl-server ingest::envelope::tests::time_out_of_range_kept_but_flagged
        PASS [   0.010s] (3031/4413) trawl-server ingest::envelope::tests::time_sources_are_read_in_precedence_order_and_kept
        PASS [   0.009s] (3032/4413) trawl-server ingest::envelope::tests::trawld_never_lets_a_payload_field_claim_the_raw_lifeline
        PASS [   0.012s] (3033/4413) trawl-server ingest::envelope::tests::time_valid_values_canonicalized
        PASS [   0.011s] (3034/4413) trawl-server ingest::envelope::tests::variant_only_collision_takes_the_lexicographically_first_key
        PASS [   0.011s] (3035/4413) trawl-server ingest::envelope::tests::unlisted_env_rejects
        PASS [   0.011s] (3036/4413) trawl-server ingest::handler::tests::client_values_not_overwritten
        PASS [   0.011s] (3037/4413) trawl-server ingest::handler::tests::envelope_appears_in_wal_ndjson
        PASS [   0.011s] (3038/4413) trawl-server ingest::handler::tests::envelope_stamped_when_missing_json_array
        PASS [   0.010s] (3039/4413) trawl-server ingest::handler::tests::envelope_stamped_when_missing_ndjson
        PASS [   0.011s] (3040/4413) trawl-server ingest::handler::tests::parse_accepts_valid_service_names
        PASS [   0.011s] (3041/4413) trawl-server ingest::handler::tests::parse_all_events_bad
        PASS [   0.009s] (3042/4413) trawl-server ingest::handler::tests::parse_empty_json_array_rejected
        PASS [   0.011s] (3043/4413) trawl-server ingest::handler::tests::parse_first_event_bad_scans_forward
        PASS [   0.010s] (3044/4413) trawl-server ingest::handler::tests::parse_hostless_event_from_trusted_relay_rejected
        PASS [   0.011s] (3045/4413) trawl-server ingest::handler::tests::parse_insertion_order_preserved
        PASS [   0.010s] (3046/4413) trawl-server ingest::handler::tests::parse_invalid_json
        PASS [   0.010s] (3047/4413) trawl-server ingest::handler::tests::parse_json_array_derives_severity
        PASS [   0.008s] (3048/4413) trawl-server ingest::handler::tests::parse_json_array_format
        PASS [   0.010s] (3049/4413) trawl-server ingest::handler::tests::parse_json_array_rejects_bad_service
        PASS [   0.011s] (3050/4413) trawl-server ingest::handler::tests::parse_json_array_rejects_deeply_nested_event
        PASS [   0.008s] (3051/4413) trawl-server ingest::handler::tests::parse_mixed_services_accepted
        PASS [   0.011s] (3052/4413) trawl-server ingest::handler::tests::parse_missing_env_defaults_with_repair
        PASS [   0.010s] (3053/4413) trawl-server ingest::handler::tests::parse_missing_service
        PASS [   0.008s] (3054/4413) trawl-server ingest::handler::tests::parse_ndjson_mixed_validity
        PASS [   0.011s] (3055/4413) trawl-server ingest::handler::tests::parse_ndjson_empty_lines_skipped
        PASS [   0.008s] (3056/4413) trawl-server ingest::handler::tests::parse_ndjson_per_service_wal_bytes
        PASS [   0.010s] (3057/4413) trawl-server ingest::handler::tests::parse_ndjson_format
        PASS [   0.011s] (3058/4413) trawl-server ingest::handler::tests::parse_ndjson_rejects_deeply_nested_event
        PASS [   0.008s] (3059/4413) trawl-server ingest::handler::tests::parse_non_string_service_typed_reason
        PASS [   0.009s] (3060/4413) trawl-server ingest::handler::tests::parse_partial_array_non_object
        PASS [   0.010s] (3061/4413) trawl-server ingest::handler::tests::parse_ndjson_retains_maps
        PASS [   0.008s] (3062/4413) trawl-server ingest::handler::tests::parse_partial_ndjson_bad_middle
        PASS [   0.009s] (3063/4413) trawl-server ingest::handler::tests::parse_rejects_empty_service_name
        PASS [   0.008s] (3064/4413) trawl-server ingest::handler::tests::parse_rejects_slash_in_service
        PASS [   0.009s] (3065/4413) trawl-server ingest::handler::tests::parse_rejects_long_service_name
        PASS [   0.011s] (3066/4413) trawl-server ingest::handler::tests::parse_rejects_path_traversal_service
        PASS [   0.011s] (3067/4413) trawl-server ingest::handler::tests::parse_rejects_space_in_service
        PASS [   0.008s] (3068/4413) trawl-server ingest::handler::tests::parse_same_service_in_two_envs_separate_batches
        PASS [   0.010s] (3069/4413) trawl-server ingest::handler::tests::parse_three_services_ndjson
        PASS [   0.010s] (3070/4413) trawl-server ingest::handler::tests::parse_three_services_json_array
        PASS [   0.009s] (3071/4413) trawl-server ingest::handler::tests::parse_unlisted_env_rejected_per_event
        PASS [   0.009s] (3072/4413) trawl-server ingest::handler::tests::reject_counts_accuracy
        PASS [   0.009s] (3073/4413) trawl-server ingest::handler::tests::repairs_counted_per_code_and_service
        PASS [   0.008s] (3074/4413) trawl-server ingest::handler::tests::reserved_wal_file_key_stripped_from_events
        PASS [   0.011s] (3075/4413) trawl-server ingest::handler::tests::substituted_time_appears_in_wal_ndjson
        PASS [   0.009s] (3076/4413) trawl-server ingest::handler::tests::unmappable_severity_sources_are_counted_per_service
        PASS [   0.008s] (3077/4413) trawl-server ingest::producer::tests::an_empty_severity_list_derives_nothing
        PASS [   0.011s] (3078/4413) trawl-server ingest::producer::tests::a_configured_source_cannot_displace_or_duplicate_a_fixed_one
        PASS [   0.009s] (3079/4413) trawl-server ingest::producer::tests::an_over_long_name_is_echoed_bounded
        PASS [   0.008s] (3080/4413) trawl-server ingest::producer::tests::both_spellings_resolve_and_an_absent_dialect_is_otel
        PASS [   0.008s] (3081/4413) trawl-server ingest::producer::tests::defaults_match_resolving_the_default_config
        PASS [   0.009s] (3082/4413) trawl-server ingest::producer::tests::every_boot_fatal_rule_rejects_and_names_the_entry
        PASS [   0.009s] (3083/4413) trawl-server ingest::producer::tests::full_lists_at_the_bound_resolve
        PASS [   0.008s] (3084/4413) trawl-server ingest::producer::tests::producer_kind_spellings_are_unique_and_round_trip
        PASS [   0.011s] (3085/4413) trawl-server ingest::producer::tests::http_and_trawld_have_no_fixed_sources
        PASS [   0.010s] (3086/4413) trawl-server ingest::producer::tests::producer_reports_its_own_kind
        PASS [   0.010s] (3087/4413) trawl-server ingest::producer::tests::syslog_fixed_sources_lead_and_carry_their_dialect
        PASS [   0.010s] (3088/4413) trawl-server ingest::producer::tests::the_reject_matrix_renders_at_zero_before_anything_rejects
        PASS [   0.011s] (3089/4413) trawl-server ingest::producer::tests::the_time_proposal_slot_is_the_one_reserved_name_admitted
        PASS [   0.012s] (3090/4413) trawl-server ingest::wal::tests::filename_carries_service_verbatim
        PASS [   0.011s] (3091/4413) trawl-server ingest::wal::tests::write_creates_ndjson_file_under_env_dir
        PASS [   0.011s] (3092/4413) trawl-server ingest::wal::tests::two_envs_same_service_are_separate_files
        PASS [   0.015s] (3093/4413) trawl-server ingest::wal::tests::no_tmp_file_left_on_success
        PASS [   0.013s] (3094/4413) trawl-server metrics::tests::bounded_label_admits_up_to_the_cap_then_collapses
        PASS [   0.011s] (3095/4413) trawl-server metrics::tests::overflow_label_cannot_collide_with_a_service_name
        PASS [   0.014s] (3096/4413) trawl-server metrics::tests::collect_gauges_no_hot_buffer_no_panic
        PASS [   0.012s] (3097/4413) trawl-server metrics::tests::describe_metrics_does_not_panic
        PASS [   0.011s] (3098/4413) trawl-server metrics::tests::wal_walk_counts_files_inside_env_directories
        PASS [   0.011s] (3099/4413) trawl-server ping::tests::caches_err_within_ttl
        PASS [   0.011s] (3100/4413) trawl-server ping::tests::caches_ok_within_ttl
        PASS [   0.012s] (3101/4413) trawl-server ping::tests::maps_timeout_to_err
        PASS [   0.011s] (3102/4413) trawl-server ping::tests::refreshes_after_ttl_expiry
        PASS [   0.014s] (3103/4413) trawl-server policy::tests::a_marked_handler_auth_failure_keeps_the_current_wire_code
        PASS [   0.020s] (3104/4413) trawl-server policy::tests::auth_failures_counter_records_every_rejection_reason
        PASS [   0.013s] (3105/4413) trawl-server policy::tests::authz_foreign_app_only_key_has_nothing
        PASS [   0.052s] (3106/4413) trawl-server monitor::ui::tests::render_dashboard_empty
        PASS [   0.052s] (3107/4413) trawl-server monitor::ui::tests::render_dashboard_narrow
        PASS [   0.011s] (3108/4413) trawl-server policy::tests::authz_resolves_permissions_from_roles
        PASS [   0.060s] (3109/4413) trawl-server monitor::ui::tests::render_dashboard
        PASS [   0.010s] (3110/4413) trawl-server policy::tests::authz_unrecognized_strings_dropped_fail_closed
        PASS [   0.012s] (3111/4413) trawl-server policy::tests::authz_unrecognized_only_key_is_fail_closed
        PASS [   0.012s] (3112/4413) trawl-server policy::tests::grantless_403_event_is_logged_but_never_persisted
        PASS [   0.012s] (3113/4413) trawl-server policy::tests::normalizer_ignores_non_auth_statuses
        PASS [   0.011s] (3114/4413) trawl-server policy::tests::normalizer_leaves_marked_responses_alone
        PASS [   0.012s] (3115/4413) trawl-server policy::tests::normalizer_rewrites_unmarked_403_to_trawl_envelope
        PASS [   0.012s] (3116/4413) trawl-server policy::tests::normalizer_rewrites_unmarked_500_to_trawl_envelope
        PASS [   0.016s] (3117/4413) trawl-server policy::tests::normalizer_rewrites_unmarked_401_to_trawl_envelope
        PASS [   0.011s] (3118/4413) trawl-server policy::tests::normalizer_rewrites_unmarked_503_without_backend_detail
        PASS [   0.011s] (3119/4413) trawl-server policy::tests::parse_roundtrips_every_permission
        PASS [   0.021s] (3120/4413) trawl-server policy::tests::parse_rejects_unknown_and_dead_strings
        PASS [   0.012s] (3121/4413) trawl-server policy::tests::policy_403s_grantless_key_with_trawl_envelope
        PASS [   0.011s] (3122/4413) trawl-server policy::tests::policy_403s_unrecognized_permissions_only_key
        PASS [   0.019s] (3123/4413) trawl-server policy::tests::policy_403s_roleless_key
        PASS [   0.014s] (3124/4413) trawl-server policy::tests::policy_500s_when_key_missing
        PASS [   0.012s] (3125/4413) trawl-server policy::tests::trawl_permissions_canonical_order_regardless_of_role_order
        PASS [   0.014s] (3126/4413) trawl-server policy::tests::policy_passes_granted_key_and_marks_response
        PASS [   0.014s] (3127/4413) trawl-server policy::tests::wire_kind_maps_both_variants
        PASS [   0.028s] (3128/4413) trawl-server pool::tests::a_failed_run_stamps_no_severity_columns
        PASS [   0.031s] (3129/4413) trawl-server pool::tests::a_dropped_caller_retains_and_then_reclaims
        PASS [   0.031s] (3130/4413) trawl-server pool::tests::a_latched_cancellation_stops_the_query_at_the_bind_boundary
        PASS [   0.820s] (3131/4413) trawl-server ingest::compaction::tests::pin_ladder_spans_chunk_boundary_without_crossing_verdicts
        PASS [   0.031s] (3132/4413) trawl-server pool::tests::a_panicking_worker_leaks_no_permit_or_executor
        PASS [   0.039s] (3133/4413) trawl-server pool::tests::a_retained_permit_is_visible_and_reclaimed
        PASS [   0.026s] (3134/4413) trawl-server pool::tests::cancel_all_clears_interrupts
        PASS [   0.035s] (3135/4413) trawl-server pool::tests::a_timed_out_query_stays_cancellable
        PASS [   0.038s] (3136/4413) trawl-server pool::tests::a_sample_that_overruns_is_a_timeout_and_stays_retained
        PASS [   0.042s] (3137/4413) trawl-server pool::tests::cancellation_before_the_handle_exists_refuses_the_start
        PASS [   0.049s] (3138/4413) trawl-server pool::tests::a_timeout_racing_completion_leaves_no_orphan
        PASS [   0.043s] (3139/4413) trawl-server pool::tests::cancellation_cannot_interrupt_a_reused_executor
        PASS [   0.027s] (3140/4413) trawl-server pool::tests::every_lane_registers_its_kind_and_owner
        PASS [   0.032s] (3141/4413) trawl-server pool::tests::counts_return_to_baseline
        PASS [   0.026s] (3142/4413) trawl-server pool::tests::exclusive_names_retained_permits_when_blocked
        PASS [   0.037s] (3143/4413) trawl-server pool::tests::fallback_glob_derived_from_base_dir
        PASS [   0.043s] (3144/4413) trawl-server pool::tests::execute_stamps_severity_columns_from_the_runs_own_snapshot
        PASS [   0.033s] (3145/4413) trawl-server pool::tests::fallback_glob_strips_trailing_slash
        PASS [   0.066s] (3146/4413) trawl-server pool::tests::exclusive_times_out_bounded_while_a_query_runs
        PASS [   0.041s] (3147/4413) trawl-server pool::tests::ping_and_sampling_bound_their_wait
        PASS [   0.036s] (3148/4413) trawl-server pool::tests::pool_rejects_invalid_dsl
        PASS [   0.051s] (3149/4413) trawl-server pool::tests::pool_executor_reclaimed_after_timeout
        PASS [   0.136s] (3150/4413) trawl-server pool::tests::exclusive_blocks_field_value_sampling
        PASS [   0.074s] (3151/4413) trawl-server pool::tests::field_value_sampling_publication_timeout_releases_permit
        PASS [   0.031s] (3152/4413) trawl-server pool::tests::pool_respects_concurrency_limit
        PASS [   0.134s] (3153/4413) trawl-server pool::tests::exclusive_drains_queries_and_blocks_new_ones
        PASS [   0.023s] (3154/4413) trawl-server pool::tests::pool_timeout_returns_error
        PASS [   0.029s] (3155/4413) trawl-server pool::tests::pool_reuses_executors
        PASS [   0.011s] (3156/4413) trawl-server pool::tests::severity_columns_come_from_the_snapshot_it_is_given
        PASS [   0.018s] (3157/4413) trawl-server pool::tests::queue_wait_counts_against_the_deadline
        PASS [   0.011s] (3158/4413) trawl-server pool::tests::severity_columns_shortcut_agrees_with_the_walk
        PASS [   0.025s] (3159/4413) trawl-server pool::tests::publication_wait_counts_against_the_deadline
        PASS [   0.008s] (3160/4413) trawl-server publication::tests::bootstrap_finds_markers_under_literal_root
        PASS [   0.010s] (3161/4413) trawl-server publication::tests::dangling_entries_do_not_poison_the_marker_scan
        PASS [   0.008s] (3162/4413) trawl-server publication::tests::pending_marker_refuses_reads_until_removed
        PASS [   0.018s] (3163/4413) trawl-server pool::tests::start_and_expiry_race_yields_exactly_one_classification
        PASS [   0.008s] (3164/4413) trawl-server publication::tests::scan_failure_stays_closed
        PASS [   0.019s] (3165/4413) trawl-server pool::tests::startup_wait_counts_against_the_deadline
        PASS [   0.009s] (3166/4413) trawl-server publication::tests::unresolvable_existing_env_keeps_marker_state_unknown
        PASS [   0.009s] (3167/4413) trawl-server query_log::tests::chmod_failure_is_fatal_only_when_group_or_other_can_reach_the_file
        PASS [   0.009s] (3168/4413) trawl-server query_log::tests::failed_reopen_undoes_the_rename_and_keeps_the_active_path
        PASS [   0.008s] (3169/4413) trawl-server query_log::tests::failed_rollover_backs_off_instead_of_retrying_every_entry
        PASS [   0.008s] (3170/4413) trawl-server query_log::tests::open_creates_owner_only_file
        PASS [   0.008s] (3171/4413) trawl-server query_log::tests::open_tightens_existing_looser_file
        PASS [   0.008s] (3172/4413) trawl-server query_log::tests::rollover_at_cap_leaves_current_and_one_previous_file
        PASS [   0.008s] (3173/4413) trawl-server query_log::tests::rollover_refuses_a_replacement_regular_file
        PASS [   0.008s] (3174/4413) trawl-server query_log::tests::rollover_replaces_previous_rotated_file
        PASS [   0.859s] (3175/4413) trawl-server ingest::compaction::tests::the_bounded_sampler_survives_a_high_cardinality_misfit_column
        PASS [   0.009s] (3176/4413) trawl-server query_log::tests::zero_cap_disables_rollover
        PASS [   0.009s] (3177/4413) trawl-server query_log::tests::unrestorable_rollover_closes_the_log_instead_of_growing_it
        PASS [   0.009s] (3178/4413) trawl-server rate_limit::tests::different_key_ids_have_independent_limits
        PASS [   0.009s] (3179/4413) trawl-server rate_limit::tests::ingest_ceiling_is_separate_from_the_interactive_one
        PASS [   0.030s] (3180/4413) trawl-server publication::tests::writer_excludes_readers
        PASS [   0.009s] (3181/4413) trawl-server rate_limit::tests::ingest_ceiling_needs_the_ingest_permission
        PASS [   0.009s] (3182/4413) trawl-server rate_limit::tests::override_applies_per_class_with_separate_budgets
        PASS [   0.008s] (3183/4413) trawl-server rate_limit::tests::rate_limit_rejects_after_burst
        PASS [   0.009s] (3184/4413) trawl-server rate_limit::tests::role_override_applies_even_when_default_disabled
        PASS [   0.009s] (3185/4413) trawl-server rate_limit::tests::role_override_replaces_the_class_default_in_both_directions
        PASS [   0.008s] (3186/4413) trawl-server rate_limit::tests::zero_rpm_disables_limiter
        PASS [   0.009s] (3187/4413) trawl-server rate_limit::tests::same_effective_rpm_shares_map_not_buckets
        PASS [   0.008s] (3188/4413) trawl-server repin::cancel::tests::a_failed_publication_leaves_the_job_cancellable
        PASS [   0.008s] (3189/4413) trawl-server repin::cancel::tests::a_latched_job_refuses_every_later_request
        PASS [   0.008s] (3190/4413) trawl-server repin::cancel::tests::a_pending_request_beats_a_terminal_candidate
        PASS [   0.008s] (3191/4413) trawl-server repin::cancel::tests::a_pending_request_stops_the_latch
        PASS [   0.009s] (3192/4413) trawl-server repin::cancel::tests::a_repeat_request_carries_the_first_actor_for_persistence
        PASS [   0.008s] (3193/4413) trawl-server repin::cancel::tests::a_settled_job_has_nothing_left_to_cancel
        PASS [   0.008s] (3194/4413) trawl-server repin::cancel::tests::a_second_request_preserves_the_first_actor
        PASS [   0.008s] (3195/4413) trawl-server repin::cancel::tests::a_stale_disarm_does_not_clear_a_live_entry
        PASS [   0.009s] (3196/4413) trawl-server repin::cancel::tests::a_stale_settle_does_not_latch_a_live_entry
        PASS [   0.009s] (3197/4413) trawl-server repin::cancel::tests::a_string_error_converts_to_a_failed_stop
        PASS [   0.009s] (3198/4413) trawl-server repin::cancel::tests::commit_needs_the_job_to_own_the_registry
        PASS [   0.008s] (3199/4413) trawl-server repin::cancel::tests::settling_never_downgrades_the_point_of_no_return
        PASS [   0.008s] (3200/4413) trawl-server repin::cancel::tests::the_wire_table_is_pairwise_distinct_and_states_the_contract
        PASS [   0.008s] (3201/4413) trawl-server repin::ceiling::tests::ambiguity_binds_for_severity_under_every_reading_but_syslog
        PASS [   0.008s] (3202/4413) trawl-server repin::ceiling::tests::an_explicit_ceiling_wins_including_zero_and_below_scan
        PASS [   0.008s] (3203/4413) trawl-server repin::ceiling::tests::recorded_force_terms_distinguish_unplanned_and_bounded_plans
        PASS [   0.017s] (3204/4413) trawl-server repin::cancel::tests::cancel_and_commit_race_to_one_answer_from_two_threads
        PASS [   0.008s] (3205/4413) trawl-server repin::ceiling::tests::recorded_force_terms_reject_every_inconsistent_shape
        PASS [   0.008s] (3206/4413) trawl-server repin::ceiling::tests::the_ceiling_boundary_passes_at_accepted_and_refuses_one_above
        PASS [   0.008s] (3207/4413) trawl-server repin::ceiling::tests::the_default_ceiling_is_ten_percent_over_a_floor_of_ten
        PASS [   0.008s] (3208/4413) trawl-server repin::cutover::tests::a_leftover_aside_is_parked_beside_not_refused
        PASS [   0.008s] (3209/4413) trawl-server repin::cutover::tests::a_surviving_shadow_refuses_the_next_build_instead_of_layering
        PASS [   0.008s] (3210/4413) trawl-server repin::cutover::tests::an_undeletable_marker_cannot_fail_the_finished_job
        PASS [   0.008s] (3211/4413) trawl-server repin::cutover::tests::the_plain_slot_is_used_and_a_half_swap_resumes
        PASS [   0.888s] (3212/4413) trawl-server ingest::compaction::tests::the_sampled_column_cap_drops_samples_not_conflicts
        PASS [   0.008s] (3213/4413) trawl-server repin::cutover::tests::the_pre_swap_sweep_takes_the_aside_even_when_the_shadow_survives
        PASS [   0.008s] (3214/4413) trawl-server repin::engine::tests::a_ceiling_needs_force_and_must_fit_the_column
        PASS [   0.008s] (3215/4413) trawl-server repin::engine::tests::a_forced_job_is_held_to_the_ceilings_it_accepted
        PASS [   0.008s] (3216/4413) trawl-server repin::engine::tests::a_panicked_decision_records_a_pending_cancel_before_the_terminal_write
        PASS [   0.009s] (3217/4413) trawl-server repin::engine::tests::a_panicked_decision_settles_before_it_touches_the_store
        PASS [   0.008s] (3218/4413) trawl-server repin::engine::tests::contract_typed_fields_are_not_repin_subjects
        PASS [   0.010s] (3219/4413) trawl-server repin::engine::tests::a_pass_stop_keeps_cancellation_and_failure_distinct
        PASS [   0.008s] (3220/4413) trawl-server repin::engine::tests::decide_fetches_the_response_row_before_spawning_the_background_half
        PASS [   0.010s] (3221/4413) trawl-server repin::engine::tests::repin_admission_wait_has_a_deadline
        PASS [   0.008s] (3222/4413) trawl-server repin::engine::tests::repin_targets_are_the_catalog_vocabulary_severity_included
        PASS [   0.008s] (3223/4413) trawl-server repin::engine::tests::the_cancelled_row_names_the_actor_the_stage_and_the_untouched_corpus
        PASS [   0.008s] (3224/4413) trawl-server repin::engine::tests::the_dialect_is_resolved_for_severity_targets_only
        PASS [   0.008s] (3225/4413) trawl-server repin::engine::tests::the_force_gate_refuses_loss_always_and_ambiguity_under_otel_only
        PASS [   0.008s] (3226/4413) trawl-server repin::gate::tests::rollup_pause_is_raii
        PASS [   0.008s] (3227/4413) trawl-server repin::marker::tests::a_data_root_inside_its_volume_passes_the_staging_check
        PASS [   0.008s] (3228/4413) trawl-server repin::marker::tests::a_data_root_on_its_own_mount_is_refused
        PASS [   0.008s] (3229/4413) trawl-server repin::marker::tests::a_foreign_file_under_an_env_directory_is_refused
        PASS [   0.008s] (3230/4413) trawl-server repin::marker::tests::a_foreign_filesystem_outside_the_env_dirs_is_not_this_checks_business
        PASS [   0.008s] (3231/4413) trawl-server repin::marker::tests::a_mount_point_nested_under_the_data_root_is_refused
        PASS [   0.029s] (3232/4413) trawl-server repin::engine::tests::repin_admission_observes_rollup_failure_before_pausing
        PASS [   0.029s] (3233/4413) trawl-server repin::engine::tests::repin_admission_waits_for_successful_rollup_before_pausing
        PASS [   0.008s] (3234/4413) trawl-server repin::marker::tests::a_relative_single_component_data_root_checks_against_the_cwd
        PASS [   0.008s] (3235/4413) trawl-server repin::marker::tests::corrupt_marker_errors_rather_than_reading_as_absent
        PASS [   0.008s] (3236/4413) trawl-server repin::marker::tests::marker_round_trips_through_every_phase
        PASS [   0.008s] (3237/4413) trawl-server repin::marker::tests::staging_roots_are_siblings_of_the_data_root
        PASS [   0.008s] (3238/4413) trawl-server repin::plan::tests::no_scanned_file_skips_the_post_file_cancel_check
        PASS [   0.008s] (3239/4413) trawl-server repin::recover::tests::a_surviving_staging_root_reports_an_unfinished_sweep
        PASS [   0.008s] (3240/4413) trawl-server repin::recover::tests::an_abandoned_build_reclaims_a_leftover_aside
        PASS [   0.008s] (3241/4413) trawl-server repin::recover::tests::cleanup_crash_sweeps_and_reports
        PASS [   0.008s] (3242/4413) trawl-server repin::recover::tests::building_crash_abandons_the_shadow_and_leaves_the_corpus
        PASS [   0.008s] (3243/4413) trawl-server repin::recover::tests::cutover_crash_windows_all_resume_to_the_new_generation
        PASS [   0.008s] (3244/4413) trawl-server repin::recover::tests::marker_less_boot_sweeps_a_stray_shadow_only
        PASS [   0.008s] (3245/4413) trawl-server repin::recover::tests::query_only_node_serves_building_and_refuses_cutover
        PASS [   0.008s] (3246/4413) trawl-server repin::rewrite::tests::snapshot_refuses_symlinked_entries
        PASS [   0.008s] (3247/4413) trawl-server repin::rewrite::tests::snapshot_skips_staging_files_and_keeps_evidence
        PASS [   0.008s] (3248/4413) trawl-server repin::rewrite::tests::staging_path_cannot_collide_with_compactions
        PASS [   0.008s] (3249/4413) trawl-server report_window::tests::a_backticked_keyword_is_a_field_and_keeps_its_window
        PASS [   0.008s] (3250/4413) trawl-server report_window::tests::a_fixed_window_ignores_the_watermark_and_skips_missed_fires
        PASS [   0.007s] (3251/4413) trawl-server report_window::tests::a_long_gap_coalesces_into_one_clamped_and_flagged_run
        PASS [   0.008s] (3252/4413) trawl-server report_window::tests::a_nanosecond_clock_reading_yields_microsecond_bounds
        PASS [   0.007s] (3253/4413) trawl-server report_window::tests::a_schedule_is_due_at_its_cursor_and_not_before
        PASS [   0.008s] (3254/4413) trawl-server report_window::tests::a_time_clause_hoisted_out_of_an_or_group_is_still_refused
        PASS [   0.008s] (3255/4413) trawl-server report_window::tests::a_window_and_a_from_saved_source_refuse_each_other_by_name
        PASS [   0.007s] (3256/4413) trawl-server report_window::tests::a_withheld_success_heals_on_the_next_run
        PASS [   0.008s] (3257/4413) trawl-server report_window::tests::a_window_and_a_time_clause_refuse_each_other_by_name
        PASS [   0.008s] (3258/4413) trawl-server report_window::tests::an_already_covered_window_advances_the_cursor_instead_of_running
        PASS [   0.059s] (3259/4413) trawl-server repin::gate::tests::rollup_unit_guard_is_the_claim_and_the_gate
        PASS [   0.007s] (3260/4413) trawl-server report_window::tests::consecutive_since_last_windows_tile_without_overlap
        PASS [   0.008s] (3261/4413) trawl-server report_window::tests::config_duration_mirror_matches_the_grammar_cap
        PASS [   0.008s] (3262/4413) trawl-server report_window::tests::kind_secs_and_display_round_trip
        PASS [   0.008s] (3263/4413) trawl-server report_window::tests::materializing_refuses_a_from_saved_query_anywhere_in_the_pipeline
        PASS [   0.010s] (3264/4413) trawl-server report_window::tests::materializing_prefixes_the_saved_text_verbatim
        PASS [   0.008s] (3265/4413) trawl-server report_window::tests::materializing_refuses_a_query_that_owns_its_own_window
        PASS [   0.008s] (3266/4413) trawl-server report_window::tests::materializing_refuses_an_unparseable_saved_query
        PASS [   0.008s] (3267/4413) trawl-server report_window::tests::out_of_range_arithmetic_and_zero_config_are_errors_not_panics
        PASS [   0.008s] (3268/4413) trawl-server report_window::tests::no_window_accepts_any_text_while_a_window_needs_a_parseable_query
        PASS [   0.008s] (3269/4413) trawl-server report_window::tests::parse_rejects_short_and_malformed
        PASS [   0.008s] (3270/4413) trawl-server report_window::tests::parse_since_last_and_fixed
        PASS [   0.008s] (3271/4413) trawl-server report_window::tests::query_mode_plans_a_run_with_no_window
        PASS [   0.008s] (3272/4413) trawl-server report_window::tests::the_first_since_last_run_covers_one_interval_back
        PASS [   0.008s] (3273/4413) trawl-server report_window::tests::spliced_bounds_reparse_to_the_planned_instants
        PASS [   0.008s] (3274/4413) trawl-server report_window::tests::the_widest_configurable_catchup_span_still_plans
        PASS [   0.008s] (3275/4413) trawl-server report_window::tests::truncation_drops_sub_microseconds_only
        PASS [   0.008s] (3276/4413) trawl-server report_window::tests::window_bound_is_rfc3339_utc_micros
        PASS [   0.008s] (3277/4413) trawl-server report_window::tests::window_kind_spellings_round_trip
        PASS [   0.008s] (3278/4413) trawl-server retention::tests::a_repin_admitted_mid_age_sweep_stops_before_the_next_age_deletion
        PASS [   0.009s] (3279/4413) trawl-server retention::tests::a_repin_admitted_mid_tick_stops_the_sweep_at_the_next_deletion
        PASS [   0.008s] (3280/4413) trawl-server retention::tests::age_based_deletes_old_dirs
        PASS [   0.008s] (3281/4413) trawl-server retention::tests::age_based_preserves_when_disabled
        PASS [   0.008s] (3282/4413) trawl-server retention::tests::age_based_removes_one_envs_date_without_touching_others
        PASS [   0.008s] (3283/4413) trawl-server retention::tests::age_cutoff_and_rank_read_one_effective_age
        PASS [   0.008s] (3284/4413) trawl-server retention::tests::both_disabled_deletes_nothing
        PASS [   0.008s] (3285/4413) trawl-server retention::tests::candidate_age_is_calendar_days_clamped_at_zero
        PASS [   0.008s] (3286/4413) trawl-server retention::tests::both_sweeps_suppressed_while_a_repin_is_in_flight
        PASS [   0.109s] (3287/4413) trawl-server repin::engine::tests::repin_admission_can_cancel_while_waiting_for_publication
        PASS [   0.008s] (3288/4413) trawl-server retention::tests::cmp_priority_orders_by_exact_expiry_ratio
        PASS [   0.008s] (3289/4413) trawl-server retention::tests::dir_size_recursive
        PASS [   0.008s] (3290/4413) trawl-server retention::tests::disk_pressure_breaks_equal_ranks_oldest_first
        PASS [   0.008s] (3291/4413) trawl-server retention::tests::empty_data_dir_is_noop
        PASS [   0.008s] (3292/4413) trawl-server retention::tests::disk_pressure_ranks_by_ratio_and_reaches_keep_forever_last
        PASS [   0.008s] (3293/4413) trawl-server retention::tests::enumerate_excludes_today
        PASS [   0.008s] (3294/4413) trawl-server retention::tests::enumerate_excludes_wal_and_non_dates
        PASS [   0.008s] (3295/4413) trawl-server retention::tests::enumerate_merges_candidates_across_envs
        PASS [   0.008s] (3296/4413) trawl-server retention::tests::enumerate_sorts_by_date_then_path
        PASS [   0.111s] (3297/4413) trawl-server repin::gate::tests::cutover_excludes_compaction_batches
        PASS [   0.008s] (3298/4413) trawl-server retention::tests::global_zero_with_a_finite_override_still_ages_that_env_out
        PASS [   0.008s] (3299/4413) trawl-server retention::tests::huge_max_age_does_not_panic
        PASS [   0.008s] (3300/4413) trawl-server retention::tests::looks_like_date_invalid
        PASS [   0.008s] (3301/4413) trawl-server retention::tests::looks_like_date_valid
        PASS [   0.008s] (3302/4413) trawl-server retention::tests::maximum_enabled_age_is_the_longest_age_any_env_keeps
        PASS [   0.008s] (3303/4413) trawl-server retention::tests::maximum_enabled_age_saturates_instead_of_wrapping
        PASS [   0.008s] (3304/4413) trawl-server retention::tests::partial_failure_continues
        PASS [   0.008s] (3305/4413) trawl-server retention::tests::per_env_zero_under_a_finite_global_keeps_that_env
        PASS [   0.008s] (3306/4413) trawl-server retention::tests::per_env_age_cutoffs_apply_per_env
        PASS [   0.008s] (3307/4413) trawl-server retention::tests::sweeps_resume_after_the_repin_ends
        PASS [   0.009s] (3308/4413) trawl-server retention::tests::suppression_raises_and_clears_the_alertable_gauge
        PASS [   0.008s] (3309/4413) trawl-server retention::tests::today_never_deleted_by_disk_pressure
        PASS [   0.009s] (3310/4413) trawl-server retention::tests::unrelated_siblings_do_not_suppress_pressure_or_become_candidates
        PASS [   0.008s] (3311/4413) trawl-server scheduler::tests::remove_result_file_removes_existing_and_returns_true
        PASS [   0.008s] (3312/4413) trawl-server scheduler::tests::remove_result_file_returns_false_when_missing
        PASS [   0.017s] (3313/4413) trawl-server schema_refresh::tests::catalog_pin_wins_over_footer_type_while_stats_stay_footer_true
        PASS [   0.018s] (3314/4413) trawl-server schema_refresh::tests::columns_follow_field_display_rank
        PASS [   0.017s] (3315/4413) trawl-server schema_refresh::tests::corrupt_file_is_skipped_not_fatal
        PASS [   0.017s] (3316/4413) trawl-server schema_refresh::tests::recovered_file_is_picked_up_next_pass
        PASS [   0.017s] (3317/4413) trawl-server schema_refresh::tests::severity_pin_reports_the_catalog_spelling_not_the_physical_one
        PASS [   0.024s] (3318/4413) trawl-server schema_refresh::tests::refresh_reads_footer_stats_and_exact_daily_counts
        PASS [   0.008s] (3319/4413) trawl-server source::tests::bad_dsl_matches_nothing
        PASS [   0.018s] (3320/4413) trawl-server schema_refresh::tests::unpinned_column_reports_unpinned_with_stats
        PASS [   0.008s] (3321/4413) trawl-server source::tests::day_level_files_ignores_subdirs
        PASS [   0.008s] (3322/4413) trawl-server source::tests::day_level_files_service_specific
        PASS [   0.008s] (3323/4413) trawl-server source::tests::day_level_files_wildcard
        PASS [   0.009s] (3324/4413) trawl-server source::tests::dotted_and_underscored_services_prune_distinctly
        PASS [   0.024s] (3325/4413) trawl-server source::tests::cold_start_source_never_reaches_scheduled_report_runs
        PASS [   0.009s] (3326/4413) trawl-server source::tests::env_and_service_pruning_matrix
        PASS [   0.010s] (3327/4413) trawl-server source::tests::falls_back_to_hourly_when_no_day_file
        PASS [   0.008s] (3328/4413) trawl-server source::tests::hour_dirs_detects_hour_subdirs
        PASS [   0.104s] (3329/4413) trawl-server retention::tests::generative_full_sweep_drains_in_reference_order
        PASS [   0.009s] (3330/4413) trawl-server source::tests::invalid_env_value_matches_nothing
        PASS [   0.009s] (3331/4413) trawl-server source::tests::invalid_service_value_cannot_inject_paths
        PASS [   0.008s] (3332/4413) trawl-server source::tests::no_time_filter_over_empty_root_matches_nothing
        PASS [   0.009s] (3333/4413) trawl-server source::tests::prefers_day_level_for_historical_service
        PASS [   0.009s] (3334/4413) trawl-server source::tests::sanitizes_dotted_service
        PASS [   0.009s] (3335/4413) trawl-server source::tests::service_and_time_filter_compose
        PASS [   0.018s] (3336/4413) trawl-server source::tests::no_matching_date_dir_never_reaches_scheduled_report_runs
        PASS [   0.008s] (3337/4413) trawl-server source::tests::service_filter_narrows_glob
        PASS [   0.009s] (3338/4413) trawl-server source::tests::service_glob_keeps_wildcard
        PASS [   0.009s] (3339/4413) trawl-server source::tests::strips_trailing_slash
        PASS [   0.009s] (3340/4413) trawl-server source::tests::today_day_level_files_included
        PASS [   0.009s] (3341/4413) trawl-server source::tests::today_mixed_day_and_hourly
        PASS [   0.009s] (3342/4413) trawl-server source::tests::verbatim_service_with_time_filter
        PASS [   0.009s] (3343/4413) trawl-server source::tests::wildcard_detects_day_level
        PASS [   0.009s] (3344/4413) trawl-server source::tests::wildcard_mixed_state
        PASS [   0.008s] (3345/4413) trawl-server source::tests::with_time_filter_returns_list
        PASS [   0.008s] (3346/4413) trawl-server state::tests::an_unseen_service_has_no_degraded_fields
        PASS [   0.009s] (3347/4413) trawl-server state::tests::by_service_never_names_a_field_outside_the_set
        PASS [   0.008s] (3348/4413) trawl-server state::tests::cached_columns_serve_only_inside_the_ttl_and_generation
        PASS [   0.008s] (3349/4413) trawl-server state::tests::services_of_is_sorted_and_deduplicated
        PASS [   0.008s] (3350/4413) trawl-server store::catalog::tests::service_cursor_rejects_garbage
        PASS [   0.009s] (3351/4413) trawl-server store::catalog::tests::service_cursor_roundtrips_exactly
        PASS [   0.009s] (3352/4413) trawl-server store::catalog::tests::the_purge_bounds_its_pre_commit_phase_and_only_that
        PASS [   0.008s] (3353/4413) trawl-server store::catalog::tests::the_purge_detaches_its_commit_instead_of_cancelling_it
        PASS [   0.008s] (3354/4413) trawl-server store::catalog::tests::the_purge_sets_its_bounds_before_it_takes_the_lock
        PASS [   0.008s] (3355/4413) trawl-server store::repin::tests::parse_round_trips_every_stored_spelling
        PASS [   0.008s] (3356/4413) trawl-server store::repin::tests::status_vocabulary_matches_the_migration_check
        PASS [   0.008s] (3357/4413) trawl-server store::schedule::tests::format_interval_roundtrip
        PASS [   0.008s] (3358/4413) trawl-server store::schedule::tests::initial_schema_spells_the_same_duration_cap
        PASS [   0.008s] (3359/4413) trawl-server store::schedule::tests::latest_run_cols_carries_every_run_column
        PASS [   0.008s] (3360/4413) trawl-server store::schedule::tests::parse_duration_secs_caps_at_ten_years
        PASS [   0.008s] (3361/4413) trawl-server store::schedule::tests::parse_duration_secs_has_no_floor
        PASS [   0.008s] (3362/4413) trawl-server store::schedule::tests::parse_duration_secs_rejects_overflow
        PASS [   0.008s] (3363/4413) trawl-server store::schedule::tests::parse_interval_rejects_invalid
        PASS [   0.008s] (3364/4413) trawl-server store::schedule::tests::parse_interval_rejects_multibyte_without_panicking
        PASS [   0.009s] (3365/4413) trawl-server store::schedule::tests::parse_interval_rejects_too_short
        PASS [   0.008s] (3366/4413) trawl-server store::schedule::tests::parse_interval_valid
        PASS [   0.008s] (3367/4413) trawl-server store::schedule::tests::run_cols_prefixes_every_column
        PASS [   0.008s] (3368/4413) trawl-server store::schedule::tests::schedule_cols_as_aliases_every_column
        PASS [   0.008s] (3369/4413) trawl-server store::schedule::tests::schedule_cols_prefixes_every_column
        PASS [   0.008s] (3370/4413) trawl-server store::status::tests::as_str_roundtrips_through_from_str
        PASS [   0.008s] (3371/4413) trawl-server store::status::tests::from_str_rejects_unknown
        PASS [   0.020s] (3372/4413) trawl-server syslog::batch::tests::batcher_keys_on_env_and_service_together
        PASS [   0.020s] (3373/4413) trawl-server syslog::batch::tests::batcher_multi_service_grouping
        PASS [   0.020s] (3374/4413) trawl-server syslog::batch::tests::batcher_shutdown_flushes_remaining
        PASS [   0.008s] (3375/4413) trawl-server syslog::convert::tests::a_frame_faces_the_sealed_prefix_strip
        PASS [   0.008s] (3376/4413) trawl-server syslog::convert::tests::a_hostname_less_frame_behind_a_trusted_relay_keeps_the_event
        PASS [   0.008s] (3377/4413) trawl-server syslog::convert::tests::an_over_long_sd_key_is_dropped_by_the_doors_name_gate
        PASS [   0.009s] (3378/4413) trawl-server syslog::convert::tests::an_oversized_frame_is_truncated_by_the_doors_raw_cap
        PASS [   0.008s] (3379/4413) trawl-server syslog::convert::tests::convert_falls_back_to_default_service
        PASS [   0.008s] (3380/4413) trawl-server syslog::convert::tests::convert_host_falls_back_to_source_ip
        PASS [   0.008s] (3381/4413) trawl-server syslog::convert::tests::convert_rfc3164_unifi
        PASS [   0.009s] (3382/4413) trawl-server syslog::convert::tests::convert_uses_appname_when_no_ip_mapping
        PASS [   0.295s] (3383/4413) trawl-server scheduler::pg_tests::recover_ambiguous_finish_unlinks_when_run_still_running
        PASS [   0.110s] (3384/4413) trawl-server syslog::batch::tests::batcher_max_events_flush
        PASS [   0.008s] (3385/4413) trawl-server syslog::convert::tests::converted_event_carries_the_envelope
        PASS [   0.008s] (3386/4413) trawl-server syslog::convert::tests::derive_service_output_is_always_a_valid_service_name
        PASS [   0.008s] (3387/4413) trawl-server syslog::convert::tests::sd_key_collision_after_folding_is_the_doors_global_rule
        PASS [   0.008s] (3388/4413) trawl-server syslog::convert::tests::sd_keys_are_folded_by_the_door
        PASS [   0.008s] (3389/4413) trawl-server syslog::convert::tests::service_derivation_priority_and_its_one_repair
        PASS [   0.008s] (3390/4413) trawl-server syslog::convert::tests::syslog_numerics_invert_onto_the_otel_ladder
        PASS [   0.008s] (3391/4413) trawl-server syslog::convert::tests::the_frame_timestamp_is_an_artifact_the_profile_reads_first
        PASS [   0.008s] (3392/4413) trawl-server syslog::parse::tests::facility_mapping
        PASS [   0.008s] (3393/4413) trawl-server syslog::parse::tests::parse_minimal_bsd
        PASS [   0.110s] (3394/4413) trawl-server syslog::batch::tests::batcher_timer_flush
        PASS [   0.322s] (3395/4413) trawl-server scheduler::pg_tests::recover_ambiguous_finish_preserves_committed_success
        PASS [   0.325s] (3396/4413) trawl-server scheduler::pg_tests::finish_run_or_recover_keeps_file_on_committed_success
        PASS [   0.008s] (3397/4413) trawl-server syslog::parse::tests::parse_rfc3164_unifi_style
        PASS [   0.198s] (3398/4413) trawl-server store::catalog::pg_tests::record_conflicts_in_commits_nothing_of_its_own
        PASS [   0.324s] (3399/4413) trawl-server scheduler::pg_tests::finish_run_or_recover_unlinks_orphan_after_cascade_delete
        PASS [   0.009s] (3400/4413) trawl-server syslog::parse::tests::parse_rfc5424
        PASS [   0.008s] (3401/4413) trawl-server syslog::parse::tests::rfc3164_parser_uses_supplied_arrival
        PASS [   0.009s] (3402/4413) trawl-server syslog::parse::tests::rfc3164_leap_day_skips_invalid_candidate_years
        PASS [   0.010s] (3403/4413) trawl-server syslog::parse::tests::rfc3164_year_is_nearest_to_arrival
        PASS [   0.009s] (3404/4413) trawl-server syslog::tcp::tests::handle_connection_max_events_limit
        PASS [   0.010s] (3405/4413) trawl-server syslog::tcp::tests::digit_prefixed_line_delimited_fallback
        PASS [   0.010s] (3406/4413) trawl-server syslog::tcp::tests::read_line_eof_returns_none
        PASS [   0.008s] (3407/4413) trawl-server syslog::tcp::tests::read_line_normal_message
        PASS [   0.008s] (3408/4413) trawl-server syslog::tcp::tests::read_line_oversized_message_returns_empty_and_drains
        PASS [   0.008s] (3409/4413) trawl-server syslog::tcp::tests::read_octet_counted_message
        PASS [   0.008s] (3410/4413) trawl-server syslog::tests::cidr_contains_ipv4
        PASS [   0.008s] (3411/4413) trawl-server syslog::tcp::tests::read_octet_counted_oversized_returns_error
        PASS [   0.008s] (3412/4413) trawl-server syslog::tests::cidr_contains_ipv4_host
        PASS [   0.008s] (3413/4413) trawl-server syslog::tests::cidr_contains_ipv6
        PASS [   0.008s] (3414/4413) trawl-server syslog::tests::ipv4_mapped_peer_canonicalizes_to_v4
        PASS [   0.008s] (3415/4413) trawl-server syslog::tests::is_allowed_checks_list
        PASS [   0.008s] (3416/4413) trawl-server syslog::tests::is_allowed_empty_allows_all
        PASS [   0.007s] (3417/4413) trawl-server syslog::tests::parse_cidr_bare_ipv4
        PASS [   0.008s] (3418/4413) trawl-server syslog::tests::parse_cidr_bare_ipv6
        PASS [   0.008s] (3419/4413) trawl-server syslog::tests::parse_cidr_invalid
        PASS [   0.008s] (3420/4413) trawl-server syslog::tests::source_service_map_keys_fold_with_the_peer
        PASS [   0.008s] (3421/4413) trawl-server telemetry::tests::a_raw_named_tracing_field_cannot_shadow_the_lifeline
        PASS [   0.008s] (3422/4413) trawl-server telemetry::tests::a_tracing_field_cannot_impersonate_another_service
        PASS [   0.008s] (3423/4413) trawl-server telemetry::tests::an_empty_severity_chain_leaves_trawlds_own_events_unscored
        PASS [   0.008s] (3424/4413) trawl-server telemetry::tests::an_over_long_tracing_field_name_is_dropped_and_the_event_still_lands
        PASS [   0.008s] (3425/4413) trawl-server telemetry::tests::default_filter_passes_all_trawl_targets_and_drops_dependency_noise
        PASS [   0.008s] (3426/4413) trawl-server telemetry::tests::event_type_explicit_overrides_message
        PASS [   0.008s] (3427/4413) trawl-server telemetry::tests::flush_publishes_to_event_bus
        PASS [   0.008s] (3428/4413) trawl-server telemetry::tests::json_visitor_collects_fields
        PASS [   0.008s] (3429/4413) trawl-server telemetry::tests::message_to_event_type_auth
        PASS [   0.007s] (3430/4413) trawl-server telemetry::tests::message_to_event_type_empty
        PASS [   0.007s] (3431/4413) trawl-server telemetry::tests::message_to_event_type_simple
        PASS [   0.008s] (3432/4413) trawl-server telemetry::tests::message_to_event_type_special_chars
        PASS [   0.007s] (3433/4413) trawl-server telemetry::tests::message_to_event_type_with_colon
        PASS [   0.008s] (3434/4413) trawl-server telemetry::tests::mixed_case_tracing_field_names_are_ascii_folded
        PASS [   0.009s] (3435/4413) trawl-server telemetry::tests::panicked_blocking_write_accounts_the_lost_batch_exactly_once
        PASS [   0.009s] (3436/4413) trawl-server telemetry::tests::prolonged_failure_drops_oldest_batches_at_cap_with_exact_accounting
        PASS [   0.007s] (3437/4413) trawl-server telemetry::tests::resolve_log_filter_invalid_value_falls_back_with_one_warning
        PASS [   0.008s] (3438/4413) trawl-server telemetry::tests::resolve_log_filter_unset_uses_default
        PASS [   0.008s] (3439/4413) trawl-server telemetry::tests::resolve_log_filter_valid_value_is_authoritative
        PASS [   0.060s] (3440/4413) trawl-server syslog::tcp::tests::handle_connection_idle_timeout
        PASS [   0.008s] (3441/4413) trawl-server telemetry::tests::shutdown_with_failing_writer_exits_within_budget
        PASS [   0.040s] (3442/4413) trawl-server telemetry::tests::cancelled_async_flush_keeps_wal_and_hot_insert_together
        PASS [   0.009s] (3443/4413) trawl-server telemetry::tests::telemetry_metrics_series_are_exposed
        PASS [   0.020s] (3444/4413) trawl-server telemetry::tests::shared_budget_covers_active_and_in_flight_memory
        PASS [   0.008s] (3445/4413) trawl-server telemetry::tests::the_tracing_level_derives_severity_through_the_configured_chain
        PASS [   0.037s] (3446/4413) trawl-server telemetry::tests::preinit_cap_drops_are_counted
        PASS [   0.008s] (3447/4413) trawl-server telemetry::tests::unmetered_targets_are_never_persisted
        PASS [   0.008s] (3448/4413) trawl-server telemetry::tests::wal_filter_drops_unmetered_targets_the_stdout_filter_keeps
        PASS [   0.019s] (3449/4413) trawl-server telemetry::tests::the_trawld_profile_never_rejects_and_the_counter_proves_it
        PASS [   0.008s] (3450/4413) trawl-server telemetry::tests::wal_handle_set_and_get
        PASS [   0.008s] (3451/4413) trawl-server telemetry::tests::wal_layer_buffers_before_writer_set
        PASS [   0.008s] (3452/4413) trawl-server telemetry::tests::wal_layer_buffers_events
        PASS [   0.008s] (3453/4413) trawl-server telemetry::tests::wal_layer_inherits_span_fields
        PASS [   0.008s] (3454/4413) trawl-server tls::tests::auto_generates_certs_in_state_dir
        PASS [   0.008s] (3455/4413) trawl-server tls::tests::generate_self_signed_produces_valid_pem
        PASS [   0.008s] (3456/4413) trawl-server tls::tests::rejects_mismatched_cert_key_config
        PASS [   0.040s] (3457/4413) trawl-server telemetry::tests::synchronous_flush_keeps_wal_and_hot_insert_together
        PASS [   0.008s] (3458/4413) trawl-server tls::tests::rejects_missing_cert_file
        PASS [   0.008s] (3459/4413) trawl-server tracker::tests::history_ring_buffer_evicts_oldest
        PASS [   0.008s] (3460/4413) trawl-server tracker::tests::owner_key_id_tracks_submitting_key
        PASS [   0.060s] (3461/4413) trawl-server telemetry::tests::queued_batches_coalesce_into_one_wal_write_on_drain
        PASS [   0.008s] (3462/4413) trawl-server tracker::tests::queries_own_flag_tracks_exact_key_across_all_outcomes
        PASS [   0.008s] (3463/4413) trawl-server tracker::tests::start_and_complete
        PASS [   0.008s] (3464/4413) trawl-server tracker::tests::start_and_fail
        PASS [   0.008s] (3465/4413) trawl-server tracker::tests::start_and_timeout
        PASS [   0.111s] (3466/4413) trawl-server telemetry::tests::wal_failure_retains_batch_then_publishes_exactly_once_after_retry
        PASS [   0.210s] (3467/4413) trawl-server telemetry::tests::shutdown_exits_while_a_periodic_flush_is_blocked
        PASS [   0.601s] (3468/4413) trawl-server::auth_pg ac3_admin_cannot_ingest
        PASS [   0.546s] (3469/4413) trawl-server::auth_pg ac3_reader_blocked_from_export_stream_manage
        PASS [   0.619s] (3470/4413) trawl-server::auth_pg ac3_public_probes_unauthenticated
        PASS [   0.746s] (3471/4413) trawl-server::auth_pg ac3_ingest_only_key_can_ingest_but_nothing_else
        PASS [   1.054s] (3472/4413) trawl-server::auth_pg ac3_grantless_key_403_on_every_authenticated_route
        PASS [   0.922s] (3473/4413) trawl-server::auth_pg ac3_zero_permission_role_key_403_everywhere
        PASS [   1.300s] (3474/4413) trawl-server::auth_pg ac3_grantless_key_never_reaches_rate_limiter
        PASS [   0.714s] (3475/4413) trawl-server::auth_pg ac4_whoami_golden_json_per_role
        PASS [   0.712s] (3476/4413) trawl-server::auth_pg ac5_envelope_grantless_403
        PASS [   0.801s] (3477/4413) trawl-server::auth_pg ac5_envelope_missing_and_malformed_and_invalid_tokens
        PASS [   0.772s] (3478/4413) trawl-server::auth_pg ac5_envelope_revoked_and_expired_tokens
        PASS [   0.684s] (3479/4413) trawl-server::auth_pg ac5_rate_rpm_role_ceiling_spent_separately_per_class
        PASS [   4.594s] (3480/4413) trawl-server::auth_pg ac5_health_and_envelope_pg_down_without_backend_detail
        PASS [   4.477s] (3481/4413) trawl-server::auth_pg ac6_scheduler_skips_expired_key
        PASS [   4.379s] (3482/4413) trawl-server::auth_pg ac6_scheduler_skips_revoked_key
        PASS [   4.136s] (3483/4413) trawl-server::auth_pg ac6_scheduler_skips_role_stripped_key
        PASS [   0.012s] (3484/4413) trawl-server::auth_pg common::sweep_guards_parse_own_database_name
        PASS [   4.580s] (3485/4413) trawl-server::auth_pg ac6_scheduler_skips_analyst_downgraded_to_reader
        PASS [   4.601s] (3486/4413) trawl-server::auth_pg ac6_scheduler_skips_analyst_downgraded_to_ingest
        PASS [   4.614s] (3487/4413) trawl-server::auth_pg ac6_scheduler_runs_for_live_key
        PASS [   0.025s] (3488/4413) trawl-server::auth_pg common::publish_dir_once_has_one_winner_under_thread_contention
        PASS [   1.526s] (3489/4413) trawl-server::auth_pg sse_stream_rejects_revoked_key_at_handshake
        PASS [   1.865s] (3490/4413) trawl-server::auth_pg history_clear_requires_query_and_scopes_to_caller
        PASS [   0.004s] (3491/4413) trawl-server::canonicalize_no_tracing canonicalize_never_calls_tracing
        PASS [   0.003s] (3492/4413) trawl-server::canonicalize_no_tracing the_guard_reads_real_sources
        PASS [   2.589s] (3493/4413) trawl-server::auth_pg dashboard_reports_schedule_count_from_pg
        PASS [   0.884s] (3494/4413) trawl-server::catalog_surface a_degraded_field_carries_the_verdict_and_its_samples
        PASS [   0.594s] (3495/4413) trawl-server::catalog_surface a_freshly_conflicting_field_carries_no_verdict
        PASS [   0.445s] (3496/4413) trawl-server::catalog_surface a_query_binding_a_degraded_field_is_stamped
        PASS [   3.426s] (3497/4413) trawl-server::auth_pg history_clear_audits_only_successful_actor_and_count
        PASS [   3.436s] (3498/4413) trawl-server::auth_pg history_clear_redacts_store_failure
        PASS [   0.438s] (3499/4413) trawl-server::catalog_surface aged_out_field_windowed_away_unless_all
        PASS [   0.503s] (3500/4413) trawl-server::catalog_surface acking_a_field_with_no_verdict_is_refused
        PASS [   0.025s] (3501/4413) trawl-server::catalog_surface common::publish_dir_once_has_one_winner_under_thread_contention
        PASS [   0.011s] (3502/4413) trawl-server::catalog_surface common::sweep_guards_parse_own_database_name
        PASS [   0.480s] (3503/4413) trawl-server::catalog_surface an_oversized_ack_note_is_refused_before_the_store
        PASS [   0.531s] (3504/4413) trawl-server::catalog_surface an_ack_suppresses_every_surface_until_new_evidence_arrives
        PASS [   0.436s] (3505/4413) trawl-server::catalog_surface catalog_routes_require_schema_read
        PASS [   0.442s] (3506/4413) trawl-server::catalog_surface conflict_evidence_surfaces_on_the_read_routes
        PASS [   0.380s] (3507/4413) trawl-server::catalog_surface field_detail_folds_name_and_404s_unpinned
        PASS [   4.456s] (3508/4413) trawl-server::auth_pg ac8_audit_poller_emits_events_for_out_of_process_mutations
        PASS [   0.489s] (3509/4413) trawl-server::catalog_surface field_detail_pages_a_large_service_history
        PASS [   0.513s] (3510/4413) trawl-server::catalog_surface fields_listing_carries_aggregates_and_truncation
        PASS [   0.652s] (3511/4413) trawl-server::catalog_surface ingested_field_lands_in_schema_with_pinned_type
        PASS [   1.029s] (3512/4413) trawl-server::catalog_surface read_commands_render_populated_output
        PASS [   1.127s] (3513/4413) trawl-server::catalog_surface schema_service_param_scopes_fields
        PASS [   1.178s] (3514/4413) trawl-server::catalog_surface schema_service_scope_bypasses_the_unscoped_cache
        PASS [   0.034s] (3515/4413) trawl-server::check_config config_check_accepts_shipped_configuration
        PASS [   0.013s] (3516/4413) trawl-server::check_config config_check_has_no_startup_side_effects
        PASS [   0.044s] (3517/4413) trawl-server::check_config config_check_rejects_daemon_globs_without_side_effects
        PASS [   0.044s] (3518/4413) trawl-server::check_config config_check_rejects_errors_without_echoing_config_values
        PASS [   0.011s] (3519/4413) trawl-server::check_config config_check_requires_an_explicit_config
        PASS [   0.019s] (3520/4413) trawl-server::connection_budget common::publish_dir_once_has_one_winner_under_thread_contention
        PASS [   0.005s] (3521/4413) trawl-server::connection_budget common::sweep_guards_parse_own_database_name
        PASS [   0.003s] (3522/4413) trawl-server::connection_budget postgres_group_width_fits_the_connection_budget
        PASS [   0.003s] (3523/4413) trawl-server::connection_budget the_group_is_wide_enough_to_be_worth_having
        PASS [   0.003s] (3524/4413) trawl-server::connection_budget the_worst_shape_is_the_widest_shape
        PASS [   1.298s] (3525/4413) trawl-server::catalog_surface schema_services_badges_only_the_service_that_conflicted
        PASS [   0.821s] (3526/4413) trawl-server::dsl_admission a_stored_over_budget_query_fails_its_attempt_and_keeps_its_schedule
        PASS [   0.025s] (3527/4413) trawl-server::dsl_admission common::publish_dir_once_has_one_winner_under_thread_contention
        PASS [   0.010s] (3528/4413) trawl-server::dsl_admission common::sweep_guards_parse_own_database_name
        PASS [   1.978s] (3529/4413) trawl-server::catalog_surface the_ack_audit_records_the_actor_and_never_the_note
        PASS [   1.526s] (3530/4413) trawl-server::catalog_surface the_ack_routes_require_schema_write
        PASS [   1.184s] (3531/4413) trawl-server::dsl_admission a_refused_saved_write_leaves_the_store_untouched
        PASS [   1.552s] (3532/4413) trawl-server::catalog_surface withdrawing_an_ack_re_raises_the_badge_and_repeats_cleanly
        PASS [   7.686s] (3533/4413) trawl-server::auth_pg ac6_scheduler_stops_when_role_loses_saved_query_permission
        PASS [   6.134s] (3534/4413) trawl-server::auth_pg storage_loss_degrades_health_and_503s_store_endpoints
        PASS [   1.157s] (3535/4413) trawl-server::dsl_admission every_entry_point_refuses_the_same_over_budget_dsl
        PASS [   1.272s] (3536/4413) trawl-server::field_catalog all_null_first_batch_defers_then_pins
        PASS [   3.963s] (3537/4413) trawl-server::field_catalog boot::crash_before_marker_rerun_rewrites_nothing_and_republishes
        PASS [   5.016s] (3538/4413) trawl-server::field_catalog boot::a_rerun_over_an_in_ladder_severity_corpus_rewrites_nothing
        PASS [   4.199s] (3539/4413) trawl-server::field_catalog boot::boot_pass_pins_by_most_rows_and_rewrites_minority
        PASS [   3.807s] (3540/4413) trawl-server::field_catalog boot::failed_observation_backfill_keeps_conformance_armed
        PASS [   4.749s] (3541/4413) trawl-server::field_catalog boot::backfill_never_clobbers_a_live_count_downward
        PASS [   4.452s] (3542/4413) trawl-server::field_catalog boot::boot_pass_backfills_observations_for_a_pre_catalog_corpus
        PASS [   4.884s] (3543/4413) trawl-server::field_catalog boot::all_null_column_in_a_bigger_file_does_not_win_the_pin
        PASS [   0.759s] (3544/4413) trawl-server::field_catalog boot::query_only_boot_accepts_its_own_and_empty_archives
        PASS [   0.764s] (3545/4413) trawl-server::field_catalog boot::query_only_boot_refuses_an_archive_from_another_catalog
        PASS [   0.764s] (3546/4413) trawl-server::field_catalog boot::query_only_boot_serves_an_unmarked_archive_unproven
        PASS [   0.769s] (3547/4413) trawl-server::field_catalog boot::mismatched_marker_forces_a_rerun
        PASS [   0.772s] (3548/4413) trawl-server::field_catalog boot::foreign_layout_files_are_never_rewritten
        PASS [   0.764s] (3549/4413) trawl-server::field_catalog boot::mixed_case_columns_fold_to_one_pin_and_are_renamed
        PASS [   0.764s] (3550/4413) trawl-server::field_catalog boot::scheduled_dir_is_never_scanned
        PASS [   1.188s] (3551/4413) trawl-server::field_catalog boot::server_boot_runs_the_conformance_pass
        PASS [   0.026s] (3552/4413) trawl-server::field_catalog common::publish_dir_once_has_one_winner_under_thread_contention
        PASS [   0.011s] (3553/4413) trawl-server::field_catalog common::sweep_guards_parse_own_database_name
        PASS [   1.255s] (3554/4413) trawl-server::field_catalog case_variant_field_names_fold_to_one_column_across_services
        PASS [   1.302s] (3555/4413) trawl-server::field_catalog cold_cold_conflict_returns_full_history_with_attribution
        PASS [   0.889s] (3556/4413) trawl-server::field_catalog field_services_is_ever_observed
        PASS [   0.812s] (3557/4413) trawl-server::field_catalog nested_object_keeps_batchmates_and_stays_reachable
        PASS [   0.926s] (3558/4413) trawl-server::field_catalog hot_conflicting_event_is_nulled_and_cold_history_survives
        PASS [   0.893s] (3559/4413) trawl-server::field_catalog sse_stream_applies_varchar_pin
        PASS [   1.156s] (3560/4413) trawl-server::field_catalog pin_write_failure_retains_wal_and_writes_nothing
        PASS [   1.208s] (3561/4413) trawl-server::field_catalog pinned_varchar_comparisons_behave_over_http
        PASS [   0.024s] (3562/4413) trawl-server::gc_pins common::publish_dir_once_has_one_winner_under_thread_contention
        PASS [   0.010s] (3563/4413) trawl-server::gc_pins common::sweep_guards_parse_own_database_name
        PASS [   3.716s] (3564/4413) trawl-server::field_catalog boot::unreadable_files_are_skipped_not_boot_fatal
        PASS [   3.722s] (3565/4413) trawl-server::field_catalog boot::second_boot_is_a_noop
        PASS [   3.717s] (3566/4413) trawl-server::field_catalog boot::unparseable_standing_time_conforms_to_the_partition_instant
        PASS [   3.717s] (3567/4413) trawl-server::field_catalog boot::unreadable_directories_are_skipped_not_boot_fatal
        PASS [   1.468s] (3568/4413) trawl-server::gc_pins a_repin_in_flight_refuses_gc_four_ways
        PASS [   1.404s] (3569/4413) trawl-server::gc_pins a_second_concurrent_gc_run_is_refused_immediately
        PASS [   1.614s] (3570/4413) trawl-server::gc_pins gc_being_wrong_costs_only_a_clean_repin
        PASS [   1.452s] (3571/4413) trawl-server::gc_pins gc_floors_a_short_request_at_the_retention_window
        PASS [   1.461s] (3572/4413) trawl-server::gc_pins gc_deletes_only_pins_with_no_observation_and_no_carrier
        PASS [   1.555s] (3573/4413) trawl-server::gc_pins gc_floors_at_the_longest_age_any_env_keeps
        PASS [   1.603s] (3574/4413) trawl-server::gc_pins gc_dry_run_mutates_nothing_and_execution_audits_every_deleted_pin
        PASS [   1.562s] (3575/4413) trawl-server::gc_pins gc_pins_route_reports_the_window_the_server_decided
        PASS [   1.474s] (3576/4413) trawl-server::gc_pins gc_pins_route_surfaces_a_refusal_as_a_409
        PASS [   1.511s] (3577/4413) trawl-server::gc_pins gc_reads_an_empty_parquet_as_a_carrier
        PASS [   1.402s] (3578/4413) trawl-server::gc_pins gc_refuses_a_data_root_that_is_not_there
        PASS [   1.301s] (3579/4413) trawl-server::gc_pins gc_refuses_the_whole_run_on_a_symlink_under_a_live_env
        PASS [   0.039s] (3580/4413) trawl-server::hot_query hot_buffer_and_parquet_produce_no_duplicates
        PASS [   0.040s] (3581/4413) trawl-server::hot_query hot_buffer_makes_events_immediately_queryable
        PASS [   0.057s] (3582/4413) trawl-server::hot_query pinned_where_let_hot_cold_and_stream_agree
        PASS [   1.498s] (3583/4413) trawl-server::gc_pins gc_refuses_a_parquet_that_is_not_a_regular_file
        PASS [   1.356s] (3584/4413) trawl-server::gc_pins gc_refuses_the_whole_run_on_an_unreadable_parquet
        PASS [   0.041s] (3585/4413) trawl-server::hot_query query_works_without_hot_buffer
        PASS [   0.037s] (3586/4413) trawl-server::hot_query service_scoped_query_without_hot_buffer_survives_sibling_service_hours
        PASS [   0.296s] (3587/4413) trawl-server::hot_query severity_pin_agrees_hot_cold_and_stream
        PASS [   1.101s] (3588/4413) trawl-server::gc_pins gc_retains_a_pin_observed_inside_the_window
        PASS [   1.264s] (3589/4413) trawl-server::gc_pins gc_waits_for_the_compaction_batch_and_sees_what_it_published
        PASS [   1.339s] (3590/4413) trawl-server::gc_pins the_report_names_only_the_pins_the_purge_returned
        PASS [   1.135s] (3591/4413) trawl-server::http_api a_failed_from_saved_resolution_finishes_its_tracking
        PASS [   1.191s] (3592/4413) trawl-server::http_api adding_a_time_clause_to_a_windowed_saved_query_is_refused
        PASS [   0.972s] (3593/4413) trawl-server::http_api an_invalid_timezone_leaves_no_active_entry
        PASS [   0.967s] (3594/4413) trawl-server::http_api cancel_query_by_admin
        PASS [   0.030s] (3595/4413) trawl-server::http_api common::publish_dir_once_has_one_winner_under_thread_contention
        PASS [   0.015s] (3596/4413) trawl-server::http_api common::sweep_guards_parse_own_database_name
        PASS [   1.119s] (3597/4413) trawl-server::http_api cancel_query_by_analyst_for_nonexistent
        PASS [   0.990s] (3598/4413) trawl-server::http_api cancel_query_nonexistent_returns_false
        PASS [   1.084s] (3599/4413) trawl-server::http_api cancel_query_rejects_ingest_role
        PASS [   1.451s] (3600/4413) trawl-server::http_api covered_through_is_reported_only_while_the_schedule_tiles
        PASS [   1.154s] (3601/4413) trawl-server::http_api dashboard_becomes_available_once_collector_ticks
        PASS [   1.415s] (3602/4413) trawl-server::http_api dashboard_rejects_analyst
        PASS [   1.331s] (3603/4413) trawl-server::http_api dashboard_stream_emits_stats_event
        PASS [   1.287s] (3604/4413) trawl-server::http_api dashboard_stream_rejects_analyst
        PASS [   1.159s] (3605/4413) trawl-server::http_api export_rejects_reader
        PASS [   1.293s] (3606/4413) trawl-server::http_api field_values_endpoint
        PASS [   1.363s] (3607/4413) trawl-server::http_api field_values_cached
        PASS [   4.213s] (3608/4413) trawl-server::http_api cancel_query_isolated_by_key_id_not_name
        PASS [   5.800s] (3609/4413) trawl-server::hot_query hot_conflict_after_pin_seeding_keeps_all_cold_rows
        PASS [   5.786s] (3610/4413) trawl-server::hot_query syslog_mixed_case_sd_param_lands_folded_and_pins_folded
        PASS [   1.390s] (3611/4413) trawl-server::http_api field_values_invalid_field_name
        PASS [   1.980s] (3612/4413) trawl-server::http_api from_saved_latest_answers_a_zero_row_run_not_an_older_one
        PASS [   1.674s] (3613/4413) trawl-server::http_api from_saved_source_is_refused_a_window
        PASS [   1.568s] (3614/4413) trawl-server::http_api health_returns_ok
        PASS [   1.854s] (3615/4413) trawl-server::http_api gc_pins_permission_matrix
        PASS [   1.406s] (3616/4413) trawl-server::http_api ingest_accepts_ndjson
        PASS [   1.554s] (3617/4413) trawl-server::http_api ingest_all_rejected_per_event
        PASS [   2.002s] (3618/4413) trawl-server::http_api ingest_ceiling_does_not_apply_to_keys_without_ingest_permission
        PASS [   1.416s] (3619/4413) trawl-server::http_api ingest_partial_success
        PASS [   1.624s] (3620/4413) trawl-server::http_api ingest_rejects_missing_auth
        PASS [   1.727s] (3621/4413) trawl-server::http_api ingest_rejects_analyst_role
        PASS [   1.788s] (3622/4413) trawl-server::http_api ingest_repairs_exposed_on_metrics
        PASS [   1.596s] (3623/4413) trawl-server::http_api ingest_unlisted_env_rejected_per_event
        PASS [   2.282s] (3624/4413) trawl-server::http_api ingest_rpm_is_independent_of_the_interactive_ceiling
        PASS [   1.650s] (3625/4413) trawl-server::http_api list_all_runs_paginated
        PASS [   1.947s] (3626/4413) trawl-server::http_api manual_run_of_a_coverage_mode_schedule_is_409
        PASS [   1.623s] (3627/4413) trawl-server::http_api put_schedule_honours_enabled_on_create
        PASS [   1.927s] (3628/4413) trawl-server::http_api producer_is_stamped_stored_and_queryable_per_door
        PASS [   1.652s] (3629/4413) trawl-server::http_api queries_accessible_by_analyst_and_reader
        PASS [   2.067s] (3630/4413) trawl-server::http_api manual_run_of_a_query_mode_schedule_still_starts
        PASS [   1.438s] (3631/4413) trawl-server::http_api queries_rejects_ingest_role
        PASS [   1.558s] (3632/4413) trawl-server::http_api queries_own_flag_uses_verified_reader_and_preserves_permission_gate
        PASS [   1.297s] (3633/4413) trawl-server::http_api queries_shows_history
        PASS [   1.459s] (3634/4413) trawl-server::http_api query_pagination_limit_offset
        PASS [   1.675s] (3635/4413) trawl-server::http_api query_export_and_stream_telemetry_carry_no_user_content
        PASS [   1.722s] (3636/4413) trawl-server::http_api query_pagination_defaults
        PASS [   1.912s] (3637/4413) trawl-server::http_api query_pagination_offset_beyond_results
        PASS [   1.595s] (3638/4413) trawl-server::http_api query_rejects_bad_dsl
        PASS [   1.433s] (3639/4413) trawl-server::http_api query_rejects_invalid_token
        PASS [   1.701s] (3640/4413) trawl-server::http_api query_pagination_page_past_max_rows_is_bad_request
        PASS [   1.264s] (3641/4413) trawl-server::http_api query_rejects_missing_auth
        PASS [   1.423s] (3642/4413) trawl-server::http_api query_returns_results
        PASS [   1.347s] (3643/4413) trawl-server::http_api query_with_filter
        PASS [   1.709s] (3644/4413) trawl-server::http_api reader_can_query_and_view_history
        PASS [   1.827s] (3645/4413) trawl-server::http_api query_with_stats_pipeline
        PASS [   1.752s] (3646/4413) trawl-server::http_api rate_limit_returns_429
        PASS [   1.984s] (3647/4413) trawl-server::http_api rate_limit_isolates_keys_with_same_role
        PASS [   1.663s] (3648/4413) trawl-server::http_api rename_saved_query
        PASS [   1.629s] (3649/4413) trawl-server::http_api rename_to_duplicate_fails
        PASS [   1.665s] (3650/4413) trawl-server::http_api repin_cancel_is_schema_write_gated_and_answers_when_idle
        PASS [   1.957s] (3651/4413) trawl-server::http_api response_includes_ulid_request_id
        PASS [   2.029s] (3652/4413) trawl-server::http_api repin_validation_refusals_are_side_effect_free
        PASS [   2.107s] (3653/4413) trawl-server::http_api repin_permission_matrix
        PASS [   1.704s] (3654/4413) trawl-server::http_api runs_stats_rejects_reader
        PASS [   1.775s] (3655/4413) trawl-server::http_api runs_stats_empty
        PASS [  42.363s] (3656/4413) trawl-server::auth_pg ac1_key_roundtrip_create_whoami_revoke_401
        PASS [   2.135s] (3657/4413) trawl-server::http_api run_listing_carries_window_and_truncated_flag
        PASS [   1.536s] (3658/4413) trawl-server::http_api saved_queries_reject_reader
        PASS [   1.026s] (3659/4413) trawl-server::http_api schema_caching_works
        PASS [   0.013s] (3660/4413) trawl-server::http_api sse_payloads_ignores_a_half_arrived_frame
        PASS [   1.710s] (3661/4413) trawl-server::http_api schedule_window_on_a_query_with_a_time_clause_is_refused_naming_both
        PASS [   1.134s] (3662/4413) trawl-server::http_api shutdown_set_before_boot_stops_the_accept_loop
        PASS [   1.878s] (3663/4413) trawl-server::http_api schedule_response_carries_window_fields
        PASS [   1.302s] (3664/4413) trawl-server::http_api schema_columns_come_from_the_catalog_not_describe
        PASS [   1.196s] (3665/4413) trawl-server::http_api schema_returns_columns
        PASS [   3.930s] (3666/4413) trawl-server::http_api retained_work_is_listed_once_and_carries_its_display_metadata
        PASS [   1.871s] (3667/4413) trawl-server::http_api stats_endpoint_admin_only
        PASS [   2.191s] (3668/4413) trawl-server::http_api sse_freezes_now_per_event_and_per_snapshot
        PASS [   1.953s] (3669/4413) trawl-server::http_api stats_endpoint_analyst_forbidden
        PASS [   2.027s] (3670/4413) trawl-server::http_api trigger_run_rejects_reader
        PASS [   2.110s] (3671/4413) trawl-server::http_api trigger_run_requires_schedule
        PASS [   2.375s] (3672/4413) trawl-server::http_api trigger_run_rejects_when_max_runs_reached
        PASS [   2.763s] (3673/4413) trawl-server::http_api trigger_run_starts_execution
        PASS [   3.199s] (3674/4413) trawl-server::http_api trigger_run_rejects_when_already_running
        PASS [   3.056s] (3675/4413) trawl-server::http_api unmapped_severity_exposed_on_metrics
        PASS [   2.935s] (3676/4413) trawl-server::http_api validate_query_unknown_function
        PASS [   2.775s] (3677/4413) trawl-server::http_api validate_query_valid
        PASS [   2.710s] (3678/4413) trawl-server::http_api validate_rejects_reader
        PASS [   0.071s] (3679/4413) trawl-server::ingest_publication cancelled_syslog_caller_keeps_wal_and_hot_insert_together
        PASS [   3.178s] (3680/4413) trawl-server::http_api validate_query_syntax_error
        PASS [   0.048s] (3681/4413) trawl-server::ingest_publication common::publish_dir_once_has_one_winner_under_thread_contention
        PASS [   2.039s] (3682/4413) trawl-server::http_api whoami_admin_has_server_manage
        PASS [   0.030s] (3683/4413) trawl-server::ingest_publication pending_rollup_does_not_reject_ingest
        PASS [   0.043s] (3684/4413) trawl-server::ingest_publication common::sweep_guards_parse_own_database_name
        PASS [   0.011s] (3685/4413) trawl-server::no_exec_after_seal the_scan_sees_the_calls_it_is_looking_for
        PASS [   0.107s] (3686/4413) trawl-server::no_exec_after_seal the_daemon_execs_nothing
        PASS [   1.979s] (3687/4413) trawl-server::http_api whoami_no_trawl_grant_is_403
        PASS [   3.594s] (3688/4413) trawl-server::http_api vector_shaped_ingest_is_queryable
        PASS [   1.051s] (3689/4413) trawl-server::ingest_publication waiting_http_ingest_leaves_blocking_pool_available
        PASS [   1.272s] (3690/4413) trawl-server::ingest_publication cancelled_http_handler_keeps_wal_and_hot_insert_together
        PASS [   1.278s] (3691/4413) trawl-server::http_api whoami_rejects_missing_auth
        PASS [   1.403s] (3692/4413) trawl-server::http_api whoami_reader_lacks_server_manage
        PASS [   0.060s] (3693/4413) trawl-server::publication_consistency query_only_pool_refuses_incomplete_rollup_after_restart
        PASS [   0.257s] (3694/4413) trawl-server::publication_consistency queries_and_exports_wait_for_publish_and_drain
        PASS [   0.566s] (3695/4413) trawl-server::publication_consistency query_timeout_keeps_publication_guard_until_duckdb_task_finishes
        PASS [   1.078s] (3696/4413) trawl-server::publication_consistency aborting_request_keeps_running_reader_protected
        PASS [   2.228s] (3697/4413) trawl-server::profile_fuzz the_http_profile_survives_a_hostile_corpus
        PASS [   2.524s] (3698/4413) trawl-server::profile_fuzz the_syslog_profile_survives_hostile_frames_and_payloads
        PASS [   2.570s] (3699/4413) trawl-server::profile_fuzz the_trawld_profile_never_rejects_a_hostile_payload
        PASS [   1.997s] (3700/4413) trawl-server::repin a_cancel_past_the_point_of_no_return_is_refused_and_the_job_completes
        PASS [   2.498s] (3701/4413) trawl-server::repin a_cancel_after_the_force_refusal_settled_finds_nothing_to_stop
        PASS [   1.591s] (3702/4413) trawl-server::repin a_ceiling_below_the_corpus_refuses_naming_accepted_and_actual
        PASS [   1.438s] (3703/4413) trawl-server::repin a_crash_between_a_cancel_request_and_its_effect_recovers_as_failed
        PASS [   2.466s] (3704/4413) trawl-server::repin a_cancel_pending_at_the_force_refusal_takes_the_verdict
        PASS [   1.892s] (3705/4413) trawl-server::repin a_cutover_retypes_the_schema_endpoint_immediately
        PASS [   4.029s] (3706/4413) trawl-server::repin a_cancel_during_the_scan_stops_before_any_plan_is_published
        PASS [   1.696s] (3707/4413) trawl-server::repin a_forced_repin_proceeds_at_exactly_the_ceiling_it_accepted
        PASS [   0.971s] (3708/4413) trawl-server::repin an_explicit_zero_ceiling_refuses_before_anything_is_staged
        PASS [   3.770s] (3709/4413) trawl-server::repin a_catch_up_pass_rides_the_jobs_dialect_while_live_ingest_stays_otel
        PASS [   2.797s] (3710/4413) trawl-server::repin a_disconnected_caller_does_not_strand_the_running_slot
        PASS [   2.400s] (3711/4413) trawl-server::repin a_syslog_repin_inverts_the_ladder_and_persists_the_assertion
        PASS [   1.382s] (3712/4413) trawl-server::repin boolean_force_resolves_the_ceiling_from_the_scan
        PASS [   0.092s] (3713/4413) trawl-server::repin common::publish_dir_once_has_one_winner_under_thread_contention
        PASS [   0.051s] (3714/4413) trawl-server::repin common::sweep_guards_parse_own_database_name
        PASS [   1.469s] (3715/4413) trawl-server::repin boot_reconciliation_materialises_the_staged_evidence
        PASS [   1.543s] (3716/4413) trawl-server::repin boot_reconciliation_completes_a_recovered_cutover
        PASS [   3.022s] (3717/4413) trawl-server::repin a_mid_build_cancel_leaves_the_corpus_and_the_staging_untouched
        PASS [   1.646s] (3718/4413) trawl-server::repin boot_reconciliation_replays_a_severity_cutover
        PASS [   1.516s] (3719/4413) trawl-server::repin cancelling_repin_during_rollup_admission_terminalizes_the_job
        PASS [   1.952s] (3720/4413) trawl-server::repin cancel_audit_events_name_the_actor_the_stage_and_the_refusal
        PASS [   4.628s] (3721/4413) trawl-server::repin a_dry_run_reports_the_force_verdict_it_would_hit
        PASS [   1.684s] (3722/4413) trawl-server::repin lossy_repin_refuses_without_force_and_accounts_with_it
        PASS [   1.745s] (3723/4413) trawl-server::repin ingest_queries_and_a_second_repin_ride_through_a_slow_rewrite
        PASS [   1.282s] (3724/4413) trawl-server::repin pending_rollup_blocks_repin_before_scan_and_preserves_recovery
        PASS [   1.403s] (3725/4413) trawl-server::repin repin_is_invisible_to_queries_and_resurrects_shelved_values
        PASS [   0.861s] (3726/4413) trawl-server::repin resurrection_only_pass_recovers_without_retyping
        PASS [   1.969s] (3727/4413) trawl-server::repin post_repin_severity_binds_in_every_lane_including_live_ingest
        PASS [   1.134s] (3728/4413) trawl-server::repin stated_ceilings_travel_over_the_wire_and_the_accepted_pair_returns
        PASS [   4.435s] (3729/4413) trawl-server::repin events_ingested_during_the_final_pause_stay_visible_exactly_once
        PASS [   2.410s] (3730/4413) trawl-server::repin repin_to_severity_dry_run_matches_the_executed_rewrite
        PASS [   0.570s] (3731/4413) trawl-server::scheduler_windows a_failed_run_holds_the_watermark_and_the_next_success_covers_both_intervals
        PASS [   1.621s] (3732/4413) trawl-server::repin the_repin_audit_records_forced_cutovers_and_recovered_ack_clears
        PASS [   2.624s] (3733/4413) trawl-server::repin resurrection_recovers_a_shelved_token_under_a_case_variant_key
        PASS [   4.452s] (3734/4413) trawl-server::repin mid_build_growth_past_the_default_ceiling_refuses_the_cutover
        PASS [   0.048s] (3735/4413) trawl-server::scheduler_windows common::publish_dir_once_has_one_winner_under_thread_contention
        PASS [   0.040s] (3736/4413) trawl-server::scheduler_windows common::sweep_guards_parse_own_database_name
        PASS [   1.283s] (3737/4413) trawl-server::scheduler_windows a_materialize_failure_is_loud_and_leaves_the_cursor
        PASS [   5.375s] (3738/4413) trawl-server::repin late_arriving_loss_refuses_the_cutover_without_force
        PASS [   1.663s] (3739/4413) trawl-server::scheduler_windows a_thirty_interval_gap_coalesces_into_one_clamped_run
        PASS [   1.548s] (3740/4413) trawl-server::scheduler_windows a_zero_row_run_records_its_window_and_is_the_latest_success
        PASS [   1.879s] (3741/4413) trawl-server::scheduler_windows a_windowed_run_query_reexecutes_standalone_with_identical_bounds
        PASS [   1.605s] (3742/4413) trawl-server::scheduler_windows first_failed_since_last_run_is_healed_by_next_success
        PASS [   2.699s] (3743/4413) trawl-server::scheduler_windows a_scheduled_run_refused_for_capacity_fails_only_that_attempt
        PASS [   1.667s] (3744/4413) trawl-server::scheduler_windows fixed_windows_trail_each_planned_fire_and_never_catch_up
        PASS [   1.774s] (3745/4413) trawl-server::scheduler_windows query_mode_schedules_fire_on_planned_boundaries_with_no_window
        PASS [   2.026s] (3746/4413) trawl-server::scheduler_windows since_last_fires_tile_and_a_boundary_event_lands_once
        PASS [   8.566s] (3747/4413) trawl-server::repin the_force_verdict_is_absent_until_the_scan_has_a_plan
        PASS [  19.076s] (3748/4413) trawl-server::schema_pg cases::admission_observes_state_created_while_waiting_for_the_lock
        PASS [  17.545s] (3749/4413) trawl-server::schema_pg cases::untracked_objects_are_refused_without_creating_history
        PASS [  19.027s] (3750/4413) trawl-server::schema_pg cases::cancelled_lock_wait_does_not_recycle_a_locked_connection
        PASS [  18.660s] (3751/4413) trawl-server::schema_pg cases::fresh_restart_preserves_history_and_forward_migrations_work
        PASS [  14.299s] (3752/4413) trawl-server::schema_pg failed_boot_retains_old_data_and_releases_the_sole_writer_lock
        PASS [  18.323s] (3753/4413) trawl-server::schema_pg cases::old_histories_are_refused_without_changes_and_release_locks
        PASS [  18.493s] (3754/4413) trawl-server::schema_pg cases::initial_schema_matches_final_old_catalog
        PASS [  18.918s] (3755/4413) trawl-server::schema_pg cases::current_checksums_dirty_and_unknown_versions_stay_distinct
        PASS [   5.477s] (3756/4413) trawl-server::startup_pg admitted_lock_and_fatal_watcher_cover_store_reconciliation
        PASS [   0.025s] (3757/4413) trawl-server::startup_pg common::publish_dir_once_has_one_winner_under_thread_contention
        PASS [   0.012s] (3758/4413) trawl-server::startup_pg common::sweep_guards_parse_own_database_name
        PASS [   0.322s] (3759/4413) trawl-server::startup_pg competing_writer_refuses_before_filesystem_recovery
        PASS [   0.437s] (3760/4413) trawl-server::startup_pg database_refusal_does_not_initialize_fresh_root
        PASS [   0.332s] (3761/4413) trawl-server::startup_pg epoch_refusal_preserves_storage_and_releases_admitted_lock
        PASS [   0.711s] (3762/4413) trawl-server::startup_pg fresh_boot_restart_and_interrupted_current_cutover
        PASS [   0.338s] (3763/4413) trawl-server::startup_pg old_fleet_refuses_before_cutover
        PASS [   0.463s] (3764/4413) trawl-server::startup_pg old_trawl_refuses_before_cutover
        PASS [   0.363s] (3765/4413) trawl-server::startup_pg untracked_fleet_refuses_before_cutover
        PASS [   0.294s] (3766/4413) trawl-server::startup_pg untracked_trawl_refuses_before_cutover
        PASS [   0.295s] (3767/4413) trawl-server::store_pg boot_lock_session_does_not_hold_a_pool_slot
        PASS [   0.298s] (3768/4413) trawl-server::store_pg boot_migrates_fresh_database
        PASS [   0.316s] (3769/4413) trawl-server::store_pg boot_second_live_instance_fails_on_advisory_lock
        PASS [   0.330s] (3770/4413) trawl-server::store_pg boot_is_idempotent_after_shutdown
        PASS [  10.011s] (3771/4413) trawl-server::store_pg boot_unreachable_database_fails_descriptively
        PASS [  10.346s] (3772/4413) trawl-server::store_pg catalog::baseline_restart_preserves_catalog_state_and_sender_pins
        PASS [  10.406s] (3773/4413) trawl-server::store_pg catalog::catalog_id_is_stable_and_conformance_flips_once
        PASS [  10.372s] (3774/4413) trawl-server::store_pg catalog::conflict_samples_round_trip_per_row
        PASS [   0.690s] (3775/4413) trawl-server::store_pg catalog::conflict_stats_aggregate_duplicate_pairs_within_one_call
        PASS [  10.403s] (3776/4413) trawl-server::store_pg catalog::conflict_evidence_and_stats_commit_together
        PASS [  10.385s] (3777/4413) trawl-server::store_pg catalog::conflict_evidence_is_bounded_per_field
        PASS [  10.702s] (3778/4413) trawl-server::store_pg cascade_on_saved_query_delete
        PASS [  10.702s] (3779/4413) trawl-server::store_pg catalog::a_concurrent_purge_and_claim_never_both_win
        PASS [   2.051s] (3780/4413) trawl-server::store_pg catalog::delete_pins_refuses_a_contract_typed_name
        PASS [   2.242s] (3781/4413) trawl-server::store_pg catalog::delete_pins_never_touches_repin_history
        PASS [   2.247s] (3782/4413) trawl-server::store_pg catalog::delete_pins_leaves_no_residue_and_a_clean_repin_follows
        PASS [   2.602s] (3783/4413) trawl-server::store_pg catalog::conflict_stats_outlive_the_recency_trim
        PASS [   2.248s] (3784/4413) trawl-server::store_pg catalog::degraded_snapshot_reads_survive_a_concurrent_evidence_clear
        PASS [   2.252s] (3785/4413) trawl-server::store_pg catalog::conflicts_keep_only_the_newest_rows_per_field
        PASS [   2.252s] (3786/4413) trawl-server::store_pg catalog::conflicts_append_and_never_aggregate
        PASS [   0.855s] (3787/4413) trawl-server::store_pg catalog::delete_pins_refuses_in_the_transaction_while_a_repin_runs
        PASS [   0.807s] (3788/4413) trawl-server::store_pg catalog::gc_candidates_are_the_complement_of_the_schema_window
        PASS [   0.807s] (3789/4413) trawl-server::store_pg catalog::list_fields_conflict_evidence_is_page_scoped
        PASS [   0.813s] (3790/4413) trawl-server::store_pg catalog::field_services_pages_a_large_history_without_gaps
        PASS [   0.808s] (3791/4413) trawl-server::store_pg catalog::list_fields_aggregates_observations_and_conflicts
        PASS [   0.813s] (3792/4413) trawl-server::store_pg catalog::field_services_cursor_breaks_last_seen_ties
        PASS [   0.817s] (3793/4413) trawl-server::store_pg catalog::delete_pins_returns_the_deleted_metadata_and_the_fill_count
        PASS [   0.418s] (3794/4413) trawl-server::store_pg catalog::list_fields_service_filter_scopes_the_aggregates
        PASS [   0.653s] (3795/4413) trawl-server::store_pg catalog::list_fields_truncates_at_limit
        PASS [   0.661s] (3796/4413) trawl-server::store_pg catalog::migration_seed_matches_envelope_types
        PASS [   0.796s] (3797/4413) trawl-server::store_pg catalog::list_fields_without_conflicts_reads_zeroes
        PASS [   0.804s] (3798/4413) trawl-server::store_pg catalog::list_fields_service_filter_via_observations
        PASS [   0.799s] (3799/4413) trawl-server::store_pg catalog::never_observed_pin_diverges_from_the_listing_rule
        PASS [   0.800s] (3800/4413) trawl-server::store_pg catalog::list_fields_windows_on_last_seen_keeping_never_observed
        PASS [   0.536s] (3801/4413) trawl-server::store_pg catalog::one_batch_cannot_consume_the_catalog_but_the_boot_seed_can
        PASS [   0.556s] (3802/4413) trawl-server::store_pg catalog::pin_missing_is_first_writer_wins
        PASS [   0.531s] (3803/4413) trawl-server::store_pg catalog::pin_missing_skips_unstorable_names_instead_of_failing
        PASS [   0.535s] (3804/4413) trawl-server::store_pg catalog::pin_missing_race_converges_on_one_pin
        PASS [   0.531s] (3805/4413) trawl-server::store_pg catalog::recording_an_episode_never_moves_first_at_forward
        PASS [   0.677s] (3806/4413) trawl-server::store_pg catalog::pin_missing_caps_catalog_cardinality
        PASS [   0.535s] (3807/4413) trawl-server::store_pg catalog::pin_stats_reports_fill_against_cap
        PASS [   0.535s] (3808/4413) trawl-server::store_pg catalog::recent_conflicts_filters_orders_and_windows
        PASS [   0.683s] (3809/4413) trawl-server::store_pg catalog::the_epoch_cutoff_binds_and_leaves_only_never_observed_pins
        PASS [   0.700s] (3810/4413) trawl-server::store_pg claim_due_run_is_not_due_before_the_cursor
        PASS [   0.709s] (3811/4413) trawl-server::store_pg catalog::touch_services_is_ever_observed_no_eviction
        PASS [   0.709s] (3812/4413) trawl-server::store_pg claim_due_run_advances_over_ground_the_watermark_covers
        PASS [   0.709s] (3813/4413) trawl-server::store_pg catalog::touch_services_skips_unstorable_names_instead_of_failing
        PASS [   0.709s] (3814/4413) trawl-server::store_pg catalog::touch_services_advances_only_last_seen
        PASS [   0.705s] (3815/4413) trawl-server::store_pg claim_due_run_is_not_due_when_disabled_or_deleted
        PASS [   0.379s] (3816/4413) trawl-server::store_pg claim_due_run_leaves_the_cursor_at_the_max_runs_cap
        PASS [   0.019s] (3817/4413) trawl-server::store_pg common::publish_dir_once_has_one_winner_under_thread_contention
        PASS [   0.005s] (3818/4413) trawl-server::store_pg common::sweep_guards_parse_own_database_name
        PASS [   0.676s] (3819/4413) trawl-server::store_pg claim_due_run_refuses_a_query_that_owns_its_own_window
        PASS [   0.809s] (3820/4413) trawl-server::store_pg claim_run_locks_saved_query_before_schedule
        PASS [   0.813s] (3821/4413) trawl-server::store_pg claimed_run_round_trips_its_window
        PASS [   0.813s] (3822/4413) trawl-server::store_pg claim_due_run_stores_the_resolved_query_it_returns
        PASS [   5.913s] (3823/4413) trawl-server::store_pg catalog::delete_pins_gives_up_on_a_held_row_lock_instead_of_waiting
        PASS [   0.813s] (3824/4413) trawl-server::store_pg cleanup_stale_runs_marks_error
        PASS [   0.818s] (3825/4413) trawl-server::store_pg claim_due_run_leaves_the_cursor_while_a_run_is_in_flight
        PASS [   0.550s] (3826/4413) trawl-server::store_pg concurrent_claims_respect_max_runs
        PASS [   0.883s] (3827/4413) trawl-server::store_pg concurrent_start_run_yields_exactly_one_claim
        PASS [   0.896s] (3828/4413) trawl-server::store_pg degraded_ack::clearing_an_ack_reports_whether_a_row_went
        PASS [   0.901s] (3829/4413) trawl-server::store_pg degraded_ack::both_aggregate_forms_report_the_same_acked_through
        PASS [   0.900s] (3830/4413) trawl-server::store_pg degraded_ack::field_health_snapshot_carries_the_verdict_and_its_ack_together
        PASS [   0.905s] (3831/4413) trawl-server::store_pg degraded_ack::a_stale_ack_leaves_the_higher_water_marks_attribution_alone
        PASS [   0.901s] (3832/4413) trawl-server::store_pg degraded_ack::deleting_the_pin_cascades_the_ack_away
        PASS [   0.901s] (3833/4413) trawl-server::store_pg degraded_ack::ack_upsert_advances_the_high_water_and_replaces_note_and_actor
        PASS [   0.901s] (3834/4413) trawl-server::store_pg degraded_ack::ack_refuses_below_the_degraded_threshold
        PASS [   1.203s] (3835/4413) trawl-server::store_pg degraded_ack::the_note_cap_is_enforced_in_bytes
        PASS [   1.197s] (3836/4413) trawl-server::store_pg fail_run_if_running_is_a_guarded_transition
        PASS [   1.197s] (3837/4413) trawl-server::store_pg finish_and_window_mode_edit_are_order_independent
        PASS [   1.197s] (3838/4413) trawl-server::store_pg delete_saved_racing_since_last_finish_never_orphans_path
        PASS [   1.201s] (3839/4413) trawl-server::store_pg delete_old_runs_retention_and_paths
        PASS [   1.201s] (3840/4413) trawl-server::store_pg finish_run_after_cascade_delete_reports_orphan
        PASS [   1.202s] (3841/4413) trawl-server::store_pg delete_schedule_racing_finish_run_never_orphans_path
        PASS [   1.202s] (3842/4413) trawl-server::store_pg delete_racing_finish_run_never_orphans_path
        PASS [   0.807s] (3843/4413) trawl-server::store_pg fixed_and_legacy_schedules_keep_no_watermark
        PASS [   0.812s] (3844/4413) trawl-server::store_pg history_clear_is_scoped_counted_and_preserves_saved
        PASS [   0.812s] (3845/4413) trawl-server::store_pg history_empty
        PASS [   0.812s] (3846/4413) trawl-server::store_pg history_pagination
        PASS [   0.808s] (3847/4413) trawl-server::store_pg history_user_isolation
        PASS [   0.812s] (3848/4413) trawl-server::store_pg history_record_and_retrieve
        PASS [   0.817s] (3849/4413) trawl-server::store_pg history_pagination_tie_breaks_on_id
        PASS [   0.812s] (3850/4413) trawl-server::store_pg history_status_check_is_backstop
        PASS [   0.403s] (3851/4413) trawl-server::store_pg initial_schema_refuses_absurd_intervals
        PASS [   1.984s] (3852/4413) trawl-server::store_pg list_enabled_schedules_filters_disabled
        PASS [   1.876s] (3853/4413) trawl-server::store_pg repin_store::a_failed_job_may_carry_cancel_request_fields
        PASS [   2.129s] (3854/4413) trawl-server::store_pg list_runs_paginated_and_isolated
        PASS [   2.124s] (3855/4413) trawl-server::store_pg repin_store::a_cancelled_job_keeps_its_request_fields
        PASS [   2.129s] (3856/4413) trawl-server::store_pg latest_run_returns_newest
        PASS [   2.129s] (3857/4413) trawl-server::store_pg list_all_runs_paginated_and_isolated
        PASS [   2.124s] (3858/4413) trawl-server::store_pg manual_claim_and_schedule_write_do_not_deadlock
        PASS [   0.354s] (3859/4413) trawl-server::store_pg repin_store::a_forced_plan_without_recorded_bounds_is_rejected
        PASS [   0.599s] (3860/4413) trawl-server::store_pg repin_store::clear_conformed_rearms_the_boot_pass
        PASS [   0.427s] (3861/4413) trawl-server::store_pg repin_store::concurrent_claims_admit_exactly_one
        PASS [   0.640s] (3862/4413) trawl-server::store_pg repin_store::a_severity_repin_stores_its_asserted_dialect
        PASS [   0.640s] (3863/4413) trawl-server::store_pg repin_store::cancelled_without_a_request_is_refused
        PASS [   0.640s] (3864/4413) trawl-server::store_pg repin_store::a_terminal_write_can_persist_the_counts_behind_its_verdict
        PASS [   0.640s] (3865/4413) trawl-server::store_pg repin_store::claim_refuses_when_the_from_pin_vanished
        PASS [   0.644s] (3866/4413) trawl-server::store_pg repin_store::a_second_cancel_request_preserves_the_first
        PASS [   0.420s] (3867/4413) trawl-server::store_pg repin_store::finish_cutover_flips_pin_and_job_transactionally_and_idempotently
        PASS [   0.455s] (3868/4413) trawl-server::store_pg repin_store::finish_cutover_completes_forward_when_nothing_was_staged
        PASS [   0.467s] (3869/4413) trawl-server::store_pg repin_store::finish_cutover_records_nothing_for_a_lossless_repin
        PASS [   0.467s] (3870/4413) trawl-server::store_pg repin_store::finish_cutover_refuses_a_flip_the_job_never_claimed
        PASS [   0.471s] (3871/4413) trawl-server::store_pg repin_store::finish_cutover_clears_the_repinned_field_evidence
        PASS [   0.509s] (3872/4413) trawl-server::store_pg repin_store::finish_cutover_clears_the_degraded_ack
        PASS [   0.468s] (3873/4413) trawl-server::store_pg repin_store::finish_cutover_materialises_the_staged_loss
        PASS [   0.509s] (3874/4413) trawl-server::store_pg repin_store::finish_cutover_replay_does_not_double_insert_staged_evidence
        PASS [   0.501s] (3875/4413) trawl-server::store_pg repin_store::force_ceilings_round_trip_through_claim_and_plan
        PASS [   0.518s] (3876/4413) trawl-server::store_pg repin_store::finish_cutover_replay_keeps_evidence_recorded_after_the_flip
        PASS [   0.518s] (3877/4413) trawl-server::store_pg repin_store::force_plan_shape_constraints_preserve_the_unplanned_claim
        PASS [   0.518s] (3878/4413) trawl-server::store_pg repin_store::finish_if_running_never_overwrites_a_terminal_row
        PASS [   0.531s] (3879/4413) trawl-server::store_pg repin_store::finish_cutover_replay_keeps_an_ack_written_after_the_flip
        PASS [   0.518s] (3880/4413) trawl-server::store_pg repin_store::inconsistent_force_rows_fail_to_decode
        PASS [   0.981s] (3881/4413) trawl-server::store_pg repin_store::stage_cutover_input_refuses_a_dry_run
        PASS [   1.024s] (3882/4413) trawl-server::store_pg repin_store::stage_cutover_input_refuses_an_already_terminal_job
        PASS [   1.085s] (3883/4413) trawl-server::store_pg repin_store::plan_progress_and_latest
        PASS [   1.028s] (3884/4413) trawl-server::store_pg repin_store::second_claim_is_repin_already_running
        PASS [   1.045s] (3885/4413) trawl-server::store_pg repin_store::reconcile_orphans_fails_running_rows_except_the_kept_one
        PASS [   1.028s] (3886/4413) trawl-server::store_pg repin_store::stage_cutover_input_is_idempotent
        PASS [   1.028s] (3887/4413) trawl-server::store_pg repin_store::same_type_cutover_waits_on_a_racing_ack
        PASS [   0.490s] (3888/4413) trawl-server::store_pg saved_create_and_list
        PASS [   5.291s] (3889/4413) trawl-server::store_pg lock_loss_is_detected_and_frees_the_lock_for_a_replacement
        PASS [   0.546s] (3890/4413) trawl-server::store_pg saved_delete
        PASS [   0.552s] (3891/4413) trawl-server::store_pg saved_delete_nonexistent_returns_error
        PASS [   0.552s] (3892/4413) trawl-server::store_pg runs_stats_counts_by_status
        PASS [   0.556s] (3893/4413) trawl-server::store_pg repin_store::staged_tallies_are_present_or_absent_together
        PASS [   0.600s] (3894/4413) trawl-server::store_pg repin_store::stage_cutover_input_round_trips_totals_and_tallies
        PASS [   0.552s] (3895/4413) trawl-server::store_pg repin_store::staged_tallies_must_agree_on_cardinality
        PASS [   0.780s] (3896/4413) trawl-server::store_pg saved_delete_other_users_query_returns_error
        PASS [   0.767s] (3897/4413) trawl-server::store_pg saved_rename_to_taken_name_conflicts
        PASS [   0.787s] (3898/4413) trawl-server::store_pg saved_name_validation
        PASS [   0.788s] (3899/4413) trawl-server::store_pg saved_update_nonexistent_returns_error
        PASS [   0.827s] (3900/4413) trawl-server::store_pg saved_duplicate_name_returns_error
        PASS [   0.794s] (3901/4413) trawl-server::store_pg saved_get_by_name
        PASS [   0.788s] (3902/4413) trawl-server::store_pg saved_update
        PASS [   0.788s] (3903/4413) trawl-server::store_pg saved_list_with_details_bulk_join
        PASS [   0.536s] (3904/4413) trawl-server::store_pg saved_update_other_users_query_returns_error
        PASS [   0.514s] (3905/4413) trawl-server::store_pg schedule_delete_other_user_not_found
        PASS [   0.535s] (3906/4413) trawl-server::store_pg saved_user_isolation_and_name_sort
        PASS [   0.555s] (3907/4413) trawl-server::store_pg saved_update_with_rename
        PASS [   0.535s] (3908/4413) trawl-server::store_pg schedule_create_anchors_next_fire_at_to_caller_instant
        PASS [   0.535s] (3909/4413) trawl-server::store_pg schedule_delete
        PASS [   0.535s] (3910/4413) trawl-server::store_pg schedule_create_and_get
        PASS [   0.535s] (3911/4413) trawl-server::store_pg schedule_delete_collects_run_paths
        PASS [   1.004s] (3912/4413) trawl-server::store_pg schedule_duplicate_returns_error
        PASS [   0.980s] (3913/4413) trawl-server::store_pg schedule_lag_without_window_is_refused
        PASS [   1.020s] (3914/4413) trawl-server::store_pg schedule_for_missing_saved_query_is_not_found
        PASS [   1.000s] (3915/4413) trawl-server::store_pg schedule_rejects_sub_minute_interval
        PASS [   1.000s] (3916/4413) trawl-server::store_pg schedule_update_other_user_not_found
        PASS [   1.000s] (3917/4413) trawl-server::store_pg schedule_update_preserves_covered_through
        PASS [   1.000s] (3918/4413) trawl-server::store_pg schedule_update
        PASS [   1.000s] (3919/4413) trawl-server::store_pg schedule_put_and_saved_put_cannot_commit_the_forbidden_pair
        PASS [   0.709s] (3920/4413) trawl-server::store_pg schedule_update_reanchors_only_on_cadence_change
        PASS [   0.689s] (3921/4413) trawl-server::store_pg start_and_finish_run
        PASS [   0.692s] (3922/4413) trawl-server::store_pg schedule_window_round_trips
        PASS [   0.692s] (3923/4413) trawl-server::store_pg since_last_watermark_advances_only_on_success
        PASS [   0.711s] (3924/4413) trawl-server::store_pg schedule_user_isolation
        PASS [   0.692s] (3925/4413) trawl-server::store_pg successful_run_selectors
        PASS [   0.692s] (3926/4413) trawl-server::store_pg since_last_watermark_is_seeded_at_the_origin_of_owed_coverage
        PASS [   0.692s] (3927/4413) trawl-server::store_pg sequential_run_prevention
        PASS [   0.007s] (3928/4413) trawl-server::bin/trawld tests::on_disk_env_dirs_lists_directories_only
        PASS [   0.008s] (3929/4413) trawl-server::bin/trawld tests::prepare_data_root_recovers_current_repin_before_returning
        PASS [   0.003s] (3930/4413) trawl-server::bin/trawld tests::prepare_data_root_refuses_epoch_or_wal_before_repin_cleanup
        PASS [   0.003s] (3931/4413) trawl-server::bin/trawld tests::retention_env_without_dir_flags_the_entry_with_no_directory
        PASS [   0.003s] (3932/4413) trawl-server::bin/trawld tests::retention_env_without_dir_is_silent_when_every_entry_has_one
        PASS [   0.003s] (3933/4413) trawl-server::bin/trawld tests::unlisted_env_dirs_names_dirs_outside_the_allowlist
        PASS [   0.011s] (3934/4413) trawl-web assets::tests::hashed_asset_detection
        PASS [   0.011s] (3935/4413) trawl-web assets::tests::absent_header_allows_only_identity
        PASS [   0.026s] (3936/4413) trawl-server::timestamp_repair common::sweep_guards_parse_own_database_name
        PASS [   0.004s] (3937/4413) trawl-web assets::tests::quality_parser_accepts_http_grammar
        PASS [   0.004s] (3938/4413) trawl-web assets::tests::traversal_is_rejected
        PASS [   0.007s] (3939/4413) trawl-web assets::tests::negotiates_by_quality_then_server_preference
        PASS [   0.006s] (3940/4413) trawl-web config::tests::a_bad_configured_entry_is_refused_at_its_own_index
        PASS [   0.005s] (3941/4413) trawl-web config::tests::a_bad_environment_entry_fails_startup_naming_the_variable_and_index
        PASS [   0.004s] (3942/4413) trawl-web config::tests::a_configured_list_resolves_to_the_normalized_origins
        PASS [   0.004s] (3943/4413) trawl-web config::tests::absent_fleet_runtime_values_preserve_production_cookie_config
        PASS [   0.004s] (3944/4413) trawl-web config::tests::a_long_allowlist_is_summarized_by_count_and_a_capped_sample
        PASS [   0.004s] (3945/4413) trawl-web config::tests::a_short_allowlist_is_shown_whole_with_no_suffix
        PASS [   0.004s] (3946/4413) trawl-web config::tests::an_empty_allowlist_refuses_to_resolve_and_names_both_doors
        PASS [   0.004s] (3947/4413) trawl-web config::tests::an_environment_list_matching_the_file_is_noted_at_info_not_warned
        PASS [   0.004s] (3948/4413) trawl-web config::tests::an_unparseable_configured_list_is_a_displacement_and_warns
        PASS [   0.045s] (3949/4413) trawl-server::timestamp_repair common::publish_dir_once_has_one_winner_under_thread_contention
        PASS [   0.004s] (3950/4413) trawl-web config::tests::bind_addr_precedence_env_then_config_then_default
        PASS [   0.004s] (3951/4413) trawl-web config::tests::defaults_applied_when_web_section_carries_only_the_required_origin
        PASS [   0.004s] (3952/4413) trawl-web config::tests::explicit_fields_win
        PASS [   0.004s] (3953/4413) trawl-web config::tests::explicit_web_upstream_url_wins_over_server
        PASS [   0.004s] (3954/4413) trawl-web config::tests::file_load_resolves_the_current_web_configuration
        PASS [   0.004s] (3955/4413) trawl-web config::tests::file_load_errors_identify_paths_without_config_values
        PASS [   0.004s] (3956/4413) trawl-web config::tests::fleet_runtime_key_is_base64_parsed_and_wins_over_production_sources
        PASS [   0.004s] (3957/4413) trawl-web config::tests::key_from_file_loaded
        PASS [   0.003s] (3958/4413) trawl-web config::tests::localhost_runtime_is_insecure_and_explicitly_host_only
        PASS [   0.003s] (3959/4413) trawl-web config::tests::runtime_parser_errors_keep_the_pre_hoist_config_error_surface
        PASS [   0.004s] (3960/4413) trawl-web config::tests::runtime_domain_can_explicitly_override_production_domain
        PASS [   0.004s] (3961/4413) trawl-web config::tests::shared_domain_empty_or_absent_is_none
        PASS [   0.003s] (3962/4413) trawl-web config::tests::tailscale_runtime_is_secure_and_host_only
        PASS [   0.004s] (3963/4413) trawl-web config::tests::shared_domain_resolves_when_set
        PASS [   0.004s] (3964/4413) trawl-web config::tests::the_environment_alone_satisfies_the_requirement_without_warning
        PASS [   0.004s] (3965/4413) trawl-web config::tests::the_environment_replaces_the_configured_allowlist_and_says_so
        PASS [   0.003s] (3966/4413) trawl-web config::tests::upstream_url_falls_back_when_server_missing
        PASS [   0.004s] (3967/4413) trawl-web config::tests::upstream_url_derived_from_server_http_addr
        PASS [   0.004s] (3968/4413) trawl-web config::tests::upstream_url_handles_ipv6_bracketed
        PASS [   0.004s] (3969/4413) trawl-web config::tests::upstream_url_rewrites_ipv6_wildcard
        PASS [   0.003s] (3970/4413) trawl-web middleware::session_extractor::tests::extract_bearer_case_insensitive
        PASS [   0.004s] (3971/4413) trawl-web config::tests::upstream_url_rewrites_wildcard_bind
        PASS [   0.003s] (3972/4413) trawl-web middleware::session_extractor::tests::extract_bearer_rejects_empty_and_non_bearer
        PASS [   0.003s] (3973/4413) trawl-web middleware::session_extractor::tests::find_cookie_handles_whitespace
        PASS [   0.003s] (3974/4413) trawl-web middleware::session_extractor::tests::find_cookie_picks_named_pair
        PASS [   0.004s] (3975/4413) trawl-web middleware::session_extractor::tests::find_cookie_ignores_legacy_trawl_session
        PASS [   0.005s] (3976/4413) trawl-web routes::auth::tests::clear_cookie_attributes_match_issuance
        PASS [   0.005s] (3977/4413) trawl-web routes::auth::tests::login_accepts_valid_api_key
        PASS [   0.005s] (3978/4413) trawl-web routes::auth::tests::login_cookie_carries_domain_iff_shared_domain_set
        PASS [   0.006s] (3979/4413) trawl-web routes::auth::tests::login_allows_the_configured_origin_but_rejects_an_sso_sibling
        PASS [   0.005s] (3980/4413) trawl-web routes::auth::tests::login_cookie_is_fleet_auth_compatible_with_role_less_payload
        PASS [   0.005s] (3981/4413) trawl-web routes::auth::tests::login_no_trawl_grant_is_403_without_cookie
        PASS [   0.004s] (3982/4413) trawl-web routes::auth::tests::login_rejects_cross_origin
        PASS [   0.004s] (3983/4413) trawl-web routes::auth::tests::login_rejects_empty_api_key
        PASS [   0.005s] (3984/4413) trawl-web routes::auth::tests::login_rejects_wrong_api_key
        PASS [   0.004s] (3985/4413) trawl-web routes::auth::tests::logout_allows_the_configured_origin_with_no_host_header_at_all
        PASS [   0.005s] (3986/4413) trawl-web routes::auth::tests::login_secure_cookie_when_insecure_disabled
        PASS [   0.005s] (3987/4413) trawl-web routes::auth::tests::logout_clears_cookie
        PASS [   0.004s] (3988/4413) trawl-web routes::auth::tests::logout_rejects_a_foreign_origin_whatever_the_uri_authority_says
        PASS [   0.004s] (3989/4413) trawl-web routes::auth::tests::logout_rejects_cross_origin_without_clearing
        PASS [   0.004s] (3990/4413) trawl-web routes::auth::tests::logout_rejects_sso_sibling_origin_without_clearing
        PASS [   0.006s] (3991/4413) trawl-web routes::auth::tests::me_grant_removed_upstream_is_403_preserving_cookie
        PASS [   0.004s] (3992/4413) trawl-web routes::auth::tests::me_rejects_missing_cookie
        PASS [   0.006s] (3993/4413) trawl-web routes::auth::tests::me_reflects_upstream_permission_change_between_calls
        PASS [   0.005s] (3994/4413) trawl-web routes::auth::tests::me_rejects_tampered_cookie
        PASS [   0.006s] (3995/4413) trawl-web routes::auth::tests::me_returns_identity_from_live_whoami
        PASS [   0.006s] (3996/4413) trawl-web routes::auth::tests::me_upstream_401_clears_cookie
        PASS [   0.005s] (3997/4413) trawl-web routes::auth::tests::me_upstream_403_preserves_cookie
        PASS [   0.005s] (3998/4413) trawl-web routes::proxy::tests::forward_accepts_bearer_header
        PASS [   0.006s] (3999/4413) trawl-web routes::proxy::tests::forward_allows_cookie_authed_mutation_without_origin
        PASS [   0.006s] (4000/4413) trawl-web routes::proxy::tests::forward_allows_cookie_authed_same_origin_mutation
        PASS [   0.005s] (4001/4413) trawl-web routes::proxy::tests::forward_bearer_cross_origin_mutation_is_allowed
        PASS [   0.005s] (4002/4413) trawl-web routes::proxy::tests::forward_bearer_wins_over_cookie
        PASS [   0.006s] (4003/4413) trawl-web routes::proxy::tests::forward_injects_bearer_and_mirrors_status
        PASS [   0.004s] (4004/4413) trawl-web routes::proxy::tests::forward_rejects_empty_bearer
        PASS [   0.005s] (4005/4413) trawl-web routes::proxy::tests::forward_rejects_cookie_authed_sibling_origin_mutation
        PASS [   0.006s] (4006/4413) trawl-web routes::proxy::tests::forward_preserves_upstream_4xx
        PASS [   0.005s] (4007/4413) trawl-web routes::proxy::tests::forward_rejects_missing_cookie
        PASS [   0.005s] (4008/4413) trawl-web routes::proxy::tests::forward_upstream_401_with_bearer_does_not_clear
        PASS [   0.006s] (4009/4413) trawl-web routes::proxy::tests::forward_strips_upstream_set_cookie_headers
        PASS [   0.006s] (4010/4413) trawl-web routes::proxy::tests::forward_upstream_401_with_session_preserves_cookie
        PASS [   0.006s] (4011/4413) trawl-web routes::proxy::tests::forward_upstream_403_preserves_cookie
        PASS [   0.004s] (4012/4413) trawl-web routes::proxy::tests::upstream_uri_preserves_query_string
        PASS [   0.005s] (4013/4413) trawl-web routes::proxy::tests::ingest_endpoint_is_always_404
        PASS [   0.006s] (4014/4413) trawl-web routes::proxy::tests::retired_api_namespace_is_not_routed_or_served_by_the_spa
        PASS [   0.005s] (4015/4413) trawl-web routes::stream::tests::dashboard_stream_rejects_missing_cookie
        PASS [   0.004s] (4016/4413) trawl-web routes::stream::tests::remaining_ttl_handles_max_exp
        PASS [   0.006s] (4017/4413) trawl-web routes::stream::tests::dashboard_stream_forwards_body_with_sse_headers
        PASS [   0.006s] (4018/4413) trawl-web routes::stream::tests::dashboard_stream_upstream_401_preserves_cookie
        PASS [   0.003s] (4019/4413) trawl-web routes::stream::tests::remaining_ttl_positive_when_exp_in_future
        PASS [   0.003s] (4020/4413) trawl-web routes::stream::tests::remaining_ttl_zero_when_exp_at_or_past_now
        PASS [   0.005s] (4021/4413) trawl-web routes::stream::tests::stream_accepts_bearer_header
        PASS [   0.005s] (4022/4413) trawl-web routes::stream::tests::stream_deadline_cuts_long_running_body
        PASS [   0.006s] (4023/4413) trawl-web routes::stream::tests::stream_forwards_upstream_body_with_sse_headers
        PASS [   0.005s] (4024/4413) trawl-web routes::stream::tests::stream_maps_upstream_401_to_401
        PASS [   0.006s] (4025/4413) trawl-web routes::stream::tests::stream_preserves_upstream_400_for_bad_query
        PASS [   0.006s] (4026/4413) trawl-web routes::stream::tests::stream_preserves_upstream_429_for_rate_limit
        PASS [   0.005s] (4027/4413) trawl-web routes::stream::tests::stream_rejects_missing_cookie
        PASS [   0.006s] (4028/4413) trawl-web routes::stream::tests::stream_upstream_401_with_session_preserves_cookie
        PASS [   0.006s] (4029/4413) trawl-web routes::stream::tests::stream_upstream_403_preserves_cookie
        PASS [   0.004s] (4030/4413) trawl-web state::tests::localhost_cookie_shape_is_insecure_and_host_only
        PASS [   0.006s] (4031/4413) trawl-web routes::stream::tests::stream_upstream_500_is_not_masked_as_502
        PASS [   0.004s] (4032/4413) trawl-web state::tests::tailscale_cookie_shape_is_secure_and_host_only
        PASS [   0.005s] (4033/4413) trawl-web::asset_delivery spa_deep_link_uses_compressed_no_cache_index
        PASS [   0.007s] (4034/4413) trawl-web::asset_delivery gzip_fallback_and_conditional_request_work
        PASS [   0.005s] (4035/4413) trawl-web::asset_delivery wasm_prefers_brotli_and_preserves_wasm_metadata
        PASS [   0.005s] (4036/4413) trawl-web::log_filter_contract trawld_filter_would_silence_the_sidecar
        PASS [   0.026s] (4037/4413) trawl-web::origin_guard a_bearer_client_is_exempt_from_the_guard
        PASS [   0.006s] (4038/4413) trawl-web::origin_guard a_refused_origin_is_403_with_no_cookie_and_no_upstream_call
        PASS [   0.030s] (4039/4413) trawl-web::origin_guard a_configured_origin_reaches_the_handler
        PASS [   0.006s] (4040/4413) trawl-web::origin_guard a_refused_origin_outranks_every_cookie_state
        PASS [   0.006s] (4041/4413) trawl-web::origin_guard a_rooted_origin_is_its_own_spelling_end_to_end
        PASS [   0.007s] (4042/4413) trawl-web::origin_guard an_absent_origin_passes_every_route
        PASS [   0.006s] (4043/4413) trawl-web::origin_guard an_allowed_origin_keeps_the_existing_cookie_answers
        PASS [   0.005s] (4044/4413) trawl-web::origin_guard two_origin_headers_are_refused_even_when_both_are_configured
        PASS [   0.008s] (4045/4413) trawl-web::origin_guard forged_forwarding_headers_move_no_verdict
        PASS [   0.004s] (4046/4413) trawl-web::public_origins_packaging_contract the_chart_quick_start_forwards_the_port_its_origin_names
        PASS [   0.007s] (4047/4413) trawl-web::public_origins_packaging_contract every_documented_example_loads
        PASS [   0.082s] (4048/4413) trawl-web::log_filter_contract chart_sidecar_filter_matches_the_binary_default
        PASS [   0.078s] (4049/4413) trawl-web::log_filter_contract representative_trawl_web_events_pass_the_installed_chart_filter
        PASS [   0.004s] (4050/4413) trawl-web::public_origins_packaging_contract the_debian_config_states_origins_that_load
        PASS [   0.030s] (4051/4413) trawl-web::public_origins_packaging_contract the_chart_refuses_an_enabled_sidecar_with_no_origins
        PASS [   0.013s] (4052/4413) trawl-web::security_headers unauthorized_responses_still_carry_security_headers
        PASS [   0.016s] (4053/4413) trawl-web::security_headers every_response_has_csp_and_friends
        PASS [   0.010s] (4054/4413) trawl-web::session_lifecycle missing_cookie_does_not_send_set_cookie
        PASS [   0.011s] (4055/4413) trawl-web::session_lifecycle expired_session_returns_401_with_clear_cookie
        PASS [   0.017s] (4056/4413) trawl-web::session_lifecycle expired_cookie_in_prod_mode_includes_secure
        PASS [   0.004s] (4057/4413) trawl-web-ui::css_move_invariant app_control_fills_read_the_fill_token
        PASS [   0.005s] (4058/4413) trawl-web::session_lifecycle tampered_cookie_does_not_send_set_cookie
        PASS [   0.005s] (4059/4413) trawl-web-ui::css_move_invariant moved_selectors_absent_from_app_css
        PASS [   0.004s] (4060/4413) trawl-web-ui::css_move_invariant no_custom_property_defined_in_both_stylesheets
        PASS [   0.004s] (4061/4413) trawl-web-ui::css_move_invariant no_selector_defined_in_both_stylesheets
        PASS [   0.004s] (4062/4413) trawl-web-ui::css_move_invariant retired_selectors_absent_from_both_stylesheets
        PASS [   0.058s] (4063/4413) trawl-web::public_origins_packaging_contract the_chart_renders_the_origins_it_is_given
        PASS [   0.005s] (4064/4413) trawl-web-ui::e2e_selector_contract comment_stripped_hides_prose_and_keeps_markup
        PASS [   0.004s] (4065/4413) trawl-web-ui::e2e_selector_contract every_selectors_ts_entry_is_pinned
        PASS [   0.007s] (4066/4413) trawl-web-ui::e2e_selector_contract every_selector_assignment_appears_in_selectors_ts
        PASS [   0.009s] (4067/4413) trawl-web-ui::e2e_selector_contract every_selector_and_pin_key_is_declared_once
        PASS [   0.003s] (4068/4413) trawl-web-ui::e2e_selector_contract the_key_scan_reads_nesting_strings_and_comments
        PASS [   0.005s] (4069/4413) trawl-web-ui::e2e_wire_fixture_contract created_saved_query_fixture_preserves_the_editor_text
        PASS [   0.006s] (4070/4413) trawl-web-ui::e2e_wire_fixture_contract catalog_field_fixture_decodes
        PASS [   0.008s] (4071/4413) trawl-web-ui::e2e_wire_fixture_contract drawer_query::tests::a_field_named_count_gets_a_non_colliding_query
        PASS [   0.003s] (4072/4413) trawl-web-ui::e2e_wire_fixture_contract drawer_query::tests::aliases_are_positional_and_never_the_field_name
        PASS [   0.004s] (4073/4413) trawl-web-ui::e2e_wire_fixture_contract drawer_query::tests::cardinality_decodes_by_position
        PASS [   0.003s] (4074/4413) trawl-web-ui::e2e_wire_fixture_contract drawer_query::tests::every_name_position_uses_the_shared_renderer
        PASS [   0.004s] (4075/4413) trawl-web-ui::e2e_wire_fixture_contract drawer_query::tests::reserved_fields_are_aliased_and_accepted
        PASS [   0.006s] (4076/4413) trawl-web-ui::e2e_wire_fixture_contract drawer_query::tests::composed_queries_are_accepted_for_hostile_names
        PASS [   0.003s] (4077/4413) trawl-web-ui::e2e_wire_fixture_contract drawer_query::tests::unnameable_fields_issue_no_query
        PASS [   0.003s] (4078/4413) trawl-web-ui::e2e_wire_fixture_contract histogram::tests::align_always_returns_a_full_grid
        PASS [   0.004s] (4079/4413) trawl-web-ui::e2e_wire_fixture_contract health_page_fixtures_decode_and_exercise_permissions_and_failures
        PASS [   0.003s] (4080/4413) trawl-web-ui::e2e_wire_fixture_contract histogram::tests::align_drops_rows_older_than_the_window
        PASS [   0.003s] (4081/4413) trawl-web-ui::e2e_wire_fixture_contract histogram::tests::align_floors_unaligned_rows_and_sums_collisions
        PASS [   0.004s] (4082/4413) trawl-web-ui::e2e_wire_fixture_contract histogram::tests::align_rejects_degenerate_input
        PASS [   0.004s] (4083/4413) trawl-web-ui::e2e_wire_fixture_contract histogram::tests::align_slots_are_contiguous_and_ascending
        PASS [   0.004s] (4084/4413) trawl-web-ui::e2e_wire_fixture_contract histogram::tests::axis_labels_are_the_first_start_the_midpoint_and_the_last_end
        PASS [   0.003s] (4085/4413) trawl-web-ui::e2e_wire_fixture_contract histogram::tests::bucket_time_rounds_outward_to_milliseconds
        PASS [   0.003s] (4086/4413) trawl-web-ui::e2e_wire_fixture_contract histogram::tests::distributes_across_buckets
        PASS [   0.003s] (4087/4413) trawl-web-ui::e2e_wire_fixture_contract histogram::tests::hours_within_a_day_are_distinct_and_ordered
        PASS [   0.003s] (4088/4413) trawl-web-ui::e2e_wire_fixture_contract histogram::tests::empty_input_returns_no_series
        PASS [   0.003s] (4089/4413) trawl-web-ui::e2e_wire_fixture_contract histogram::tests::identical_timestamps_widen_to_one_second
        PASS [   0.003s] (4090/4413) trawl-web-ui::e2e_wire_fixture_contract histogram::tests::last_event_lands_in_last_bucket
        PASS [   0.004s] (4091/4413) trawl-web-ui::e2e_wire_fixture_contract histogram::tests::parses_a_known_instant
        PASS [   0.003s] (4092/4413) trawl-web-ui::e2e_wire_fixture_contract histogram::tests::parses_rfc3339_and_ignores_fraction_and_zone
        PASS [   0.003s] (4093/4413) trawl-web-ui::e2e_wire_fixture_contract histogram::tests::parses_the_executor_display_format
        PASS [   0.003s] (4094/4413) trawl-web-ui::e2e_wire_fixture_contract histogram::tests::rejects_unparseable_timestamps
        PASS [   0.003s] (4095/4413) trawl-web-ui::e2e_wire_fixture_contract histogram::tests::series_bounds_are_the_observed_extent
        PASS [   0.004s] (4096/4413) trawl-web-ui::e2e_wire_fixture_contract histogram::tests::single_event_lands_in_first_bucket
        PASS [   0.004s] (4097/4413) trawl-web-ui::e2e_wire_fixture_contract histogram::tests::zero_buckets_returns_no_series
        PASS [   0.004s] (4098/4413) trawl-web-ui::e2e_wire_fixture_contract history_export_clear_fixtures_match_wire_types_and_test_cases
        PASS [   0.003s] (4099/4413) trawl-web-ui::e2e_wire_fixture_contract pagination_run_fixtures_have_three_matching_rows
        PASS [   0.003s] (4100/4413) trawl-web-ui::e2e_wire_fixture_contract repin_status_fixtures_decode_as_a_running_job_and_its_twin
        PASS [   0.003s] (4101/4413) trawl-web-ui::e2e_wire_fixture_contract service_schema_fixture_decodes
        PASS [   0.004s] (4102/4413) trawl-web-ui::e2e_wire_fixture_contract the_corpus_history_fixture_carries_an_over_bound_query
        PASS [   0.004s] (4103/4413) trawl-web-ui::e2e_wire_fixture_contract the_corpus_drawer_fixtures_decode
        PASS [   0.004s] (4104/4413) trawl-web-ui::e2e_wire_fixture_contract the_corpus_rows_fixture_carries_a_facetable_page
        PASS [   0.003s] (4105/4413) trawl-web-ui::e2e_wire_fixture_contract the_corpus_service_schema_marks_one_column_degraded
        PASS [   0.003s] (4106/4413) trawl-web-ui::e2e_wire_fixture_contract the_corpus_run_fixtures_decode
        PASS [   0.003s] (4107/4413) trawl-web-ui::e2e_wire_fixture_contract the_corpus_timechart_fixture_lands_on_the_drawer_grid
        PASS [   0.003s] (4108/4413) trawl-web-ui::e2e_wire_fixture_contract the_populated_scenario_carries_one_service_and_one_net
        PASS [   0.003s] (4109/4413) trawl-web-ui::e2e_wire_fixture_contract the_paged_run_fixture_carries_more_rows_than_one_preview_page
        PASS [   0.003s] (4110/4413) trawl-web-ui::e2e_wire_fixture_contract the_query_shapes_match_the_dsl_the_drawer_builds
        PASS [   0.003s] (4111/4413) trawl-web-ui::e2e_wire_fixture_contract the_schedule_put_fixtures_decode_as_their_wire_types
        PASS [   0.003s] (4112/4413) trawl-web-ui::e2e_wire_fixture_contract the_schedule_scenario_carries_a_windowed_net_and_an_unwindowed_one
        PASS [   0.005s] (4113/4413) trawl-web-ui::native_control_contract a_commented_out_pseudo_button_does_not_trip_the_scan
        PASS [   0.003s] (4114/4413) trawl-web-ui::native_control_contract a_multi_line_opening_tag_is_read_whole
        PASS [   0.003s] (4115/4413) trawl-web-ui::native_control_contract a_rust_expression_in_an_attribute_does_not_end_the_tag_early
        PASS [   0.003s] (4116/4413) trawl-web-ui::native_control_contract a_scrim_in_the_app_is_still_detected
        PASS [   0.005s] (4117/4413) trawl-web-ui::retired_surface_route_contract retired_surface_falls_through_to_the_not_found_view
        PASS [   0.009s] (4118/4413) trawl-web-ui::bin/trawl-web-ui context_query::tests::empty_host_is_omitted
        PASS [   0.004s] (4119/4413) trawl-web-ui::bin/trawl-web-ui context_query::tests::host_is_included_and_quotes_are_escaped
        PASS [   0.004s] (4120/4413) trawl-web-ui::bin/trawl-web-ui context_query::tests::hostname_column_is_the_host_fallback
        PASS [   0.003s] (4121/4413) trawl-web-ui::bin/trawl-web-ui context_query::tests::no_timestamp_column_or_unparseable_value_yields_nothing
        PASS [   0.023s] (4122/4413) trawl-web-ui::settings_disposition_contract settings_placeholder_is_removed_from_ui_source
        PASS [   0.026s] (4123/4413) trawl-web-ui::native_control_contract no_app_pseudo_button_survives
        PASS [   0.004s] (4124/4413) trawl-web-ui::bin/trawl-web-ui context_query::tests::timestamp_column_variants_all_produce_time_bounds
        PASS [   0.004s] (4125/4413) trawl-web-ui::bin/trawl-web-ui context_query::tests::window_names_time_twice_and_no_retired_alias
        PASS [   0.004s] (4126/4413) trawl-web-ui::bin/trawl-web-ui dashboard_state::callback_order_tests::bootstrap_failure_survives_stream_errors_in_both_callback_orders
        PASS [   0.003s] (4127/4413) trawl-web-ui::bin/trawl-web-ui dashboard_state::callback_order_tests::forbidden_survives_stream_errors_in_both_callback_orders
        PASS [   0.003s] (4128/4413) trawl-web-ui::bin/trawl-web-ui dashboard_state::callback_order_tests::empty_feed_waits_through_reconnect_and_503_in_both_orders
        PASS [   0.004s] (4129/4413) trawl-web-ui::bin/trawl-web-ui dashboard_state::callback_order_tests::only_existing_snapshots_become_stale_and_permanent_close_fails
        PASS [   0.003s] (4130/4413) trawl-web-ui::bin/trawl-web-ui dashboard_state::tests::waiting_503_recovers_and_bootstrap_never_claims_live
        PASS [   0.003s] (4131/4413) trawl-web-ui::bin/trawl-web-ui dashboard_state::tests::stream_authority_survives_delayed_bootstrap_and_reconnect
        PASS [   0.005s] (4132/4413) trawl-web-ui::bin/trawl-web-ui drawer_query::tests::a_field_named_count_gets_a_non_colliding_query
        PASS [   0.003s] (4133/4413) trawl-web-ui::bin/trawl-web-ui drawer_query::tests::aliases_are_positional_and_never_the_field_name
        PASS [   0.004s] (4134/4413) trawl-web-ui::bin/trawl-web-ui drawer_query::tests::cardinality_decodes_by_position
        PASS [   0.003s] (4135/4413) trawl-web-ui::bin/trawl-web-ui drawer_query::tests::every_name_position_uses_the_shared_renderer
        PASS [   0.006s] (4136/4413) trawl-web-ui::bin/trawl-web-ui drawer_query::tests::composed_queries_are_accepted_for_hostile_names
        PASS [   0.004s] (4137/4413) trawl-web-ui::bin/trawl-web-ui drawer_query::tests::reserved_fields_are_aliased_and_accepted
        PASS [   0.003s] (4138/4413) trawl-web-ui::bin/trawl-web-ui drawer_query::tests::unnameable_fields_issue_no_query
        PASS [   0.003s] (4139/4413) trawl-web-ui::bin/trawl-web-ui facets::tests::alphabetic_tiebreak_on_equal_counts
        PASS [   0.004s] (4140/4413) trawl-web-ui::bin/trawl-web-ui facets::tests::a_plain_search_on_an_integer_field_is_not_aggregation_shaped
        PASS [   0.003s] (4141/4413) trawl-web-ui::bin/trawl-web-ui facets::tests::an_aggregation_result_would_facet_its_aggregate_column
        PASS [   0.004s] (4142/4413) trawl-web-ui::bin/trawl-web-ui facets::tests::counts_strings_descending
        PASS [   0.004s] (4143/4413) trawl-web-ui::bin/trawl-web-ui facets::tests::caps_at_top_n
        PASS [   0.114s] (4144/4413) trawl-web-ui::e2e_selector_contract every_source_hook_still_exists
        PASS [   0.004s] (4145/4413) trawl-web-ui::bin/trawl-web-ui facets::tests::mixes_integer_boolean_and_string
        PASS [   0.003s] (4146/4413) trawl-web-ui::bin/trawl-web-ui facets::tests::skips_floats_and_arrays_and_nulls
        PASS [   0.003s] (4147/4413) trawl-web-ui::bin/trawl-web-ui filter_codec::tests::a_positional_array_record_is_not_a_filter
        PASS [   0.004s] (4148/4413) trawl-web-ui::bin/trawl-web-ui facets::tests::stats_by_is_aggregation_shaped
        PASS [   0.003s] (4149/4413) trawl-web-ui::bin/trawl-web-ui filter_codec::tests::an_unwritable_record_fails_the_whole_payload
        PASS [   0.003s] (4150/4413) trawl-web-ui::bin/trawl-web-ui filter_codec::tests::arbitrary_names_and_values_round_trip_without_url_structure
        PASS [   0.003s] (4151/4413) trawl-web-ui::bin/trawl-web-ui histogram::tests::align_always_returns_a_full_grid
        PASS [   0.004s] (4152/4413) trawl-web-ui::bin/trawl-web-ui filter_codec::tests::legacy_and_malformed_payloads_are_distinguished
        PASS [   0.004s] (4153/4413) trawl-web-ui::bin/trawl-web-ui histogram::tests::align_drops_rows_older_than_the_window
        PASS [   0.003s] (4154/4413) trawl-web-ui::bin/trawl-web-ui histogram::tests::align_floors_unaligned_rows_and_sums_collisions
        PASS [   0.003s] (4155/4413) trawl-web-ui::bin/trawl-web-ui histogram::tests::align_slots_are_contiguous_and_ascending
        PASS [   0.003s] (4156/4413) trawl-web-ui::bin/trawl-web-ui histogram::tests::align_rejects_degenerate_input
        PASS [   0.003s] (4157/4413) trawl-web-ui::bin/trawl-web-ui histogram::tests::axis_labels_are_the_first_start_the_midpoint_and_the_last_end
        PASS [   0.004s] (4158/4413) trawl-web-ui::bin/trawl-web-ui histogram::tests::bucket_time_rounds_outward_to_milliseconds
        PASS [   0.003s] (4159/4413) trawl-web-ui::bin/trawl-web-ui histogram::tests::distributes_across_buckets
        PASS [   0.003s] (4160/4413) trawl-web-ui::bin/trawl-web-ui histogram::tests::empty_input_returns_no_series
        PASS [   0.003s] (4161/4413) trawl-web-ui::bin/trawl-web-ui histogram::tests::hours_within_a_day_are_distinct_and_ordered
        PASS [   0.003s] (4162/4413) trawl-web-ui::bin/trawl-web-ui histogram::tests::identical_timestamps_widen_to_one_second
        PASS [   0.003s] (4163/4413) trawl-web-ui::bin/trawl-web-ui histogram::tests::last_event_lands_in_last_bucket
        PASS [   0.003s] (4164/4413) trawl-web-ui::bin/trawl-web-ui histogram::tests::parses_a_known_instant
        PASS [   0.003s] (4165/4413) trawl-web-ui::bin/trawl-web-ui histogram::tests::parses_rfc3339_and_ignores_fraction_and_zone
        PASS [   0.003s] (4166/4413) trawl-web-ui::bin/trawl-web-ui histogram::tests::rejects_unparseable_timestamps
        PASS [   0.003s] (4167/4413) trawl-web-ui::bin/trawl-web-ui histogram::tests::parses_the_executor_display_format
        PASS [   0.003s] (4168/4413) trawl-web-ui::bin/trawl-web-ui histogram::tests::series_bounds_are_the_observed_extent
        PASS [   0.003s] (4169/4413) trawl-web-ui::bin/trawl-web-ui histogram::tests::single_event_lands_in_first_bucket
        PASS [   0.003s] (4170/4413) trawl-web-ui::bin/trawl-web-ui history_export::tests::csv_formula_keeps_header_and_input_row_order
        PASS [   0.003s] (4171/4413) trawl-web-ui::bin/trawl-web-ui histogram::tests::zero_buckets_returns_no_series
        PASS [   0.003s] (4172/4413) trawl-web-ui::bin/trawl-web-ui history_export::tests::csv_formula_neutralizes_all_six_prefixes_in_text_cells
        PASS [   0.003s] (4173/4413) trawl-web-ui::bin/trawl-web-ui history_export::tests::csv_formula_preserves_safe_and_empty_text_and_numeric_cells
        PASS [   0.003s] (4174/4413) trawl-web-ui::bin/trawl-web-ui history_export::tests::formats_name_downloads_and_media_types
        PASS [   0.003s] (4175/4413) trawl-web-ui::bin/trawl-web-ui history_export::tests::csv_formula_quotes_after_sanitizing_and_preserves_unicode
        PASS [   0.003s] (4176/4413) trawl-web-ui::bin/trawl-web-ui history_export::tests::json_keeps_original_entry_objects_and_order
        PASS [   0.003s] (4177/4413) trawl-web-ui::bin/trawl-web-ui notice_key::tests::either_half_changing_is_a_new_notice
        PASS [   0.003s] (4178/4413) trawl-web-ui::bin/trawl-web-ui notice_key::tests::field_order_and_duplicates_do_not_matter
        PASS [   0.003s] (4179/4413) trawl-web-ui::bin/trawl-web-ui notice_key::tests::multibyte_names_are_prefixed_in_bytes_not_chars
        PASS [   0.003s] (4180/4413) trawl-web-ui::bin/trawl-web-ui notice_key::tests::parts_cannot_run_together
        PASS [   0.003s] (4181/4413) trawl-web-ui::bin/trawl-web-ui notice_key::tests::same_query_and_set_is_the_same_notice
        PASS [   0.003s] (4182/4413) trawl-web-ui::bin/trawl-web-ui offset::tests::ascii_is_identity
        PASS [   0.003s] (4183/4413) trawl-web-ui::bin/trawl-web-ui offset::tests::astral_chars_are_two_utf16_units
        PASS [   0.003s] (4184/4413) trawl-web-ui::bin/trawl-web-ui offset::tests::bmp_multibyte_utf8_single_utf16_unit
        PASS [   0.003s] (4185/4413) trawl-web-ui::bin/trawl-web-ui offset::tests::empty_string_returns_zero
        PASS [   0.003s] (4186/4413) trawl-web-ui::bin/trawl-web-ui offset::tests::every_utf16_offset_yields_char_boundary
        PASS [   0.003s] (4187/4413) trawl-web-ui::bin/trawl-web-ui offset::tests::out_of_bounds_clamps_to_end
        PASS [   0.003s] (4188/4413) trawl-web-ui::bin/trawl-web-ui offset::tests::round_trip_astral_in_middle
        PASS [   0.004s] (4189/4413) trawl-web-ui::bin/trawl-web-ui perms::query_tests::query_and_cancel_permissions_are_independent
        PASS [   0.003s] (4190/4413) trawl-web-ui::bin/trawl-web-ui perms::tests::schema_read_is_its_own_permission
        PASS [   0.004s] (4191/4413) trawl-web-ui::bin/trawl-web-ui perms::tests::admin_requires_server_manage
        PASS [   0.003s] (4192/4413) trawl-web-ui::bin/trawl-web-ui perms::tests::schema_write_is_its_own_permission
        PASS [   0.003s] (4193/4413) trawl-web-ui::bin/trawl-web-ui query_merge::tests::a_comment_is_not_read_as_grammar
        PASS [   0.003s] (4194/4413) trawl-web-ui::bin/trawl-web-ui query_merge::tests::a_dsl_last_clause_wins_over_the_quick_range
        PASS [   0.003s] (4195/4413) trawl-web-ui::bin/trawl-web-ui query_merge::tests::a_quoted_clause_value_is_unescaped_once
        PASS [   0.004s] (4196/4413) trawl-web-ui::bin/trawl-web-ui query_merge::tests::a_pipeline_is_not_swallowed_by_an_open_comment
        PASS [   0.003s] (4197/4413) trawl-web-ui::bin/trawl-web-ui query_merge::tests::a_quoted_or_backticked_lookalike_falls_through_to_the_range
        PASS [   0.003s] (4198/4413) trawl-web-ui::bin/trawl-web-ui query_merge::tests::a_time_clause_in_the_pipeline_is_not_the_search_stage_window
        PASS [   0.004s] (4199/4413) trawl-web-ui::bin/trawl-web-ui query_merge::tests::absolute_bounds_pass_through_the_dsl_escaper
        PASS [   0.004s] (4200/4413) trawl-web-ui::bin/trawl-web-ui query_merge::tests::absolute_dsl_bounds_suppress_quick_range
        PASS [   0.003s] (4201/4413) trawl-web-ui::bin/trawl-web-ui query_merge::tests::absolute_range_emits_canonical_time_clauses
        PASS [   0.004s] (4202/4413) trawl-web-ui::bin/trawl-web-ui query_merge::tests::absolute_range_overrides_existing_last_clause
        PASS [   0.003s] (4203/4413) trawl-web-ui::bin/trawl-web-ui query_merge::tests::absolute_range_to_now_elides_upper_bound
        PASS [   0.003s] (4204/4413) trawl-web-ui::bin/trawl-web-ui query_merge::tests::absolute_time_lookalikes_do_not_suppress_quick_range
        PASS [   0.003s] (4205/4413) trawl-web-ui::bin/trawl-web-ui query_merge::tests::an_absolute_range_names_itself_and_any_dsl_clause_beside_it
        PASS [   0.003s] (4206/4413) trawl-web-ui::bin/trawl-web-ui query_merge::tests::backticked_last_field_does_not_suppress_range
        PASS [   0.003s] (4207/4413) trawl-web-ui::bin/trawl-web-ui query_merge::tests::base_only_passes_through
        PASS [   0.003s] (4208/4413) trawl-web-ui::bin/trawl-web-ui query_merge::tests::default_range_is_15m
        PASS [   0.003s] (4209/4413) trawl-web-ui::bin/trawl-web-ui query_merge::tests::earliest_and_latest_are_both_read_in_written_order
        PASS [   0.003s] (4210/4413) trawl-web-ui::bin/trawl-web-ui query_merge::tests::empty_base_yields_empty
        PASS [   0.003s] (4211/4413) trawl-web-ui::bin/trawl-web-ui query_merge::tests::existing_last_suppresses_range
        PASS [   0.003s] (4212/4413) trawl-web-ui::bin/trawl-web-ui query_merge::tests::existing_last_case_insensitive
        PASS [   0.003s] (4213/4413) trawl-web-ui::bin/trawl-web-ui query_merge::tests::filter_field_is_rendered_through_the_dsl_renderer
        PASS [   0.003s] (4214/4413) trawl-web-ui::bin/trawl-web-ui query_merge::tests::filter_op_prefix_is_stable
        PASS [   0.003s] (4215/4413) trawl-web-ui::bin/trawl-web-ui query_merge::tests::filters_and_range_prepend_to_search_stage
        PASS [   0.004s] (4216/4413) trawl-web-ui::bin/trawl-web-ui query_merge::tests::lookalike_token_does_not_suppress_range
        PASS [   0.003s] (4217/4413) trawl-web-ui::bin/trawl-web-ui query_merge::tests::pipeline_only_base_gets_synthetic_search_stage
        PASS [   0.003s] (4218/4413) trawl-web-ui::bin/trawl-web-ui query_merge::tests::quick_ranges_contains_default
        PASS [   0.003s] (4219/4413) trawl-web-ui::bin/trawl-web-ui query_merge::tests::slashes_in_a_value_do_not_hide_the_last_clause
        PASS [   0.003s] (4220/4413) trawl-web-ui::bin/trawl-web-ui query_merge::tests::split_respects_backticked_pipes
        PASS [   0.004s] (4221/4413) trawl-web-ui::bin/trawl-web-ui query_merge::tests::split_respects_quoted_pipes
        PASS [   0.003s] (4222/4413) trawl-web-ui::bin/trawl-web-ui query_merge::tests::split_respects_regex_pipes
        PASS [   0.003s] (4223/4413) trawl-web-ui::bin/trawl-web-ui query_merge::tests::split_without_pipe
        PASS [   0.003s] (4224/4413) trawl-web-ui::bin/trawl-web-ui query_merge::tests::the_scan_agrees_with_the_grammar_on_escapes_and_whitespace
        PASS [   0.003s] (4225/4413) trawl-web-ui::bin/trawl-web-ui query_merge::tests::the_window_agrees_with_the_merge_on_every_suppression
        PASS [   0.003s] (4226/4413) trawl-web-ui::bin/trawl-web-ui query_merge::tests::unrepresentable_filter_names_contribute_no_query_logic
        PASS [   0.003s] (4227/4413) trawl-web-ui::bin/trawl-web-ui repin_flow::tests::a_conflict_carrying_a_plan_is_the_refusal
        PASS [   0.004s] (4228/4413) trawl-web-ui::bin/trawl-web-ui query_merge::tests::value_with_quote_is_escaped
        PASS [   0.003s] (4229/4413) trawl-web-ui::bin/trawl-web-ui repin_flow::tests::a_conflict_carrying_the_envelope_is_the_slot
        PASS [   0.004s] (4230/4413) trawl-web-ui::bin/trawl-web-ui repin_flow::tests::a_conflict_carrying_neither_shape_is_not_invented_into_a_plan
        PASS [   0.003s] (4231/4413) trawl-web-ui::bin/trawl-web-ui repin_flow::tests::a_failed_probe_is_told_apart_from_a_route_that_answered
        PASS [   0.003s] (4232/4413) trawl-web-ui::bin/trawl-web-ui repin_flow::tests::a_job_is_toastable_exactly_once_per_page_load
        PASS [   0.003s] (4233/4413) trawl-web-ui::bin/trawl-web-ui repin_flow::tests::a_refusal_that_carries_ceilings_still_needs_a_fresh_forced_scan
        PASS [   0.003s] (4234/4413) trawl-web-ui::bin/trawl-web-ui repin_flow::tests::another_id_or_no_job_loses_the_trail
        PASS [   0.003s] (4235/4413) trawl-web-ui::bin/trawl-web-ui repin_flow::tests::only_a_4xx_proves_a_real_run_was_never_claimed
        PASS [   0.003s] (4236/4413) trawl-web-ui::bin/trawl-web-ui repin_flow::tests::only_a_complete_ceiling_pair_can_be_restated
        PASS [   0.003s] (4237/4413) trawl-web-ui::bin/trawl-web-ui repin_flow::tests::only_a_refusal_for_an_offered_target_is_a_reusable_plan
        PASS [   0.003s] (4238/4413) trawl-web-ui::bin/trawl-web-ui repin_flow::tests::our_job_running_keeps_polling_and_terminal_settles
        PASS [   0.003s] (4239/4413) trawl-web-ui::bin/trawl-web-ui repin_flow::tests::recovery_adopts_only_a_provably_own_job
        PASS [   0.004s] (4240/4413) trawl-web-ui::bin/trawl-web-ui repin_flow::tests::read_failures_retry_to_a_bound_then_give_up
        PASS [   0.003s] (4241/4413) trawl-web-ui::bin/trawl-web-ui repin_flow::tests::recovery_never_adopts_a_job_it_cannot_prove_is_ours
        PASS [   0.004s] (4242/4413) trawl-web-ui::bin/trawl-web-ui repin_flow::tests::the_current_pin_is_never_offered_as_a_target
        PASS [   0.003s] (4243/4413) trawl-web-ui::bin/trawl-web-ui repin_flow::tests::the_forced_rung_asks_for_numbers_once_and_then_binds_what_it_has
        PASS [   0.003s] (4244/4413) trawl-web-ui::bin/trawl-web-ui repin_flow::tests::the_selector_starts_on_the_suggestion_when_it_is_one
        PASS [   0.003s] (4245/4413) trawl-web-ui::bin/trawl-web-ui repin_flow::tests::the_slot_is_free_only_when_nothing_is_running
        PASS [   0.003s] (4246/4413) trawl-web-ui::bin/trawl-web-ui repin_hint::tests::only_running_is_non_terminal
        PASS [   0.003s] (4247/4413) trawl-web-ui::bin/trawl-web-ui repin_hint::tests::hint_segments_lift_the_ticks_out_of_the_text
        PASS [   0.003s] (4248/4413) trawl-web-ui::bin/trawl-web-ui repin_hint::tests::ordinary_names_get_a_bare_command
        PASS [   0.003s] (4249/4413) trawl-web-ui::bin/trawl-web-ui repin_hint::tests::shell_active_names_are_quoted
        PASS [   0.003s] (4250/4413) trawl-web-ui::bin/trawl-web-ui schedule_edit::tests::an_untouched_draft_repeats_the_server_pair
        PASS [   0.003s] (4251/4413) trawl-web-ui::bin/trawl-web-ui schedule_edit::tests::from_schedule_seeds_the_draft
        PASS [   0.003s] (4252/4413) trawl-web-ui::bin/trawl-web-ui repin_hint::tests::unrenderable_or_flag_shaped_names_get_no_command
        PASS [   0.003s] (4253/4413) trawl-web-ui::bin/trawl-web-ui schedule_edit::tests::local_refusals_send_nothing
        PASS [   0.003s] (4254/4413) trawl-web-ui::bin/trawl-web-ui schedule_edit::tests::preview_cap_names_the_gap_only_when_capped
        PASS [   0.003s] (4255/4413) trawl-web-ui::bin/trawl-web-ui schedule_edit::tests::query_mode_sends_neither_field
        PASS [   0.003s] (4256/4413) trawl-web-ui::bin/trawl-web-ui schedule_edit::tests::window_mode_ids_round_trip
        PASS [   0.003s] (4257/4413) trawl-web-ui::bin/trawl-web-ui schema_nav::tests::a_desynced_stack_replaces_and_is_left_intact
        PASS [   0.003s] (4258/4413) trawl-web-ui::bin/trawl-web-ui schema_nav::tests::back_pops_only_the_entry_this_page_pushed
        PASS [   0.003s] (4259/4413) trawl-web-ui::bin/trawl-web-ui schema_nav::tests::nested_drill_ins_pop_every_entry_they_pushed
        PASS [   0.003s] (4260/4413) trawl-web-ui::bin/trawl-web-ui schema_nav::tests::badge_ids_are_index_derived_and_distinct
        PASS [   0.003s] (4261/4413) trawl-web-ui::bin/trawl-web-ui schema_nav::tests::stab_cannot_smuggle_a_second_parameter
        PASS [   0.003s] (4262/4413) trawl-web-ui::bin/trawl-web-ui search_status::tests::a_failed_snapshot_in_snapshot_mode_is_an_error
        PASS [   0.003s] (4263/4413) trawl-web-ui::bin/trawl-web-ui schema_nav::tests::stab_resolves_only_to_the_closed_vocabulary
        PASS [   0.003s] (4264/4413) trawl-web-ui::bin/trawl-web-ui search_status::tests::a_failed_snapshot_still_pending_a_refetch_is_an_error_not_hauling
        PASS [   0.003s] (4265/4413) trawl-web-ui::bin/trawl-web-ui search_status::tests::a_failed_stream_in_live_is_an_error
        PASS [   0.003s] (4266/4413) trawl-web-ui::bin/trawl-web-ui search_status::tests::a_healthy_stream_is_live
        PASS [   0.003s] (4267/4413) trawl-web-ui::bin/trawl-web-ui search_status::tests::a_pending_snapshot_underneath_live_does_not_read_hauling
        PASS [   0.003s] (4268/4413) trawl-web-ui::bin/trawl-web-ui search_status::tests::a_pending_snapshot_request_is_hauling
        PASS [   0.003s] (4269/4413) trawl-web-ui::bin/trawl-web-ui search_status::tests::a_stale_snapshot_failure_does_not_reach_the_live_footer
        PASS [   0.003s] (4270/4413) trawl-web-ui::bin/trawl-web-ui search_status::tests::a_stale_stream_failure_does_not_reach_the_snapshot_footer
        PASS [   0.003s] (4271/4413) trawl-web-ui::bin/trawl-web-ui search_status::tests::an_idle_readable_snapshot_page_is_connected
        PASS [   0.003s] (4272/4413) trawl-web-ui::bin/trawl-web-ui search_status::tests::an_unreadable_link_is_connected_even_with_a_failure_on_the_page
        PASS [   0.003s] (4273/4413) trawl-web-ui::bin/trawl-web-ui search_status::tests::every_count_source_renders_its_own_label
        PASS [   0.003s] (4274/4413) trawl-web-ui::bin/trawl-web-ui search_url::tests::a_carried_value_survives_the_browser_unchanged
        PASS [   0.003s] (4275/4413) trawl-web-ui::bin/trawl-web-ui search_url::tests::a_duplicated_key_reads_as_its_first_value
        PASS [   0.004s] (4276/4413) trawl-web-ui::bin/trawl-web-ui search_url::tests::a_dense_array_shaped_payload_inside_the_raw_cap_is_malformed
        PASS [   0.003s] (4277/4413) trawl-web-ui::bin/trawl-web-ui search_url::tests::a_field_the_dsl_cannot_spell_fails_the_whole_parameter
        PASS [   0.003s] (4278/4413) trawl-web-ui::bin/trawl-web-ui search_url::tests::a_link_past_the_pair_cap_is_refused_whole
        PASS [   0.003s] (4279/4413) trawl-web-ui::bin/trawl-web-ui search_url::tests::a_live_url_carries_mode_and_no_page
        PASS [   0.003s] (4280/4413) trawl-web-ui::bin/trawl-web-ui search_url::tests::a_malformed_versioned_payload_is_not_zero_filters
        PASS [   0.003s] (4281/4413) trawl-web-ui::bin/trawl-web-ui search_url::tests::a_page_past_the_parse_reads_as_zero_and_one_past_the_offset_is_malformed
        PASS [   0.003s] (4282/4413) trawl-web-ui::bin/trawl-web-ui search_url::tests::a_page_repair_writes_page_zero_where_the_page_was
        PASS [   0.003s] (4283/4413) trawl-web-ui::bin/trawl-web-ui search_url::tests::a_percent_in_the_query_text_survives_exactly_one_decode
        PASS [   0.003s] (4284/4413) trawl-web-ui::bin/trawl-web-ui search_url::tests::a_quick_range_that_is_not_the_default_is_written
        PASS [   0.003s] (4285/4413) trawl-web-ui::bin/trawl-web-ui search_url::tests::a_raw_search_string_gives_the_verdicts_the_decoders_give
        PASS [   0.003s] (4286/4413) trawl-web-ui::bin/trawl-web-ui search_url::tests::a_readable_page_is_itself
        PASS [   0.003s] (4287/4413) trawl-web-ui::bin/trawl-web-ui search_url::tests::a_refusal_names_the_limit_it_hit
        PASS [   0.004s] (4288/4413) trawl-web-ui::bin/trawl-web-ui search_url::tests::a_refused_value_is_not_retained_past_the_display_window
        PASS [   0.003s] (4289/4413) trawl-web-ui::bin/trawl-web-ui search_url::tests::a_repair_replaces_only_the_parameter_it_names
        PASS [   0.003s] (4290/4413) trawl-web-ui::bin/trawl-web-ui search_url::tests::a_repaired_url_no_longer_names_the_parameter_it_repaired
        PASS [   0.005s] (4291/4413) trawl-web-ui::bin/trawl-web-ui search_url::tests::a_repair_that_cannot_be_admitted_degrades_to_starting_over
        PASS [   0.003s] (4292/4413) trawl-web-ui::bin/trawl-web-ui search_url::tests::a_reversed_range_is_malformed
        PASS [   0.003s] (4293/4413) trawl-web-ui::bin/trawl-web-ui search_url::tests::a_snapshot_url_carries_page_and_elides_the_default_range
        PASS [   0.005s] (4294/4413) trawl-web-ui::bin/trawl-web-ui search_url::tests::a_search_string_over_the_bound_is_one_verdict_and_nothing_else
        PASS [   0.003s] (4295/4413) trawl-web-ui::bin/trawl-web-ui search_url::tests::a_value_decodes_by_the_form_urlencoded_rules
        PASS [   0.003s] (4296/4413) trawl-web-ui::bin/trawl-web-ui search_url::tests::an_absent_or_empty_f_is_absent
        PASS [   0.003s] (4297/4413) trawl-web-ui::bin/trawl-web-ui search_url::tests::an_absolute_range_round_trips_readably
        PASS [   0.003s] (4298/4413) trawl-web-ui::bin/trawl-web-ui search_url::tests::an_already_encoded_value_is_encoded_again
        PASS [   0.003s] (4299/4413) trawl-web-ui::bin/trawl-web-ui search_url::tests::an_empty_or_blank_query_never_executes
        PASS [   0.003s] (4300/4413) trawl-web-ui::bin/trawl-web-ui search_url::tests::an_empty_r_is_absent
        PASS [   0.003s] (4301/4413) trawl-web-ui::bin/trawl-web-ui search_url::tests::an_offset_bearing_bound_is_normalized_on_write
        PASS [   0.003s] (4302/4413) trawl-web-ui::bin/trawl-web-ui search_url::tests::an_oversized_range_never_reaches_the_parser
        PASS [   0.003s] (4303/4413) trawl-web-ui::bin/trawl-web-ui search_url::tests::an_unreadable_page_is_page_zero
        PASS [   0.003s] (4304/4413) trawl-web-ui::bin/trawl-web-ui search_url::tests::an_unwritable_record_fails_the_whole_parameter
        PASS [   0.003s] (4305/4413) trawl-web-ui::bin/trawl-web-ui search_url::tests::dialog_range_admission_keeps_app_policy_and_canonical_bounds
        PASS [   0.004s] (4306/4413) trawl-web-ui::bin/trawl-web-ui search_url::tests::empty_pairs_neither_bypass_the_cap_nor_count_against_it
        PASS [   0.003s] (4307/4413) trawl-web-ui::bin/trawl-web-ui search_url::tests::every_quick_label_round_trips
        PASS [   0.003s] (4308/4413) trawl-web-ui::bin/trawl-web-ui search_url::tests::filters_and_a_non_default_range_are_written_raw
        PASS [   0.003s] (4309/4413) trawl-web-ui::bin/trawl-web-ui search_url::tests::filters_round_trip_through_the_versioned_payload
        PASS [   0.003s] (4310/4413) trawl-web-ui::bin/trawl-web-ui search_url::tests::history_page_uses_single_decode_and_checked_offset
        PASS [   0.003s] (4311/4413) trawl-web-ui::bin/trawl-web-ui search_url::tests::multibyte_strings_encode_per_utf8_byte
        PASS [   0.003s] (4312/4413) trawl-web-ui::bin/trawl-web-ui search_url::tests::only_the_canonical_instant_spelling_reads
        PASS [   0.003s] (4313/4413) trawl-web-ui::bin/trawl-web-ui search_url::tests::now_is_allowed_on_the_right_only
        PASS [   0.003s] (4314/4413) trawl-web-ui::bin/trawl-web-ui search_url::tests::only_the_known_parameters_are_read
        PASS [   0.003s] (4315/4413) trawl-web-ui::bin/trawl-web-ui search_url::tests::the_banner_names_the_parameter_and_truncates_the_raw_value
        PASS [   0.005s] (4316/4413) trawl-web-ui::bin/trawl-web-ui search_url::tests::the_boundary_holds_for_the_character_the_browser_re_encodes
        PASS [   0.004s] (4317/4413) trawl-web-ui::bin/trawl-web-ui search_url::tests::the_field_and_value_caps_are_inclusive
        PASS [   0.004s] (4318/4413) trawl-web-ui::bin/trawl-web-ui search_url::tests::the_filter_count_cap_is_inclusive
        PASS [   0.003s] (4319/4413) trawl-web-ui::bin/trawl-web-ui search_url::tests::the_legacy_plain_text_form_is_malformed
        PASS [   0.003s] (4320/4413) trawl-web-ui::bin/trawl-web-ui search_url::tests::the_offset_ceiling_is_the_same_on_every_target
        PASS [   0.003s] (4321/4413) trawl-web-ui::bin/trawl-web-ui search_url::tests::the_pair_split_follows_url_search_params
        PASS [   0.004s] (4322/4413) trawl-web-ui::bin/trawl-web-ui search_url::tests::the_producer_and_the_reader_share_one_boundary
        PASS [   0.004s] (4323/4413) trawl-web-ui::bin/trawl-web-ui search_url::tests::the_producer_refuses_a_link_the_reader_would_refuse
        PASS [   0.007s] (4324/4413) trawl-web-ui::bin/trawl-web-ui search_url::tests::the_producer_admits_exactly_what_the_reader_reads
        PASS [   0.003s] (4325/4413) trawl-web-ui::bin/trawl-web-ui search_url::tests::the_raw_payload_cap_is_checked_before_decoding
        PASS [   0.003s] (4326/4413) trawl-web-ui::bin/trawl-web-ui search_url::tests::the_reserved_set_encodes_to_the_pinned_literal
        PASS [   0.003s] (4327/4413) trawl-web-ui::bin/trawl-web-ui search_url::tests::the_retired_abs_form_is_just_unreadable
        PASS [   0.003s] (4328/4413) trawl-web-ui::bin/trawl-web-ui search_url::tests::the_search_length_bound_is_inclusive
        PASS [   0.003s] (4329/4413) trawl-web-ui::bin/trawl-web-ui service_card_fmt::tests::avg_cov_permille_averages_columns
        PASS [   0.003s] (4330/4413) trawl-web-ui::bin/trawl-web-ui service_card_fmt::tests::cov_pct_handles_zero_total
        PASS [   0.003s] (4331/4413) trawl-web-ui::bin/trawl-web-ui service_card_fmt::tests::degraded_reads_only_the_server_stamped_list
        PASS [   0.003s] (4332/4413) trawl-web-ui::bin/trawl-web-ui service_card_fmt::tests::format_bytes_compacts
        PASS [   0.003s] (4333/4413) trawl-web-ui::bin/trawl-web-ui service_card_fmt::tests::format_count_compacts
        PASS [   0.003s] (4334/4413) trawl-web-ui::bin/trawl-web-ui service_card_fmt::tests::format_exact_groups_every_digit
        PASS [   0.003s] (4335/4413) trawl-web-ui::bin/trawl-web-ui service_card_fmt::tests::format_uptime_picks_two_largest_units
        PASS [   0.003s] (4336/4413) trawl-web-ui::bin/trawl-web-ui service_card_fmt::tests::type_pill_maps_known_types
        PASS [   0.003s] (4337/4413) trawl-web-ui::bin/trawl-web-ui severity_cell::tests::a_severity_cell_colors_by_band
        PASS [   0.003s] (4338/4413) trawl-web-ui::bin/trawl-web-ui severity_cell::tests::a_severity_cell_renders_its_otel_short_name
        PASS [   0.003s] (4339/4413) trawl-web-ui::bin/trawl-web-ui severity_cell::tests::a_string_severity_reads_through_the_same_ladder
        PASS [   0.003s] (4340/4413) trawl-web-ui::bin/trawl-web-ui severity_cell::tests::an_integer_severity_reads_the_ladder_and_nothing_else
        PASS [   0.003s] (4341/4413) trawl-web-ui::bin/trawl-web-ui severity_cell::tests::declared_severity_columns_join_the_name_keyed_one
        PASS [   0.003s] (4342/4413) trawl-web-ui::bin/trawl-web-ui severity_cell::tests::error_bucketing_keys_off_the_derived_slot_alone
        PASS [   0.003s] (4343/4413) trawl-web-ui::bin/trawl-web-ui severity_cell::tests::presentation_binds_the_derived_column_alone
        PASS [   0.003s] (4344/4413) trawl-web-ui::bin/trawl-web-ui sort_label::tests::arrow_points_the_way_the_name_says
        PASS [   0.003s] (4345/4413) trawl-web-ui::bin/trawl-web-ui sort_label::tests::every_direction_gets_a_distinct_name
        PASS [   0.003s] (4346/4413) trawl-web-ui::bin/trawl-web-ui sort_label::tests::name_carries_the_direction_only_when_sorted
        PASS [   0.003s] (4347/4413) trawl-web-ui::bin/trawl-web-ui state::section::tests::every_mode_has_a_non_empty_rail_with_a_valid_default
        PASS [   0.003s] (4348/4413) trawl-web-ui::bin/trawl-web-ui tone_vocab::tests::run_status_tone_maps_every_arm
        PASS [   0.003s] (4349/4413) trawl-web-ui::bin/trawl-web-ui tone_vocab::tests::run_status_tone_unknown_falls_back_to_neutral
        PASS [   0.008s] (4350/4413) xtask::bin/xtask ingest_fuzz::tests::a_profile_only_shapes_the_mutate_phase
        PASS [   0.009s] (4351/4413) xtask::bin/xtask ingest_fuzz::tests::every_phase_is_valid_json_objects_only
        PASS [   0.003s] (4352/4413) xtask::bin/xtask ingest_fuzz::tests::namespace_is_bounded_and_shell_friendly
        PASS [   0.010s] (4353/4413) xtask::bin/xtask ingest_fuzz::tests::every_profile_corpus_probes_the_universal_gates
        PASS [   0.005s] (4354/4413) xtask::bin/xtask ingest_fuzz::tests::output_is_deterministic_and_newline_delimited
        PASS [   0.017s] (4355/4413) xtask::bin/xtask ingest_fuzz::tests::every_profile_corpus_is_deterministic_and_distinct
        PASS [   0.003s] (4356/4413) xtask::bin/xtask ingest_fuzz::tests::pin_phase_straddles_the_ladder_threshold_exactly
        PASS [   0.005s] (4357/4413) xtask::bin/xtask ingest_fuzz::tests::seed_changes_names_and_mutations
        PASS [   0.004s] (4358/4413) xtask::bin/xtask ingest_fuzz::tests::the_trawld_corpus_collides_with_every_asserted_slot
        PASS [   0.008s] (4359/4413) xtask::bin/xtask ingest_fuzz::tests::the_syslog_corpus_carries_the_parse_artifacts_the_listener_publishes
        PASS [   0.003s] (4360/4413) xtask::bin/xtask pg_admission::tests::a_bodyless_cfg_test_item_does_not_eat_the_next_span
        PASS [   0.003s] (4361/4413) xtask::bin/xtask pg_admission::tests::a_cfg_alternated_mounting_keeps_the_test_scoped_scan
        PASS [   0.008s] (4362/4413) xtask::bin/xtask pg_admission::tests::a_bins_pg_test_is_charged_to_the_bin_not_the_lib
        PASS [   0.003s] (4363/4413) xtask::bin/xtask pg_admission::tests::a_cfg_attr_expanding_to_cfg_test_opens_a_span
        PASS [   0.003s] (4364/4413) xtask::bin/xtask pg_admission::tests::a_cfg_attr_wrapped_ignore_does_not_drop_the_test
        PASS [   0.003s] (4365/4413) xtask::bin/xtask pg_admission::tests::a_cfg_attr_wrapped_sqlx_test_still_counts
        PASS [   0.003s] (4366/4413) xtask::bin/xtask pg_admission::tests::a_cfg_test_fn_is_scanned_like_a_cfg_test_mod
        PASS [   0.003s] (4367/4413) xtask::bin/xtask pg_admission::tests::a_connection_inside_a_cfg_test_module_is_evidence
        PASS [   0.003s] (4368/4413) xtask::bin/xtask pg_admission::tests::a_const_generic_brace_is_not_the_body
        PASS [   0.003s] (4369/4413) xtask::bin/xtask pg_admission::tests::a_feature_named_test_does_not_open_a_span
        PASS [   0.003s] (4370/4413) xtask::bin/xtask pg_admission::tests::a_file_aliased_into_another_targets_directory_is_still_scanned
        PASS [   0.003s] (4371/4413) xtask::bin/xtask pg_admission::tests::a_file_mounted_under_two_module_names_derives_both
        PASS [   0.003s] (4372/4413) xtask::bin/xtask pg_admission::tests::a_files_path_gives_its_module_prefix
        PASS [   0.003s] (4373/4413) xtask::bin/xtask pg_admission::tests::a_lazy_static_pool_is_covered_by_its_own_span
        PASS [   0.003s] (4374/4413) xtask::bin/xtask pg_admission::tests::a_named_only_target_is_still_checked_per_test
        PASS [   0.003s] (4375/4413) xtask::bin/xtask pg_admission::tests::a_non_ascii_module_name_opens_no_span
        PASS [   0.003s] (4376/4413) xtask::bin/xtask pg_admission::tests::a_non_ascii_test_fn_is_collected_without_a_name
        PASS [   0.003s] (4377/4413) xtask::bin/xtask pg_admission::tests::a_raw_connection_call_is_evidence_but_prose_is_not
        PASS [   0.003s] (4378/4413) xtask::bin/xtask pg_admission::tests::a_raw_identifier_module_name_still_opens_a_span
        PASS [   0.003s] (4379/4413) xtask::bin/xtask pg_admission::tests::a_same_named_test_in_another_module_does_not_satisfy_this_one
        PASS [   0.003s] (4380/4413) xtask::bin/xtask pg_admission::tests::a_signature_separator_does_not_lose_the_cfg_test_span
        PASS [   0.003s] (4381/4413) xtask::bin/xtask pg_admission::tests::a_symlink_cycle_terminates_and_every_alias_is_collected
        PASS [   0.003s] (4382/4413) xtask::bin/xtask pg_admission::tests::a_test_fn_inside_a_cfg_test_region_is_not_a_second_span
        PASS [   0.003s] (4383/4413) xtask::bin/xtask pg_admission::tests::a_test_fn_outside_any_cfg_test_region_is_scanned
        PASS [   0.003s] (4384/4413) xtask::bin/xtask pg_admission::tests::an_attribute_block_carries_across_blank_lines_and_docs
        PASS [   0.003s] (4385/4413) xtask::bin/xtask pg_admission::tests::an_ignore_inside_a_block_comment_is_not_an_attribute
        PASS [   0.003s] (4386/4413) xtask::bin/xtask pg_admission::tests::an_ignored_sqlx_test_is_not_collected
        PASS [   0.003s] (4387/4413) xtask::bin/xtask pg_admission::tests::an_ignored_test_in_a_connecting_span_is_not_named
        PASS [   0.003s] (4388/4413) xtask::bin/xtask pg_admission::tests::an_initializer_with_two_brace_groups_is_covered_whole
        PASS [   0.003s] (4389/4413) xtask::bin/xtask pg_admission::tests::an_inner_cfg_test_attribute_opens_the_module_body_as_a_span
        PASS [   0.003s] (4390/4413) xtask::bin/xtask pg_admission::tests::an_integration_root_follows_every_module_it_declares
        PASS [   0.003s] (4391/4413) xtask::bin/xtask pg_admission::tests::an_out_of_line_cfg_test_module_is_scanned_whole
        PASS [   0.003s] (4392/4413) xtask::bin/xtask pg_admission::tests::an_out_of_line_module_inside_an_inline_test_mod_is_followed
        PASS [   0.003s] (4393/4413) xtask::bin/xtask pg_admission::tests::an_out_of_line_module_resolves_mod_rs_and_path_overrides
        PASS [   0.003s] (4394/4413) xtask::bin/xtask pg_admission::tests::an_unreadable_directory_fails_the_walk_instead_of_reading_as_empty
        PASS [   0.003s] (4395/4413) xtask::bin/xtask pg_admission::tests::an_unresolvable_module_declaration_is_a_loud_error
        PASS [   0.003s] (4396/4413) xtask::bin/xtask pg_admission::tests::blanking_preserves_length_and_line_numbers
        PASS [   0.003s] (4397/4413) xtask::bin/xtask pg_admission::tests::every_cfg_test_span_is_scanned
        PASS [   0.003s] (4398/4413) xtask::bin/xtask pg_admission::tests::every_visibility_and_modifier_ordering_names_its_fn
        PASS [   0.003s] (4399/4413) xtask::bin/xtask pg_admission::tests::nested_braces_and_a_brace_in_a_string_do_not_end_the_region
        PASS [   0.003s] (4400/4413) xtask::bin/xtask pg_admission::tests::production_code_outside_cfg_test_is_not_evidence
        PASS [   0.003s] (4401/4413) xtask::bin/xtask pg_admission::tests::prose_about_sqlx_test_is_not_evidence
        PASS [   0.003s] (4402/4413) xtask::bin/xtask pg_admission::tests::same_named_tests_in_two_files_derive_two_different_names
        PASS [   0.003s] (4403/4413) xtask::bin/xtask pg_admission::tests::target_evidence_dominates_the_named_tests_beside_it
        PASS [   0.003s] (4404/4413) xtask::bin/xtask pg_admission::tests::the_attribute_block_stops_at_the_fn_it_attributes
        PASS [   0.003s] (4405/4413) xtask::bin/xtask pg_admission::tests::the_attribute_names_the_test_beneath_it
        PASS [   0.003s] (4406/4413) xtask::bin/xtask pg_admission::tests::two_connecting_spans_are_two_findings
        PASS [   0.003s] (4407/4413) xtask::bin/xtask tests::append_extension_keeps_the_original_extension
        PASS [   0.029s] (4408/4413) xtask::bin/xtask tests::compression_is_deterministic_and_smaller_for_wasm_like_input
        PASS [   0.763s] (4409/4413) trawl-server::timestamp_repair offset_timestamp_canonicalized_to_utc_instant
        PASS [   0.933s] (4410/4413) trawl-server::timestamp_repair trigger_variants_survive_ingest_compact_query
        PASS [   0.507s] (4411/4413) trawl-web-ui::bin/trawl-web-ui search_url::tests::every_byte_a_string_can_carry_encodes_as_the_browser_would
        PASS [   5.643s] (4412/4413) trawl-server::store_pg window_check_constraints_reject_partial_shapes
        PASS [   8.314s] (4413/4413) trawl-server::store_pg window_shape_rejects_null_kind_with_span
────────────
     Summary [ 141.968s] 4413 tests run: 4413 passed, 14 skipped
