warning: ignoring `resolver.incompatible-publish-age` without `-Zmin-publish-age`
warning: ignoring `registry.global-min-publish-age` without `-Zmin-publish-age`
warning: ignoring `resolver.incompatible-publish-age` without `-Zmin-publish-age`
warning: ignoring `registry.global-min-publish-age` without `-Zmin-publish-age`
   Compiling hyper v1.11.0
   Compiling sqlx-postgres v0.9.0
   Compiling trawl-core v0.4.0 (/home/jakub/code/trawl/.worktrees/launch-readiness/crates/trawl-core)
   Compiling trawl-web v0.4.0 (/home/jakub/code/trawl/.worktrees/launch-readiness/crates/trawl-web)
   Compiling deadpool v0.12.3
   Compiling trawl-engine v0.4.0 (/home/jakub/code/trawl/.worktrees/launch-readiness/crates/trawl-engine)
   Compiling hyper-util v0.1.20
   Compiling axum v0.8.9
   Compiling hyper-rustls v0.27.9
   Compiling metrics-exporter-prometheus v0.18.3
   Compiling wiremock v0.6.5
   Compiling reqwest v0.13.4
   Compiling sqlx v0.9.0
   Compiling trawl-client v0.4.0 (/home/jakub/code/trawl/.worktrees/launch-readiness/crates/trawl-client)
   Compiling trawl-cli v0.4.0 (/home/jakub/code/trawl/.worktrees/launch-readiness/crates/trawl-cli)
   Compiling fleet-auth v0.4.0 (/home/jakub/code/trawl/.worktrees/launch-readiness/crates/fleet-auth)
   Compiling trawl-server v0.4.0 (/home/jakub/code/trawl/.worktrees/launch-readiness/crates/trawl-server)
    Finished `test` profile [unoptimized + debuginfo] target(s) in 29.87s
────────────
 Nextest run ID abf94932-a129-499e-beab-49a4860653c5 with nextest profile: default
    Starting 2089 tests across 46 binaries (11 tests and 3 binaries skipped)
        PASS [   0.003s] (   1/2089) fleet-auth middleware::tests::extract_bearer_rejects_empty_and_non_bearer
        PASS [   0.003s] (   2/2089) fleet-auth middleware::tests::extract_bearer_case_insensitive
        PASS [   0.003s] (   3/2089) fleet-auth middleware::tests::find_cookie_handles_whitespace
        PASS [   0.003s] (   4/2089) fleet-auth cache::tests::build_is_deterministic
        PASS [   0.003s] (   5/2089) fleet-auth cache::tests::different_stored_hash_invalidates
        PASS [   0.003s] (   6/2089) fleet-auth cache::tests::insert_then_contains_hits
        PASS [   0.004s] (   7/2089) fleet-auth cache::tests::different_plaintext_produces_different_key_even_with_same_prefix_and_hash
        PASS [   0.004s] (   8/2089) fleet-auth cache::tests::concurrent_inserts_do_not_panic
        PASS [   0.003s] (   9/2089) fleet-auth middleware::tests::find_cookie_picks_named_pair
        PASS [   0.003s] (  10/2089) fleet-auth middleware::tests::no_grant_response_body_html_escaped_no_set_cookie
        PASS [   0.003s] (  11/2089) fleet-auth middleware::tests::html_escape_handles_specials
        PASS [   0.003s] (  12/2089) fleet-auth origin::tests::a_valid_list_contains_exactly_what_was_configured
        PASS [   0.003s] (  13/2089) fleet-auth origin::tests::a_bad_entry_names_its_index_and_the_operators_text
        PASS [   0.003s] (  14/2089) fleet-auth origin::tests::configured_origins_match_in_every_equivalent_spelling
        PASS [   0.003s] (  15/2089) fleet-auth middleware::tests::unauthorized_json_has_application_json
        PASS [   0.003s] (  16/2089) fleet-auth origin::tests::cross_scheme_cross_port_and_neighbouring_hosts_are_rejected
        PASS [   0.003s] (  17/2089) fleet-auth origin::tests::empty_list_names_the_configuration_knob
        PASS [   0.003s] (  18/2089) fleet-auth origin::tests::display_is_canonical_and_round_trips
        PASS [   0.003s] (  19/2089) fleet-auth origin::tests::ip_literals_normalize_within_a_family_and_never_across_one
        PASS [   0.003s] (  20/2089) fleet-auth origin::tests::entries_that_normalize_identically_are_refused
        PASS [   0.003s] (  21/2089) fleet-auth origin::tests::from_str_is_the_same_door_as_parse
        PASS [   0.003s] (  22/2089) fleet-auth origin::tests::host_charset_rules
        PASS [   0.003s] (  23/2089) fleet-auth origin::tests::opaque_wildcard_and_smuggled_origins_are_refused
        PASS [   0.003s] (  24/2089) fleet-auth origin::tests::oversized_input_is_refused_before_parsing
        PASS [   0.003s] (  25/2089) fleet-auth origin::tests::port_rules
        PASS [   0.003s] (  26/2089) fleet-auth origin::tests::rejection_log_fields_never_echo_a_hostile_header
        PASS [   0.003s] (  27/2089) fleet-auth origin::tests::rejection_log_fields_report_the_normalized_origin_when_it_parsed
        PASS [   0.003s] (  28/2089) fleet-auth session::tests::a_bad_override_entry_names_the_variable_and_the_index
        PASS [   0.003s] (  29/2089) fleet-auth session::tests::clear_cookie_header_matches_session_attributes
        PASS [   0.003s] (  30/2089) fleet-auth session::tests::a_duplicated_override_entry_is_refused
        PASS [   0.004s] (  31/2089) fleet-auth origin::tests::rejection_reasons_are_a_closed_vocabulary
        PASS [   0.004s] (  32/2089) fleet-auth session::tests::distinct_nonces_produce_distinct_ciphertexts
        PASS [   0.003s] (  33/2089) fleet-auth session::tests::expired_detected
        PASS [   0.003s] (  34/2089) fleet-auth session::tests::fleet_session_runtime_environment_names_are_frozen
        PASS [   0.003s] (  35/2089) fleet-auth session::tests::encrypt_decrypt_round_trip
        PASS [   0.003s] (  36/2089) fleet-auth session::tests::invalid_runtime_values_fail_closed
        PASS [   0.003s] (  37/2089) fleet-auth session::tests::garbage_cookie_rejected
        PASS [   0.003s] (  38/2089) fleet-auth session::tests::key_from_base64_round_trip
        PASS [   0.004s] (  39/2089) fleet-auth session::tests::key_from_base64_accepts_all_four_flavors
        PASS [   0.003s] (  40/2089) fleet-auth session::tests::key_from_file_rejects_wrong_length
        PASS [   0.003s] (  41/2089) fleet-auth session::tests::runtime_overrides_parse_the_valid_shapes
        PASS [   0.003s] (  42/2089) fleet-auth session::tests::key_from_file_round_trip
        PASS [   0.003s] (  43/2089) fleet-auth session::tests::payload_serde_drops_no_fields
        PASS [   0.003s] (  44/2089) fleet-auth session::tests::session_config_builder_emits_sso_friendly_defaults
        PASS [   0.003s] (  45/2089) fleet-auth session::tests::session_config_builder_rejects_empty_namespace
        PASS [   0.003s] (  46/2089) fleet-auth session::tests::session_config_builder_requires_public_origins
        PASS [   0.003s] (  47/2089) fleet-auth session::tests::session_config_new_validates_namespace
        PASS [   0.003s] (  48/2089) fleet-auth session::tests::session_config_no_domain_clears_domain_setter
        PASS [   0.003s] (  49/2089) fleet-auth session::tests::session_config_rejects_backslash_protocol_relative_redirect
        PASS [   0.003s] (  50/2089) fleet-auth session::tests::session_config_rejects_empty_cookie_name
        PASS [   0.003s] (  51/2089) fleet-auth session::tests::session_config_rejects_crlf_in_redirect
        PASS [   0.003s] (  52/2089) fleet-auth session::tests::session_config_rejects_protocol_relative_redirect
        PASS [   0.003s] (  53/2089) fleet-auth session::tests::session_config_rejects_relative_redirect
        PASS [   0.003s] (  54/2089) fleet-auth session::tests::session_config_rejects_samesite_none_without_secure
        PASS [   0.003s] (  55/2089) fleet-auth session::tests::session_cookie_header_includes_domain_when_set
        PASS [   0.003s] (  56/2089) fleet-auth session::tests::session_cookie_header_omits_domain_when_none
        PASS [   0.003s] (  57/2089) fleet-auth session::tests::session_cookie_header_respects_strict_same_site
        PASS [   0.003s] (  58/2089) fleet-auth session::tests::session_expiry_serde_is_bare_integer
        PASS [   0.003s] (  59/2089) fleet-auth session::tests::session_expiry_after_duration_saturates
        PASS [   0.003s] (  60/2089) fleet-auth session::tests::tampered_cookie_fails_verification
        PASS [   0.003s] (  61/2089) fleet-auth session::tests::the_public_origins_override_parses_a_comma_separated_list
        PASS [   0.003s] (  62/2089) fleet-auth session::tests::truncated_cookie_rejected
        PASS [   0.003s] (  63/2089) fleet-auth session::tests::to_base64url_roundtrips_through_from_base64
        PASS [   0.003s] (  64/2089) fleet-auth session::tests::wrong_key_fails_verification
        PASS [   0.003s] (  65/2089) fleet-auth token::tests::extract_prefix_missing_flt
        PASS [   0.003s] (  66/2089) fleet-auth token::tests::extract_prefix_too_short
        PASS [   0.003s] (  67/2089) fleet-auth token::tests::extract_prefix_valid
        PASS [   0.003s] (  68/2089) fleet-auth token::tests::generate_token_format
        PASS [   0.003s] (  69/2089) fleet-auth token::tests::generated_token_debug_redacts_plaintext
        PASS [   0.003s] (  70/2089) fleet-auth token::tests::generated_token_prefix_matches_body
        PASS [   0.003s] (  71/2089) fleet-auth token::tests::verify_corrupted_hash_errors
        PASS [   0.003s] (  72/2089) fleet-auth types::tests::created_key_debug_redacts_plaintext
        PASS [   0.003s] (  73/2089) fleet-auth types::tests::from_roles_cross_app_role_grants_in_both_namespaces
        PASS [   0.003s] (  74/2089) fleet-auth types::tests::from_roles_rate_rpm_is_max_across_roles
        PASS [   0.003s] (  75/2089) fleet-auth types::tests::from_roles_unions_overlapping_permissions
        PASS [   0.003s] (  76/2089) fleet-auth types::tests::permissions_for_unknown_app_is_empty
        PASS [   0.003s] (  77/2089) fleet-auth types::tests::principal_kind_rejects_unknown
        PASS [   0.003s] (  78/2089) fleet-auth types::tests::principal_kind_roundtrips
        PASS [   0.003s] (  79/2089) fleet-auth types::tests::roles_display_sorted_with_empty_fallback
        PASS [   0.003s] (  80/2089) fleet-auth types::tests::verified_key_debug_is_bounded_to_identity_and_aggregate_fields
        PASS [   0.003s] (  81/2089) fleet-auth types::tests::verified_key_debug_reports_empty_aggregates
        PASS [   0.003s] (  82/2089) fleet-auth validation::tests::accepts_permission_strings
        PASS [   0.003s] (  83/2089) fleet-auth validation::tests::accepts_role_names_including_converted_legacy_shape
        PASS [   0.003s] (  84/2089) fleet-auth validation::tests::rejects_bad_namespaces
        PASS [   0.003s] (  85/2089) fleet-auth validation::tests::rejects_bad_permission_strings
        PASS [   0.004s] (  86/2089) fleet-auth validation::tests::accepts_well_formed_namespaces
        PASS [   0.003s] (  87/2089) fleet-auth validation::tests::rejects_bad_role_names
        PASS [   0.003s] (  88/2089) fleet-auth validation::tests::rejects_overlong_namespace
        PASS [   0.021s] (  89/2089) fleet-auth token::tests::dummy_hash_exists_and_verifies_false_for_random_input
        PASS [   0.019s] (  90/2089) fleet-auth token::tests::hash_and_verify_roundtrip
        PASS [   0.020s] (  91/2089) fleet-auth token::tests::verify_wrong_token_returns_false
        PASS [   0.039s] (  92/2089) fleet-auth token::tests::ten_thousand_tokens_are_unique
        PASS [   1.091s] (  93/2089) fleet-auth::handlers_pg login_rejects_empty_key
        PASS [   1.137s] (  94/2089) fleet-auth::handlers_pg login_rejects_cross_origin_no_cookie
        PASS [   1.116s] (  95/2089) fleet-auth::handlers_pg login_rejects_the_same_name_over_http
        PASS [   1.142s] (  96/2089) fleet-auth::handlers_pg login_allows_the_configured_origin_with_no_host_header
        PASS [   1.143s] (  97/2089) fleet-auth::handlers_pg login_allows_the_configured_origin
        PASS [   1.137s] (  98/2089) fleet-auth::handlers_pg login_rejects_sibling_under_shared_domain
        PASS [   1.141s] (  99/2089) fleet-auth::handlers_pg login_no_grant_returns_403_no_cookie
        PASS [   1.142s] ( 100/2089) fleet-auth::handlers_pg login_includes_domain_when_configured
        PASS [   0.316s] ( 101/2089) fleet-auth::handlers_pg login_rejects_wrong_key
        PASS [   0.310s] ( 102/2089) fleet-auth::middleware_pg bearer_does_not_enforce_namespace
        PASS [   0.314s] ( 103/2089) fleet-auth::handlers_pg logout_clears_cookie_with_matching_attrs
        PASS [   0.313s] ( 104/2089) fleet-auth::handlers_pg logout_rejects_cross_origin_no_clear
        PASS [   0.315s] ( 105/2089) fleet-auth::handlers_pg login_valid_key_sets_cookie_and_redirects
        PASS [   0.314s] ( 106/2089) fleet-auth::handlers_pg logout_rejects_a_foreign_origin_whatever_the_host_and_forwarding_headers_say
        PASS [   0.313s] ( 107/2089) fleet-auth::handlers_pg logout_requires_no_session
        PASS [   0.315s] ( 108/2089) fleet-auth::handlers_pg logout_allows_absent_origin
        PASS [   0.295s] ( 109/2089) fleet-auth::middleware_pg bearer_invalid_token_returns_401
        PASS [   0.290s] ( 110/2089) fleet-auth::middleware_pg bearer_malformed_scheme_returns_401
        PASS [   0.288s] ( 111/2089) fleet-auth::middleware_pg session_expired_cookie_returns_401_keeps_cookie
        PASS [   0.288s] ( 112/2089) fleet-auth::middleware_pg bearer_missing_header_returns_401
        PASS [   0.289s] ( 113/2089) fleet-auth::middleware_pg session_grant_revoked_during_session_returns_403
        PASS [   0.290s] ( 114/2089) fleet-auth::middleware_pg session_missing_cookie_returns_401
        PASS [   0.289s] ( 115/2089) fleet-auth::middleware_pg session_no_grant_returns_403_html_keeps_cookie
        PASS [   0.290s] ( 116/2089) fleet-auth::middleware_pg bearer_valid_token_sets_extension
        PASS [   0.408s] ( 117/2089) fleet-auth::middleware_pg session_state_rejects_invalid_config
        PASS [   0.431s] ( 118/2089) fleet-auth::migration_pg cases::admission_observes_state_created_while_waiting_for_the_lock
        PASS [   0.433s] ( 119/2089) fleet-auth::migration_pg cases::cancelled_lock_wait_does_not_recycle_a_locked_connection
        PASS [   0.436s] ( 120/2089) fleet-auth::middleware_pg session_valid_cookie_sets_extension
        PASS [   0.474s] ( 121/2089) fleet-auth::middleware_pg session_revoked_key_returns_401
        PASS [   0.434s] ( 122/2089) fleet-auth::migration_pg cases::fresh_restart_preserves_history_and_forward_migrations_work
        PASS [   0.436s] ( 123/2089) fleet-auth::middleware_pg session_tampered_cookie_returns_401
        PASS [   0.435s] ( 124/2089) fleet-auth::migration_pg cases::current_checksums_dirty_and_unknown_versions_stay_distinct
        PASS [   0.004s] ( 125/2089) fleet-auth::no_forwarded_trust documented_non_goals_are_not_detected
        PASS [   0.003s] ( 126/2089) fleet-auth::no_forwarded_trust the_scan_catches_every_shape_a_reintroduction_takes
        PASS [   0.003s] ( 127/2089) fleet-auth::no_forwarded_trust the_scan_reaches_a_nested_module
        PASS [   0.009s] ( 128/2089) fleet-auth::no_forwarded_trust no_source_file_reads_a_host_or_forwarding_header
        PASS [   0.003s] ( 129/2089) fleet-auth::origin_guard_truth_table a_foreign_origin_logs_its_normalized_text
        PASS [   0.003s] ( 130/2089) fleet-auth::origin_guard_truth_table a_hostile_origin_header_never_reaches_the_log
        PASS [   0.003s] ( 131/2089) fleet-auth::origin_guard_truth_table a_non_utf8_origin_is_rejected
        PASS [   0.003s] ( 132/2089) fleet-auth::origin_guard_truth_table an_absent_origin_is_allowed
        PASS [   0.003s] ( 133/2089) fleet-auth::origin_guard_truth_table an_allowed_origin_logs_nothing
        PASS [   0.004s] ( 134/2089) fleet-auth::origin_guard_truth_table every_rejection_reason_is_from_the_closed_vocabulary
        PASS [   0.003s] ( 135/2089) fleet-auth::origin_guard_truth_table forwarding_headers_and_host_change_no_verdict
        PASS [   0.003s] ( 136/2089) fleet-auth::origin_guard_truth_table the_guard_answers_the_truth_table
        PASS [   0.003s] ( 137/2089) fleet-auth::origin_guard_truth_table two_origin_headers_are_rejected_even_when_identical
        PASS [   0.003s] ( 138/2089) fleet-auth::origin_parity a_bad_entry_is_reported_at_its_own_index
        PASS [   0.003s] ( 139/2089) fleet-auth::origin_parity a_configured_entry_matches_every_equivalent_header_spelling
        PASS [   0.003s] ( 140/2089) fleet-auth::origin_parity a_rooted_host_is_one_spelling_through_both_doors
        PASS [   0.003s] ( 141/2089) fleet-auth::origin_parity both_doors_refuse_the_same_inputs_for_the_same_reason
        PASS [   0.003s] ( 142/2089) fleet-auth::origin_parity distinct_origins_stay_distinct_through_both_doors
        PASS [   0.003s] ( 143/2089) fleet-auth::origin_parity the_canonical_form_round_trips_through_the_parser
        PASS [   0.498s] ( 144/2089) fleet-auth::migration_pg fresh_registry_grants_nothing
        PASS [   0.554s] ( 145/2089) fleet-auth::migration_pg runtime_validation_is_read_only_and_requires_current_history
        PASS [   0.559s] ( 146/2089) fleet-auth::migration_pg cases::old_histories_are_refused_without_changes_and_release_locks
        PASS [   0.555s] ( 147/2089) fleet-auth::migration_pg cases::untracked_objects_are_refused_without_creating_history
        PASS [   0.519s] ( 148/2089) fleet-auth::store_pg assign_and_unassign_role_roundtrip
        PASS [   0.582s] ( 149/2089) fleet-auth::migration_pg cases::initial_schema_matches_final_old_catalog
        PASS [   0.521s] ( 150/2089) fleet-auth::store_pg add_and_remove_role_permissions_reflected_on_next_verify
        PASS [   0.555s] ( 151/2089) fleet-auth::migration_pg runtime_connect_rejects_old_and_invalid_histories_without_writes
        PASS [   0.004s] ( 152/2089) fleet-auth::store_pg connect_malformed_url_errors
        PASS [   0.004s] ( 153/2089) fleet-auth::store_pg connect_unreachable_endpoint_errors
        PASS [   0.410s] ( 154/2089) fleet-auth::store_pg assign_rejects_duplicate_role
        PASS [   0.391s] ( 155/2089) fleet-auth::store_pg concurrent_duplicate_role_assignment_has_one_winner
        PASS [   0.392s] ( 156/2089) fleet-auth::store_pg cache_hit_skips_kdf_but_updates_last_used
        PASS [   0.392s] ( 157/2089) fleet-auth::store_pg concurrent_distinct_role_assignments_both_persist
        PASS [   0.393s] ( 158/2089) fleet-auth::store_pg assign_unknown_role_is_role_not_found
        PASS [   0.383s] ( 159/2089) fleet-auth::store_pg create_and_verify_roundtrip
        PASS [   0.393s] ( 160/2089) fleet-auth::store_pg connect_and_ping_via_url
        PASS [   0.394s] ( 161/2089) fleet-auth::store_pg concurrent_verifies_all_succeed
        PASS [   0.288s] ( 162/2089) fleet-auth::store_pg create_key_with_expiry_in_future
        PASS [   0.291s] ( 163/2089) fleet-auth::store_pg create_role_rejects_bad_shapes
        PASS [   0.292s] ( 164/2089) fleet-auth::store_pg create_role_roundtrip_with_rate_rpm
        PASS [   0.294s] ( 165/2089) fleet-auth::store_pg create_key_with_unknown_role_is_role_not_found
        PASS [   0.292s] ( 166/2089) fleet-auth::store_pg delete_role_refuses_while_assigned_unless_forced
        PASS [   0.291s] ( 167/2089) fleet-auth::store_pg delete_unassigned_role_succeeds_without_force
        PASS [   0.293s] ( 168/2089) fleet-auth::store_pg cross_app_role_grants_in_both_namespaces
        PASS [   0.294s] ( 169/2089) fleet-auth::store_pg create_role_duplicate_name_is_role_exists
        PASS [   0.369s] ( 170/2089) fleet-auth::store_pg double_revoke_errors_with_kindly_message
        PASS [   0.376s] ( 171/2089) fleet-auth::store_pg duplicate_role_in_batch_rejected
        PASS [   0.375s] ( 172/2089) fleet-auth::store_pg list_keys_active_only_filters
        PASS [   0.376s] ( 173/2089) fleet-auth::store_pg get_role_unknown_is_role_not_found
        PASS [   0.375s] ( 174/2089) fleet-auth::store_pg is_known_permission_reads_the_registry
        PASS [   0.376s] ( 175/2089) fleet-auth::store_pg empty_roles_create_then_verify
        PASS [   0.376s] ( 176/2089) fleet-auth::store_pg expired_active_key_still_accepts_role_mutations
        PASS [   0.499s] ( 177/2089) fleet-auth::store_pg expired_key_fails_verify
        PASS [   0.483s] ( 178/2089) fleet-auth::store_pg list_roles_ordered_with_bundles
        PASS [   0.469s] ( 179/2089) fleet-auth::store_pg live_key_by_id_revoked_is_none
        PASS [   0.469s] ( 180/2089) fleet-auth::store_pg live_key_by_id_expired_is_none
        PASS [   0.469s] ( 181/2089) fleet-auth::store_pg live_key_by_id_unknown_is_none
        PASS [   0.470s] ( 182/2089) fleet-auth::store_pg malformed_token_rejected
        PASS [   0.471s] ( 183/2089) fleet-auth::store_pg live_key_by_id_reflects_role_changes
        PASS [   0.347s] ( 184/2089) fleet-auth::store_pg multi_role_key_resolves_the_union
        PASS [   0.472s] ( 185/2089) fleet-auth::store_pg live_key_by_id_active
        PASS [   0.304s] ( 186/2089) fleet-auth::store_pg ping_succeeds
        PASS [   0.327s] ( 187/2089) fleet-auth::store_pg role_mutations_reject_revoked_key_without_state_or_success_event
        PASS [   0.330s] ( 188/2089) fleet-auth::store_pg role_mutations_reject_out_of_band_inactive_key_without_state_or_success_event
        PASS [   0.332s] ( 189/2089) fleet-auth::store_pg revoke_nonexistent_prefix_errors
        PASS [   0.333s] ( 190/2089) fleet-auth::store_pg retype_revoked_key_errors
        PASS [   0.332s] ( 191/2089) fleet-auth::store_pg revoke_waiting_first_refuses_later_assignment
        PASS [   0.334s] ( 192/2089) fleet-auth::store_pg retype_key_succeeds
        PASS [   0.333s] ( 193/2089) fleet-auth::store_pg revoke_blocks_verify_even_with_cache_entry
        PASS [   0.004s] ( 194/2089) fleet-auth::store_pg validation_reexported_works
        PASS [   0.325s] ( 195/2089) fleet-auth::store_pg set_role_rate_rpm_unknown_is_role_not_found
        PASS [   0.020s] ( 196/2089) trawl-cli arg_tests::ack_note_and_clear_are_mutually_exclusive
        PASS [   0.011s] ( 197/2089) trawl-cli arg_tests::repin_ceiling_flags_parse
        PASS [   0.299s] ( 198/2089) fleet-auth::store_pg toctou_revoke_between_select_and_update_rejects
        PASS [   0.298s] ( 199/2089) fleet-auth::store_pg unassign_role_not_held_errors
        PASS [   0.294s] ( 200/2089) fleet-auth::store_pg wrong_token_with_existing_prefix_fails
        PASS [   0.298s] ( 201/2089) fleet-auth::store_pg unassignment_waiting_first_commits_before_later_revoke
        PASS [   0.298s] ( 202/2089) fleet-auth::store_pg verify_nonexistent_prefix_runs_dummy_and_fails
        PASS [   0.299s] ( 203/2089) fleet-auth::store_pg unassign_role_waits_for_key_row_lock
        PASS [   0.304s] ( 204/2089) fleet-auth::store_pg set_role_rate_rpm_updates_in_place_without_touching_assignments
        PASS [   0.011s] ( 205/2089) trawl-cli arg_tests::the_command_tree_is_well_formed
        PASS [   0.009s] ( 206/2089) trawl-cli cli::tests::csv_at_sign_prefixed
        PASS [   0.009s] ( 207/2089) trawl-cli cli::tests::csv_formula_string_prefixed
        PASS [   0.009s] ( 208/2089) trawl-cli cli::tests::csv_negative_number_not_prefixed
        PASS [   0.008s] ( 209/2089) trawl-cli cli::tests::csv_null_empty
        PASS [   0.008s] ( 210/2089) trawl-cli cli::tests::csv_pipe_prefixed
        PASS [   0.011s] ( 211/2089) trawl-cli cli::tests::csv_negative_float_not_prefixed
        PASS [   0.012s] ( 212/2089) trawl-cli cli::tests::a_declared_severity_column_displays_its_token_in_the_table_only
        PASS [   0.009s] ( 213/2089) trawl-cli cli::tests::csv_string_with_comma
        PASS [   0.008s] ( 214/2089) trawl-cli cli::tests::csv_tab_prefixed
        PASS [   0.008s] ( 215/2089) trawl-cli cli::tests::csv_string_with_quotes
        PASS [   0.008s] ( 216/2089) trawl-cli cli::tests::parquet_format_without_output_flag_errors
        PASS [   0.008s] ( 217/2089) trawl-cli cli::tests::the_daemon_note_reaches_the_terminal_and_never_the_deliverable
        PASS [   0.010s] ( 218/2089) trawl-cli cli::tests::the_degraded_footer_is_table_only
        PASS [   0.010s] ( 219/2089) trawl-cli cli::tests::the_embedded_lane_declares_sev_columns_without_a_catalog
        PASS [   0.008s] ( 220/2089) trawl-cli cli::tests::the_severity_column_displays_its_token_in_the_table_only
        PASS [   0.009s] ( 221/2089) trawl-cli config::tests::apply_overrides_updates_config
        PASS [   0.008s] ( 222/2089) trawl-cli config::tests::config_token_is_trimmed
        PASS [   0.009s] ( 223/2089) trawl-cli config::tests::config_token_used_when_no_direct_token
        PASS [   0.008s] ( 224/2089) trawl-cli config::tests::default_config_has_expected_values
        PASS [   0.010s] ( 225/2089) trawl-cli config::tests::direct_token_overrides_config_token
        PASS [   0.008s] ( 226/2089) trawl-cli config::tests::no_token_returns_error
        PASS [   0.011s] ( 227/2089) trawl-cli config::tests::minimal_toml_deserializes_with_defaults
        PASS [   0.011s] ( 228/2089) trawl-cli config::tests::partial_overrides_preserve_defaults
        PASS [   0.009s] ( 229/2089) trawl-cli config::tests::partial_profile_preserves_base
        PASS [   0.009s] ( 230/2089) trawl-cli config::tests::profile_insecure_override
        PASS [   0.009s] ( 231/2089) trawl-cli config::tests::profile_overlays_server_config
        PASS [   0.032s] ( 232/2089) trawl-cli cli::tests::embedded_parquet_export_without_limit_roundtrips
        PASS [   0.009s] ( 233/2089) trawl-cli config::tests::profile_token_overrides_base_token
        PASS [   0.009s] ( 234/2089) trawl-cli config::tests::profiles_toml_round_trips
        PASS [   0.036s] ( 235/2089) trawl-cli cli::tests::embedded_data_glob_still_selects_local_parquet_files
        PASS [   0.009s] ( 236/2089) trawl-cli config::tests::toml_serialization_round_trips
        PASS [   0.009s] ( 237/2089) trawl-cli config::tests::unknown_profile_returns_error
        PASS [   0.009s] ( 238/2089) trawl-cli config::tests::unknown_profile_with_no_profiles
        PASS [   0.008s] ( 239/2089) trawl-cli schema::ack_tests::a_hostile_note_is_sanitised_before_it_reaches_the_terminal
        PASS [   0.008s] ( 240/2089) trawl-cli schema::ack_tests::the_ack_renders_as_one_record_in_every_format
        PASS [   0.008s] ( 241/2089) trawl-cli schema::ack_tests::the_table_field_cell_sanitises_and_the_machine_cell_does_not
        PASS [   0.008s] ( 242/2089) trawl-cli schema::gc_tests::an_executed_run_reports_the_servers_deleted_count
        PASS [   0.008s] ( 243/2089) trawl-cli schema::gc_tests::candidate_rows_carry_every_column
        PASS [   0.008s] ( 244/2089) trawl-cli schema::gc_tests::csv_output_is_one_rectangle
        PASS [   0.008s] ( 245/2089) trawl-cli schema::gc_tests::human_secs_uses_whole_units_only
        PASS [   0.008s] ( 246/2089) trawl-cli schema::gc_tests::json_output_is_one_record_per_candidate
        PASS [   0.008s] ( 247/2089) trawl-cli schema::gc_tests::older_than_takes_the_last_window_grammar
        PASS [   0.008s] ( 248/2089) trawl-cli schema::gc_tests::the_floor_line_says_whether_it_applied
        PASS [   0.008s] ( 249/2089) trawl-cli schema::gc_tests::table_output_carries_the_window_provenance_and_the_count
        PASS [   0.008s] ( 250/2089) trawl-cli schema::repin_tests::a_cancel_receipt_renders_its_verdict_in_every_format
        PASS [   0.008s] ( 251/2089) trawl-cli schema::repin_tests::a_forced_refusal_is_labelled_by_its_ceilings_not_by_the_flag
        PASS [   0.008s] ( 252/2089) trawl-cli schema::repin_tests::a_cancelled_job_row_names_the_asker
        PASS [   0.009s] ( 253/2089) trawl-cli schema::repin_tests::a_forced_run_binds_stated_ceilings_and_previews_for_the_rest
        PASS [   0.008s] ( 254/2089) trawl-cli schema::repin_tests::a_refusal_names_the_remedy_the_operator_has_not_tried
        PASS [   0.008s] ( 255/2089) trawl-cli schema::repin_tests::a_successor_job_on_the_status_surface_is_not_an_answer
        PASS [   0.009s] ( 256/2089) trawl-cli schema::repin_tests::dialect_applies_to_a_severity_target_only
        PASS [   0.009s] ( 257/2089) trawl-cli schema::repin_tests::non_tty_execute_without_yes_refuses
        PASS [   0.008s] ( 258/2089) trawl-cli schema::repin_tests::only_a_finished_repin_exits_zero
        PASS [   0.008s] ( 259/2089) trawl-cli schema::repin_tests::the_case_file_and_the_row_report_the_accepted_ceilings
        PASS [   0.008s] ( 260/2089) trawl-cli schema::repin_tests::repin_job_renders_in_table_json_and_csv
        PASS [   0.008s] ( 261/2089) trawl-cli schema::repin_tests::the_dry_run_transcript_shows_the_plan_the_evidence_and_the_verdict
        PASS [   0.008s] ( 262/2089) trawl-cli schema::repin_tests::the_header_verdict_follows_the_terminal_row
        PASS [   0.008s] ( 263/2089) trawl-cli schema::repin_tests::the_preview_restates_both_accepted_ceilings_or_neither
        PASS [   0.008s] ( 264/2089) trawl-cli schema::repin_tests::the_repin_case_file_states_the_evidence_and_the_discontinuity
        PASS [   0.008s] ( 265/2089) trawl-cli schema::repin_tests::the_repin_row_carries_the_evidence_in_every_machine_format
        PASS [   0.008s] ( 266/2089) trawl-cli schema::tests::a_flag_shaped_field_name_gets_no_command
        PASS [   0.008s] ( 267/2089) trawl-cli schema::tests::a_window_error_names_the_option_that_failed
        PASS [   0.008s] ( 268/2089) trawl-cli schema::tests::a_name_that_cannot_be_printed_gets_no_command
        PASS [   0.007s] ( 269/2089) trawl-cli schema::tests::conflicts_converter_orders_columns
        PASS [   0.007s] ( 270/2089) trawl-cli schema::tests::field_detail_converters_split_services_and_conflicts
        PASS [   0.008s] ( 271/2089) trawl-cli schema::tests::fields_converter_maps_every_aggregate
        PASS [   0.008s] ( 272/2089) trawl-cli schema::tests::fields_to_rows_carries_the_degraded_flag
        PASS [   0.008s] ( 273/2089) trawl-cli schema::tests::parse_last_understands_dsl_units
        PASS [   0.008s] ( 274/2089) trawl-cli schema::tests::seeded_responses_render_populated_output
        PASS [   0.008s] ( 275/2089) trawl-cli schema::tests::shell_quoting_leaves_ordinary_names_bare
        PASS [   0.008s] ( 276/2089) trawl-cli schema::tests::the_case_file_renders_facts_samples_and_the_remedy
        PASS [   0.009s] ( 277/2089) trawl-cli schema::tests::the_remedy_line_quotes_a_hostile_field_name
        PASS [   0.008s] ( 278/2089) trawl-cli tui::autocomplete::tests::a_data_backtick_does_not_capture_the_rest_of_the_line
        PASS [   0.008s] ( 279/2089) trawl-cli tui::autocomplete::tests::byte_offset_at_line_end
        PASS [   0.008s] ( 280/2089) trawl-cli tui::autocomplete::tests::byte_offset_multiline
        PASS [   0.008s] ( 281/2089) trawl-cli tui::autocomplete::tests::byte_offset_single_line
        PASS [   0.008s] ( 282/2089) trawl-cli tui::autocomplete::tests::closed_string_not_inside
        PASS [   0.008s] ( 283/2089) trawl-cli tui::autocomplete::tests::complete_agg_function
        PASS [   0.008s] ( 284/2089) trawl-cli tui::autocomplete::tests::complete_agg_function_avg
        PASS [   0.008s] ( 285/2089) trawl-cli tui::autocomplete::tests::complete_exact_field_no_ghost_with_longer_variant
        PASS [   0.008s] ( 286/2089) trawl-cli tui::autocomplete::tests::complete_exact_match_no_ghost
        PASS [   0.029s] ( 287/2089) trawl-cli schema::tests::describe_data_lists_local_parquet_columns
        PASS [   0.008s] ( 288/2089) trawl-cli tui::autocomplete::tests::complete_field_hostname
        PASS [   0.008s] ( 289/2089) trawl-cli tui::autocomplete::tests::complete_field_after_by
        PASS [   0.008s] ( 290/2089) trawl-cli tui::autocomplete::tests::complete_free_text_before_pipe
        PASS [   0.009s] ( 291/2089) trawl-cli tui::autocomplete::tests::complete_field_needing_backticks_inserts_quoted
        PASS [   0.008s] ( 292/2089) trawl-cli tui::autocomplete::tests::complete_inside_string
        PASS [   0.008s] ( 293/2089) trawl-cli tui::autocomplete::tests::complete_mid_word_suppressed
        PASS [   0.008s] ( 294/2089) trawl-cli tui::autocomplete::tests::complete_now_zero_arg
        PASS [   0.010s] ( 295/2089) trawl-cli tui::autocomplete::tests::complete_no_match
        PASS [   0.008s] ( 296/2089) trawl-cli tui::autocomplete::tests::complete_pipe_stage
        PASS [   0.008s] ( 297/2089) trawl-cli tui::autocomplete::tests::complete_sort_field
        PASS [   0.008s] ( 298/2089) trawl-cli tui::autocomplete::tests::complete_scalar_function_in_let
        PASS [   0.008s] ( 299/2089) trawl-cli tui::autocomplete::tests::complete_where_stage
        PASS [   0.009s] ( 300/2089) trawl-cli tui::autocomplete::tests::completing_an_open_quoted_name_replaces_its_opening_tick
        PASS [   0.008s] ( 301/2089) trawl-cli tui::autocomplete::tests::completion_lengths_are_characters_not_utf8_bytes
        PASS [   0.008s] ( 302/2089) trawl-cli tui::autocomplete::tests::context_after_pipe
        PASS [   0.008s] ( 303/2089) trawl-cli tui::autocomplete::tests::context_after_pipe_with_space
        PASS [   0.008s] ( 304/2089) trawl-cli tui::autocomplete::tests::context_empty_prefix_is_none
        PASS [   0.008s] ( 305/2089) trawl-cli tui::autocomplete::tests::context_function_arg_field
        PASS [   0.010s] ( 306/2089) trawl-cli tui::autocomplete::tests::context_bare_search_text_is_none
        PASS [   0.009s] ( 307/2089) trawl-cli tui::autocomplete::tests::context_eventstats_agg
        PASS [   0.008s] ( 308/2089) trawl-cli tui::autocomplete::tests::context_let_function
        PASS [   0.008s] ( 309/2089) trawl-cli tui::autocomplete::tests::context_inside_string_is_none
        PASS [   0.008s] ( 310/2089) trawl-cli tui::autocomplete::tests::context_stats_by_field
        PASS [   0.010s] ( 311/2089) trawl-cli tui::autocomplete::tests::context_sort_field
        PASS [   0.008s] ( 312/2089) trawl-cli tui::autocomplete::tests::context_stats_function
        PASS [   0.008s] ( 313/2089) trawl-cli tui::autocomplete::tests::context_table_field
        PASS [   0.008s] ( 314/2089) trawl-cli tui::autocomplete::tests::context_where_field
        PASS [   0.010s] ( 315/2089) trawl-cli tui::autocomplete::tests::context_timechart_agg
        PASS [   0.008s] ( 316/2089) trawl-cli tui::autocomplete::tests::inside_double_quote
        PASS [   0.008s] ( 317/2089) trawl-cli tui::autocomplete::tests::inside_regex
        PASS [   0.008s] ( 318/2089) trawl-cli tui::autocomplete::tests::not_inside_string
        PASS [   0.008s] ( 319/2089) trawl-cli tui::autocomplete::tests::past_by_false
        PASS [   0.008s] ( 320/2089) trawl-cli tui::autocomplete::tests::past_by_true
        PASS [   0.008s] ( 321/2089) trawl-cli tui::autocomplete::tests::prefix_match_case_insensitive
        PASS [   0.011s] ( 322/2089) trawl-cli tui::autocomplete::tests::prefix_after_space
        PASS [   0.011s] ( 323/2089) trawl-cli tui::autocomplete::tests::prefix_empty_at_space
        PASS [   0.008s] ( 324/2089) trawl-cli tui::autocomplete::tests::prefix_match_exact_suppresses_longer_variant
        PASS [   0.009s] ( 325/2089) trawl-cli tui::autocomplete::tests::prefix_match_exact_returns_none
        PASS [   0.008s] ( 326/2089) trawl-cli tui::autocomplete::tests::prefix_match_finds_first
        PASS [   0.008s] ( 327/2089) trawl-cli tui::autocomplete::tests::prefix_simple_word
        PASS [   0.008s] ( 328/2089) trawl-cli tui::autocomplete::tests::prefix_underscore
        PASS [   0.008s] ( 329/2089) trawl-cli tui::autocomplete::tests::stage_none_before_pipe
        PASS [   0.008s] ( 330/2089) trawl-cli tui::autocomplete::tests::stage_sort_after_stats
        PASS [   0.008s] ( 331/2089) trawl-cli tui::autocomplete::tests::stage_stats
        PASS [   0.008s] ( 332/2089) trawl-cli tui::autocomplete::tests::unrepresentable_catalog_names_are_not_suggested
        PASS [   0.008s] ( 333/2089) trawl-cli tui::driver::tests::deserialize_capture
        PASS [   0.008s] ( 334/2089) trawl-cli tui::driver::tests::deserialize_execute_custom_timeout
        PASS [   0.008s] ( 335/2089) trawl-cli tui::driver::tests::deserialize_execute_default_timeout
        PASS [   0.008s] ( 336/2089) trawl-cli tui::driver::tests::deserialize_get_results
        PASS [   0.008s] ( 337/2089) trawl-cli tui::driver::tests::deserialize_get_results_no_tab
        PASS [   0.008s] ( 338/2089) trawl-cli tui::driver::tests::deserialize_key
        PASS [   0.008s] ( 339/2089) trawl-cli tui::driver::tests::deserialize_keys
        PASS [   0.008s] ( 340/2089) trawl-cli tui::driver::tests::deserialize_quit
        PASS [   0.008s] ( 341/2089) trawl-cli tui::driver::tests::deserialize_status
        PASS [   0.009s] ( 342/2089) trawl-cli tui::driver::tests::deserialize_set_query
        PASS [   0.008s] ( 343/2089) trawl-cli tui::driver::tests::deserialize_unknown_cmd_is_error
        PASS [   0.008s] ( 344/2089) trawl-cli tui::driver::tests::parse_alt_modifier
        PASS [   0.008s] ( 345/2089) trawl-cli tui::driver::tests::parse_arrow_keys
        PASS [   0.008s] ( 346/2089) trawl-cli tui::driver::tests::parse_backspace_delete
        PASS [   0.008s] ( 347/2089) trawl-cli tui::driver::tests::parse_backtab
        PASS [   0.008s] ( 348/2089) trawl-cli tui::driver::tests::parse_case_insensitive
        PASS [   0.008s] ( 349/2089) trawl-cli tui::driver::tests::parse_ctrl_enter
        PASS [   0.008s] ( 350/2089) trawl-cli tui::driver::tests::parse_ctrl_modifier
        PASS [   0.008s] ( 351/2089) trawl-cli tui::driver::tests::parse_empty_is_error
        PASS [   0.009s] ( 352/2089) trawl-cli tui::driver::tests::parse_enter
        PASS [   0.008s] ( 353/2089) trawl-cli tui::driver::tests::parse_escape
        PASS [   0.007s] ( 354/2089) trawl-cli tui::driver::tests::parse_f5
        PASS [   0.008s] ( 355/2089) trawl-cli tui::driver::tests::parse_function_keys
        PASS [   0.008s] ( 356/2089) trawl-cli tui::driver::tests::parse_home_end
        PASS [   0.007s] ( 357/2089) trawl-cli tui::driver::tests::parse_meta_alias
        PASS [   0.008s] ( 358/2089) trawl-cli tui::driver::tests::parse_multiple_modifiers
        PASS [   0.008s] ( 359/2089) trawl-cli tui::driver::tests::parse_option_alias
        PASS [   0.008s] ( 360/2089) trawl-cli tui::driver::tests::parse_page_keys
        PASS [   0.008s] ( 361/2089) trawl-cli tui::driver::tests::parse_shift_tab
        PASS [   0.008s] ( 362/2089) trawl-cli tui::driver::tests::parse_simple_char
        PASS [   0.008s] ( 363/2089) trawl-cli tui::driver::tests::parse_space
        PASS [   0.008s] ( 364/2089) trawl-cli tui::driver::tests::parse_unknown_key_is_error
        PASS [   0.008s] ( 365/2089) trawl-cli tui::driver::tests::parse_unknown_modifier_is_error
        PASS [   0.008s] ( 366/2089) trawl-cli tui::driver::tests::parse_uppercase_char
        PASS [   0.008s] ( 367/2089) trawl-cli tui::driver::tests::serialize_error_response
        PASS [   0.009s] ( 368/2089) trawl-cli tui::driver::tests::serialize_ok_response
        PASS [   0.008s] ( 369/2089) trawl-cli tui::driver::tests::serialize_ok_with_data_skips_none
        PASS [   0.008s] ( 370/2089) trawl-cli tui::highlight::tests::slashes_are_not_a_comment
        PASS [   0.008s] ( 371/2089) trawl-cli tui::highlight::tests::a_hash_colours_as_a_comment_only_at_a_layout_boundary
        PASS [   0.009s] ( 372/2089) trawl-cli tui::live::tests::no_table_stage_or_unparseable_query_yields_no_order
        PASS [   0.008s] ( 373/2089) trawl-cli tui::live::tests::table_field_names_are_verbatim_and_distinct
        PASS [   0.008s] ( 374/2089) trawl-cli tui::live::tests::table_field_order_follows_the_user
        PASS [   0.008s] ( 375/2089) trawl-cli tui::palette::tests::action_items_always_present
        PASS [   0.008s] ( 376/2089) trawl-cli tui::palette::tests::admin_gets_dashboard_tab
        PASS [   0.008s] ( 377/2089) trawl-cli tui::palette::tests::detail_match_finds_saved_query_by_body
        PASS [   0.008s] ( 378/2089) trawl-cli tui::palette::tests::empty_filter_returns_all
        PASS [   0.008s] ( 379/2089) trawl-cli tui::palette::tests::fuzzy_filter_matches_label
        PASS [   0.008s] ( 380/2089) trawl-cli tui::palette::tests::fuzzy_filter_no_match
        PASS [   0.008s] ( 381/2089) trawl-cli tui::palette::tests::ghost_text_completes_column_name
        PASS [   0.008s] ( 382/2089) trawl-cli tui::palette::tests::ghost_text_empty_input_returns_none
        PASS [   0.008s] ( 383/2089) trawl-cli tui::palette::tests::ghost_text_completes_service_name
        PASS [   0.008s] ( 384/2089) trawl-cli tui::palette::tests::history_dedup
        PASS [   0.008s] ( 385/2089) trawl-cli tui::palette::tests::ghost_text_exact_match_returns_none
        PASS [   0.008s] ( 386/2089) trawl-cli tui::palette::tests::ghost_text_no_match_returns_none
        PASS [   0.008s] ( 387/2089) trawl-cli tui::palette::tests::service_drill_actions_are_valid_dsl_or_absent
        PASS [   0.008s] ( 388/2089) trawl-cli tui::palette::tests::service_drill_builds_column_items
        PASS [   0.008s] ( 389/2089) trawl-cli tui::palette::tests::service_drill_unknown_service_returns_empty
        PASS [   0.008s] ( 390/2089) trawl-cli tui::palette::tests::services_appear_in_palette
        PASS [   0.008s] ( 391/2089) trawl-cli tui::state::tests::common_fields_empty_services
        PASS [   0.008s] ( 392/2089) trawl-cli tui::state::tests::common_fields_threshold_promotes_frequent_fields
        PASS [   0.008s] ( 393/2089) trawl-cli tui::state::tests::common_fields_well_known_always_included
        PASS [   0.008s] ( 394/2089) trawl-cli tui::state::tests::common_fields_well_known_order_preserved
        PASS [   0.008s] ( 395/2089) trawl-cli tui::state::tests::editor_backspace_at_origin_is_noop
        PASS [   0.008s] ( 396/2089) trawl-cli tui::state::tests::editor_backspace_joins_lines
        PASS [   0.008s] ( 397/2089) trawl-cli tui::state::tests::editor_backspace_multibyte
        PASS [   0.008s] ( 398/2089) trawl-cli tui::state::tests::editor_clear
        PASS [   0.008s] ( 399/2089) trawl-cli tui::state::tests::editor_clear_pushes_undo
        PASS [   0.008s] ( 400/2089) trawl-cli tui::state::tests::editor_clear_selection
        PASS [   0.008s] ( 401/2089) trawl-cli tui::state::tests::editor_delete_at_end_is_noop
        PASS [   0.008s] ( 402/2089) trawl-cli tui::state::tests::editor_delete_at_multibyte
        PASS [   0.008s] ( 403/2089) trawl-cli tui::state::tests::editor_delete_joins_lines
        PASS [   0.008s] ( 404/2089) trawl-cli tui::state::tests::editor_delete_selection_multibyte
        PASS [   0.008s] ( 405/2089) trawl-cli tui::state::tests::editor_delete_selection_multiline
        PASS [   0.008s] ( 406/2089) trawl-cli tui::state::tests::editor_delete_selection_single_line
        PASS [   0.008s] ( 407/2089) trawl-cli tui::state::tests::editor_delete_to_line_end
        PASS [   0.008s] ( 408/2089) trawl-cli tui::state::tests::editor_delete_word_after
        PASS [   0.008s] ( 409/2089) trawl-cli tui::state::tests::editor_delete_word_after_at_end
        PASS [   0.009s] ( 410/2089) trawl-cli tui::state::tests::editor_delete_to_line_start
        PASS [   0.009s] ( 411/2089) trawl-cli tui::state::tests::editor_delete_word_before
        PASS [   0.008s] ( 412/2089) trawl-cli tui::state::tests::editor_delete_word_before_at_start
        PASS [   0.008s] ( 413/2089) trawl-cli tui::state::tests::editor_home_end
        PASS [   0.008s] ( 414/2089) trawl-cli tui::state::tests::editor_insert_after_multibyte
        PASS [   0.008s] ( 415/2089) trawl-cli tui::state::tests::editor_insert_char_replaces_selection
        PASS [   0.009s] ( 416/2089) trawl-cli tui::state::tests::editor_insert_chars
        PASS [   0.009s] ( 417/2089) trawl-cli tui::state::tests::editor_insert_multibyte_char
        PASS [   0.008s] ( 418/2089) trawl-cli tui::state::tests::editor_insert_newline_splits_line
        PASS [   0.008s] ( 419/2089) trawl-cli tui::state::tests::editor_insert_text_at_cursor
        PASS [   0.008s] ( 420/2089) trawl-cli tui::state::tests::editor_insert_text_multiline
        PASS [   0.008s] ( 421/2089) trawl-cli tui::state::tests::editor_insert_text_single_line
        PASS [   0.008s] ( 422/2089) trawl-cli tui::state::tests::editor_insert_text_strips_cr
        PASS [   0.008s] ( 423/2089) trawl-cli tui::state::tests::editor_kill_line_multibyte
        PASS [   0.008s] ( 424/2089) trawl-cli tui::state::tests::editor_move_left_at_origin_is_noop
        PASS [   0.008s] ( 425/2089) trawl-cli tui::state::tests::editor_move_down_clamps_col
        PASS [   0.008s] ( 426/2089) trawl-cli tui::state::tests::editor_move_across_multibyte
        PASS [   0.009s] ( 427/2089) trawl-cli tui::state::tests::editor_move_left_wraps_to_prev_line
        PASS [   0.008s] ( 428/2089) trawl-cli tui::state::tests::editor_move_right_at_end_is_noop
        PASS [   0.008s] ( 429/2089) trawl-cli tui::state::tests::editor_move_right_wraps_to_next_line
        PASS [   0.008s] ( 430/2089) trawl-cli tui::state::tests::editor_move_up_clamps_col
        PASS [   0.008s] ( 431/2089) trawl-cli tui::state::tests::editor_move_word_left
        PASS [   0.008s] ( 432/2089) trawl-cli tui::state::tests::editor_newline_split_multibyte
        PASS [   0.008s] ( 433/2089) trawl-cli tui::state::tests::editor_new_is_empty
        PASS [   0.008s] ( 434/2089) trawl-cli tui::state::tests::editor_redo_at_end_is_noop
        PASS [   0.010s] ( 435/2089) trawl-cli tui::state::tests::editor_move_word_right
        PASS [   0.008s] ( 436/2089) trawl-cli tui::state::tests::editor_select_multibyte
        PASS [   0.008s] ( 437/2089) trawl-cli tui::state::tests::editor_selected_text_multiline
        PASS [   0.008s] ( 438/2089) trawl-cli tui::state::tests::editor_selected_text_single_line
        PASS [   0.010s] ( 439/2089) trawl-cli tui::state::tests::editor_redo_after_undo
        PASS [   0.008s] ( 440/2089) trawl-cli tui::state::tests::editor_selection_range_none_by_default
        PASS [   0.008s] ( 441/2089) trawl-cli tui::state::tests::editor_selection_range_reversed
        PASS [   0.008s] ( 442/2089) trawl-cli tui::state::tests::editor_start_and_extend_selection
        PASS [   0.008s] ( 443/2089) trawl-cli tui::state::tests::editor_sticky_column_preserved_across_short_line
        PASS [   0.010s] ( 444/2089) trawl-cli tui::state::tests::editor_sticky_column_cleared_on_horizontal_move
        PASS [   0.008s] ( 445/2089) trawl-cli tui::state::tests::editor_undo_restores_state
        PASS [   0.008s] ( 446/2089) trawl-cli tui::state::tests::editor_undo_at_empty_is_noop
        PASS [   0.010s] ( 447/2089) trawl-cli tui::state::tests::editor_text_multiline
        PASS [   0.008s] ( 448/2089) trawl-cli tui::state::tests::editor_word_boundary_left_skips_word
        PASS [   0.008s] ( 449/2089) trawl-cli tui::state::tests::editor_word_boundary_left_at_origin
        PASS [   0.008s] ( 450/2089) trawl-cli tui::state::tests::editor_word_boundary_left_with_symbols
        PASS [   0.008s] ( 451/2089) trawl-cli tui::state::tests::editor_word_boundary_left_wraps_line
        PASS [   0.008s] ( 452/2089) trawl-cli tui::state::tests::editor_word_boundary_right_at_end
        PASS [   0.008s] ( 453/2089) trawl-cli tui::state::tests::editor_word_boundary_right_skips_word
        PASS [   0.008s] ( 454/2089) trawl-cli tui::state::tests::editor_word_boundary_right_wraps_line
        PASS [   0.008s] ( 455/2089) trawl-cli tui::state::tests::editor_wrap_ensure_cursor_visible_scrolls_visual
        PASS [   0.008s] ( 456/2089) trawl-cli tui::state::tests::editor_wrap_move_down_within_same_logical_line
        PASS [   0.008s] ( 457/2089) trawl-cli tui::state::tests::editor_wrap_move_up_within_same_logical_line
        PASS [   0.008s] ( 458/2089) trawl-cli tui::state::tests::live_buffer_column_union_extends_with_nulls
        PASS [   0.008s] ( 459/2089) trawl-cli tui::state::tests::live_buffer_caps_at_max_rows
        PASS [   0.008s] ( 460/2089) trawl-cli tui::state::tests::live_buffer_empty
        PASS [   0.008s] ( 461/2089) trawl-cli tui::state::tests::live_buffer_handles_mixed_value_types
        PASS [   0.008s] ( 462/2089) trawl-cli tui::state::tests::live_buffer_push_single_event
        PASS [   0.008s] ( 463/2089) trawl-cli tui::state::tests::well_known_fields_match_api_leading_order
        PASS [   0.008s] ( 464/2089) trawl-cli tui::state::tests::wrap_map_exact_width_no_break
        PASS [   0.008s] ( 465/2089) trawl-cli tui::state::tests::wrap_map_empty_lines
        PASS [   0.008s] ( 466/2089) trawl-cli tui::state::tests::wrap_map_multiple_wraps
        PASS [   0.007s] ( 467/2089) trawl-cli tui::state::tests::wrap_map_one_char_over_wraps
        PASS [   0.008s] ( 468/2089) trawl-cli tui::state::tests::wrap_map_short_line_no_breaks
        PASS [   0.010s] ( 469/2089) trawl-cli tui::state::tests::wrap_map_logical_to_visual_first_line
        PASS [   0.010s] ( 470/2089) trawl-cli tui::state::tests::wrap_map_multi_logical_lines
        PASS [   0.008s] ( 471/2089) trawl-cli tui::state::tests::wrap_map_visual_to_logical_round_trip
        PASS [   0.008s] ( 472/2089) trawl-cli tui::state::tests::wrap_map_zero_width_no_panic
        PASS [   0.009s] ( 473/2089) trawl-cli tui::state::tests::wrap_map_visual_to_logical_second_line
        PASS [   0.009s] ( 474/2089) trawl-cli tui::tests::error_popup_blocks_global_keys
        PASS [   0.009s] ( 475/2089) trawl-cli tui::tests::editor_keys_reach_editor
        PASS [   0.008s] ( 476/2089) trawl-cli tui::tests::error_popup_dismissed_by_enter
        PASS [   0.008s] ( 477/2089) trawl-cli tui::tests::focus_preserved_across_tab_switch
        PASS [   0.008s] ( 478/2089) trawl-cli tui::tests::key_alt_1_switches_to_query_tab
        PASS [   0.009s] ( 479/2089) trawl-cli tui::tests::error_popup_dismissed_by_esc
        PASS [   0.009s] ( 480/2089) trawl-cli tui::tests::key_alt_2_switches_to_history_tab
        PASS [   0.009s] ( 481/2089) trawl-cli tui::tests::key_alt_3_switches_to_schema_tab
        PASS [   0.008s] ( 482/2089) trawl-cli tui::tests::key_alt_f_moves_word_right
        PASS [   0.008s] ( 483/2089) trawl-cli tui::tests::key_ctrl_q_sets_quit
        PASS [   0.008s] ( 484/2089) trawl-cli tui::tests::key_ctrl_left_moves_word_left
        PASS [   0.008s] ( 485/2089) trawl-cli tui::tests::key_ctrl_right_moves_word_right
        PASS [   0.011s] ( 486/2089) trawl-cli tui::tests::key_alt_b_moves_word_left
        PASS [   0.012s] ( 487/2089) trawl-cli tui::tests::key_alt_4_switches_to_saved_tab
        PASS [   0.008s] ( 488/2089) trawl-cli tui::tests::key_ctrl_s_opens_save_popup
        PASS [   0.009s] ( 489/2089) trawl-cli tui::tests::key_ctrl_s_with_empty_editor_is_noop
        PASS [   0.008s] ( 490/2089) trawl-cli tui::tests::key_f1_toggles_help_popup
        PASS [   0.008s] ( 491/2089) trawl-cli tui::tests::key_tab_switches_focus_editor_to_results
        PASS [   0.009s] ( 492/2089) trawl-cli tui::tests::key_esc_on_panel_tab_switches_to_query
        PASS [   0.008s] ( 493/2089) trawl-cli tui::tests::key_tab_switches_focus_results_to_editor
        PASS [   0.008s] ( 494/2089) trawl-cli tui::tests::multiple_results_last_wins
        PASS [   0.009s] ( 495/2089) trawl-cli tui::tests::poll_mutation_cache_refreshed
        PASS [   0.010s] ( 496/2089) trawl-cli tui::tests::poll_mutation_cache_refreshed_selects_name
        PASS [   0.010s] ( 497/2089) trawl-cli tui::tests::poll_mutation_error_shows_popup
        PASS [   0.008s] ( 498/2089) trawl-cli tui::tests::poll_mutation_saved_created
        PASS [   0.008s] ( 499/2089) trawl-cli tui::tests::poll_query_result_resets_scroll
        PASS [   0.010s] ( 500/2089) trawl-cli tui::tests::poll_query_result_sets_error_status
        PASS [   0.010s] ( 501/2089) trawl-cli tui::tests::poll_query_result_timechart_auto_switches_view
        PASS [   0.008s] ( 502/2089) trawl-cli tui::tests::poll_query_result_updates_tab
        PASS [   0.010s] ( 503/2089) trawl-cli tui::tests::popup_backspace_removes
        PASS [   0.008s] ( 504/2089) trawl-cli tui::tests::popup_blocks_global_keys
        PASS [   0.008s] ( 505/2089) trawl-cli tui::tests::popup_typing_appends
        PASS [   0.008s] ( 506/2089) trawl-cli tui::tests::results_keys_select_rows
        PASS [   0.010s] ( 507/2089) trawl-cli tui::tests::popup_esc_closes
        PASS [   0.008s] ( 508/2089) trawl-cli tui::tests::schedule_popup_esc_cancels
        PASS [   0.008s] ( 509/2089) trawl-cli tui::tests::schedule_popup_prefills_from_the_schedule_in_force
        PASS [   0.010s] ( 510/2089) trawl-cli tui::tests::schedule_popup_prefills_a_zero_lag_as_empty
        PASS [   0.008s] ( 511/2089) trawl-cli tui::tests::schedule_popup_sends_a_lag_without_a_window
        PASS [   0.008s] ( 512/2089) trawl-cli tui::tests::schedule_popup_refuses_an_empty_interval
        PASS [   0.008s] ( 513/2089) trawl-cli tui::tests::schedule_popup_tab_cycles_the_three_rows
        PASS [   0.008s] ( 514/2089) trawl-cli tui::tests::schedule_popup_types_into_the_focused_row
        PASS [   0.009s] ( 515/2089) trawl-cli tui::tests::tab_on_panel_switches_to_query
        PASS [   0.008s] ( 516/2089) trawl-cli tui::theme::tests::all_builtins_have_six_chart_colors
        PASS [   0.008s] ( 517/2089) trawl-cli tui::theme::tests::dark_theme_has_correct_name
        PASS [   0.009s] ( 518/2089) trawl-cli tui::theme::tests::parse_hex_colors
        PASS [   0.013s] ( 519/2089) trawl-cli tui::tests::whoami_permissions_drive_dashboard_tab_false_true_false
        PASS [   0.007s] ( 520/2089) trawl-cli tui::theme::tests::parse_indexed_colors
        PASS [   0.013s] ( 521/2089) trawl-cli tui::tests::whoami_error_clears_dashboard_access
        PASS [   0.009s] ( 522/2089) trawl-cli tui::theme::tests::parse_invalid_color
        PASS [   0.008s] ( 523/2089) trawl-cli tui::theme::tests::parse_named_colors
        PASS [   0.008s] ( 524/2089) trawl-cli tui::theme::tests::resolve_dark_returns_dark
        PASS [   0.009s] ( 525/2089) trawl-cli tui::theme::tests::resolve_builtin_names
        PASS [   0.008s] ( 526/2089) trawl-cli tui::theme::tests::resolve_default_returns_dark
        PASS [   0.008s] ( 527/2089) trawl-cli tui::theme::tests::resolve_unknown_falls_back_to_dark
        PASS [   0.008s] ( 528/2089) trawl-cli tui::ui::history::tests::duration_ms_minutes
        PASS [   0.008s] ( 529/2089) trawl-cli tui::ui::history::tests::full_timestamp_malformed_fallback
        PASS [   0.009s] ( 530/2089) trawl-cli tui::ui::history::tests::duration_ms_seconds
        PASS [   0.009s] ( 531/2089) trawl-cli tui::ui::history::tests::duration_ms_under_second
        PASS [   0.009s] ( 532/2089) trawl-cli tui::ui::history::tests::full_timestamp_with_fractional
        PASS [   0.009s] ( 533/2089) trawl-cli tui::ui::history::tests::full_timestamp_valid
        PASS [   0.008s] ( 534/2089) trawl-cli tui::ui::panels::tests::instant_utc_passes_through_an_unparseable_value
        PASS [   0.008s] ( 535/2089) trawl-cli tui::ui::panels::tests::relative_time_days
        PASS [   0.008s] ( 536/2089) trawl-cli tui::ui::panels::tests::relative_time_hours
        PASS [   0.008s] ( 537/2089) trawl-cli tui::ui::panels::tests::relative_time_invalid_fallback
        PASS [   0.008s] ( 538/2089) trawl-cli tui::ui::panels::tests::relative_time_minutes
        PASS [   0.008s] ( 539/2089) trawl-cli tui::ui::panels::tests::relative_time_right_justified
        PASS [   0.009s] ( 540/2089) trawl-cli tui::ui::panels::tests::run_window_across_midnight_keeps_the_end_date
        PASS [   0.009s] ( 541/2089) trawl-cli tui::ui::panels::tests::run_window_normalizes_an_offset_to_utc
        PASS [   0.008s] ( 542/2089) trawl-cli tui::ui::panels::tests::run_window_passes_through_an_unparseable_bound
        PASS [   0.011s] ( 543/2089) trawl-cli tui::ui::panels::tests::relative_time_seconds
        PASS [   0.011s] ( 544/2089) trawl-cli tui::ui::panels::tests::relative_time_weeks
        PASS [   0.008s] ( 545/2089) trawl-cli tui::ui::panels::tests::run_window_same_day_drops_the_end_date
        PASS [   0.008s] ( 546/2089) trawl-cli tui::ui::panels::tests::schedule_bounds_preserve_subminute_precision
        PASS [   0.008s] ( 547/2089) trawl-cli tui::ui::panels::tests::schedule_badge_names_the_window_mode
        PASS [   0.008s] ( 548/2089) trawl-cli tui::ui::panels::tests::schedule_window_is_none_in_query_mode
        PASS [   0.008s] ( 549/2089) trawl-cli tui::ui::panels::tests::schedule_window_omits_a_zero_lag
        PASS [   0.008s] ( 550/2089) trawl-cli tui::ui::panels::tests::schedule_window_omits_an_absent_watermark
        PASS [   0.008s] ( 551/2089) trawl-cli tui::ui::panels::tests::schedule_window_tiled_with_lag_and_watermark
        PASS [   0.010s] ( 552/2089) trawl-cli tui::ui::results::severity_tests::a_severity_cell_shows_its_otel_token
        PASS [   0.013s] ( 553/2089) trawl-cli tui::ui::results::placeholder_tests::placeholder_renders_in_a_terminal_too_narrow_to_centre_in
        PASS [   0.010s] ( 554/2089) trawl-cli tui::ui::tests::render_schedule_popup_on_a_tiny_terminal
        PASS [   0.030s] ( 555/2089) trawl-cli tui::ui::tests::render_saved_schedule_windowed_with_lag
        PASS [   0.030s] ( 556/2089) trawl-cli tui::ui::tests::render_saved_schedule_windowed_without_lag
        PASS [   0.031s] ( 557/2089) trawl-cli tui::ui::tests::render_saved_schedule_query_mode
        PASS [   0.038s] ( 558/2089) trawl-cli tui::ui::tests::render_empty_app
        PASS [   0.040s] ( 559/2089) trawl-cli tui::ui::tests::render_narrow_terminal_with_results
        PASS [   0.033s] ( 560/2089) trawl-cli tui::ui::tests::render_with_error_status
        PASS [   0.039s] ( 561/2089) trawl-cli tui::ui::tests::render_saved_runs_with_windows
        PASS [   0.008s] ( 562/2089) trawl-cli tui_log_tests::tui_log_chmod_failure_preserves_existing_contents
        PASS [   0.034s] ( 563/2089) trawl-cli tui::ui::tests::render_with_help_popup
        PASS [   0.009s] ( 564/2089) trawl-cli tui_log_tests::tui_log_is_owner_only
        PASS [   0.008s] ( 565/2089) trawl-cli tui_log_tests::tui_log_tightens_existing_looser_file
        PASS [   0.007s] ( 566/2089) trawl-engine cancel::tests::an_absent_latch_is_never_cancelled
        PASS [   0.009s] ( 567/2089) trawl-engine cancel::tests::a_shared_flag_reaches_every_clone
        PASS [   0.032s] ( 568/2089) trawl-cli tui::ui::tests::render_with_query_text
        PASS [   0.007s] ( 569/2089) trawl-engine executor::tests::cold_action_matrix_is_exhaustive
        PASS [   0.034s] ( 570/2089) trawl-cli tui::ui::tests::render_with_save_popup
        PASS [   0.035s] ( 571/2089) trawl-cli tui::ui::tests::render_with_results
        PASS [   0.035s] ( 572/2089) trawl-cli tui::ui::tests::render_with_schedule_popup
        PASS [   0.036s] ( 573/2089) trawl-cli tui::ui::tests::render_with_severity_tokens
        PASS [   0.009s] ( 574/2089) trawl-engine executor::tests::export_row_limit_sentinel_is_target_independent
        PASS [   0.018s] ( 575/2089) trawl-engine executor::tests::empty_window_without_a_hot_buffer_is_an_empty_success
        PASS [   0.035s] ( 576/2089) trawl-engine executor::tests::cold_presence_reads_resolved_list_evidence
        PASS [   0.030s] ( 577/2089) trawl-engine executor::tests::describe_schema_reconciles_union_able_scalar_drift
        PASS [   0.027s] ( 578/2089) trawl-engine executor::tests::export_with_hot_falls_back_to_hot_only_for_empty_list_source
        PASS [   0.036s] ( 579/2089) trawl-engine executor::tests::describe_schema_keeps_union_able_struct_drift
        PASS [   0.008s] ( 580/2089) trawl-engine executor::tests::glob_list_items_splits_list_sources
        PASS [   0.021s] ( 581/2089) trawl-engine executor::tests::export_without_hot_stays_loud_for_an_empty_window
        PASS [   0.050s] ( 582/2089) trawl-engine executor::tests::duckdb_error_classes_parsed_from_live_errors
        PASS [   0.040s] ( 583/2089) trawl-engine executor::tests::export_with_hot_keeps_cold_rows_on_partial_list_miss
        PASS [   0.009s] ( 584/2089) trawl-engine executor::tests::has_glob_meta_splits_the_matcher
        PASS [   0.035s] ( 585/2089) trawl-engine executor::tests::export_without_hot_keeps_cold_rows_on_partial_list_miss
        PASS [   0.029s] ( 586/2089) trawl-engine executor::tests::fs_matcher_agrees_with_duckdb_glob_on_literals
        PASS [   0.066s] ( 587/2089) trawl-engine executor::tests::conflicting_kind_mixes_all_carry_the_conversion_class
        PASS [   0.026s] ( 588/2089) trawl-engine executor::tests::genuine_data_conversion_error_carries_the_conversion_class
        PASS [   0.021s] ( 589/2089) trawl-engine executor::tests::literal_path_is_file_retains_on_a_non_notfound_error
        PASS [   0.030s] ( 590/2089) trawl-engine executor::tests::missing_column_with_cold_files_returns_empty_not_error
        PASS [   0.011s] ( 591/2089) trawl-engine executor::tests::resolve_list_source_fails_closed_on_an_unparseable_list
        PASS [   0.037s] ( 592/2089) trawl-engine executor::tests::irreconcilable_drift_describes_raw_and_errors_loudly_at_read
        PASS [   0.027s] ( 593/2089) trawl-engine executor::tests::plain_glob_resolves_lazily_and_is_globbed_on_demand
        PASS [   0.031s] ( 594/2089) trawl-engine executor::tests::no_files_outcome_with_cold_data_errors_instead_of_empty_success
        PASS [   0.030s] ( 595/2089) trawl-engine executor::tests::partial_list_source_miss_keeps_cold_rows_without_a_hot_buffer
        PASS [   0.040s] ( 596/2089) trawl-engine executor::tests::is_conversion_error_matches_real_strings
        PASS [   0.010s] ( 597/2089) trawl-engine executor::tests::resolve_list_source_keeps_the_original_when_nothing_is_narrowed
        PASS [   0.008s] ( 598/2089) trawl-engine executor::tests::resolve_list_source_narrows_to_matching_elements
        PASS [   0.009s] ( 599/2089) trawl-engine executor::tests::resolve_list_source_preserves_order_and_duplicates
        PASS [   0.008s] ( 600/2089) trawl-engine executor::tests::subquery_source_is_never_a_list
        PASS [   0.037s] ( 601/2089) trawl-engine executor::tests::partial_list_source_miss_keeps_cold_rows
        PASS [   0.010s] ( 602/2089) trawl-engine executor::tests::the_happy_path_never_pays_the_presence_check
        PASS [   0.009s] ( 603/2089) trawl-engine executor::tests::the_raw_free_retry_inherits_the_anchor
        PASS [   0.019s] ( 604/2089) trawl-engine executor::tests::run_query_with_hot_returns_hot_on_cold_start
        PASS [   0.009s] ( 605/2089) trawl-engine parquet_stats::tests::corrupt_file_is_err_not_panic
        PASS [   0.008s] ( 606/2089) trawl-engine parquet_stats::tests::long_byte_array_sample_is_truncated
        PASS [   0.018s] ( 607/2089) trawl-engine executor::tests::unexpected_cold_failure_returns_error_not_hot_only
        PASS [   0.020s] ( 608/2089) trawl-engine executor::tests::trigger_variants_produce_conversion_class_errors
        PASS [   0.017s] ( 609/2089) trawl-engine parquet_stats::tests::a_dotted_scalar_name_is_returned_whole
        PASS [   0.019s] ( 610/2089) trawl-engine parquet_stats::tests::a_nested_schema_is_refused_not_flattened
        PASS [   0.008s] ( 611/2089) trawl-engine parquet_stats::tests::missing_file_is_open_error
        PASS [   0.022s] ( 612/2089) trawl-engine parquet_stats::tests::column_names_come_from_the_schema_not_the_rows
        PASS [   0.008s] ( 613/2089) trawl-engine post_process::tests::empty_result_passthrough
        PASS [   0.008s] ( 614/2089) trawl-engine post_process::tests::a_timestamp_cell_leaves_the_bridge_as_text
        PASS [   0.008s] ( 615/2089) trawl-engine post_process::tests::kv_custom_separator
        PASS [   0.008s] ( 616/2089) trawl-engine post_process::tests::kv_extraction_on_result
        PASS [   0.018s] ( 617/2089) trawl-engine parquet_stats::tests::merges_minmax_across_files_in_typed_space
        PASS [   0.010s] ( 618/2089) trawl-engine post_process::tests::kv_tail_let_sibling_binds_the_alias
        PASS [   0.008s] ( 619/2089) trawl-engine post_process::tests::kv_with_sort
        PASS [   0.009s] ( 620/2089) trawl-engine post_process::tests::kv_with_stats
        PASS [   0.020s] ( 621/2089) trawl-engine parquet_stats::tests::reads_counts_and_typed_minmax_from_duckdb_parquet
        PASS [   0.021s] ( 622/2089) trawl-engine parquet_stats::tests::truncated_and_garbage_footers_are_err_not_panic
        PASS [   0.008s] ( 623/2089) trawl-engine post_process::tests::the_bridge_round_trips_every_cell_shape
        PASS [   0.008s] ( 624/2089) trawl-engine post_process::tests::type_coercion
        PASS [   0.010s] ( 625/2089) trawl-engine post_process::tests::kv_with_where_filter
        PASS [   0.008s] ( 626/2089) trawl-engine timezone::tests::invalid_format_errors
        PASS [   0.008s] ( 627/2089) trawl-engine timezone::tests::negative_offset_parses
        PASS [   0.008s] ( 628/2089) trawl-engine timezone::tests::out_of_range_errors
        PASS [   0.009s] ( 629/2089) trawl-engine timezone::tests::local_resolves_to_system_offset
        PASS [   0.007s] ( 630/2089) trawl-engine timezone::tests::reformat_crosses_midnight
        PASS [   0.009s] ( 631/2089) trawl-engine timezone::tests::positive_offset_parses
        PASS [   0.007s] ( 632/2089) trawl-engine timezone::tests::reformat_negative_offset
        PASS [   0.008s] ( 633/2089) trawl-engine timezone::tests::reformat_invalid_input_passthrough
        PASS [   0.008s] ( 634/2089) trawl-engine timezone::tests::reformat_positive_offset
        PASS [   0.008s] ( 635/2089) trawl-engine timezone::tests::reformat_utc_no_change
        PASS [   0.010s] ( 636/2089) trawl-engine timezone::tests::reformat_preserves_subseconds
        PASS [   0.010s] ( 637/2089) trawl-engine timezone::tests::reformat_trims_trailing_zeros
        PASS [   0.007s] ( 638/2089) trawl-engine timezone::tests::utc_resolves_to_zero
        PASS [   0.008s] ( 639/2089) trawl-engine timezone::tests::whitespace_trimmed
        PASS [   0.020s] ( 640/2089) trawl-engine::complexity_admission the_bind_counter_counts_an_admitted_query
        PASS [   0.025s] ( 641/2089) trawl-engine::complexity_admission the_batch_lane_refuses_over_budget_dsl_without_binding
        PASS [   0.021s] ( 642/2089) trawl-engine::duckdb_probe a_bound_anchor_is_a_timestamp_not_a_timestamptz
        PASS [   0.020s] ( 643/2089) trawl-engine::duckdb_probe a_bound_anchor_renders_as_the_canonical_timestamp_text
        PASS [   0.023s] ( 644/2089) trawl-engine::duckdb_probe a_boolean_casts_to_double_as_one_and_zero
        PASS [   0.025s] ( 645/2089) trawl-engine::complexity_admission the_export_lanes_refuse_over_budget_dsl_without_binding
        PASS [   0.024s] ( 646/2089) trawl-engine::complexity_admission the_hot_lanes_refuse_over_budget_dsl_without_binding
        PASS [   0.034s] ( 647/2089) trawl-engine::complexity_admission the_bind_counter_counts_admitted_exports
        PASS [   0.024s] ( 648/2089) trawl-engine::duckdb_probe a_bound_literal_casts_as_text_and_nulls_instead_of_throwing
        PASS [   0.023s] ( 649/2089) trawl-engine::duckdb_probe a_case_reads_its_arms_in_order_and_stops_at_the_first_true
        PASS [   0.022s] ( 650/2089) trawl-engine::duckdb_probe a_same_list_alias_reference_copies_its_expression
        PASS [   0.023s] ( 651/2089) trawl-engine::duckdb_probe a_rendered_nan_keeps_its_sign
        PASS [   0.028s] ( 652/2089) trawl-engine::duckdb_probe a_cloned_connection_starts_from_the_process_default_not_the_parent
        PASS [   0.027s] ( 653/2089) trawl-engine::duckdb_probe a_scalar_stats_or_timechart_output_shares_the_select_list_it_substitutes_into
        PASS [   0.026s] ( 654/2089) trawl-engine::duckdb_probe a_stored_double_column_compares_in_that_same_total_order
        PASS [   0.020s] ( 655/2089) trawl-engine::duckdb_probe an_else_less_case_still_binds_an_else_node
        PASS [   0.018s] ( 656/2089) trawl-engine::duckdb_probe an_infinity_timestamp_cell_is_an_i64_sentinel
        PASS [   0.026s] ( 657/2089) trawl-engine::duckdb_probe a_typed_columns_literal_takes_the_columns_own_cast
        PASS [   0.027s] ( 658/2089) trawl-engine::duckdb_probe a_timestamp_casts_to_the_text_duckdb_prints
        PASS [   0.022s] ( 659/2089) trawl-engine::duckdb_probe backticked_names_describe_as_the_names_the_dsl_spells
        PASS [   0.033s] ( 660/2089) trawl-engine::duckdb_probe an_if_condition_is_a_boolean_cast_not_truthiness
        PASS [   0.020s] ( 661/2089) trawl-engine::duckdb_probe bigint_round_trip_is_exact_in_decimal_space_beyond_2_pow_53
        PASS [   0.021s] ( 662/2089) trawl-engine::duckdb_probe cast_text_patterns_match_bigint_text_form
        PASS [   0.021s] ( 663/2089) trawl-engine::duckdb_probe case_collided_json_keys_are_renamed_and_replace_binds_the_first
        PASS [   0.024s] ( 664/2089) trawl-engine::duckdb_probe current_json_number_spelling_follows_serdes_f64
        PASS [   0.031s] ( 665/2089) trawl-engine::duckdb_probe ceil_floor_and_round_split_their_return_type_on_the_argument_type
        PASS [   0.039s] ( 666/2089) trawl-engine::duckdb_probe boolean_pattern_text_is_the_cast_reading_on_both_engines
        PASS [   0.054s] ( 667/2089) trawl-engine::duckdb_probe bigint_pattern_text_is_the_cast_reading_on_both_engines
        PASS [   0.030s] ( 668/2089) trawl-engine::duckdb_probe declared_copy_counts_cover_the_parsed_tree
        PASS [   0.027s] ( 669/2089) trawl-engine::duckdb_probe division_by_zero_is_an_ieee_special_and_integer_modulo_by_zero_is_null
        PASS [   0.022s] ( 670/2089) trawl-engine::duckdb_probe duckdb_rewrites_a_simple_case_into_one_equality_per_arm
        PASS [   0.027s] ( 671/2089) trawl-engine::duckdb_probe double_comparison_orders_nan_greatest_and_ties_the_two_zeros
        PASS [   0.027s] ( 672/2089) trawl-engine::duckdb_probe double_pattern_text_is_duckdb_rendering_on_both_engines
        PASS [   0.115s] ( 673/2089) trawl-engine::duckdb_probe a_severity_chain_multiplies_its_subject_twelve_times_per_link
        PASS [   0.060s] ( 674/2089) trawl-engine::duckdb_probe decimal_comparison_space_domain_matches_the_live_mirror
        PASS [   0.031s] ( 675/2089) trawl-engine::duckdb_probe eventstats_alias_overwrites_the_incoming_column
        PASS [   0.025s] ( 676/2089) trawl-engine::duckdb_probe eventstats_case_variant_alias_overwrites_the_incoming_column
        PASS [   0.022s] ( 677/2089) trawl-engine::duckdb_probe integer_arithmetic_overflow_is_an_error_never_a_wrap
        PASS [   0.026s] ( 678/2089) trawl-engine::duckdb_probe eventstats_refuses_a_substituted_alias_inside_its_window
        PASS [   0.022s] ( 679/2089) trawl-engine::duckdb_probe integer_division_is_true_division_through_double
        PASS [   0.034s] ( 680/2089) trawl-engine::duckdb_probe hot_and_compaction_conform_agree_across_inference_classes
        PASS [   0.020s] ( 681/2089) trawl-engine::duckdb_probe left_truncates_by_character_not_by_byte
        PASS [   0.026s] ( 682/2089) trawl-engine::duckdb_probe json_extract_returns_the_values_json_text
        PASS [   0.022s] ( 683/2089) trawl-engine::duckdb_probe pattern_targets_take_like_and_ilike
        PASS [   0.029s] ( 684/2089) trawl-engine::duckdb_probe misfit_sample_capture_is_distinct_null_free_and_capped
        PASS [   0.023s] ( 685/2089) trawl-engine::duckdb_probe percent_f_is_six_digit_microseconds
        PASS [   0.022s] ( 686/2089) trawl-engine::duckdb_probe percent_f_parses_a_variable_length_fraction
        PASS [   0.022s] ( 687/2089) trawl-engine::duckdb_probe pin_blind_patterns_on_bigint_column_refuse_to_bind
        PASS [   0.024s] ( 688/2089) trawl-engine::duckdb_probe pin_blind_int_comparison_on_varchar_column_errors
        PASS [   0.021s] ( 689/2089) trawl-engine::duckdb_probe pin_blind_select_list_comparison_on_varchar_column_errors
        PASS [   0.048s] ( 690/2089) trawl-engine::duckdb_probe mixed_ladder_pair_unions_promote_rather_than_error
        PASS [   0.024s] ( 691/2089) trawl-engine::duckdb_probe pinned_rules_hold_over_read_json_columns
        PASS [   0.028s] ( 692/2089) trawl-engine::duckdb_probe pinned_comparison_shapes_as_select_list_values
        PASS [   0.024s] ( 693/2089) trawl-engine::duckdb_probe pivot_cte_finalization_preserves_multiline_literal_matching
        PASS [   0.026s] ( 694/2089) trawl-engine::duckdb_probe raw_extraction_is_exact_key_lookup_and_survives_hostile_keys
        PASS [   0.020s] ( 695/2089) trawl-engine::duckdb_probe replace_list_identifier_folding_is_ascii_only
        PASS [   0.025s] ( 696/2089) trawl-engine::duckdb_probe recursive_glob_descends_into_dot_directories
        PASS [   0.033s] ( 697/2089) trawl-engine::duckdb_probe raw_guard_is_vector_safe_over_mixed_validity
        PASS [   0.025s] ( 698/2089) trawl-engine::duckdb_probe resurrection_recovers_shelved_values_per_ladder_target
        PASS [   0.024s] ( 699/2089) trawl-engine::duckdb_probe round_takes_a_precision_only_as_an_inlined_integer
        PASS [   0.022s] ( 700/2089) trawl-engine::duckdb_probe the_absolute_time_window_is_half_open_at_the_microsecond
        PASS [   0.032s] ( 701/2089) trawl-engine::duckdb_probe severity_token_text_matches_the_rust_mirror_over_the_ladder
        PASS [   0.051s] ( 702/2089) trawl-engine::duckdb_probe severity_conform_yields_the_physical_bigint
        PASS [   0.021s] ( 703/2089) trawl-engine::duckdb_probe the_anchor_literal_parses_at_every_year_chrono_can_render
        PASS [   0.021s] ( 704/2089) trawl-engine::duckdb_probe the_bind_time_probes_run_against_the_pinned_engine_line
        PASS [   0.024s] ( 705/2089) trawl-engine::duckdb_probe the_columns_exclusion_fold_mirrors_catalog_key
        PASS [   0.021s] ( 706/2089) trawl-engine::duckdb_probe the_decimal_comparison_space_separates_ids_a_double_equates
        PASS [   0.033s] ( 707/2089) trawl-engine::duckdb_probe the_date_scalars_answer_for_an_infinity
        PASS [   0.107s] ( 708/2089) trawl-engine::duckdb_probe severity_conform_rung_bounds_the_ladder_on_both_engines
        PASS [   0.020s] ( 709/2089) trawl-engine::duckdb_probe the_epoch_reading_is_the_micro_count_divided_once
        PASS [   0.023s] ( 710/2089) trawl-engine::duckdb_probe the_inlined_anchor_literal_matches_the_bound_form
        PASS [   0.021s] ( 711/2089) trawl-engine::duckdb_probe the_severity_kernels_parse_to_their_pinned_copy_counts
        PASS [   0.028s] ( 712/2089) trawl-engine::duckdb_probe the_split_let_remedy_admits_a_depth_twenty_four_chain
        PASS [   0.044s] ( 713/2089) trawl-engine::duckdb_probe the_timestamp_mirror_residuals_are_one_directional
        PASS [   0.031s] ( 714/2089) trawl-engine::duckdb_probe the_varchar_pin_stores_the_text_form_so_both_lanes_must_share_one
        PASS [   0.082s] ( 715/2089) trawl-engine::duckdb_probe the_literal_timestamp_cast_differs_from_the_conform_only_in_the_zone
        PASS [   0.018s] ( 716/2089) trawl-engine::duckdb_probe timestamp_cast_text_form_is_space_separated
        PASS [   0.027s] ( 717/2089) trawl-engine::duckdb_probe time_conform_never_nulls_the_partition_key
        PASS [   0.019s] ( 718/2089) trawl-engine::duckdb_probe try_cast_bigint_rounds_where_the_comparison_space_preserves
        PASS [   0.036s] ( 719/2089) trawl-engine::duckdb_probe timestamp_conform_applies_the_offset_under_the_pinned_session
        PASS [   0.033s] ( 720/2089) trawl-engine::duckdb_probe try_cast_double_domain_matches_the_live_mirror
        PASS [   0.027s] ( 721/2089) trawl-engine::duckdb_probe typed_casts_round_so_the_conform_guard_must_round_trip
        PASS [   0.020s] ( 722/2089) trawl-engine::duckdb_probe typeof_spells_a_bound_dsl_literal_by_its_bound_type
        PASS [   0.021s] ( 723/2089) trawl-engine::duckdb_probe unconformed_hot_column_throws_the_union_and_varchar_conform_saves_it
        PASS [   0.020s] ( 724/2089) trawl-engine::duckdb_probe untyped_varchar_conform_expression_is_unquoted_across_inference_classes
        PASS [   0.019s] ( 725/2089) trawl-engine::duckdb_probe varchar_negated_list_executes_as_pin_aware_not_in_with_null_widening
        PASS [   0.018s] ( 726/2089) trawl-engine::duckdb_probe varchar_text_equality_matches_exact_string_only
        PASS [   0.021s] ( 727/2089) trawl-engine::duckdb_probe varchar_ordered_rung_compares_in_the_decimal_space
        PASS [   0.120s] ( 728/2089) trawl-engine::duckdb_probe timestamp_pattern_text_is_rfc3339_micros_on_both_engines
        PASS [   0.021s] ( 729/2089) trawl-engine::integration a_limit_before_stats_answers_the_same_beside_a_bound_sibling
        PASS [   0.026s] ( 730/2089) trawl-engine::integration a_limit_before_rare_applies_before_the_aggregation
        PASS [   0.034s] ( 731/2089) trawl-engine::integration a_bare_text_search_keeps_aggregate_params_aligned_in_both_raw_variants
        PASS [   0.020s] ( 732/2089) trawl-engine::integration a_limit_before_stats_applies_before_the_aggregation
        PASS [   0.023s] ( 733/2089) trawl-engine::integration a_limit_before_timechart_applies_before_the_aggregation
        PASS [   0.224s] ( 734/2089) trawl-engine::duckdb_probe the_trim_set_is_the_same_on_both_engines
        PASS [   0.029s] ( 735/2089) trawl-engine::integration a_limit_before_top_applies_before_the_aggregation
        PASS [   0.028s] ( 736/2089) trawl-engine::integration a_pending_sort_orders_the_aggregations_input
        PASS [   0.025s] ( 737/2089) trawl-engine::integration a_second_pivot_cannot_see_a_column_the_first_consumed
        PASS [   0.027s] ( 738/2089) trawl-engine::integration a_pending_sort_orders_the_frequency_stages_input
        PASS [   0.370s] ( 739/2089) trawl-engine::duckdb_probe severity_reading_sql_generates_its_arms_and_types_as_bigint
        PASS [   0.029s] ( 740/2089) trawl-engine::integration a_second_pivot_reads_the_first_pivots_output
        PASS [   0.024s] ( 741/2089) trawl-engine::integration a_time_window_bound_cannot_swap_with_an_aggregate_now
        PASS [   0.027s] ( 742/2089) trawl-engine::integration a_terminal_pivot_is_unchanged
        PASS [   0.022s] ( 743/2089) trawl-engine::integration a_timechart_aggregate_now_binds_after_the_search_predicate
        PASS [   0.030s] ( 744/2089) trawl-engine::integration a_timechart_aggregate_after_a_pivot_binds_after_the_predicate
        PASS [   0.023s] ( 745/2089) trawl-engine::integration an_aggregate_literal_argument_binds_after_the_search_predicate
        PASS [   0.021s] ( 746/2089) trawl-engine::integration an_aggregate_now_binds_after_the_search_predicate
        PASS [   0.033s] ( 747/2089) trawl-engine::integration an_aggregate_literal_after_a_pivot_binds_after_the_predicate
        PASS [   0.030s] ( 748/2089) trawl-engine::integration an_aggregate_now_after_a_pivot_binds_after_the_predicate
        PASS [   0.023s] ( 749/2089) trawl-engine::integration bare_word_matches_content_only_in_raw
        PASS [   0.021s] ( 750/2089) trawl-engine::integration describe_schema_missing_source
        PASS [   0.026s] ( 751/2089) trawl-engine::integration dedup_multiple_fields
        PASS [   0.023s] ( 752/2089) trawl-engine::integration dedup_single_field
        PASS [   0.023s] ( 753/2089) trawl-engine::integration describe_schema_returns_columns
        PASS [   0.034s] ( 754/2089) trawl-engine::integration bare_word_search_reaches_the_whole_event_through_raw
        PASS [   0.022s] ( 755/2089) trawl-engine::integration drop_columns
        PASS [   0.023s] ( 756/2089) trawl-engine::integration empty_result
        PASS [   0.031s] ( 757/2089) trawl-engine::integration export_parquet_foreign_nonconformant_corpus_errors_loudly_for_a_pruned_list_source
        PASS [   0.038s] ( 758/2089) trawl-engine::integration export_hot_only_fallback_conforms_hot_columns_to_the_pin
        PASS [   0.037s] ( 759/2089) trawl-engine::integration export_parquet_foreign_nonconformant_corpus_errors_loudly
        PASS [   0.022s] ( 760/2089) trawl-engine::integration export_parquet_rejects_rust_stages
        PASS [   0.047s] ( 761/2089) trawl-engine::integration export_parquet_hot_pin_conflict_nulls_hot_value_for_a_pruned_list_source
        PASS [   0.029s] ( 762/2089) trawl-engine::integration export_parquet_row_limit_binds
        PASS [   0.032s] ( 763/2089) trawl-engine::integration export_parquet_row_limit_above_i64_max_is_unbounded
        PASS [   0.052s] ( 764/2089) trawl-engine::integration export_parquet_hot_pin_conflict_nulls_hot_value
        PASS [   0.022s] ( 765/2089) trawl-engine::integration extract_kv_basic_pipeline
        PASS [   0.036s] ( 766/2089) trawl-engine::integration export_parquet_with_stats_roundtrips
        PASS [   0.030s] ( 767/2089) trawl-engine::integration export_parquet_writes_valid_file
        PASS [   0.031s] ( 768/2089) trawl-engine::integration extract_ip_from_message
        PASS [   0.031s] ( 769/2089) trawl-engine::integration extract_kv_tail_after_rename_carries_the_remapped_pin
        PASS [   0.034s] ( 770/2089) trawl-engine::integration extract_kv_tail_alias_copy_keeps_the_display_zone
        PASS [   0.031s] ( 771/2089) trawl-engine::integration extract_kv_tail_rename_keeps_the_display_zone
        PASS [   0.036s] ( 772/2089) trawl-engine::integration extract_kv_tail_computed_value_stays_as_rendered
        PASS [   0.032s] ( 773/2089) trawl-engine::integration extract_kv_tail_still_renders_timestamps_in_the_display_zone
        PASS [   0.033s] ( 774/2089) trawl-engine::integration extract_kv_tail_timestamp_compare_ignores_the_display_offset
        PASS [   0.024s] ( 775/2089) trawl-engine::integration extract_kv_with_stats
        PASS [   0.026s] ( 776/2089) trawl-engine::integration extract_kv_with_search_prefix
        PASS [   0.028s] ( 777/2089) trawl-engine::integration extract_kv_tail_without_pins_stays_literal_driven
        PASS [   0.023s] ( 778/2089) trawl-engine::integration extract_kv_with_where
        PASS [   0.039s] ( 779/2089) trawl-engine::integration extract_kv_tail_where_is_pin_aware
        PASS [   0.022s] ( 780/2089) trawl-engine::integration field_filter_service
        PASS [   0.025s] ( 781/2089) trawl-engine::integration field_filter_severity_number
        PASS [   0.032s] ( 782/2089) trawl-engine::integration foreign_nonconformant_corpus_errors_loudly
        PASS [   0.025s] ( 783/2089) trawl-engine::integration full_pipeline
        PASS [   0.033s] ( 784/2089) trawl-engine::integration foreign_nonconformant_corpus_errors_loudly_for_a_pruned_list_source
        PASS [   0.028s] ( 785/2089) trawl-engine::integration hot_only_fallback_conforms_hot_columns_to_the_pin
        PASS [   0.037s] ( 786/2089) trawl-engine::integration hot_cold_malformed_timestamp_keeps_cold_data
        PASS [   0.027s] ( 787/2089) trawl-engine::integration hot_pin_conflict_nulls_hot_value_keeps_both_rows
        PASS [   0.029s] ( 788/2089) trawl-engine::integration hot_pin_conflict_nulls_hot_value_for_a_pruned_list_source
        PASS [   0.019s] ( 789/2089) trawl-engine::integration in_list_filter
        PASS [   0.018s] ( 790/2089) trawl-engine::integration invalid_dsl_returns_parse_error
        PASS [   0.018s] ( 791/2089) trawl-engine::integration json_field_filter
        PASS [   0.023s] ( 792/2089) trawl-engine::integration json_stats_pipeline
        PASS [   0.692s] ( 793/2089) trawl-engine::duckdb_probe severity_conform_rung_reads_the_asserted_dialect
        PASS [   0.019s] ( 794/2089) trawl-engine::integration json_wildcard_returns_all_rows
        PASS [   0.017s] ( 795/2089) trawl-engine::integration missing_source_returns_empty_result
        PASS [   0.019s] ( 796/2089) trawl-engine::integration let_computed_column
        PASS [   0.018s] ( 797/2089) trawl-engine::integration negated_text_search
        PASS [   0.020s] ( 798/2089) trawl-engine::integration pinned_comparison_survives_hot_only_fallback
        PASS [   0.029s] ( 799/2089) trawl-engine::integration pinned_comparison_applies_on_cold_only_run_query
        PASS [   0.028s] ( 800/2089) trawl-engine::integration pinned_comparison_survives_pruned_list_source
        PASS [   0.026s] ( 801/2089) trawl-engine::integration pivot_on_service
        PASS [   0.044s] ( 802/2089) trawl-engine::integration pinned_comparison_survives_export_retry
        PASS [   0.020s] ( 803/2089) trawl-engine::integration quoted_search
        PASS [   0.025s] ( 804/2089) trawl-engine::integration rare_by_service
        PASS [   0.035s] ( 805/2089) trawl-engine::integration pivot_over_sev_keeps_the_digits_guard_intact
        PASS [   0.022s] ( 806/2089) trawl-engine::integration severity_error_band_matches_three_rows
        PASS [   0.034s] ( 807/2089) trawl-engine::integration sev_in_an_aggregation_position_keeps_its_dialect
        PASS [   0.023s] ( 808/2089) trawl-engine::integration severity_gte_warn_returns_only_warn_and_above
        PASS [   0.022s] ( 809/2089) trawl-engine::integration sort_and_limit
        PASS [   0.021s] ( 810/2089) trawl-engine::integration stats_count_by_service
        PASS [   0.026s] ( 811/2089) trawl-engine::integration stats_group_by_repairs_separates_clean_from_repaired
        PASS [   0.021s] ( 812/2089) trawl-engine::integration status_comparison_gte
        PASS [   0.023s] ( 813/2089) trawl-engine::integration stats_with_where_cte
        PASS [   0.020s] ( 814/2089) trawl-engine::integration table_projection
        PASS [   0.020s] ( 815/2089) trawl-engine::integration text_search_ilike
        PASS [   0.032s] ( 816/2089) trawl-engine::integration text_containment_is_total_for_sparse_rows
        PASS [   0.027s] ( 817/2089) trawl-engine::integration text_search_without_a_raw_column_keeps_unknown_field_errors
        PASS [   0.033s] ( 818/2089) trawl-engine::integration text_containment_treats_non_text_columns_as_non_matches
        PASS [   0.026s] ( 819/2089) trawl-engine::integration timechart_bucket_values_group_by_full_expression
        PASS [   0.039s] ( 820/2089) trawl-engine::integration text_search_without_a_raw_column_searches_message
        PASS [   0.035s] ( 821/2089) trawl-engine::integration time_filter_large_window
        PASS [   0.011s] ( 822/2089) trawl-engine::integration well_known_fields_match_core_schema
        PASS [   0.031s] ( 823/2089) trawl-engine::integration timechart_minute_buckets
        PASS [   0.035s] ( 824/2089) trawl-engine::integration top_by_service
        PASS [   0.845s] ( 825/2089) trawl-engine::duckdb_probe severity_reading_sql_matches_the_rust_kernel_in_both_dialects
        PASS [   0.032s] ( 826/2089) trawl-engine::integration wildcard_returns_all_rows
        PASS [   0.024s] ( 827/2089) trawl-engine::parse_emit_prepare control_prepare_rejects_a_missing_column
        PASS [   0.026s] ( 828/2089) trawl-engine::parse_emit_prepare control_prepare_rejects_a_missing_source_file
        PASS [   0.023s] ( 829/2089) trawl-engine::parse_emit_prepare control_prepare_rejects_a_type_invalid_expression
        PASS [   0.260s] ( 830/2089) trawl-engine::integration hot_sparse_repair_column_survives_inside_the_sample_window
        PASS [   0.057s] ( 831/2089) trawl-engine::list_source_gate a_file_that_vanishes_between_resolution_and_the_read_is_never_an_empty_answer
        PASS [   0.025s] ( 832/2089) trawl-engine::rust_tail_specials a_post_stage_limit_caps_the_kv_tails_one_snapshot
        PASS [   0.036s] ( 833/2089) trawl-engine::rust_tail_specials a_double_pinned_infinity_compares_in_the_tail
        PASS [   0.023s] ( 834/2089) trawl-engine::rust_tail_specials a_tail_computed_infinity_survives_a_shifted_run
        PASS [   0.024s] ( 835/2089) trawl-engine::rust_tail_specials a_pre_stage_limit_caps_what_the_kv_tail_aggregates
        PASS [   0.049s] ( 836/2089) trawl-engine::parse_emit_prepare every_committed_seed_emits_sql_duckdb_can_prepare
        PASS [   0.090s] ( 837/2089) trawl-engine::list_source_gate an_all_missing_list_is_an_empty_window_not_a_failure
        PASS [   0.019s] ( 838/2089) trawl-engine::rust_tail_specials the_cold_start_fallback_keeps_the_statements_anchor
        PASS [   0.021s] ( 839/2089) trawl-engine::rust_tail_specials a_timestamp_column_still_shifts_after_the_tail
        PASS [   0.021s] ( 840/2089) trawl-engine::rust_tail_specials the_kv_tail_receives_the_specials_the_sql_prefix_computed
        PASS [   0.009s] ( 841/2089) trawl-engine::severity_set_bench emitted_shapes_match_the_hand_built_ones
        PASS [   0.009s] ( 842/2089) trawl-server admission::tests::an_ordinary_query_is_admitted
        PASS [   0.010s] ( 843/2089) trawl-server admission::tests::a_pipeline_over_the_stage_cap_is_refused
        PASS [   0.099s] ( 844/2089) trawl-engine::list_source_gate partial_list_miss_keeps_the_cold_rows_on_every_lane
        PASS [   0.025s] ( 845/2089) trawl-engine::rust_tail_specials the_kv_tail_and_the_sql_prefix_read_one_now
        PASS [   0.021s] ( 846/2089) trawl-engine::rust_tail_specials the_tail_computes_over_the_specials_it_received
        PASS [   0.009s] ( 847/2089) trawl-server admission::tests::an_over_budget_pipeline_carries_the_shared_sentence
        PASS [   0.008s] ( 848/2089) trawl-server bus::tests::lagged_subscriber
        PASS [   0.009s] ( 849/2089) trawl-server bus::tests::closed_bus
        PASS [   0.012s] ( 850/2089) trawl-server admission::tests::unparseable_text_is_a_parse_error
        PASS [   0.010s] ( 851/2089) trawl-server bus::tests::publish_and_receive
        PASS [   0.010s] ( 852/2089) trawl-server bus::tests::publish_with_no_subscribers
        PASS [   0.011s] ( 853/2089) trawl-server bus::tests::multiple_subscribers
        PASS [   0.008s] ( 854/2089) trawl-server catalog::analyzer::tests::an_ack_suppresses_evidence_up_to_its_high_water
        PASS [   0.009s] ( 855/2089) trawl-server catalog::analyzer::tests::equal_clocks_differing_counts_are_decided_by_the_count
        PASS [   0.010s] ( 856/2089) trawl-server catalog::analyzer::tests::single_service_evidence_qualifies
        PASS [   0.008s] ( 857/2089) trawl-server catalog::analyzer::tests::suggested_target_is_the_uniform_rung_else_varchar
        PASS [   0.008s] ( 858/2089) trawl-server catalog::conform::tests::a_fully_pinned_file_needs_no_counts_at_all
        PASS [   0.010s] ( 859/2089) trawl-server catalog::analyzer::tests::the_degraded_gate_is_span_and_volume
        PASS [   0.010s] ( 860/2089) trawl-server catalog::analyzer::tests::the_verdict_is_capped_distinct_facts
        PASS [   0.009s] ( 861/2089) trawl-server catalog::conform::tests::all_null_column_does_not_vote
        PASS [   0.009s] ( 862/2089) trawl-server catalog::conform::tests::case_variant_columns_are_one_observation
        PASS [   0.008s] ( 863/2089) trawl-server catalog::conform::tests::existing_pins_are_left_alone
        PASS [   0.008s] ( 864/2089) trawl-server catalog::conform::tests::layout_path_declines_everything_trawl_did_not_write
        PASS [   0.009s] ( 865/2089) trawl-server catalog::conform::tests::layout_path_reads_the_hour_and_the_daily_rollup
        PASS [   0.010s] ( 866/2089) trawl-server catalog::conform::tests::observations_span_the_corpus_and_cover_only_pinned_fields
        PASS [   0.010s] ( 867/2089) trawl-server catalog::conform::tests::only_unpinned_columns_are_counted
        PASS [   0.008s] ( 868/2089) trawl-server catalog::conform::tests::vote_weight_is_rows_carrying_the_field_not_file_rows
        PASS [   0.008s] ( 869/2089) trawl-server catalog::gc::tests::a_failed_purge_reconciles_the_cache_before_it_returns
        PASS [   0.008s] ( 870/2089) trawl-server catalog::gc::tests::a_never_observed_pin_is_a_candidate
        PASS [   0.008s] ( 871/2089) trawl-server catalog::gc::tests::an_unknown_commit_over_evicts_and_never_reads_the_store
        PASS [   0.009s] ( 872/2089) trawl-server catalog::gc::tests::an_unsubtractable_window_clamps_to_the_epoch
        PASS [   0.008s] ( 873/2089) trawl-server catalog::gc::tests::every_envelope_seed_survives_gc
        PASS [   0.009s] ( 874/2089) trawl-server catalog::gc::tests::dead_window_truth_table
        PASS [   0.008s] ( 875/2089) trawl-server catalog::gc::tests::every_gated_store_read_rides_the_timeout_and_the_purge_does_not
        PASS [   0.008s] ( 876/2089) trawl-server catalog::gc::tests::observation_exactly_at_the_cutoff_is_alive
        PASS [   0.008s] ( 877/2089) trawl-server catalog::gc::tests::the_generation_follows_the_store_not_the_map
        PASS [   0.010s] ( 878/2089) trawl-server catalog::tests::evict_many_removes_the_set_without_stamping_it
        PASS [   0.012s] ( 879/2089) trawl-server catalog::tests::all_returns_the_full_unfiltered_snapshot
        PASS [   0.011s] ( 880/2089) trawl-server catalog::tests::intersect_keeps_pins_for_observed_keys_only
        PASS [   0.010s] ( 881/2089) trawl-server catalog::tests::merge_adds_deltas_without_dropping_existing_pins
        PASS [   0.018s] ( 882/2089) trawl-server catalog::tests::a_purge_the_cache_never_held_still_bumps_the_generation
        PASS [   0.018s] ( 883/2089) trawl-server catalog::tests::intersect_is_exact_name_lookup
        PASS [   0.011s] ( 884/2089) trawl-server catalog::tests::only_a_repin_bumps_the_generation
        PASS [   0.011s] ( 885/2089) trawl-server deadline::tests::an_expired_deadline_grants_no_further_wait
        PASS [   0.018s] ( 886/2089) trawl-server catalog::tests::merge_last_write_wins_for_one_spelling
        PASS [   0.018s] ( 887/2089) trawl-server catalog::tests::repin_overwrites_exactly_one_key
        PASS [   0.012s] ( 888/2089) trawl-server deadline::tests::run_returns_the_output_inside_the_budget
        PASS [   0.010s] ( 889/2089) trawl-server deadline::tests::the_budget_is_spent_once_across_phases
        PASS [   0.016s] ( 890/2089) trawl-server deadline::tests::run_expires_on_a_wait_past_the_budget
        PASS [   0.019s] ( 891/2089) trawl-server deadline::tests::an_unrepresentable_budget_is_clamped
        PASS [   0.057s] ( 892/2089) trawl-server catalog::conform::tests::non_null_counts_span_chunk_boundary_without_crossing_columns
        PASS [   0.011s] ( 893/2089) trawl-server env_dirs::tests::keeps_valid_envs_sorted_and_skips_the_rest
        PASS [   0.009s] ( 894/2089) trawl-server env_dirs::tests::missing_root_is_empty
        PASS [   0.008s] ( 895/2089) trawl-server env_dirs::tests::try_list_separates_cold_start_from_unreadable_root
        PASS [   0.009s] ( 896/2089) trawl-server epoch::tests::dangling_symlinks_are_errors_not_absence
        PASS [   0.010s] ( 897/2089) trawl-server epoch::tests::flat_wal_refuses_before_fresh_empty_or_current_root_mutation
        PASS [   0.011s] ( 898/2089) trawl-server epoch::tests::current_environment_wal_is_preserved
        PASS [   0.012s] ( 899/2089) trawl-server epoch::tests::explicit_noncurrent_epochs_refuse_in_every_mode_without_mutation
        PASS [   0.009s] ( 900/2089) trawl-server epoch::tests::invalid_path_types_fail_before_initialization
        PASS [   0.009s] ( 901/2089) trawl-server epoch::tests::fresh_and_empty_roots_initialize_and_restart
        PASS [   0.009s] ( 902/2089) trawl-server epoch::tests::query_only_generic_archives_and_unused_wal_are_untouched
        PASS [   0.011s] ( 903/2089) trawl-server epoch::tests::markerless_nonempty_ingest_roots_refuse_without_mutation
        PASS [   0.009s] ( 904/2089) trawl-server epoch::tests::query_only_owned_roots_still_require_their_epoch_marker
        PASS [   0.009s] ( 905/2089) trawl-server epoch::tests::suffix_siblings_and_report_results_are_never_adopted_or_deleted
        PASS [   0.009s] ( 906/2089) trawl-server error::tests::a_window_policy_refusal_is_a_400_naming_both_sides
        PASS [   0.011s] ( 907/2089) trawl-server error::tests::conflict_maps_to_409_with_its_message
        PASS [   0.011s] ( 908/2089) trawl-server error::tests::authentication_failures_use_the_current_opaque_wire_code
        PASS [   0.008s] ( 909/2089) trawl-server error::tests::error_class_never_carries_user_content
        PASS [   0.008s] ( 910/2089) trawl-server error::tests::internal_maps_to_500
        PASS [   0.008s] ( 911/2089) trawl-server error::tests::safe_message_keeps_the_capacity_refusal_and_generalizes_the_rest
        PASS [   0.009s] ( 912/2089) trawl-server error::tests::purge_commit_unknown_is_a_store_class_503_with_its_message
        PASS [   0.008s] ( 913/2089) trawl-server error::tests::safe_message_preserves_parse_errors
        PASS [   0.008s] ( 914/2089) trawl-server error::tests::safe_message_redacts_internal_errors
        PASS [   0.008s] ( 915/2089) trawl-server error::tests::safe_message_redacts_database_errors
        PASS [   0.008s] ( 916/2089) trawl-server error::tests::safe_message_redacts_store_backend_errors
        PASS [   0.008s] ( 917/2089) trawl-server error::tests::service_unavailable_maps_to_503
        PASS [   0.008s] ( 918/2089) trawl-server error::tests::store_error_http_table
        PASS [   0.008s] ( 919/2089) trawl-server error::tests::store_unavailable_body_is_redacted
        PASS [   0.008s] ( 920/2089) trawl-server error::tests::window_plan_and_materialize_failures_are_redacted_500s
        PASS [   0.274s] ( 921/2089) trawl-server from_saved::pg_tests::resolve_latest_errors_on_a_success_with_neither_file_nor_blob
        PASS [   0.320s] ( 922/2089) trawl-server from_saved::pg_tests::resolve_latest_answers_a_zero_row_success_not_an_older_run
        PASS [   0.318s] ( 923/2089) trawl-server from_saved::pg_tests::resolve_latest_not_found_without_successful_runs
        PASS [   0.322s] ( 924/2089) trawl-server from_saved::pg_tests::resolve_all_not_found_without_successful_runs
        PASS [   0.321s] ( 925/2089) trawl-server from_saved::pg_tests::resolve_carries_the_saved_querys_own_dsl
        PASS [   0.322s] ( 926/2089) trawl-server from_saved::pg_tests::resolve_all_skips_zero_row_members
        PASS [   0.324s] ( 927/2089) trawl-server from_saved::pg_tests::resolve_all_builds_union_duckdb_executes
        PASS [   1.585s] ( 928/2089) trawl-engine::duckdb_probe dialect_ambiguity_pairs_across_both_engines
        PASS [   0.299s] ( 929/2089) trawl-server from_saved::pg_tests::resolve_latest_over_a_blob_backed_nonempty_run_errors
        PASS [   0.226s] ( 930/2089) trawl-server from_saved::pg_tests::resolve_specific_refuses_a_run_that_did_not_succeed
        PASS [   0.305s] ( 931/2089) trawl-server from_saved::pg_tests::resolve_specific_not_found_for_missing_run
        PASS [   0.305s] ( 932/2089) trawl-server from_saved::pg_tests::resolve_specific_not_found_for_other_users_run
        PASS [   0.306s] ( 933/2089) trawl-server from_saved::pg_tests::resolve_latest_picks_newest_successful_run
        PASS [   0.306s] ( 934/2089) trawl-server from_saved::pg_tests::resolve_specific_errors_on_a_success_with_neither_file_nor_blob
        PASS [   0.305s] ( 935/2089) trawl-server from_saved::pg_tests::resolve_specific_refuses_a_blob_backed_nonempty_run
        PASS [   0.307s] ( 936/2089) trawl-server from_saved::pg_tests::resolve_specific_answers_a_zero_row_run
        PASS [   0.010s] ( 937/2089) trawl-server from_saved::tests::parquet_source_basic
        PASS [   0.011s] ( 938/2089) trawl-server from_saved::tests::empty_typed_source_projects_quoted_names
        PASS [   0.010s] ( 939/2089) trawl-server from_saved::tests::parquet_source_strips_trailing_slash
        PASS [   0.011s] ( 940/2089) trawl-server from_saved::tests::parquet_source_escapes_single_quotes
        PASS [   0.011s] ( 941/2089) trawl-server handlers::tests::cancel_authority_is_the_key_id_and_admin_reaches_system_work
        PASS [   0.010s] ( 942/2089) trawl-server handlers::tests::csv_generation_sanitizes_string_values
        PASS [   0.010s] ( 943/2089) trawl-server handlers::tests::health_all_down_is_unavailable
        PASS [   0.011s] ( 944/2089) trawl-server handlers::tests::a_filtered_retained_entry_omits_the_fields_it_hides
        PASS [   0.010s] ( 945/2089) trawl-server handlers::tests::health_all_ok
        PASS [   0.010s] ( 946/2089) trawl-server handlers::tests::health_data_path_down_is_degraded
        PASS [   0.010s] ( 947/2089) trawl-server handlers::tests::health_auth_down_is_degraded
        PASS [   0.010s] ( 948/2089) trawl-server handlers::tests::health_all_noncritical_down_is_degraded
        PASS [   0.038s] ( 949/2089) trawl-server from_saved::tests::empty_typed_source_executes_downstream_shapes
        PASS [   0.010s] ( 950/2089) trawl-server handlers::tests::health_storage_down_is_degraded
        PASS [   0.010s] ( 951/2089) trawl-server handlers::tests::health_duckdb_and_noncritical_down_is_unavailable
        PASS [   0.010s] ( 952/2089) trawl-server handlers::tests::health_duckdb_down_is_unavailable
        PASS [   0.010s] ( 953/2089) trawl-server handlers::tests::ndjson_generation_produces_valid_output
        PASS [   0.009s] ( 954/2089) trawl-server handlers::tests::retained_interactive_work_keeps_its_existing_display_visibility
        PASS [   0.008s] ( 955/2089) trawl-server handlers::tests::sanitize_csv_formula_prefixes_dangerous_chars
        PASS [   0.009s] ( 956/2089) trawl-server handlers::tests::schema_window_is_the_retention_horizon
        PASS [   0.009s] ( 957/2089) trawl-server handlers::tests::since_from_secs_saturates_instead_of_panicking
        PASS [   0.010s] ( 958/2089) trawl-server handlers::tests::sanitize_csv_formula_passes_safe_strings
        PASS [   0.009s] ( 959/2089) trawl-server handlers::tests::system_retained_work_shows_no_text_below_server_manage
        PASS [   0.009s] ( 960/2089) trawl-server handlers::tests::value_to_string_does_not_sanitize_numbers
        PASS [   0.009s] ( 961/2089) trawl-server hot_buffer::tests::drain_after_snapshot_leaves_snapshot_valid
        PASS [   0.008s] ( 962/2089) trawl-server hot_buffer::tests::drain_nonexistent_is_noop
        PASS [   0.009s] ( 963/2089) trawl-server handlers::tests::value_to_string_sanitizes_strings
        PASS [   0.009s] ( 964/2089) trawl-server hot_buffer::tests::drain_removes_batches
        PASS [   0.009s] ( 965/2089) trawl-server hot_buffer::tests::eviction_removes_oldest_by_insertion_order
        PASS [   0.009s] ( 966/2089) trawl-server hot_buffer::tests::drain_updates_byte_count
        PASS [   0.009s] ( 967/2089) trawl-server hot_buffer::tests::empty_buffer_returns_none
        PASS [   0.009s] ( 968/2089) trawl-server hot_buffer::tests::eviction_by_bytes_limit
        PASS [   0.009s] ( 969/2089) trawl-server hot_buffer::tests::insert_and_snapshot
        PASS [   0.009s] ( 970/2089) trawl-server hot_buffer::tests::snapshot_field_types_is_pins_intersect_observed_keys
        PASS [   0.009s] ( 971/2089) trawl-server hot_buffer::tests::snapshot_hoists_schema_pioneers_to_the_front
        PASS [   0.009s] ( 972/2089) trawl-server hot_buffer::tests::snapshot_includes_all_batches
        PASS [   0.009s] ( 973/2089) trawl-server hot_buffer::tests::snapshot_reflects_new_pins_at_same_generation
        PASS [   0.010s] ( 974/2089) trawl-server ingest::compaction::tests::a_hung_conflicts_write_counts_against_conflicts
        PASS [   0.011s] ( 975/2089) trawl-server ingest::compaction::tests::a_hung_observations_write_counts_against_observations
        PASS [   0.022s] ( 976/2089) trawl-server ingest::compaction::tests::a_rename_alongside_the_guard_is_not_guard_only
        PASS [   0.046s] ( 977/2089) trawl-server ingest::compaction::tests::a_guard_only_plan_over_an_in_range_source_nulls_nothing
        PASS [   0.227s] ( 978/2089) trawl-server from_saved::pg_tests::resolve_specific_returns_source_for_run
        PASS [   0.190s] ( 979/2089) trawl-server from_saved::pg_tests::resolve_unknown_saved_query_is_not_found
        PASS [   0.192s] ( 980/2089) trawl-server from_saved::pg_tests::resolve_strips_stage_and_prepends_wildcard
        PASS [   0.009s] ( 981/2089) trawl-server ingest::compaction::tests::both_sampling_aggregates_share_the_subject_and_the_decode
        PASS [   0.010s] ( 982/2089) trawl-server ingest::compaction::tests::bookkeeping_budget_bounds_a_hung_write
        PASS [   0.008s] ( 983/2089) trawl-server ingest::compaction::tests::budget_leaves_room_for_every_fast_failing_attempt
        PASS [   0.050s] ( 984/2089) trawl-server ingest::compaction::tests::all_null_unpinned_column_defers_then_later_batch_pins
        PASS [   0.009s] ( 985/2089) trawl-server ingest::compaction::tests::collect_hour_dirs_finds_valid_hours
        PASS [   0.010s] ( 986/2089) trawl-server ingest::compaction::tests::collect_service_files_groups_correctly
        PASS [   0.009s] ( 987/2089) trawl-server ingest::compaction::tests::compact_all_nul_is_data_loss_not_error
        PASS [   0.059s] ( 988/2089) trawl-server ingest::compaction::tests::cleanup_removes_day_level_stale_tmp
        PASS [   0.189s] ( 989/2089) trawl-server ingest::compaction::tests::a_failed_sample_capture_still_records_the_conflict
        PASS [   0.059s] ( 990/2089) trawl-server ingest::compaction::tests::cleanup_removes_stale_tmp_files
        PASS [   0.024s] ( 991/2089) trawl-server ingest::compaction::tests::compact_creates_canonical_file
        PASS [   0.043s] ( 992/2089) trawl-server ingest::compaction::tests::compact_chunked_merges_incrementally
        PASS [   0.172s] ( 993/2089) trawl-server ingest::compaction::tests::a_severity_source_keeps_its_stored_arm_dialect_free
        PASS [   0.031s] ( 994/2089) trawl-server ingest::compaction::tests::compact_filename_fallback_is_per_file
        PASS [   0.033s] ( 995/2089) trawl-server ingest::compaction::tests::compact_excludes_wal_provenance_column
        PASS [   0.034s] ( 996/2089) trawl-server ingest::compaction::tests::compact_handles_duplicate_key_across_nesting_levels
        PASS [   0.020s] ( 997/2089) trawl-server ingest::compaction::tests::compact_keeps_quarantine_count_when_a_later_step_fails
        PASS [   0.247s] ( 998/2089) trawl-server ingest::compaction::tests::a_batch_with_no_conflicts_runs_no_sample_query
        PASS [   0.032s] ( 999/2089) trawl-server ingest::compaction::tests::compact_handles_heterogeneous_schemas
        PASS [   0.032s] (1000/2089) trawl-server ingest::compaction::tests::compact_isolates_malformed_textual_ndjson_keeps_good
        PASS [   0.036s] (1001/2089) trawl-server ingest::compaction::tests::compact_handles_nested_json
        PASS [   0.020s] (1002/2089) trawl-server ingest::compaction::tests::compact_once_counts_quarantine_as_error
        PASS [   0.036s] (1003/2089) trawl-server ingest::compaction::tests::compact_keeps_user_field_named_filename
        PASS [   0.030s] (1004/2089) trawl-server ingest::compaction::tests::compact_nonconforming_filename_falls_back_to_now
        PASS [   0.237s] (1005/2089) trawl-server ingest::compaction::tests::a_running_rollup_pass_is_gated_by_the_cutover_and_stands_down
        PASS [   0.009s] (1006/2089) trawl-server ingest::compaction::tests::compact_once_errors_on_unreadable_wal_root
        PASS [   0.038s] (1007/2089) trawl-server ingest::compaction::tests::compact_merges_with_existing_file
        PASS [   0.044s] (1008/2089) trawl-server ingest::compaction::tests::compact_merges_despite_type_conflict
        PASS [   0.033s] (1009/2089) trawl-server ingest::compaction::tests::compact_once_drains_bad_timestamp_without_errors
        PASS [   0.011s] (1010/2089) trawl-server ingest::compaction::tests::compact_once_is_clean_when_wal_root_is_missing
        PASS [   0.023s] (1011/2089) trawl-server ingest::compaction::tests::compact_once_isolates_unreadable_env_wal_dir
        PASS [   0.044s] (1012/2089) trawl-server ingest::compaction::tests::compact_once_drains_wal_carrying_reserved_provenance_key
        PASS [   0.031s] (1013/2089) trawl-server ingest::compaction::tests::compact_quarantines_nul_ndjson_keeps_good
        PASS [   0.036s] (1014/2089) trawl-server ingest::compaction::tests::compact_repairs_malformed_timestamp_from_filename
        PASS [   0.028s] (1015/2089) trawl-server ingest::compaction::tests::conflict_samples_are_control_sanitised_then_byte_capped
        PASS [   0.042s] (1016/2089) trawl-server ingest::compaction::tests::compact_sorts_rows_by_timestamp
        PASS [   0.032s] (1017/2089) trawl-server ingest::compaction::tests::compaction_coerces_complex_fields_to_varchar
        PASS [   0.025s] (1018/2089) trawl-server ingest::compaction::tests::conflict_samples_are_distinct_after_sanitisation
        PASS [   0.011s] (1019/2089) trawl-server ingest::compaction::tests::conform_plan_folds_mixed_case_columns_onto_their_pins
        PASS [   0.079s] (1020/2089) trawl-server ingest::compaction::tests::compact_once_partitions_by_env_and_verbatim_service
        PASS [   0.009s] (1021/2089) trawl-server ingest::compaction::tests::corrupt_tmp_preserves_old_daily_and_hourlies
        PASS [   0.081s] (1022/2089) trawl-server ingest::compaction::tests::compact_preserves_repair_column_past_the_sample_window
        PASS [   0.025s] (1023/2089) trawl-server ingest::compaction::tests::conflict_samples_are_the_distinct_nulled_values_capped_at_five
        PASS [   0.009s] (1024/2089) trawl-server ingest::compaction::tests::decoding_samples_caps_sanitises_then_dedups
        PASS [   0.085s] (1025/2089) trawl-server ingest::compaction::tests::compact_repairs_all_trigger_variants
        PASS [   0.379s] (1026/2089) trawl-server hot_buffer::tests::sparse_key_survives_a_snapshot_larger_than_the_detection_prefix
        PASS [   0.010s] (1027/2089) trawl-server ingest::compaction::tests::extract_service_simple
        PASS [   0.029s] (1028/2089) trawl-server ingest::compaction::tests::conform_to_bigint_pin_nulls_beyond_2_pow_53_fractionals
        PASS [   0.026s] (1029/2089) trawl-server ingest::compaction::tests::conform_to_bigint_pin_nulls_rounded_values_and_records_them
        PASS [   0.010s] (1030/2089) trawl-server ingest::compaction::tests::extract_service_with_underscores
        PASS [   0.009s] (1031/2089) trawl-server ingest::compaction::tests::failed_rollup_recovery_keeps_readers_closed
        PASS [   0.009s] (1032/2089) trawl-server ingest::compaction::tests::group_by_service_groups_correctly
        PASS [   0.012s] (1033/2089) trawl-server ingest::compaction::tests::fast_retry_exhaustion_counts_no_timeout
        PASS [   0.011s] (1034/2089) trawl-server ingest::compaction::tests::is_valid_ndjson_detects_corruption
        PASS [   0.011s] (1035/2089) trawl-server ingest::compaction::tests::looks_like_date_invalid
        PASS [   0.010s] (1036/2089) trawl-server ingest::compaction::tests::looks_like_date_valid
        PASS [   0.009s] (1037/2089) trawl-server ingest::compaction::tests::merged_suffix_is_not_picked_up_by_collect_service_files
        PASS [   0.023s] (1038/2089) trawl-server ingest::compaction::tests::is_valid_parquet_detects_corruption
        PASS [   0.024s] (1039/2089) trawl-server ingest::compaction::tests::lossless_conform_is_not_recorded_as_a_conflict
        PASS [   0.044s] (1040/2089) trawl-server ingest::compaction::tests::failed_invalid_tmp_quarantine_cannot_retire_unpublished_rows_on_retry
        PASS [   0.044s] (1041/2089) trawl-server ingest::compaction::tests::failed_marker_stage_preserves_complete_list_and_stage_is_ignored
        PASS [   0.052s] (1042/2089) trawl-server ingest::compaction::tests::duplicate_name_collision_drains_at_depth_1_keeping_all_columns
        PASS [   0.030s] (1043/2089) trawl-server ingest::compaction::tests::merge_into_foreign_nonconformant_parquet_errors_and_retains_wal
        PASS [   0.048s] (1044/2089) trawl-server ingest::compaction::tests::nested_object_keeps_batchmates_columns_and_stays_reachable
        PASS [   0.035s] (1045/2089) trawl-server ingest::compaction::tests::pin_ladder_boolean_majority_pins_boolean
        PASS [   0.037s] (1046/2089) trawl-server ingest::compaction::tests::pin_ladder_huge_outlier_among_integers_pins_bigint
        PASS [   0.039s] (1047/2089) trawl-server ingest::compaction::tests::pin_ladder_even_split_pins_varchar_unquoted
        PASS [   0.035s] (1048/2089) trawl-server ingest::compaction::tests::pin_ladder_one_outlier_among_integers_pins_bigint
        PASS [   0.042s] (1049/2089) trawl-server ingest::compaction::tests::pin_ladder_fractional_majority_pins_double_not_bigint
        PASS [   0.009s] (1050/2089) trawl-server ingest::compaction::tests::quarantine_file_signals_rename_failure
        PASS [   0.009s] (1051/2089) trawl-server ingest::compaction::tests::quarantine_file_signals_reservation_failure
        PASS [   0.009s] (1052/2089) trawl-server ingest::compaction::tests::recovery_keeps_marker_when_hourly_retire_fails
        PASS [   0.074s] (1053/2089) trawl-server ingest::compaction::tests::pin_ladder_beyond_2_pow_53_integral_doubles_pin_bigint
        PASS [   0.033s] (1054/2089) trawl-server ingest::compaction::tests::pin_ladder_u64_range_batch_pins_double
        PASS [   0.019s] (1055/2089) trawl-server ingest::compaction::tests::recovery_discards_truncated_tmp
        PASS [   0.026s] (1056/2089) trawl-server ingest::compaction::tests::recovery_completes_after_partial_hourly_cleanup
        PASS [   0.008s] (1057/2089) trawl-server ingest::compaction::tests::repeated_quarantine_keeps_every_artifact
        PASS [   0.088s] (1058/2089) trawl-server ingest::compaction::tests::pending_rollup_recovers_before_fresh_wal_even_when_rollup_disabled
        PASS [   0.008s] (1059/2089) trawl-server ingest::compaction::tests::repin_policy_without_raw_column_falls_back_to_plain_conform
        PASS [   0.019s] (1060/2089) trawl-server ingest::compaction::tests::repin_policy_fires_even_when_the_dtype_already_matches_the_pin
        PASS [   0.008s] (1061/2089) trawl-server ingest::compaction::tests::retire_merged_hourly_deletes_when_possible
        PASS [   0.019s] (1062/2089) trawl-server ingest::compaction::tests::repin_policy_routes_the_target_through_resurrection
        PASS [   0.008s] (1063/2089) trawl-server ingest::compaction::tests::retire_merged_hourly_is_idempotent_on_missing_file
        PASS [   0.058s] (1064/2089) trawl-server ingest::compaction::tests::publication_blocks_reader_until_hot_batch_is_drained
        PASS [   0.008s] (1065/2089) trawl-server ingest::compaction::tests::retire_merged_hourly_renames_aside_when_delete_fails
        PASS [   0.039s] (1066/2089) trawl-server ingest::compaction::tests::recovery_promotes_tmp_over_old_daily_before_retiring_hourlies
        PASS [   0.029s] (1067/2089) trawl-server ingest::compaction::tests::rollup_is_suppressed_while_a_repin_pause_is_held
        PASS [   0.041s] (1068/2089) trawl-server ingest::compaction::tests::rollup_day_blocking_merges_hourly_files
        PASS [   0.038s] (1069/2089) trawl-server ingest::compaction::tests::rollup_does_not_duplicate_rows_when_hourly_survives
        PASS [   0.042s] (1070/2089) trawl-server ingest::compaction::tests::rollup_day_blocking_sorts_by_timestamp
        PASS [   0.046s] (1071/2089) trawl-server ingest::compaction::tests::rollup_day_blocking_merges_with_existing_daily
        PASS [   0.020s] (1072/2089) trawl-server ingest::compaction::tests::rollup_keeps_quarantine_count_when_merge_errors
        PASS [   0.026s] (1073/2089) trawl-server ingest::compaction::tests::rollup_marker_written_and_cleaned
        PASS [   0.018s] (1074/2089) trawl-server ingest::compaction::tests::rollup_recovery_after_rename_crash
        PASS [   0.033s] (1075/2089) trawl-server ingest::compaction::tests::rollup_of_nonconformant_hourlies_errors_loudly_and_retains_inputs
        PASS [   0.032s] (1076/2089) trawl-server ingest::compaction::tests::rollup_quarantines_truncated_hourly_file
        PASS [   0.009s] (1077/2089) trawl-server ingest::compaction::tests::rollup_recovery_stale_marker
        PASS [   0.021s] (1078/2089) trawl-server ingest::compaction::tests::rollup_recovery_after_tmp_crash
        PASS [   0.125s] (1079/2089) trawl-server ingest::compaction::tests::recovery_keeps_runtime_responsive_and_guards_after_cancellation
        PASS [   0.008s] (1080/2089) trawl-server ingest::compaction::tests::the_conform_pass_through_excludes_the_severity_range_guard
        PASS [   0.017s] (1081/2089) trawl-server ingest::compaction::tests::rollup_skips_when_all_inputs_corrupt
        PASS [   0.031s] (1082/2089) trawl-server ingest::compaction::tests::rollup_runs_without_wal_files
        PASS [   0.069s] (1083/2089) trawl-server ingest::compaction::tests::rollup_publication_blocks_readers_until_hourly_retirement
        PASS [   0.009s] (1084/2089) trawl-server ingest::envelope::tests::a_bare_level_that_is_not_a_severity_survives_untouched
        PASS [   0.009s] (1085/2089) trawl-server ingest::envelope::tests::a_forged_severity_strips_to_the_bare_name_and_is_then_derived
        PASS [   0.010s] (1086/2089) trawl-server ingest::envelope::tests::a_non_string_raw_strips_like_any_other_reserved_name
        PASS [   0.008s] (1087/2089) trawl-server ingest::envelope::tests::a_numeric_severity_is_stored_verbatim_and_derived_as_otel
        PASS [   0.039s] (1088/2089) trawl-server ingest::compaction::tests::write_report_counts_only_this_batch_and_written_fields
        PASS [   0.011s] (1089/2089) trawl-server ingest::envelope::tests::a_payload_null_in_an_asserted_slot_is_absence_not_a_collision
        PASS [   0.009s] (1090/2089) trawl-server ingest::envelope::tests::a_prefixed_name_loses_to_the_bare_one_it_would_shadow
        PASS [   0.008s] (1091/2089) trawl-server ingest::envelope::tests::a_profile_assertion_beats_a_colliding_payload_key
        PASS [   0.010s] (1092/2089) trawl-server ingest::envelope::tests::a_profile_never_defaults_its_env
        PASS [   0.013s] (1093/2089) trawl-server ingest::envelope::tests::a_profile_faces_every_universal_gate
        PASS [   0.009s] (1094/2089) trawl-server ingest::envelope::tests::a_profile_with_no_honest_host_keeps_the_event_and_omits_it
        PASS [   0.009s] (1095/2089) trawl-server ingest::envelope::tests::a_stripped_identity_name_is_sender_asserted_not_overwritten
        PASS [   0.009s] (1096/2089) trawl-server ingest::envelope::tests::a_syslog_over_http_forwarder_inverts_through_the_configured_dialect
        PASS [   0.009s] (1097/2089) trawl-server ingest::envelope::tests::absent_severity_sources_are_silent
        PASS [   0.009s] (1098/2089) trawl-server ingest::envelope::tests::all_lowercase_event_records_no_fold_repair
        PASS [   0.009s] (1099/2089) trawl-server ingest::envelope::tests::an_all_underscore_name_is_dropped_not_stored
        PASS [   0.009s] (1100/2089) trawl-server ingest::envelope::tests::an_empty_configured_severity_list_derives_nothing_but_keeps_the_fixed_source
        PASS [   0.008s] (1101/2089) trawl-server ingest::envelope::tests::an_incoming_producer_key_cannot_forge_the_column
        PASS [   0.009s] (1102/2089) trawl-server ingest::envelope::tests::an_invalid_asserted_service_rejects_through_the_doors_own_validator
        PASS [   0.010s] (1103/2089) trawl-server ingest::envelope::tests::an_identical_payload_value_is_not_a_collision
        PASS [   0.008s] (1104/2089) trawl-server ingest::envelope::tests::case_variant_ingested_folds_then_takes_the_reserved_prefix_strip
        PASS [   0.011s] (1105/2089) trawl-server ingest::envelope::tests::an_unparseable_time_proposal_does_not_fall_through_to_a_lower_source
        PASS [   0.011s] (1106/2089) trawl-server ingest::envelope::tests::array_values_are_stringified_to_json_text
        PASS [   0.008s] (1107/2089) trawl-server ingest::envelope::tests::client_raw_under_a_case_variant_is_honoured_verbatim
        PASS [   0.010s] (1108/2089) trawl-server ingest::envelope::tests::client_ingested_and_repairs_strip_to_bare_names
        PASS [   0.011s] (1109/2089) trawl-server ingest::envelope::tests::client_string_raw_survives_verbatim
        PASS [   0.009s] (1110/2089) trawl-server ingest::envelope::tests::every_door_stamps_its_own_producer
        PASS [   0.010s] (1111/2089) trawl-server ingest::envelope::tests::exact_envelope_keys_cannot_be_shadowed_by_case_variants
        PASS [   0.011s] (1112/2089) trawl-server ingest::envelope::tests::field_name_at_the_cap_is_kept
        PASS [   0.008s] (1113/2089) trawl-server ingest::envelope::tests::field_name_bound_counts_bytes_not_chars
        PASS [   0.010s] (1114/2089) trawl-server ingest::envelope::tests::folded_severity_inputs_join_the_derivation_chain
        PASS [   0.011s] (1115/2089) trawl-server ingest::envelope::tests::folding_is_ascii_only_and_lowercase_names_are_untouched
        PASS [   0.011s] (1116/2089) trawl-server ingest::envelope::tests::fully_specified_event_is_clean
        PASS [   0.011s] (1117/2089) trawl-server ingest::envelope::tests::in_event_collision_keeps_the_exact_spelling_deterministically
        PASS [   0.011s] (1118/2089) trawl-server ingest::envelope::tests::invalid_env_shape_rejects
        PASS [   0.011s] (1119/2089) trawl-server ingest::envelope::tests::lone_case_variant_envelope_keys_fold_and_are_consumed_canonically
        PASS [   0.011s] (1120/2089) trawl-server ingest::envelope::tests::missing_env_repairs_from_default
        PASS [   0.012s] (1121/2089) trawl-server ingest::envelope::tests::missing_host_behind_trusted_relay_rejects
        PASS [   0.011s] (1122/2089) trawl-server ingest::envelope::tests::missing_host_repairs_from_peer
        PASS [   0.076s] (1123/2089) trawl-server ingest::envelope::tests::deeply_nested_env_object_reject_message_is_bounded
        PASS [   0.011s] (1124/2089) trawl-server ingest::envelope::tests::missing_service_rejects
        PASS [   0.008s] (1125/2089) trawl-server ingest::envelope::tests::missing_time_repairs_from_ingest
        PASS [   0.008s] (1126/2089) trawl-server ingest::envelope::tests::multiple_repairs_join_comma_separated
        PASS [   0.008s] (1127/2089) trawl-server ingest::envelope::tests::non_string_raw_is_still_stripped_before_stringification
        PASS [   0.008s] (1128/2089) trawl-server ingest::envelope::tests::non_string_raw_replaced_with_the_server_serialization
        PASS [   0.009s] (1129/2089) trawl-server ingest::envelope::tests::null_env_defaults_like_absent
        PASS [   0.216s] (1130/2089) trawl-server ingest::compaction::tests::tally_conflicts_spans_chunk_boundary_without_crossing_columns
        PASS [   0.009s] (1131/2089) trawl-server ingest::envelope::tests::object_values_are_stringified_to_json_text
        PASS [   0.011s] (1132/2089) trawl-server ingest::envelope::tests::present_host_behind_trusted_relay_accepted
        PASS [   0.013s] (1133/2089) trawl-server ingest::envelope::tests::overlong_field_name_is_dropped_not_fatal
        PASS [   0.014s] (1134/2089) trawl-server ingest::envelope::tests::oversized_raw_truncated_on_char_boundary
        PASS [   0.008s] (1135/2089) trawl-server ingest::envelope::tests::raw_contains_stripped_client_meta
        PASS [   0.011s] (1136/2089) trawl-server ingest::envelope::tests::raw_captured_before_host_fill
        PASS [   0.012s] (1137/2089) trawl-server ingest::envelope::tests::producer_contributed_codes_lead_the_repairs_list
        PASS [   0.009s] (1138/2089) trawl-server ingest::envelope::tests::reserved_prefixes_strip_to_the_bare_remainder
        PASS [   0.009s] (1139/2089) trawl-server ingest::envelope::tests::service_dot_names_reject
        PASS [   0.011s] (1140/2089) trawl-server ingest::envelope::tests::raw_preserves_the_original_nesting
        PASS [   0.008s] (1141/2089) trawl-server ingest::envelope::tests::service_dotted_names_accepted_verbatim
        PASS [   0.010s] (1142/2089) trawl-server ingest::envelope::tests::service_null_rejects_with_type_reason
        PASS [   0.010s] (1143/2089) trawl-server ingest::envelope::tests::service_number_rejects_with_type_reason
        PASS [   0.008s] (1144/2089) trawl-server ingest::envelope::tests::service_object_rejects_with_type_reason
        PASS [   0.010s] (1145/2089) trawl-server ingest::envelope::tests::service_space_now_rejects
        PASS [   0.010s] (1146/2089) trawl-server ingest::envelope::tests::service_supplied_under_a_case_variant_validates
        PASS [   0.010s] (1147/2089) trawl-server ingest::envelope::tests::service_traversal_rejects
        PASS [   0.010s] (1148/2089) trawl-server ingest::envelope::tests::severity_numeric_dialect_matrix
        PASS [   0.010s] (1149/2089) trawl-server ingest::envelope::tests::severity_source_precedence_is_first_mappable
        PASS [   0.010s] (1150/2089) trawl-server ingest::envelope::tests::severity_token_spellings_normalize
        PASS [   0.096s] (1151/2089) trawl-server ingest::envelope::tests::multi_megabyte_env_string_reject_message_is_bounded
        PASS [   0.011s] (1152/2089) trawl-server ingest::envelope::tests::stringification_is_canonicalization_not_a_repair
        PASS [   0.010s] (1153/2089) trawl-server ingest::envelope::tests::stringification_leaves_scalars_untouched
        PASS [   0.401s] (1154/2089) trawl-server ingest::compaction::tests::repin_counts_over_a_severity_target_separate_loss_from_ambiguity
        PASS [   0.009s] (1155/2089) trawl-server ingest::envelope::tests::the_syslog_profile_derives_severity_from_its_own_artifact
        PASS [   0.011s] (1156/2089) trawl-server ingest::envelope::tests::the_syslog_profile_reads_its_frame_timestamp_first
        PASS [   0.008s] (1157/2089) trawl-server ingest::envelope::tests::time_alias_sources_are_stored_verbatim
        PASS [   0.010s] (1158/2089) trawl-server ingest::envelope::tests::the_two_proposable_slots_are_not_stripped
        PASS [   0.011s] (1159/2089) trawl-server ingest::envelope::tests::time_malformed_substituted_and_flagged
        PASS [   0.010s] (1160/2089) trawl-server ingest::envelope::tests::time_out_of_range_kept_but_flagged
        PASS [   0.010s] (1161/2089) trawl-server ingest::envelope::tests::time_sources_are_read_in_precedence_order_and_kept
        PASS [   0.009s] (1162/2089) trawl-server ingest::envelope::tests::trawld_never_lets_a_payload_field_claim_the_raw_lifeline
        PASS [   0.010s] (1163/2089) trawl-server ingest::envelope::tests::time_valid_values_canonicalized
        PASS [   0.010s] (1164/2089) trawl-server ingest::envelope::tests::unlisted_env_rejects
        PASS [   0.010s] (1165/2089) trawl-server ingest::envelope::tests::variant_only_collision_takes_the_lexicographically_first_key
        PASS [   0.010s] (1166/2089) trawl-server ingest::handler::tests::client_values_not_overwritten
        PASS [   0.009s] (1167/2089) trawl-server ingest::handler::tests::envelope_appears_in_wal_ndjson
        PASS [   0.011s] (1168/2089) trawl-server ingest::handler::tests::envelope_stamped_when_missing_json_array
        PASS [   0.009s] (1169/2089) trawl-server ingest::handler::tests::envelope_stamped_when_missing_ndjson
        PASS [   0.010s] (1170/2089) trawl-server ingest::handler::tests::parse_accepts_valid_service_names
        PASS [   0.009s] (1171/2089) trawl-server ingest::handler::tests::parse_all_events_bad
        PASS [   0.010s] (1172/2089) trawl-server ingest::handler::tests::parse_empty_json_array_rejected
        PASS [   0.010s] (1173/2089) trawl-server ingest::handler::tests::parse_hostless_event_from_trusted_relay_rejected
        PASS [   0.011s] (1174/2089) trawl-server ingest::handler::tests::parse_first_event_bad_scans_forward
        PASS [   0.008s] (1175/2089) trawl-server ingest::handler::tests::parse_insertion_order_preserved
        PASS [   0.009s] (1176/2089) trawl-server ingest::handler::tests::parse_invalid_json
        PASS [   0.011s] (1177/2089) trawl-server ingest::handler::tests::parse_json_array_derives_severity
        PASS [   0.008s] (1178/2089) trawl-server ingest::handler::tests::parse_json_array_rejects_deeply_nested_event
        PASS [   0.010s] (1179/2089) trawl-server ingest::handler::tests::parse_json_array_format
        PASS [   0.010s] (1180/2089) trawl-server ingest::handler::tests::parse_json_array_rejects_bad_service
        PASS [   0.008s] (1181/2089) trawl-server ingest::handler::tests::parse_missing_env_defaults_with_repair
        PASS [   0.010s] (1182/2089) trawl-server ingest::handler::tests::parse_missing_service
        PASS [   0.009s] (1183/2089) trawl-server ingest::handler::tests::parse_ndjson_empty_lines_skipped
        PASS [   0.009s] (1184/2089) trawl-server ingest::handler::tests::parse_ndjson_format
        PASS [   0.010s] (1185/2089) trawl-server ingest::handler::tests::parse_mixed_services_accepted
        PASS [   0.010s] (1186/2089) trawl-server ingest::handler::tests::parse_ndjson_mixed_validity
        PASS [   0.011s] (1187/2089) trawl-server ingest::handler::tests::parse_ndjson_per_service_wal_bytes
        PASS [   0.008s] (1188/2089) trawl-server ingest::handler::tests::parse_non_string_service_typed_reason
        PASS [   0.011s] (1189/2089) trawl-server ingest::handler::tests::parse_ndjson_rejects_deeply_nested_event
        PASS [   0.011s] (1190/2089) trawl-server ingest::handler::tests::parse_ndjson_retains_maps
        PASS [   0.010s] (1191/2089) trawl-server ingest::handler::tests::parse_partial_array_non_object
        PASS [   0.009s] (1192/2089) trawl-server ingest::handler::tests::parse_rejects_empty_service_name
        PASS [   0.011s] (1193/2089) trawl-server ingest::handler::tests::parse_partial_ndjson_bad_middle
        PASS [   0.010s] (1194/2089) trawl-server ingest::handler::tests::parse_rejects_long_service_name
        PASS [   0.010s] (1195/2089) trawl-server ingest::handler::tests::parse_rejects_path_traversal_service
        PASS [   0.010s] (1196/2089) trawl-server ingest::handler::tests::parse_rejects_slash_in_service
        PASS [   0.008s] (1197/2089) trawl-server ingest::handler::tests::parse_rejects_space_in_service
        PASS [   0.010s] (1198/2089) trawl-server ingest::handler::tests::parse_same_service_in_two_envs_separate_batches
        PASS [   0.010s] (1199/2089) trawl-server ingest::handler::tests::parse_three_services_json_array
        PASS [   0.010s] (1200/2089) trawl-server ingest::handler::tests::parse_three_services_ndjson
        PASS [   0.010s] (1201/2089) trawl-server ingest::handler::tests::parse_unlisted_env_rejected_per_event
        PASS [   0.009s] (1202/2089) trawl-server ingest::handler::tests::reject_counts_accuracy
        PASS [   0.009s] (1203/2089) trawl-server ingest::handler::tests::reserved_wal_file_key_stripped_from_events
        PASS [   0.010s] (1204/2089) trawl-server ingest::handler::tests::repairs_counted_per_code_and_service
        PASS [   0.010s] (1205/2089) trawl-server ingest::handler::tests::substituted_time_appears_in_wal_ndjson
        PASS [   0.010s] (1206/2089) trawl-server ingest::handler::tests::unmappable_severity_sources_are_counted_per_service
        PASS [   0.010s] (1207/2089) trawl-server ingest::producer::tests::a_configured_source_cannot_displace_or_duplicate_a_fixed_one
        PASS [   0.010s] (1208/2089) trawl-server ingest::producer::tests::an_empty_severity_list_derives_nothing
        PASS [   0.010s] (1209/2089) trawl-server ingest::producer::tests::an_over_long_name_is_echoed_bounded
        PASS [   0.009s] (1210/2089) trawl-server ingest::producer::tests::defaults_match_resolving_the_default_config
        PASS [   0.010s] (1211/2089) trawl-server ingest::producer::tests::both_spellings_resolve_and_an_absent_dialect_is_otel
        PASS [   0.010s] (1212/2089) trawl-server ingest::producer::tests::every_boot_fatal_rule_rejects_and_names_the_entry
        PASS [   0.009s] (1213/2089) trawl-server ingest::producer::tests::full_lists_at_the_bound_resolve
        PASS [   0.010s] (1214/2089) trawl-server ingest::producer::tests::http_and_trawld_have_no_fixed_sources
        PASS [   0.011s] (1215/2089) trawl-server ingest::producer::tests::producer_kind_spellings_are_unique_and_round_trip
        PASS [   0.011s] (1216/2089) trawl-server ingest::producer::tests::producer_reports_its_own_kind
        PASS [   0.010s] (1217/2089) trawl-server ingest::producer::tests::syslog_fixed_sources_lead_and_carry_their_dialect
        PASS [   0.009s] (1218/2089) trawl-server ingest::producer::tests::the_reject_matrix_renders_at_zero_before_anything_rejects
        PASS [   0.009s] (1219/2089) trawl-server ingest::producer::tests::the_time_proposal_slot_is_the_one_reserved_name_admitted
        PASS [   0.009s] (1220/2089) trawl-server ingest::wal::tests::filename_carries_service_verbatim
        PASS [   0.011s] (1221/2089) trawl-server ingest::wal::tests::no_tmp_file_left_on_success
        PASS [   0.009s] (1222/2089) trawl-server ingest::wal::tests::two_envs_same_service_are_separate_files
        PASS [   0.009s] (1223/2089) trawl-server ingest::wal::tests::write_creates_ndjson_file_under_env_dir
        PASS [   0.008s] (1224/2089) trawl-server metrics::tests::bounded_label_admits_up_to_the_cap_then_collapses
        PASS [   0.009s] (1225/2089) trawl-server metrics::tests::collect_gauges_no_hot_buffer_no_panic
        PASS [   0.011s] (1226/2089) trawl-server metrics::tests::describe_metrics_does_not_panic
        PASS [   0.010s] (1227/2089) trawl-server metrics::tests::overflow_label_cannot_collide_with_a_service_name
        PASS [   0.009s] (1228/2089) trawl-server metrics::tests::wal_walk_counts_files_inside_env_directories
        PASS [   0.010s] (1229/2089) trawl-server ping::tests::caches_ok_within_ttl
        PASS [   0.011s] (1230/2089) trawl-server ping::tests::caches_err_within_ttl
        PASS [   0.008s] (1231/2089) trawl-server ping::tests::maps_timeout_to_err
        PASS [   0.009s] (1232/2089) trawl-server ping::tests::refreshes_after_ttl_expiry
        PASS [   0.008s] (1233/2089) trawl-server policy::tests::a_marked_handler_auth_failure_keeps_the_current_wire_code
        PASS [   0.011s] (1234/2089) trawl-server policy::tests::auth_failures_counter_records_every_rejection_reason
        PASS [   0.008s] (1235/2089) trawl-server policy::tests::authz_foreign_app_only_key_has_nothing
        PASS [   0.042s] (1236/2089) trawl-server monitor::ui::tests::render_dashboard_empty
        PASS [   0.008s] (1237/2089) trawl-server policy::tests::authz_resolves_permissions_from_roles
        PASS [   0.047s] (1238/2089) trawl-server monitor::ui::tests::render_dashboard
        PASS [   0.008s] (1239/2089) trawl-server policy::tests::authz_unrecognized_only_key_is_fail_closed
        PASS [   0.009s] (1240/2089) trawl-server policy::tests::authz_unrecognized_strings_dropped_fail_closed
        PASS [   0.048s] (1241/2089) trawl-server monitor::ui::tests::render_dashboard_narrow
        PASS [   0.009s] (1242/2089) trawl-server policy::tests::grantless_403_event_is_logged_but_never_persisted
        PASS [   0.011s] (1243/2089) trawl-server policy::tests::normalizer_ignores_non_auth_statuses
        PASS [   0.011s] (1244/2089) trawl-server policy::tests::normalizer_leaves_marked_responses_alone
        PASS [   0.009s] (1245/2089) trawl-server policy::tests::normalizer_rewrites_unmarked_401_to_trawl_envelope
        PASS [   0.011s] (1246/2089) trawl-server policy::tests::normalizer_rewrites_unmarked_500_to_trawl_envelope
        PASS [   0.011s] (1247/2089) trawl-server policy::tests::normalizer_rewrites_unmarked_403_to_trawl_envelope
        PASS [   0.010s] (1248/2089) trawl-server policy::tests::normalizer_rewrites_unmarked_503_without_backend_detail
        PASS [   0.010s] (1249/2089) trawl-server policy::tests::parse_rejects_unknown_and_dead_strings
        PASS [   0.011s] (1250/2089) trawl-server policy::tests::parse_roundtrips_every_permission
        PASS [   0.010s] (1251/2089) trawl-server policy::tests::policy_403s_roleless_key
        PASS [   0.011s] (1252/2089) trawl-server policy::tests::policy_403s_grantless_key_with_trawl_envelope
        PASS [   0.010s] (1253/2089) trawl-server policy::tests::policy_403s_unrecognized_permissions_only_key
        PASS [   0.011s] (1254/2089) trawl-server policy::tests::policy_500s_when_key_missing
        PASS [   0.011s] (1255/2089) trawl-server policy::tests::policy_passes_granted_key_and_marks_response
        PASS [   0.011s] (1256/2089) trawl-server policy::tests::trawl_permissions_canonical_order_regardless_of_role_order
        PASS [   0.011s] (1257/2089) trawl-server policy::tests::wire_kind_maps_both_variants
        PASS [   0.024s] (1258/2089) trawl-server pool::tests::a_dropped_caller_retains_and_then_reclaims
        PASS [   0.024s] (1259/2089) trawl-server pool::tests::a_retained_permit_is_visible_and_reclaimed
        PASS [   0.033s] (1260/2089) trawl-server pool::tests::a_failed_run_stamps_no_severity_columns
        PASS [   0.033s] (1261/2089) trawl-server pool::tests::a_latched_cancellation_stops_the_query_at_the_bind_boundary
        PASS [   0.031s] (1262/2089) trawl-server pool::tests::a_panicking_worker_leaks_no_permit_or_executor
        PASS [   0.028s] (1263/2089) trawl-server pool::tests::a_sample_that_overruns_is_a_timeout_and_stays_retained
        PASS [   0.030s] (1264/2089) trawl-server pool::tests::a_timed_out_query_stays_cancellable
        PASS [   0.025s] (1265/2089) trawl-server pool::tests::cancellation_before_the_handle_exists_refuses_the_start
        PASS [   0.026s] (1266/2089) trawl-server pool::tests::cancel_all_clears_interrupts
        PASS [   0.735s] (1267/2089) trawl-server ingest::compaction::tests::pin_ladder_spans_chunk_boundary_without_crossing_verdicts
        PASS [   0.044s] (1268/2089) trawl-server pool::tests::a_timeout_racing_completion_leaves_no_orphan
        PASS [   0.040s] (1269/2089) trawl-server pool::tests::cancellation_cannot_interrupt_a_reused_executor
        PASS [   0.037s] (1270/2089) trawl-server pool::tests::every_lane_registers_its_kind_and_owner
        PASS [   0.044s] (1271/2089) trawl-server pool::tests::counts_return_to_baseline
        PASS [   0.040s] (1272/2089) trawl-server pool::tests::exclusive_names_retained_permits_when_blocked
        PASS [   0.034s] (1273/2089) trawl-server pool::tests::fallback_glob_derived_from_base_dir
        PASS [   0.043s] (1274/2089) trawl-server pool::tests::execute_stamps_severity_columns_from_the_runs_own_snapshot
        PASS [   0.060s] (1275/2089) trawl-server pool::tests::exclusive_times_out_bounded_while_a_query_runs
        PASS [   0.040s] (1276/2089) trawl-server pool::tests::fallback_glob_strips_trailing_slash
        PASS [   0.032s] (1277/2089) trawl-server pool::tests::ping_and_sampling_bound_their_wait
        PASS [   0.049s] (1278/2089) trawl-server pool::tests::field_value_sampling_publication_timeout_releases_permit
        PASS [   0.032s] (1279/2089) trawl-server pool::tests::pool_rejects_invalid_dsl
        PASS [   0.042s] (1280/2089) trawl-server pool::tests::pool_executor_reclaimed_after_timeout
        PASS [   0.132s] (1281/2089) trawl-server pool::tests::exclusive_blocks_field_value_sampling
        PASS [   0.027s] (1282/2089) trawl-server pool::tests::pool_respects_concurrency_limit
        PASS [   0.129s] (1283/2089) trawl-server pool::tests::exclusive_drains_queries_and_blocks_new_ones
        PASS [   0.009s] (1284/2089) trawl-server pool::tests::severity_columns_come_from_the_snapshot_it_is_given
        PASS [   0.010s] (1285/2089) trawl-server pool::tests::severity_columns_shortcut_agrees_with_the_walk
        PASS [   0.027s] (1286/2089) trawl-server pool::tests::pool_timeout_returns_error
        PASS [   0.024s] (1287/2089) trawl-server pool::tests::queue_wait_counts_against_the_deadline
        PASS [   0.033s] (1288/2089) trawl-server pool::tests::publication_wait_counts_against_the_deadline
        PASS [   0.020s] (1289/2089) trawl-server publication::tests::bootstrap_finds_markers_under_literal_root
        PASS [   0.050s] (1290/2089) trawl-server pool::tests::pool_reuses_executors
        PASS [   0.031s] (1291/2089) trawl-server publication::tests::dangling_entries_do_not_poison_the_marker_scan
        PASS [   0.014s] (1292/2089) trawl-server publication::tests::scan_failure_stays_closed
        PASS [   0.033s] (1293/2089) trawl-server publication::tests::pending_marker_refuses_reads_until_removed
        PASS [   0.024s] (1294/2089) trawl-server publication::tests::unresolvable_existing_env_keeps_marker_state_unknown
        PASS [   0.016s] (1295/2089) trawl-server query_log::tests::chmod_failure_is_fatal_only_when_group_or_other_can_reach_the_file
        PASS [   0.052s] (1296/2089) trawl-server pool::tests::startup_wait_counts_against_the_deadline
        PASS [   0.014s] (1297/2089) trawl-server query_log::tests::failed_rollover_backs_off_instead_of_retrying_every_entry
        PASS [   0.074s] (1298/2089) trawl-server pool::tests::start_and_expiry_race_yields_exactly_one_classification
        PASS [   0.040s] (1299/2089) trawl-server publication::tests::writer_excludes_readers
        PASS [   0.024s] (1300/2089) trawl-server query_log::tests::open_creates_owner_only_file
        PASS [   0.035s] (1301/2089) trawl-server query_log::tests::failed_reopen_undoes_the_rename_and_keeps_the_active_path
        PASS [   0.025s] (1302/2089) trawl-server query_log::tests::open_tightens_existing_looser_file
        PASS [   0.016s] (1303/2089) trawl-server query_log::tests::rollover_refuses_a_replacement_regular_file
        PASS [   0.029s] (1304/2089) trawl-server query_log::tests::rollover_at_cap_leaves_current_and_one_previous_file
        PASS [   0.018s] (1305/2089) trawl-server query_log::tests::rollover_replaces_previous_rotated_file
        PASS [   0.019s] (1306/2089) trawl-server query_log::tests::zero_cap_disables_rollover
        PASS [   0.021s] (1307/2089) trawl-server query_log::tests::unrestorable_rollover_closes_the_log_instead_of_growing_it
        PASS [   0.019s] (1308/2089) trawl-server rate_limit::tests::different_key_ids_have_independent_limits
        PASS [   0.016s] (1309/2089) trawl-server rate_limit::tests::ingest_ceiling_is_separate_from_the_interactive_one
        PASS [   0.014s] (1310/2089) trawl-server rate_limit::tests::ingest_ceiling_needs_the_ingest_permission
        PASS [   0.012s] (1311/2089) trawl-server rate_limit::tests::rate_limit_rejects_after_burst
        PASS [   0.015s] (1312/2089) trawl-server rate_limit::tests::override_applies_per_class_with_separate_budgets
        PASS [   0.014s] (1313/2089) trawl-server rate_limit::tests::role_override_replaces_the_class_default_in_both_directions
        PASS [   0.014s] (1314/2089) trawl-server rate_limit::tests::same_effective_rpm_shares_map_not_buckets
        PASS [   0.018s] (1315/2089) trawl-server rate_limit::tests::role_override_applies_even_when_default_disabled
        PASS [   0.011s] (1316/2089) trawl-server rate_limit::tests::zero_rpm_disables_limiter
        PASS [   0.012s] (1317/2089) trawl-server repin::cancel::tests::a_failed_publication_leaves_the_job_cancellable
        PASS [   0.840s] (1318/2089) trawl-server ingest::compaction::tests::the_bounded_sampler_survives_a_high_cardinality_misfit_column
        PASS [   0.013s] (1319/2089) trawl-server repin::cancel::tests::a_latched_job_refuses_every_later_request
        PASS [   0.011s] (1320/2089) trawl-server repin::cancel::tests::a_pending_request_beats_a_terminal_candidate
        PASS [   0.012s] (1321/2089) trawl-server repin::cancel::tests::a_pending_request_stops_the_latch
        PASS [   0.012s] (1322/2089) trawl-server repin::cancel::tests::a_repeat_request_carries_the_first_actor_for_persistence
        PASS [   0.012s] (1323/2089) trawl-server repin::cancel::tests::a_second_request_preserves_the_first_actor
        PASS [   0.009s] (1324/2089) trawl-server repin::cancel::tests::a_stale_disarm_does_not_clear_a_live_entry
        PASS [   0.012s] (1325/2089) trawl-server repin::cancel::tests::a_settled_job_has_nothing_left_to_cancel
        PASS [   0.010s] (1326/2089) trawl-server repin::cancel::tests::a_string_error_converts_to_a_failed_stop
        PASS [   0.012s] (1327/2089) trawl-server repin::cancel::tests::a_stale_settle_does_not_latch_a_live_entry
        PASS [   0.011s] (1328/2089) trawl-server repin::cancel::tests::commit_needs_the_job_to_own_the_registry
        PASS [   0.011s] (1329/2089) trawl-server repin::cancel::tests::settling_never_downgrades_the_point_of_no_return
        PASS [   0.011s] (1330/2089) trawl-server repin::cancel::tests::the_wire_table_is_pairwise_distinct_and_states_the_contract
        PASS [   0.008s] (1331/2089) trawl-server repin::ceiling::tests::an_explicit_ceiling_wins_including_zero_and_below_scan
        PASS [   0.010s] (1332/2089) trawl-server repin::ceiling::tests::ambiguity_binds_for_severity_under_every_reading_but_syslog
        PASS [   0.009s] (1333/2089) trawl-server repin::ceiling::tests::recorded_force_terms_distinguish_unplanned_and_bounded_plans
        PASS [   0.010s] (1334/2089) trawl-server repin::ceiling::tests::recorded_force_terms_reject_every_inconsistent_shape
        PASS [   0.010s] (1335/2089) trawl-server repin::ceiling::tests::the_ceiling_boundary_passes_at_accepted_and_refuses_one_above
        PASS [   0.023s] (1336/2089) trawl-server repin::cancel::tests::cancel_and_commit_race_to_one_answer_from_two_threads
        PASS [   0.009s] (1337/2089) trawl-server repin::cutover::tests::a_leftover_aside_is_parked_beside_not_refused
        PASS [   0.011s] (1338/2089) trawl-server repin::ceiling::tests::the_default_ceiling_is_ten_percent_over_a_floor_of_ten
        PASS [   0.011s] (1339/2089) trawl-server repin::cutover::tests::a_surviving_shadow_refuses_the_next_build_instead_of_layering
        PASS [   0.011s] (1340/2089) trawl-server repin::cutover::tests::an_undeletable_marker_cannot_fail_the_finished_job
        PASS [   0.010s] (1341/2089) trawl-server repin::cutover::tests::the_plain_slot_is_used_and_a_half_swap_resumes
        PASS [   0.010s] (1342/2089) trawl-server repin::cutover::tests::the_pre_swap_sweep_takes_the_aside_even_when_the_shadow_survives
        PASS [   0.011s] (1343/2089) trawl-server repin::engine::tests::a_ceiling_needs_force_and_must_fit_the_column
        PASS [   0.010s] (1344/2089) trawl-server repin::engine::tests::a_forced_job_is_held_to_the_ceilings_it_accepted
        PASS [   0.011s] (1345/2089) trawl-server repin::engine::tests::a_panicked_decision_records_a_pending_cancel_before_the_terminal_write
        PASS [   0.009s] (1346/2089) trawl-server repin::engine::tests::a_pass_stop_keeps_cancellation_and_failure_distinct
        PASS [   0.011s] (1347/2089) trawl-server repin::engine::tests::a_panicked_decision_settles_before_it_touches_the_store
        PASS [   0.009s] (1348/2089) trawl-server repin::engine::tests::contract_typed_fields_are_not_repin_subjects
        PASS [   0.010s] (1349/2089) trawl-server repin::engine::tests::decide_fetches_the_response_row_before_spawning_the_background_half
        PASS [   0.010s] (1350/2089) trawl-server repin::engine::tests::repin_targets_are_the_catalog_vocabulary_severity_included
        PASS [   0.008s] (1351/2089) trawl-server repin::engine::tests::the_cancelled_row_names_the_actor_the_stage_and_the_untouched_corpus
        PASS [   0.012s] (1352/2089) trawl-server repin::engine::tests::repin_admission_wait_has_a_deadline
        PASS [   0.008s] (1353/2089) trawl-server repin::engine::tests::the_dialect_is_resolved_for_severity_targets_only
        PASS [   0.008s] (1354/2089) trawl-server repin::engine::tests::the_force_gate_refuses_loss_always_and_ambiguity_under_otel_only
        PASS [   0.008s] (1355/2089) trawl-server repin::gate::tests::rollup_pause_is_raii
        PASS [   0.008s] (1356/2089) trawl-server repin::marker::tests::a_data_root_on_its_own_mount_is_refused
        PASS [   0.008s] (1357/2089) trawl-server repin::marker::tests::a_data_root_inside_its_volume_passes_the_staging_check
        PASS [   0.032s] (1358/2089) trawl-server repin::engine::tests::repin_admission_observes_rollup_failure_before_pausing
        PASS [   0.030s] (1359/2089) trawl-server repin::engine::tests::repin_admission_waits_for_successful_rollup_before_pausing
        PASS [   0.908s] (1360/2089) trawl-server ingest::compaction::tests::the_sampled_column_cap_drops_samples_not_conflicts
        PASS [   0.008s] (1361/2089) trawl-server repin::marker::tests::a_foreign_filesystem_outside_the_env_dirs_is_not_this_checks_business
        PASS [   0.008s] (1362/2089) trawl-server repin::marker::tests::a_foreign_file_under_an_env_directory_is_refused
        PASS [   0.008s] (1363/2089) trawl-server repin::marker::tests::a_mount_point_nested_under_the_data_root_is_refused
        PASS [   0.009s] (1364/2089) trawl-server repin::marker::tests::a_relative_single_component_data_root_checks_against_the_cwd
        PASS [   0.008s] (1365/2089) trawl-server repin::marker::tests::corrupt_marker_errors_rather_than_reading_as_absent
        PASS [   0.008s] (1366/2089) trawl-server repin::marker::tests::staging_roots_are_siblings_of_the_data_root
        PASS [   0.010s] (1367/2089) trawl-server repin::marker::tests::marker_round_trips_through_every_phase
        PASS [   0.008s] (1368/2089) trawl-server repin::plan::tests::no_scanned_file_skips_the_post_file_cancel_check
        PASS [   0.008s] (1369/2089) trawl-server repin::recover::tests::a_surviving_staging_root_reports_an_unfinished_sweep
        PASS [   0.008s] (1370/2089) trawl-server repin::recover::tests::an_abandoned_build_reclaims_a_leftover_aside
        PASS [   0.008s] (1371/2089) trawl-server repin::recover::tests::building_crash_abandons_the_shadow_and_leaves_the_corpus
        PASS [   0.008s] (1372/2089) trawl-server repin::recover::tests::cleanup_crash_sweeps_and_reports
        PASS [   0.008s] (1373/2089) trawl-server repin::recover::tests::marker_less_boot_sweeps_a_stray_shadow_only
        PASS [   0.009s] (1374/2089) trawl-server repin::recover::tests::cutover_crash_windows_all_resume_to_the_new_generation
        PASS [   0.008s] (1375/2089) trawl-server repin::recover::tests::query_only_node_serves_building_and_refuses_cutover
        PASS [   0.008s] (1376/2089) trawl-server repin::rewrite::tests::snapshot_refuses_symlinked_entries
        PASS [   0.008s] (1377/2089) trawl-server repin::rewrite::tests::snapshot_skips_staging_files_and_keeps_evidence
        PASS [   0.008s] (1378/2089) trawl-server repin::rewrite::tests::staging_path_cannot_collide_with_compactions
        PASS [   0.008s] (1379/2089) trawl-server report_window::tests::a_backticked_keyword_is_a_field_and_keeps_its_window
        PASS [   0.008s] (1380/2089) trawl-server report_window::tests::a_fixed_window_ignores_the_watermark_and_skips_missed_fires
        PASS [   0.008s] (1381/2089) trawl-server report_window::tests::a_long_gap_coalesces_into_one_clamped_and_flagged_run
        PASS [   0.008s] (1382/2089) trawl-server report_window::tests::a_nanosecond_clock_reading_yields_microsecond_bounds
        PASS [   0.008s] (1383/2089) trawl-server report_window::tests::a_schedule_is_due_at_its_cursor_and_not_before
        PASS [   0.008s] (1384/2089) trawl-server report_window::tests::a_time_clause_hoisted_out_of_an_or_group_is_still_refused
        PASS [   0.060s] (1385/2089) trawl-server repin::gate::tests::rollup_unit_guard_is_the_claim_and_the_gate
        PASS [   0.008s] (1386/2089) trawl-server report_window::tests::a_window_and_a_from_saved_source_refuse_each_other_by_name
        PASS [   0.008s] (1387/2089) trawl-server report_window::tests::a_window_and_a_time_clause_refuse_each_other_by_name
        PASS [   0.008s] (1388/2089) trawl-server report_window::tests::a_withheld_success_heals_on_the_next_run
        PASS [   0.008s] (1389/2089) trawl-server report_window::tests::an_already_covered_window_advances_the_cursor_instead_of_running
        PASS [   0.008s] (1390/2089) trawl-server report_window::tests::config_duration_mirror_matches_the_grammar_cap
        PASS [   0.008s] (1391/2089) trawl-server report_window::tests::consecutive_since_last_windows_tile_without_overlap
        PASS [   0.008s] (1392/2089) trawl-server report_window::tests::kind_secs_and_display_round_trip
        PASS [   0.010s] (1393/2089) trawl-server report_window::tests::materializing_prefixes_the_saved_text_verbatim
        PASS [   0.010s] (1394/2089) trawl-server report_window::tests::materializing_refuses_a_from_saved_query_anywhere_in_the_pipeline
        PASS [   0.008s] (1395/2089) trawl-server report_window::tests::materializing_refuses_an_unparseable_saved_query
        PASS [   0.009s] (1396/2089) trawl-server report_window::tests::materializing_refuses_a_query_that_owns_its_own_window
        PASS [   0.009s] (1397/2089) trawl-server report_window::tests::no_window_accepts_any_text_while_a_window_needs_a_parseable_query
        PASS [   0.008s] (1398/2089) trawl-server report_window::tests::out_of_range_arithmetic_and_zero_config_are_errors_not_panics
        PASS [   0.009s] (1399/2089) trawl-server report_window::tests::parse_rejects_short_and_malformed
        PASS [   0.009s] (1400/2089) trawl-server report_window::tests::parse_since_last_and_fixed
        PASS [   0.009s] (1401/2089) trawl-server report_window::tests::query_mode_plans_a_run_with_no_window
        PASS [   0.010s] (1402/2089) trawl-server report_window::tests::spliced_bounds_reparse_to_the_planned_instants
        PASS [   0.009s] (1403/2089) trawl-server report_window::tests::the_first_since_last_run_covers_one_interval_back
        PASS [   0.009s] (1404/2089) trawl-server report_window::tests::the_widest_configurable_catchup_span_still_plans
        PASS [   0.008s] (1405/2089) trawl-server report_window::tests::window_bound_is_rfc3339_utc_micros
        PASS [   0.009s] (1406/2089) trawl-server report_window::tests::truncation_drops_sub_microseconds_only
        PASS [   0.008s] (1407/2089) trawl-server report_window::tests::window_kind_spellings_round_trip
        PASS [   0.008s] (1408/2089) trawl-server retention::tests::a_repin_admitted_mid_age_sweep_stops_before_the_next_age_deletion
        PASS [   0.110s] (1409/2089) trawl-server repin::engine::tests::repin_admission_can_cancel_while_waiting_for_publication
        PASS [   0.008s] (1410/2089) trawl-server retention::tests::age_based_deletes_old_dirs
        PASS [   0.008s] (1411/2089) trawl-server retention::tests::a_repin_admitted_mid_tick_stops_the_sweep_at_the_next_deletion
        PASS [   0.008s] (1412/2089) trawl-server retention::tests::age_cutoff_and_rank_read_one_effective_age
        PASS [   0.009s] (1413/2089) trawl-server retention::tests::age_based_removes_one_envs_date_without_touching_others
        PASS [   0.008s] (1414/2089) trawl-server retention::tests::both_disabled_deletes_nothing
        PASS [   0.011s] (1415/2089) trawl-server retention::tests::age_based_preserves_when_disabled
        PASS [   0.009s] (1416/2089) trawl-server retention::tests::both_sweeps_suppressed_while_a_repin_is_in_flight
        PASS [   0.008s] (1417/2089) trawl-server retention::tests::cmp_priority_orders_by_exact_expiry_ratio
        PASS [   0.009s] (1418/2089) trawl-server retention::tests::candidate_age_is_calendar_days_clamped_at_zero
        PASS [   0.008s] (1419/2089) trawl-server retention::tests::dir_size_recursive
        PASS [   0.111s] (1420/2089) trawl-server repin::gate::tests::cutover_excludes_compaction_batches
        PASS [   0.008s] (1421/2089) trawl-server retention::tests::disk_pressure_ranks_by_ratio_and_reaches_keep_forever_last
        PASS [   0.008s] (1422/2089) trawl-server retention::tests::enumerate_excludes_today
        PASS [   0.011s] (1423/2089) trawl-server retention::tests::disk_pressure_breaks_equal_ranks_oldest_first
        PASS [   0.008s] (1424/2089) trawl-server retention::tests::enumerate_excludes_wal_and_non_dates
        PASS [   0.008s] (1425/2089) trawl-server retention::tests::enumerate_merges_candidates_across_envs
        PASS [   0.010s] (1426/2089) trawl-server retention::tests::empty_data_dir_is_noop
        PASS [   0.008s] (1427/2089) trawl-server retention::tests::looks_like_date_invalid
        PASS [   0.008s] (1428/2089) trawl-server retention::tests::looks_like_date_valid
        PASS [   0.009s] (1429/2089) trawl-server retention::tests::huge_max_age_does_not_panic
        PASS [   0.011s] (1430/2089) trawl-server retention::tests::enumerate_sorts_by_date_then_path
        PASS [   0.008s] (1431/2089) trawl-server retention::tests::maximum_enabled_age_saturates_instead_of_wrapping
        PASS [   0.011s] (1432/2089) trawl-server retention::tests::global_zero_with_a_finite_override_still_ages_that_env_out
        PASS [   0.010s] (1433/2089) trawl-server retention::tests::maximum_enabled_age_is_the_longest_age_any_env_keeps
        PASS [   0.009s] (1434/2089) trawl-server retention::tests::partial_failure_continues
        PASS [   0.009s] (1435/2089) trawl-server retention::tests::per_env_age_cutoffs_apply_per_env
        PASS [   0.009s] (1436/2089) trawl-server retention::tests::per_env_zero_under_a_finite_global_keeps_that_env
        PASS [   0.009s] (1437/2089) trawl-server retention::tests::suppression_raises_and_clears_the_alertable_gauge
        PASS [   0.011s] (1438/2089) trawl-server retention::tests::sweeps_resume_after_the_repin_ends
        PASS [   0.011s] (1439/2089) trawl-server retention::tests::today_never_deleted_by_disk_pressure
        PASS [   0.011s] (1440/2089) trawl-server retention::tests::unrelated_siblings_do_not_suppress_pressure_or_become_candidates
        PASS [   0.009s] (1441/2089) trawl-server scheduler::tests::remove_result_file_removes_existing_and_returns_true
        PASS [   0.009s] (1442/2089) trawl-server scheduler::tests::remove_result_file_returns_false_when_missing
        PASS [   0.019s] (1443/2089) trawl-server schema_refresh::tests::catalog_pin_wins_over_footer_type_while_stats_stay_footer_true
        PASS [   0.017s] (1444/2089) trawl-server schema_refresh::tests::columns_follow_field_display_rank
        PASS [   0.017s] (1445/2089) trawl-server schema_refresh::tests::corrupt_file_is_skipped_not_fatal
        PASS [   0.017s] (1446/2089) trawl-server schema_refresh::tests::recovered_file_is_picked_up_next_pass
        PASS [   0.018s] (1447/2089) trawl-server schema_refresh::tests::severity_pin_reports_the_catalog_spelling_not_the_physical_one
        PASS [   0.022s] (1448/2089) trawl-server schema_refresh::tests::refresh_reads_footer_stats_and_exact_daily_counts
        PASS [   0.009s] (1449/2089) trawl-server source::tests::bad_dsl_matches_nothing
        PASS [   0.019s] (1450/2089) trawl-server schema_refresh::tests::unpinned_column_reports_unpinned_with_stats
        PASS [   0.008s] (1451/2089) trawl-server source::tests::day_level_files_ignores_subdirs
        PASS [   0.008s] (1452/2089) trawl-server source::tests::day_level_files_service_specific
        PASS [   0.008s] (1453/2089) trawl-server source::tests::day_level_files_wildcard
        PASS [   0.022s] (1454/2089) trawl-server source::tests::cold_start_source_never_reaches_scheduled_report_runs
        PASS [   0.009s] (1455/2089) trawl-server source::tests::dotted_and_underscored_services_prune_distinctly
        PASS [   0.009s] (1456/2089) trawl-server source::tests::falls_back_to_hourly_when_no_day_file
        PASS [   0.010s] (1457/2089) trawl-server source::tests::env_and_service_pruning_matrix
        PASS [   0.009s] (1458/2089) trawl-server source::tests::hour_dirs_detects_hour_subdirs
        PASS [   0.009s] (1459/2089) trawl-server source::tests::invalid_env_value_matches_nothing
        PASS [   0.113s] (1460/2089) trawl-server retention::tests::generative_full_sweep_drains_in_reference_order
        PASS [   0.012s] (1461/2089) trawl-server source::tests::invalid_service_value_cannot_inject_paths
        PASS [   0.009s] (1462/2089) trawl-server source::tests::no_time_filter_over_empty_root_matches_nothing
        PASS [   0.009s] (1463/2089) trawl-server source::tests::prefers_day_level_for_historical_service
        PASS [   0.020s] (1464/2089) trawl-server source::tests::no_matching_date_dir_never_reaches_scheduled_report_runs
        PASS [   0.010s] (1465/2089) trawl-server source::tests::sanitizes_dotted_service
        PASS [   0.010s] (1466/2089) trawl-server source::tests::service_and_time_filter_compose
        PASS [   0.010s] (1467/2089) trawl-server source::tests::service_filter_narrows_glob
        PASS [   0.009s] (1468/2089) trawl-server source::tests::strips_trailing_slash
        PASS [   0.010s] (1469/2089) trawl-server source::tests::service_glob_keeps_wildcard
        PASS [   0.010s] (1470/2089) trawl-server source::tests::today_day_level_files_included
        PASS [   0.009s] (1471/2089) trawl-server source::tests::today_mixed_day_and_hourly
        PASS [   0.010s] (1472/2089) trawl-server source::tests::verbatim_service_with_time_filter
        PASS [   0.010s] (1473/2089) trawl-server source::tests::wildcard_detects_day_level
        PASS [   0.009s] (1474/2089) trawl-server source::tests::wildcard_mixed_state
        PASS [   0.010s] (1475/2089) trawl-server source::tests::with_time_filter_returns_list
        PASS [   0.009s] (1476/2089) trawl-server state::tests::an_unseen_service_has_no_degraded_fields
        PASS [   0.009s] (1477/2089) trawl-server state::tests::by_service_never_names_a_field_outside_the_set
        PASS [   0.009s] (1478/2089) trawl-server state::tests::cached_columns_serve_only_inside_the_ttl_and_generation
        PASS [   0.009s] (1479/2089) trawl-server state::tests::services_of_is_sorted_and_deduplicated
        PASS [   0.009s] (1480/2089) trawl-server store::catalog::tests::service_cursor_rejects_garbage
        PASS [   0.009s] (1481/2089) trawl-server store::catalog::tests::service_cursor_roundtrips_exactly
        PASS [   0.009s] (1482/2089) trawl-server store::catalog::tests::the_purge_bounds_its_pre_commit_phase_and_only_that
        PASS [   0.009s] (1483/2089) trawl-server store::catalog::tests::the_purge_detaches_its_commit_instead_of_cancelling_it
        PASS [   0.008s] (1484/2089) trawl-server store::catalog::tests::the_purge_sets_its_bounds_before_it_takes_the_lock
        PASS [   0.008s] (1485/2089) trawl-server store::repin::tests::parse_round_trips_every_stored_spelling
        PASS [   0.009s] (1486/2089) trawl-server store::repin::tests::status_vocabulary_matches_the_migration_check
        PASS [   0.009s] (1487/2089) trawl-server store::schedule::tests::format_interval_roundtrip
        PASS [   0.008s] (1488/2089) trawl-server store::schedule::tests::initial_schema_spells_the_same_duration_cap
        PASS [   0.008s] (1489/2089) trawl-server store::schedule::tests::latest_run_cols_carries_every_run_column
        PASS [   0.008s] (1490/2089) trawl-server store::schedule::tests::parse_duration_secs_caps_at_ten_years
        PASS [   0.008s] (1491/2089) trawl-server store::schedule::tests::parse_duration_secs_has_no_floor
        PASS [   0.008s] (1492/2089) trawl-server store::schedule::tests::parse_duration_secs_rejects_overflow
        PASS [   0.008s] (1493/2089) trawl-server store::schedule::tests::parse_interval_rejects_invalid
        PASS [   0.008s] (1494/2089) trawl-server store::schedule::tests::parse_interval_rejects_multibyte_without_panicking
        PASS [   0.008s] (1495/2089) trawl-server store::schedule::tests::parse_interval_rejects_too_short
        PASS [   0.008s] (1496/2089) trawl-server store::schedule::tests::parse_interval_valid
        PASS [   0.008s] (1497/2089) trawl-server store::schedule::tests::run_cols_prefixes_every_column
        PASS [   0.008s] (1498/2089) trawl-server store::schedule::tests::schedule_cols_as_aliases_every_column
        PASS [   0.008s] (1499/2089) trawl-server store::schedule::tests::schedule_cols_prefixes_every_column
        PASS [   0.009s] (1500/2089) trawl-server store::status::tests::as_str_roundtrips_through_from_str
        PASS [   0.009s] (1501/2089) trawl-server store::status::tests::from_str_rejects_unknown
        PASS [   0.020s] (1502/2089) trawl-server syslog::batch::tests::batcher_keys_on_env_and_service_together
        PASS [   0.020s] (1503/2089) trawl-server syslog::batch::tests::batcher_multi_service_grouping
        PASS [   0.020s] (1504/2089) trawl-server syslog::batch::tests::batcher_shutdown_flushes_remaining
        PASS [   0.008s] (1505/2089) trawl-server syslog::convert::tests::a_frame_faces_the_sealed_prefix_strip
        PASS [   0.009s] (1506/2089) trawl-server syslog::convert::tests::a_hostname_less_frame_behind_a_trusted_relay_keeps_the_event
        PASS [   0.009s] (1507/2089) trawl-server syslog::convert::tests::an_over_long_sd_key_is_dropped_by_the_doors_name_gate
        PASS [   0.009s] (1508/2089) trawl-server syslog::convert::tests::an_oversized_frame_is_truncated_by_the_doors_raw_cap
        PASS [   0.008s] (1509/2089) trawl-server syslog::convert::tests::convert_falls_back_to_default_service
        PASS [   0.009s] (1510/2089) trawl-server syslog::convert::tests::convert_host_falls_back_to_source_ip
        PASS [   0.008s] (1511/2089) trawl-server syslog::convert::tests::convert_rfc3164_unifi
        PASS [   0.008s] (1512/2089) trawl-server syslog::convert::tests::convert_uses_appname_when_no_ip_mapping
        PASS [   0.111s] (1513/2089) trawl-server syslog::batch::tests::batcher_max_events_flush
        PASS [   0.009s] (1514/2089) trawl-server syslog::convert::tests::converted_event_carries_the_envelope
        PASS [   0.008s] (1515/2089) trawl-server syslog::convert::tests::derive_service_output_is_always_a_valid_service_name
        PASS [   0.008s] (1516/2089) trawl-server syslog::convert::tests::sd_key_collision_after_folding_is_the_doors_global_rule
        PASS [   0.008s] (1517/2089) trawl-server syslog::convert::tests::sd_keys_are_folded_by_the_door
        PASS [   0.008s] (1518/2089) trawl-server syslog::convert::tests::service_derivation_priority_and_its_one_repair
        PASS [   0.110s] (1519/2089) trawl-server syslog::batch::tests::batcher_timer_flush
        PASS [   0.008s] (1520/2089) trawl-server syslog::convert::tests::syslog_numerics_invert_onto_the_otel_ladder
        PASS [   0.008s] (1521/2089) trawl-server syslog::convert::tests::the_frame_timestamp_is_an_artifact_the_profile_reads_first
        PASS [   0.008s] (1522/2089) trawl-server syslog::parse::tests::facility_mapping
        PASS [   0.008s] (1523/2089) trawl-server syslog::parse::tests::parse_minimal_bsd
        PASS [   0.008s] (1524/2089) trawl-server syslog::parse::tests::parse_rfc3164_unifi_style
        PASS [   0.008s] (1525/2089) trawl-server syslog::parse::tests::parse_rfc5424
        PASS [   0.008s] (1526/2089) trawl-server syslog::parse::tests::rfc3164_leap_day_skips_invalid_candidate_years
        PASS [   0.008s] (1527/2089) trawl-server syslog::parse::tests::rfc3164_parser_uses_supplied_arrival
        PASS [   0.008s] (1528/2089) trawl-server syslog::parse::tests::rfc3164_year_is_nearest_to_arrival
        PASS [   0.008s] (1529/2089) trawl-server syslog::tcp::tests::digit_prefixed_line_delimited_fallback
        PASS [   0.009s] (1530/2089) trawl-server syslog::tcp::tests::handle_connection_max_events_limit
        PASS [   0.008s] (1531/2089) trawl-server syslog::tcp::tests::read_line_eof_returns_none
        PASS [   0.366s] (1532/2089) trawl-server scheduler::pg_tests::recover_ambiguous_finish_unlinks_when_run_still_running
        PASS [   0.008s] (1533/2089) trawl-server syslog::tcp::tests::read_line_normal_message
        PASS [   0.009s] (1534/2089) trawl-server syslog::tcp::tests::read_octet_counted_message
        PASS [   0.010s] (1535/2089) trawl-server syslog::tcp::tests::read_line_oversized_message_returns_empty_and_drains
        PASS [   0.008s] (1536/2089) trawl-server syslog::tcp::tests::read_octet_counted_oversized_returns_error
        PASS [   0.008s] (1537/2089) trawl-server syslog::tests::cidr_contains_ipv4
        PASS [   0.008s] (1538/2089) trawl-server syslog::tests::cidr_contains_ipv4_host
        PASS [   0.008s] (1539/2089) trawl-server syslog::tests::cidr_contains_ipv6
        PASS [   0.008s] (1540/2089) trawl-server syslog::tests::ipv4_mapped_peer_canonicalizes_to_v4
        PASS [   0.008s] (1541/2089) trawl-server syslog::tests::is_allowed_checks_list
        PASS [   0.008s] (1542/2089) trawl-server syslog::tests::is_allowed_empty_allows_all
        PASS [   0.008s] (1543/2089) trawl-server syslog::tests::parse_cidr_bare_ipv4
        PASS [   0.008s] (1544/2089) trawl-server syslog::tests::parse_cidr_bare_ipv6
        PASS [   0.008s] (1545/2089) trawl-server syslog::tests::parse_cidr_invalid
        PASS [   0.008s] (1546/2089) trawl-server syslog::tests::source_service_map_keys_fold_with_the_peer
        PASS [   0.008s] (1547/2089) trawl-server telemetry::tests::a_raw_named_tracing_field_cannot_shadow_the_lifeline
        PASS [   0.009s] (1548/2089) trawl-server telemetry::tests::a_tracing_field_cannot_impersonate_another_service
        PASS [   0.060s] (1549/2089) trawl-server syslog::tcp::tests::handle_connection_idle_timeout
        PASS [   0.008s] (1550/2089) trawl-server telemetry::tests::an_empty_severity_chain_leaves_trawlds_own_events_unscored
        PASS [   0.008s] (1551/2089) trawl-server telemetry::tests::an_over_long_tracing_field_name_is_dropped_and_the_event_still_lands
        PASS [   0.008s] (1552/2089) trawl-server telemetry::tests::event_type_explicit_overrides_message
        PASS [   0.009s] (1553/2089) trawl-server telemetry::tests::default_filter_passes_all_trawl_targets_and_drops_dependency_noise
        PASS [   0.008s] (1554/2089) trawl-server telemetry::tests::flush_publishes_to_event_bus
        PASS [   0.008s] (1555/2089) trawl-server telemetry::tests::message_to_event_type_auth
        PASS [   0.009s] (1556/2089) trawl-server telemetry::tests::json_visitor_collects_fields
        PASS [   0.008s] (1557/2089) trawl-server telemetry::tests::message_to_event_type_empty
        PASS [   0.008s] (1558/2089) trawl-server telemetry::tests::message_to_event_type_simple
        PASS [   0.441s] (1559/2089) trawl-server scheduler::pg_tests::finish_run_or_recover_keeps_file_on_committed_success
        PASS [   0.008s] (1560/2089) trawl-server telemetry::tests::message_to_event_type_with_colon
        PASS [   0.443s] (1561/2089) trawl-server scheduler::pg_tests::finish_run_or_recover_unlinks_orphan_after_cascade_delete
        PASS [   0.010s] (1562/2089) trawl-server telemetry::tests::message_to_event_type_special_chars
        PASS [   0.443s] (1563/2089) trawl-server scheduler::pg_tests::recover_ambiguous_finish_preserves_committed_success
        PASS [   0.011s] (1564/2089) trawl-server telemetry::tests::mixed_case_tracing_field_names_are_ascii_folded
        PASS [   0.011s] (1565/2089) trawl-server telemetry::tests::panicked_blocking_write_accounts_the_lost_batch_exactly_once
        PASS [   0.009s] (1566/2089) trawl-server telemetry::tests::resolve_log_filter_invalid_value_falls_back_with_one_warning
        PASS [   0.010s] (1567/2089) trawl-server telemetry::tests::prolonged_failure_drops_oldest_batches_at_cap_with_exact_accounting
        PASS [   0.320s] (1568/2089) trawl-server store::catalog::pg_tests::record_conflicts_in_commits_nothing_of_its_own
        PASS [   0.040s] (1569/2089) trawl-server telemetry::tests::cancelled_async_flush_keeps_wal_and_hot_insert_together
        PASS [   0.008s] (1570/2089) trawl-server telemetry::tests::resolve_log_filter_unset_uses_default
        PASS [   0.009s] (1571/2089) trawl-server telemetry::tests::resolve_log_filter_valid_value_is_authoritative
        PASS [   0.009s] (1572/2089) trawl-server telemetry::tests::shutdown_with_failing_writer_exits_within_budget
        PASS [   0.010s] (1573/2089) trawl-server telemetry::tests::telemetry_metrics_series_are_exposed
        PASS [   0.009s] (1574/2089) trawl-server telemetry::tests::the_tracing_level_derives_severity_through_the_configured_chain
        PASS [   0.021s] (1575/2089) trawl-server telemetry::tests::shared_budget_covers_active_and_in_flight_memory
        PASS [   0.008s] (1576/2089) trawl-server telemetry::tests::unmetered_targets_are_never_persisted
        PASS [   0.008s] (1577/2089) trawl-server telemetry::tests::wal_filter_drops_unmetered_targets_the_stdout_filter_keeps
        PASS [   0.019s] (1578/2089) trawl-server telemetry::tests::the_trawld_profile_never_rejects_and_the_counter_proves_it
        PASS [   0.041s] (1579/2089) trawl-server telemetry::tests::preinit_cap_drops_are_counted
        PASS [   0.008s] (1580/2089) trawl-server telemetry::tests::wal_handle_set_and_get
        PASS [   0.008s] (1581/2089) trawl-server telemetry::tests::wal_layer_buffers_before_writer_set
        PASS [   0.008s] (1582/2089) trawl-server telemetry::tests::wal_layer_buffers_events
        PASS [   0.008s] (1583/2089) trawl-server telemetry::tests::wal_layer_inherits_span_fields
        PASS [   0.008s] (1584/2089) trawl-server tls::tests::auto_generates_certs_in_state_dir
        PASS [   0.040s] (1585/2089) trawl-server telemetry::tests::synchronous_flush_keeps_wal_and_hot_insert_together
        PASS [   0.008s] (1586/2089) trawl-server tls::tests::generate_self_signed_produces_valid_pem
        PASS [   0.008s] (1587/2089) trawl-server tls::tests::rejects_mismatched_cert_key_config
        PASS [   0.008s] (1588/2089) trawl-server tls::tests::rejects_missing_cert_file
        PASS [   0.008s] (1589/2089) trawl-server tracker::tests::history_ring_buffer_evicts_oldest
        PASS [   0.008s] (1590/2089) trawl-server tracker::tests::owner_key_id_tracks_submitting_key
        PASS [   0.062s] (1591/2089) trawl-server telemetry::tests::queued_batches_coalesce_into_one_wal_write_on_drain
        PASS [   0.008s] (1592/2089) trawl-server tracker::tests::queries_own_flag_tracks_exact_key_across_all_outcomes
        PASS [   0.008s] (1593/2089) trawl-server tracker::tests::start_and_complete
        PASS [   0.008s] (1594/2089) trawl-server tracker::tests::start_and_fail
        PASS [   0.008s] (1595/2089) trawl-server tracker::tests::start_and_timeout
        PASS [   0.111s] (1596/2089) trawl-server telemetry::tests::wal_failure_retains_batch_then_publishes_exactly_once_after_retry
        PASS [   0.211s] (1597/2089) trawl-server telemetry::tests::shutdown_exits_while_a_periodic_flush_is_blocked
        PASS [   0.598s] (1598/2089) trawl-server::auth_pg ac3_admin_cannot_ingest
        PASS [   0.643s] (1599/2089) trawl-server::auth_pg ac3_public_probes_unauthenticated
        PASS [   0.612s] (1600/2089) trawl-server::auth_pg ac3_reader_blocked_from_export_stream_manage
        PASS [   0.739s] (1601/2089) trawl-server::auth_pg ac3_ingest_only_key_can_ingest_but_nothing_else
        PASS [   0.401s] (1602/2089) trawl-server::auth_pg ac5_envelope_grantless_403
        PASS [   1.089s] (1603/2089) trawl-server::auth_pg ac3_grantless_key_403_on_every_authenticated_route
        PASS [   0.586s] (1604/2089) trawl-server::auth_pg ac4_whoami_golden_json_per_role
        PASS [   1.086s] (1605/2089) trawl-server::auth_pg ac3_zero_permission_role_key_403_everywhere
        PASS [   0.603s] (1606/2089) trawl-server::auth_pg ac5_envelope_missing_and_malformed_and_invalid_tokens
        PASS [   1.340s] (1607/2089) trawl-server::auth_pg ac3_grantless_key_never_reaches_rate_limiter
        PASS [   0.665s] (1608/2089) trawl-server::auth_pg ac5_envelope_revoked_and_expired_tokens
        PASS [   0.605s] (1609/2089) trawl-server::auth_pg ac5_rate_rpm_role_ceiling_spent_separately_per_class
        PASS [   4.072s] (1610/2089) trawl-server::auth_pg ac5_health_and_envelope_pg_down_without_backend_detail
        PASS [   3.527s] (1611/2089) trawl-server::auth_pg ac6_scheduler_skips_role_stripped_key
        PASS [   3.983s] (1612/2089) trawl-server::auth_pg ac6_scheduler_skips_analyst_downgraded_to_ingest
        PASS [   3.822s] (1613/2089) trawl-server::auth_pg ac6_scheduler_skips_revoked_key
        PASS [   3.936s] (1614/2089) trawl-server::auth_pg ac6_scheduler_skips_analyst_downgraded_to_reader
        PASS [   4.044s] (1615/2089) trawl-server::auth_pg ac6_scheduler_runs_for_live_key
        PASS [   3.888s] (1616/2089) trawl-server::auth_pg ac6_scheduler_skips_expired_key
        PASS [   0.010s] (1617/2089) trawl-server::auth_pg common::sweep_guards_parse_own_database_name
        PASS [   0.025s] (1618/2089) trawl-server::auth_pg common::publish_dir_once_has_one_winner_under_thread_contention
        PASS [   0.492s] (1619/2089) trawl-server::auth_pg sse_stream_rejects_revoked_key_at_handshake
        PASS [   0.657s] (1620/2089) trawl-server::auth_pg history_clear_requires_query_and_scopes_to_caller
        PASS [   0.004s] (1621/2089) trawl-server::canonicalize_no_tracing canonicalize_never_calls_tracing
        PASS [   0.003s] (1622/2089) trawl-server::canonicalize_no_tracing the_guard_reads_real_sources
        PASS [   0.430s] (1623/2089) trawl-server::catalog_surface a_degraded_field_carries_the_verdict_and_its_samples
        PASS [   0.415s] (1624/2089) trawl-server::catalog_surface a_freshly_conflicting_field_carries_no_verdict
        PASS [   1.654s] (1625/2089) trawl-server::auth_pg dashboard_reports_schedule_count_from_pg
        PASS [   0.480s] (1626/2089) trawl-server::catalog_surface a_query_binding_a_degraded_field_is_stamped
        PASS [   0.392s] (1627/2089) trawl-server::catalog_surface acking_a_field_with_no_verdict_is_refused
        PASS [   0.349s] (1628/2089) trawl-server::catalog_surface aged_out_field_windowed_away_unless_all
        PASS [   0.476s] (1629/2089) trawl-server::catalog_surface an_ack_suppresses_every_surface_until_new_evidence_arrives
        PASS [   0.495s] (1630/2089) trawl-server::catalog_surface an_oversized_ack_note_is_refused_before_the_store
        PASS [   0.025s] (1631/2089) trawl-server::catalog_surface common::publish_dir_once_has_one_winner_under_thread_contention
        PASS [   0.010s] (1632/2089) trawl-server::catalog_surface common::sweep_guards_parse_own_database_name
        PASS [   0.436s] (1633/2089) trawl-server::catalog_surface catalog_routes_require_schema_read
        PASS [   0.289s] (1634/2089) trawl-server::catalog_surface field_detail_folds_name_and_404s_unpinned
        PASS [   0.470s] (1635/2089) trawl-server::catalog_surface conflict_evidence_surfaces_on_the_read_routes
        PASS [   0.357s] (1636/2089) trawl-server::catalog_surface field_detail_pages_a_large_service_history
        PASS [   0.366s] (1637/2089) trawl-server::catalog_surface fields_listing_carries_aggregates_and_truncation
        PASS [   0.371s] (1638/2089) trawl-server::catalog_surface ingested_field_lands_in_schema_with_pinned_type
        PASS [   4.148s] (1639/2089) trawl-server::auth_pg ac8_audit_poller_emits_events_for_out_of_process_mutations
        PASS [   4.148s] (1640/2089) trawl-server::auth_pg history_clear_audits_only_successful_actor_and_count
        PASS [   4.159s] (1641/2089) trawl-server::auth_pg history_clear_redacts_store_failure
        PASS [   0.462s] (1642/2089) trawl-server::catalog_surface read_commands_render_populated_output
        PASS [   0.543s] (1643/2089) trawl-server::catalog_surface schema_service_param_scopes_fields
        PASS [   0.631s] (1644/2089) trawl-server::catalog_surface schema_service_scope_bypasses_the_unscoped_cache
        PASS [   0.034s] (1645/2089) trawl-server::check_config config_check_accepts_shipped_configuration
        PASS [   0.013s] (1646/2089) trawl-server::check_config config_check_has_no_startup_side_effects
        PASS [   0.044s] (1647/2089) trawl-server::check_config config_check_rejects_daemon_globs_without_side_effects
        PASS [   0.719s] (1648/2089) trawl-server::catalog_surface the_ack_routes_require_schema_write
        PASS [   0.010s] (1649/2089) trawl-server::check_config config_check_requires_an_explicit_config
        PASS [   0.044s] (1650/2089) trawl-server::check_config config_check_rejects_errors_without_echoing_config_values
        PASS [   0.005s] (1651/2089) trawl-server::connection_budget common::sweep_guards_parse_own_database_name
        PASS [   0.003s] (1652/2089) trawl-server::connection_budget postgres_group_width_fits_the_connection_budget
        PASS [   0.770s] (1653/2089) trawl-server::catalog_surface schema_services_badges_only_the_service_that_conflicted
        PASS [   0.003s] (1654/2089) trawl-server::connection_budget the_group_is_wide_enough_to_be_worth_having
        PASS [   0.003s] (1655/2089) trawl-server::connection_budget the_worst_shape_is_the_widest_shape
        PASS [   0.019s] (1656/2089) trawl-server::connection_budget common::publish_dir_once_has_one_winner_under_thread_contention
        PASS [   0.031s] (1657/2089) trawl-server::dsl_admission common::publish_dir_once_has_one_winner_under_thread_contention
        PASS [   0.011s] (1658/2089) trawl-server::dsl_admission common::sweep_guards_parse_own_database_name
        PASS [   0.957s] (1659/2089) trawl-server::catalog_surface the_ack_audit_records_the_actor_and_never_the_note
        PASS [   0.623s] (1660/2089) trawl-server::catalog_surface withdrawing_an_ack_re_raises_the_badge_and_repeats_cleanly
        PASS [   0.413s] (1661/2089) trawl-server::dsl_admission a_stored_over_budget_query_fails_its_attempt_and_keeps_its_schedule
        PASS [   0.657s] (1662/2089) trawl-server::dsl_admission a_refused_saved_write_leaves_the_store_untouched
        PASS [   0.729s] (1663/2089) trawl-server::dsl_admission every_entry_point_refuses_the_same_over_budget_dsl
        PASS [   0.590s] (1664/2089) trawl-server::field_catalog all_null_first_batch_defers_then_pins
        PASS [   5.479s] (1665/2089) trawl-server::auth_pg storage_loss_degrades_health_and_503s_store_endpoints
        PASS [   6.984s] (1666/2089) trawl-server::auth_pg ac6_scheduler_stops_when_role_loses_saved_query_permission
        PASS [   4.601s] (1667/2089) trawl-server::field_catalog boot::backfill_never_clobbers_a_live_count_downward
        PASS [   4.183s] (1668/2089) trawl-server::field_catalog boot::crash_before_marker_rerun_rewrites_nothing_and_republishes
        PASS [   4.485s] (1669/2089) trawl-server::field_catalog boot::boot_pass_backfills_observations_for_a_pre_catalog_corpus
        PASS [   5.037s] (1670/2089) trawl-server::field_catalog boot::a_rerun_over_an_in_ladder_severity_corpus_rewrites_nothing
        PASS [   4.472s] (1671/2089) trawl-server::field_catalog boot::boot_pass_pins_by_most_rows_and_rewrites_minority
        PASS [   4.846s] (1672/2089) trawl-server::field_catalog boot::all_null_column_in_a_bigger_file_does_not_win_the_pin
        PASS [   3.323s] (1673/2089) trawl-server::field_catalog boot::failed_observation_backfill_keeps_conformance_armed
        PASS [   0.413s] (1674/2089) trawl-server::field_catalog boot::query_only_boot_accepts_its_own_and_empty_archives
        PASS [   0.448s] (1675/2089) trawl-server::field_catalog boot::foreign_layout_files_are_never_rewritten
        PASS [   0.448s] (1676/2089) trawl-server::field_catalog boot::query_only_boot_refuses_an_archive_from_another_catalog
        PASS [   0.448s] (1677/2089) trawl-server::field_catalog boot::query_only_boot_serves_an_unmarked_archive_unproven
        PASS [   0.449s] (1678/2089) trawl-server::field_catalog boot::mismatched_marker_forces_a_rerun
        PASS [   0.427s] (1679/2089) trawl-server::field_catalog boot::scheduled_dir_is_never_scanned
        PASS [   0.449s] (1680/2089) trawl-server::field_catalog boot::mixed_case_columns_fold_to_one_pin_and_are_renamed
        PASS [   0.476s] (1681/2089) trawl-server::field_catalog boot::server_boot_runs_the_conformance_pass
        PASS [   0.493s] (1682/2089) trawl-server::field_catalog case_variant_field_names_fold_to_one_column_across_services
        PASS [   0.025s] (1683/2089) trawl-server::field_catalog common::publish_dir_once_has_one_winner_under_thread_contention
        PASS [   0.011s] (1684/2089) trawl-server::field_catalog common::sweep_guards_parse_own_database_name
        PASS [   0.550s] (1685/2089) trawl-server::field_catalog cold_cold_conflict_returns_full_history_with_attribution
        PASS [   0.340s] (1686/2089) trawl-server::field_catalog nested_object_keeps_batchmates_and_stays_reachable
        PASS [   0.393s] (1687/2089) trawl-server::field_catalog field_services_is_ever_observed
        PASS [   0.468s] (1688/2089) trawl-server::field_catalog hot_conflicting_event_is_nulled_and_cold_history_survives
        PASS [   0.866s] (1689/2089) trawl-server::field_catalog sse_stream_applies_varchar_pin
        PASS [   1.084s] (1690/2089) trawl-server::field_catalog pin_write_failure_retains_wal_and_writes_nothing
        PASS [   1.169s] (1691/2089) trawl-server::field_catalog pinned_varchar_comparisons_behave_over_http
        PASS [   0.026s] (1692/2089) trawl-server::gc_pins common::publish_dir_once_has_one_winner_under_thread_contention
        PASS [   0.010s] (1693/2089) trawl-server::gc_pins common::sweep_guards_parse_own_database_name
        PASS [   0.903s] (1694/2089) trawl-server::gc_pins a_repin_in_flight_refuses_gc_four_ways
        PASS [   0.799s] (1695/2089) trawl-server::gc_pins a_second_concurrent_gc_run_is_refused_immediately
        PASS [   0.842s] (1696/2089) trawl-server::gc_pins gc_being_wrong_costs_only_a_clean_repin
        PASS [   0.847s] (1697/2089) trawl-server::gc_pins gc_deletes_only_pins_with_no_observation_and_no_carrier
        PASS [   0.656s] (1698/2089) trawl-server::gc_pins gc_floors_a_short_request_at_the_retention_window
        PASS [   1.023s] (1699/2089) trawl-server::gc_pins gc_dry_run_mutates_nothing_and_execution_audits_every_deleted_pin
        PASS [   0.798s] (1700/2089) trawl-server::gc_pins gc_pins_route_reports_the_window_the_server_decided
        PASS [   0.814s] (1701/2089) trawl-server::gc_pins gc_floors_at_the_longest_age_any_env_keeps
        PASS [   0.708s] (1702/2089) trawl-server::gc_pins gc_pins_route_surfaces_a_refusal_as_a_409
        PASS [   5.023s] (1703/2089) trawl-server::field_catalog boot::unreadable_directories_are_skipped_not_boot_fatal
        PASS [   5.029s] (1704/2089) trawl-server::field_catalog boot::unparseable_standing_time_conforms_to_the_partition_instant
        PASS [   5.067s] (1705/2089) trawl-server::field_catalog boot::second_boot_is_a_noop
        PASS [   5.033s] (1706/2089) trawl-server::field_catalog boot::unreadable_files_are_skipped_not_boot_fatal
        PASS [   1.249s] (1707/2089) trawl-server::gc_pins gc_reads_an_empty_parquet_as_a_carrier
        PASS [   1.188s] (1708/2089) trawl-server::gc_pins gc_refuses_a_parquet_that_is_not_a_regular_file
        PASS [   1.292s] (1709/2089) trawl-server::gc_pins gc_refuses_a_data_root_that_is_not_there
        PASS [   0.041s] (1710/2089) trawl-server::ingest_publication cancelled_syslog_caller_keeps_wal_and_hot_insert_together
        PASS [   0.025s] (1711/2089) trawl-server::ingest_publication common::publish_dir_once_has_one_winner_under_thread_contention
        PASS [   0.010s] (1712/2089) trawl-server::ingest_publication common::sweep_guards_parse_own_database_name
        PASS [   0.009s] (1713/2089) trawl-server::ingest_publication pending_rollup_does_not_reject_ingest
        PASS [   1.166s] (1714/2089) trawl-server::gc_pins gc_refuses_the_whole_run_on_a_symlink_under_a_live_env
        PASS [   1.171s] (1715/2089) trawl-server::gc_pins gc_waits_for_the_compaction_batch_and_sees_what_it_published
        PASS [   0.003s] (1716/2089) trawl-server::no_exec_after_seal the_scan_sees_the_calls_it_is_looking_for
        PASS [   1.209s] (1717/2089) trawl-server::gc_pins gc_retains_a_pin_observed_inside_the_window
        PASS [   0.053s] (1718/2089) trawl-server::no_exec_after_seal the_daemon_execs_nothing
        PASS [   1.297s] (1719/2089) trawl-server::gc_pins gc_refuses_the_whole_run_on_an_unreadable_parquet
        PASS [   0.815s] (1720/2089) trawl-server::ingest_publication cancelled_http_handler_keeps_wal_and_hot_insert_together
        PASS [   0.760s] (1721/2089) trawl-server::ingest_publication waiting_http_ingest_leaves_blocking_pool_available
        PASS [   0.018s] (1722/2089) trawl-server::publication_consistency query_only_pool_refuses_incomplete_rollup_after_restart
        PASS [   0.947s] (1723/2089) trawl-server::gc_pins the_report_names_only_the_pins_the_purge_returned
        PASS [   0.121s] (1724/2089) trawl-server::publication_consistency queries_and_exports_wait_for_publish_and_drain
        PASS [   0.519s] (1725/2089) trawl-server::publication_consistency query_timeout_keeps_publication_guard_until_duckdb_task_finishes
        PASS [   0.990s] (1726/2089) trawl-server::profile_fuzz the_http_profile_survives_a_hostile_corpus
        PASS [   1.041s] (1727/2089) trawl-server::profile_fuzz the_trawld_profile_never_rejects_a_hostile_payload
        PASS [   1.029s] (1728/2089) trawl-server::publication_consistency aborting_request_keeps_running_reader_protected
        PASS [   1.140s] (1729/2089) trawl-server::profile_fuzz the_syslog_profile_survives_hostile_frames_and_payloads
        PASS [   1.209s] (1730/2089) trawl-server::repin a_cancel_after_the_force_refusal_settled_finds_nothing_to_stop
        PASS [   1.229s] (1731/2089) trawl-server::repin a_cancel_past_the_point_of_no_return_is_refused_and_the_job_completes
        PASS [   1.101s] (1732/2089) trawl-server::repin a_crash_between_a_cancel_request_and_its_effect_recovers_as_failed
        PASS [   1.213s] (1733/2089) trawl-server::repin a_ceiling_below_the_corpus_refuses_naming_accepted_and_actual
        PASS [   2.131s] (1734/2089) trawl-server::repin a_cancel_during_the_scan_stops_before_any_plan_is_published
        PASS [   1.676s] (1735/2089) trawl-server::repin a_cancel_pending_at_the_force_refusal_takes_the_verdict
        PASS [   1.104s] (1736/2089) trawl-server::repin a_cutover_retypes_the_schema_endpoint_immediately
        PASS [   1.040s] (1737/2089) trawl-server::repin a_forced_repin_proceeds_at_exactly_the_ceiling_it_accepted
        PASS [   2.354s] (1738/2089) trawl-server::repin a_catch_up_pass_rides_the_jobs_dialect_while_live_ingest_stays_otel
        PASS [   0.990s] (1739/2089) trawl-server::repin an_explicit_zero_ceiling_refuses_before_anything_is_staged
        PASS [   1.537s] (1740/2089) trawl-server::repin a_syslog_repin_inverts_the_ladder_and_persists_the_assertion
        PASS [   2.112s] (1741/2089) trawl-server::repin a_disconnected_caller_does_not_strand_the_running_slot
        PASS [   1.056s] (1742/2089) trawl-server::repin boolean_force_resolves_the_ceiling_from_the_scan
        PASS [   1.032s] (1743/2089) trawl-server::repin boot_reconciliation_completes_a_recovered_cutover
        PASS [   0.025s] (1744/2089) trawl-server::repin common::publish_dir_once_has_one_winner_under_thread_contention
        PASS [   0.010s] (1745/2089) trawl-server::repin common::sweep_guards_parse_own_database_name
        PASS [   0.934s] (1746/2089) trawl-server::repin boot_reconciliation_materialises_the_staged_evidence
        PASS [   2.503s] (1747/2089) trawl-server::repin a_mid_build_cancel_leaves_the_corpus_and_the_staging_untouched
        PASS [   2.823s] (1748/2089) trawl-server::repin a_dry_run_reports_the_force_verdict_it_would_hit
        PASS [   1.250s] (1749/2089) trawl-server::repin boot_reconciliation_replays_a_severity_cutover
        PASS [   1.286s] (1750/2089) trawl-server::repin cancelling_repin_during_rollup_admission_terminalizes_the_job
        PASS [   1.613s] (1751/2089) trawl-server::repin cancel_audit_events_name_the_actor_the_stage_and_the_refusal
        PASS [   1.523s] (1752/2089) trawl-server::repin ingest_queries_and_a_second_repin_ride_through_a_slow_rewrite
        PASS [   1.312s] (1753/2089) trawl-server::repin lossy_repin_refuses_without_force_and_accounts_with_it
        PASS [   1.173s] (1754/2089) trawl-server::repin pending_rollup_blocks_repin_before_scan_and_preserves_recovery
        PASS [   1.522s] (1755/2089) trawl-server::repin post_repin_severity_binds_in_every_lane_including_live_ingest
        PASS [   1.335s] (1756/2089) trawl-server::repin repin_is_invisible_to_queries_and_resurrects_shelved_values
        PASS [   0.859s] (1757/2089) trawl-server::repin resurrection_only_pass_recovers_without_retyping
        PASS [   1.893s] (1758/2089) trawl-server::repin repin_to_severity_dry_run_matches_the_executed_rewrite
        PASS [   0.887s] (1759/2089) trawl-server::repin stated_ceilings_travel_over_the_wire_and_the_accepted_pair_returns
        PASS [   4.419s] (1760/2089) trawl-server::repin events_ingested_during_the_final_pause_stay_visible_exactly_once
        PASS [   0.687s] (1761/2089) trawl-server::scheduler_windows a_failed_run_holds_the_watermark_and_the_next_success_covers_both_intervals
        PASS [   1.984s] (1762/2089) trawl-server::repin resurrection_recovers_a_shelved_token_under_a_case_variant_key
        PASS [   4.160s] (1763/2089) trawl-server::repin mid_build_growth_past_the_default_ceiling_refuses_the_cutover
        PASS [   0.832s] (1764/2089) trawl-server::scheduler_windows a_materialize_failure_is_loud_and_leaves_the_cursor
        PASS [   4.767s] (1765/2089) trawl-server::repin late_arriving_loss_refuses_the_cutover_without_force
        PASS [   0.025s] (1766/2089) trawl-server::scheduler_windows common::publish_dir_once_has_one_winner_under_thread_contention
        PASS [   0.010s] (1767/2089) trawl-server::scheduler_windows common::sweep_guards_parse_own_database_name
        PASS [   1.571s] (1768/2089) trawl-server::repin the_repin_audit_records_forced_cutovers_and_recovered_ack_clears
        PASS [   0.787s] (1769/2089) trawl-server::scheduler_windows a_thirty_interval_gap_coalesces_into_one_clamped_run
        PASS [   0.796s] (1770/2089) trawl-server::scheduler_windows a_windowed_run_query_reexecutes_standalone_with_identical_bounds
        PASS [   0.958s] (1771/2089) trawl-server::scheduler_windows a_zero_row_run_records_its_window_and_is_the_latest_success
        PASS [   0.947s] (1772/2089) trawl-server::scheduler_windows fixed_windows_trail_each_planned_fire_and_never_catch_up
        PASS [   0.968s] (1773/2089) trawl-server::scheduler_windows first_failed_since_last_run_is_healed_by_next_success
        PASS [   0.714s] (1774/2089) trawl-server::scheduler_windows query_mode_schedules_fire_on_planned_boundaries_with_no_window
        PASS [   1.792s] (1775/2089) trawl-server::scheduler_windows a_scheduled_run_refused_for_capacity_fails_only_that_attempt
        PASS [   0.879s] (1776/2089) trawl-server::scheduler_windows since_last_fires_tile_and_a_boundary_event_lands_once
        PASS [   5.373s] (1777/2089) trawl-server::repin the_force_verdict_is_absent_until_the_scan_has_a_plan
        PASS [   3.497s] (1778/2089) trawl-server::schema_pg cases::admission_observes_state_created_while_waiting_for_the_lock
        PASS [   1.060s] (1779/2089) trawl-server::schema_pg cases::untracked_objects_are_refused_without_creating_history
        PASS [   3.387s] (1780/2089) trawl-server::schema_pg cases::cancelled_lock_wait_does_not_recycle_a_locked_connection
        PASS [   3.367s] (1781/2089) trawl-server::schema_pg cases::initial_schema_matches_final_old_catalog
        PASS [   3.382s] (1782/2089) trawl-server::schema_pg cases::fresh_restart_preserves_history_and_forward_migrations_work
        PASS [   2.929s] (1783/2089) trawl-server::schema_pg cases::old_histories_are_refused_without_changes_and_release_locks
        PASS [   3.388s] (1784/2089) trawl-server::schema_pg cases::current_checksums_dirty_and_unknown_versions_stay_distinct
        PASS [   0.590s] (1785/2089) trawl-server::schema_pg failed_boot_retains_old_data_and_releases_the_sole_writer_lock
        SLOW [> 60.000s] (─────────) trawl-server::auth_pg ac1_key_roundtrip_create_whoami_revoke_401
        PASS [  72.708s] (1786/2089) trawl-server::auth_pg ac1_key_roundtrip_create_whoami_revoke_401
        PASS [   5.439s] (1787/2089) trawl-server::startup_pg admitted_lock_and_fatal_watcher_cover_store_reconciliation
        PASS [   0.024s] (1788/2089) trawl-server::startup_pg common::publish_dir_once_has_one_winner_under_thread_contention
        PASS [   0.009s] (1789/2089) trawl-server::startup_pg common::sweep_guards_parse_own_database_name
        PASS [   0.313s] (1790/2089) trawl-server::startup_pg competing_writer_refuses_before_filesystem_recovery
        PASS [   0.398s] (1791/2089) trawl-server::startup_pg database_refusal_does_not_initialize_fresh_root
        PASS [   0.276s] (1792/2089) trawl-server::startup_pg epoch_refusal_preserves_storage_and_releases_admitted_lock
        PASS [   0.652s] (1793/2089) trawl-server::startup_pg fresh_boot_restart_and_interrupted_current_cutover
        PASS [   0.310s] (1794/2089) trawl-server::startup_pg old_fleet_refuses_before_cutover
        PASS [   0.489s] (1795/2089) trawl-server::startup_pg old_trawl_refuses_before_cutover
        PASS [   0.409s] (1796/2089) trawl-server::startup_pg untracked_fleet_refuses_before_cutover
        PASS [   0.282s] (1797/2089) trawl-server::startup_pg untracked_trawl_refuses_before_cutover
        PASS [   0.311s] (1798/2089) trawl-server::store_pg boot_second_live_instance_fails_on_advisory_lock
        PASS [   0.319s] (1799/2089) trawl-server::store_pg boot_migrates_fresh_database
        PASS [   0.322s] (1800/2089) trawl-server::store_pg boot_lock_session_does_not_hold_a_pool_slot
        PASS [   0.335s] (1801/2089) trawl-server::store_pg boot_is_idempotent_after_shutdown
        PASS [   9.237s] (1802/2089) trawl-server::store_pg cascade_on_saved_query_delete
        PASS [   8.965s] (1803/2089) trawl-server::store_pg catalog::conflict_evidence_is_bounded_per_field
        PASS [   8.956s] (1804/2089) trawl-server::store_pg catalog::conflict_samples_round_trip_per_row
        PASS [   8.980s] (1805/2089) trawl-server::store_pg catalog::catalog_id_is_stable_and_conformance_flips_once
        PASS [   9.291s] (1806/2089) trawl-server::store_pg catalog::a_concurrent_purge_and_claim_never_both_win
        PASS [   8.972s] (1807/2089) trawl-server::store_pg catalog::conflict_evidence_and_stats_commit_together
        PASS [   9.291s] (1808/2089) trawl-server::store_pg catalog::baseline_restart_preserves_catalog_state_and_sender_pins
        PASS [  10.006s] (1809/2089) trawl-server::store_pg boot_unreachable_database_fails_descriptively
        PASS [   1.230s] (1810/2089) trawl-server::store_pg catalog::conflict_stats_aggregate_duplicate_pairs_within_one_call
        PASS [   0.567s] (1811/2089) trawl-server::store_pg catalog::delete_pins_never_touches_repin_history
        PASS [   1.286s] (1812/2089) trawl-server::store_pg catalog::conflicts_keep_only_the_newest_rows_per_field
        PASS [   1.286s] (1813/2089) trawl-server::store_pg catalog::conflicts_append_and_never_aggregate
        PASS [   1.286s] (1814/2089) trawl-server::store_pg catalog::degraded_snapshot_reads_survive_a_concurrent_evidence_clear
        PASS [   1.290s] (1815/2089) trawl-server::store_pg catalog::conflict_stats_outlive_the_recency_trim
        PASS [   1.286s] (1816/2089) trawl-server::store_pg catalog::delete_pins_leaves_no_residue_and_a_clean_repin_follows
        PASS [   0.404s] (1817/2089) trawl-server::store_pg catalog::delete_pins_refuses_a_contract_typed_name
        PASS [   0.585s] (1818/2089) trawl-server::store_pg catalog::field_services_cursor_breaks_last_seen_ties
        PASS [   0.627s] (1819/2089) trawl-server::store_pg catalog::gc_candidates_are_the_complement_of_the_schema_window
        PASS [   0.632s] (1820/2089) trawl-server::store_pg catalog::field_services_pages_a_large_history_without_gaps
        PASS [   0.637s] (1821/2089) trawl-server::store_pg catalog::delete_pins_refuses_in_the_transaction_while_a_repin_runs
        PASS [   0.339s] (1822/2089) trawl-server::store_pg catalog::list_fields_conflict_evidence_is_page_scoped
        PASS [   0.632s] (1823/2089) trawl-server::store_pg catalog::list_fields_aggregates_observations_and_conflicts
        PASS [   0.633s] (1824/2089) trawl-server::store_pg catalog::delete_pins_returns_the_deleted_metadata_and_the_fill_count
        PASS [   0.573s] (1825/2089) trawl-server::store_pg catalog::list_fields_service_filter_scopes_the_aggregates
        PASS [   0.596s] (1826/2089) trawl-server::store_pg catalog::never_observed_pin_diverges_from_the_listing_rule
        PASS [   0.600s] (1827/2089) trawl-server::store_pg catalog::list_fields_truncates_at_limit
        PASS [   0.600s] (1828/2089) trawl-server::store_pg catalog::list_fields_windows_on_last_seen_keeping_never_observed
        PASS [   0.600s] (1829/2089) trawl-server::store_pg catalog::migration_seed_matches_envelope_types
        PASS [   0.600s] (1830/2089) trawl-server::store_pg catalog::list_fields_without_conflicts_reads_zeroes
        PASS [   0.605s] (1831/2089) trawl-server::store_pg catalog::list_fields_service_filter_via_observations
        PASS [   0.588s] (1832/2089) trawl-server::store_pg catalog::one_batch_cannot_consume_the_catalog_but_the_boot_seed_can
        PASS [   0.559s] (1833/2089) trawl-server::store_pg catalog::pin_missing_skips_unstorable_names_instead_of_failing
        PASS [   0.563s] (1834/2089) trawl-server::store_pg catalog::pin_stats_reports_fill_against_cap
        PASS [   0.563s] (1835/2089) trawl-server::store_pg catalog::recent_conflicts_filters_orders_and_windows
        PASS [   0.563s] (1836/2089) trawl-server::store_pg catalog::pin_missing_race_converges_on_one_pin
        PASS [   0.563s] (1837/2089) trawl-server::store_pg catalog::pin_missing_is_first_writer_wins
        PASS [   0.572s] (1838/2089) trawl-server::store_pg catalog::pin_missing_caps_catalog_cardinality
        PASS [   0.557s] (1839/2089) trawl-server::store_pg catalog::recording_an_episode_never_moves_first_at_forward
        PASS [   0.553s] (1840/2089) trawl-server::store_pg catalog::touch_services_advances_only_last_seen
        PASS [   0.557s] (1841/2089) trawl-server::store_pg catalog::touch_services_is_ever_observed_no_eviction
        PASS [   0.557s] (1842/2089) trawl-server::store_pg catalog::touch_services_skips_unstorable_names_instead_of_failing
        PASS [   0.557s] (1843/2089) trawl-server::store_pg claim_due_run_advances_over_ground_the_watermark_covers
        PASS [   0.552s] (1844/2089) trawl-server::store_pg claim_due_run_is_not_due_before_the_cursor
        PASS [   0.561s] (1845/2089) trawl-server::store_pg catalog::the_epoch_cutoff_binds_and_leaves_only_never_observed_pins
        PASS [   0.745s] (1846/2089) trawl-server::store_pg claim_due_run_is_not_due_when_disabled_or_deleted
        PASS [   0.743s] (1847/2089) trawl-server::store_pg claim_due_run_stores_the_resolved_query_it_returns
        PASS [   0.748s] (1848/2089) trawl-server::store_pg claim_due_run_refuses_a_query_that_owns_its_own_window
        PASS [   0.748s] (1849/2089) trawl-server::store_pg claim_run_locks_saved_query_before_schedule
        PASS [   0.752s] (1850/2089) trawl-server::store_pg claim_due_run_leaves_the_cursor_at_the_max_runs_cap
        PASS [   0.748s] (1851/2089) trawl-server::store_pg claim_due_run_leaves_the_cursor_while_a_run_is_in_flight
        PASS [   0.748s] (1852/2089) trawl-server::store_pg claimed_run_round_trips_its_window
        PASS [   0.005s] (1853/2089) trawl-server::store_pg common::sweep_guards_parse_own_database_name
        PASS [   0.019s] (1854/2089) trawl-server::store_pg common::publish_dir_once_has_one_winner_under_thread_contention
        PASS [   0.921s] (1855/2089) trawl-server::store_pg cleanup_stale_runs_marks_error
        PASS [   0.906s] (1856/2089) trawl-server::store_pg degraded_ack::a_stale_ack_leaves_the_higher_water_marks_attribution_alone
        PASS [   0.913s] (1857/2089) trawl-server::store_pg concurrent_start_run_yields_exactly_one_claim
        PASS [   0.899s] (1858/2089) trawl-server::store_pg degraded_ack::both_aggregate_forms_report_the_same_acked_through
        PASS [   0.909s] (1859/2089) trawl-server::store_pg degraded_ack::ack_upsert_advances_the_high_water_and_replaces_note_and_actor
        PASS [   0.913s] (1860/2089) trawl-server::store_pg concurrent_claims_respect_max_runs
        PASS [   0.913s] (1861/2089) trawl-server::store_pg degraded_ack::ack_refuses_below_the_degraded_threshold
        PASS [   5.741s] (1862/2089) trawl-server::store_pg catalog::delete_pins_gives_up_on_a_held_row_lock_instead_of_waiting
        PASS [   1.408s] (1863/2089) trawl-server::store_pg degraded_ack::clearing_an_ack_reports_whether_a_row_went
        PASS [   0.999s] (1864/2089) trawl-server::store_pg delete_schedule_racing_finish_run_never_orphans_path
        PASS [   1.451s] (1865/2089) trawl-server::store_pg degraded_ack::deleting_the_pin_cascades_the_ack_away
        PASS [   1.443s] (1866/2089) trawl-server::store_pg degraded_ack::field_health_snapshot_carries_the_verdict_and_its_ack_together
        PASS [   1.444s] (1867/2089) trawl-server::store_pg delete_racing_finish_run_never_orphans_path
        PASS [   1.444s] (1868/2089) trawl-server::store_pg delete_saved_racing_since_last_finish_never_orphans_path
        PASS [   1.444s] (1869/2089) trawl-server::store_pg degraded_ack::the_note_cap_is_enforced_in_bytes
        PASS [   1.444s] (1870/2089) trawl-server::store_pg delete_old_runs_retention_and_paths
        PASS [   0.795s] (1871/2089) trawl-server::store_pg history_empty
        PASS [   0.854s] (1872/2089) trawl-server::store_pg history_clear_is_scoped_counted_and_preserves_saved
        PASS [   0.867s] (1873/2089) trawl-server::store_pg finish_and_window_mode_edit_are_order_independent
        PASS [   0.900s] (1874/2089) trawl-server::store_pg fixed_and_legacy_schedules_keep_no_watermark
        PASS [   0.981s] (1875/2089) trawl-server::store_pg fail_run_if_running_is_a_guarded_transition
        PASS [   0.899s] (1876/2089) trawl-server::store_pg history_pagination_tie_breaks_on_id
        PASS [   0.900s] (1877/2089) trawl-server::store_pg finish_run_after_cascade_delete_reports_orphan
        PASS [   0.901s] (1878/2089) trawl-server::store_pg history_pagination
        PASS [   1.145s] (1879/2089) trawl-server::store_pg history_record_and_retrieve
        PASS [   1.090s] (1880/2089) trawl-server::store_pg initial_schema_refuses_absurd_intervals
        PASS [   1.094s] (1881/2089) trawl-server::store_pg list_all_runs_paginated_and_isolated
        PASS [   1.094s] (1882/2089) trawl-server::store_pg list_enabled_schedules_filters_disabled
        PASS [   1.093s] (1883/2089) trawl-server::store_pg list_runs_paginated_and_isolated
        PASS [   1.132s] (1884/2089) trawl-server::store_pg history_user_isolation
        PASS [   1.140s] (1885/2089) trawl-server::store_pg history_status_check_is_backstop
        PASS [   1.095s] (1886/2089) trawl-server::store_pg latest_run_returns_newest
        PASS [   1.879s] (1887/2089) trawl-server::store_pg repin_store::a_forced_plan_without_recorded_bounds_is_rejected
        PASS [   1.922s] (1888/2089) trawl-server::store_pg repin_store::a_cancelled_job_keeps_its_request_fields
        PASS [   1.925s] (1889/2089) trawl-server::store_pg repin_store::a_terminal_write_can_persist_the_counts_behind_its_verdict
        PASS [   1.926s] (1890/2089) trawl-server::store_pg repin_store::a_second_cancel_request_preserves_the_first
        PASS [   1.930s] (1891/2089) trawl-server::store_pg manual_claim_and_schedule_write_do_not_deadlock
        PASS [   1.926s] (1892/2089) trawl-server::store_pg repin_store::a_failed_job_may_carry_cancel_request_fields
        PASS [   1.926s] (1893/2089) trawl-server::store_pg repin_store::a_severity_repin_stores_its_asserted_dialect
        PASS [   0.547s] (1894/2089) trawl-server::store_pg repin_store::cancelled_without_a_request_is_refused
        PASS [   0.550s] (1895/2089) trawl-server::store_pg repin_store::finish_cutover_clears_the_repinned_field_evidence
        PASS [   0.581s] (1896/2089) trawl-server::store_pg repin_store::finish_cutover_clears_the_degraded_ack
        PASS [   0.581s] (1897/2089) trawl-server::store_pg repin_store::concurrent_claims_admit_exactly_one
        PASS [   0.581s] (1898/2089) trawl-server::store_pg repin_store::clear_conformed_rearms_the_boot_pass
        PASS [   0.581s] (1899/2089) trawl-server::store_pg repin_store::finish_cutover_completes_forward_when_nothing_was_staged
        PASS [   0.585s] (1900/2089) trawl-server::store_pg repin_store::claim_refuses_when_the_from_pin_vanished
        PASS [   0.655s] (1901/2089) trawl-server::store_pg repin_store::finish_cutover_flips_pin_and_job_transactionally_and_idempotently
        PASS [   0.626s] (1902/2089) trawl-server::store_pg repin_store::finish_cutover_replay_keeps_evidence_recorded_after_the_flip
        PASS [   0.630s] (1903/2089) trawl-server::store_pg repin_store::finish_cutover_replay_does_not_double_insert_staged_evidence
        PASS [   0.630s] (1904/2089) trawl-server::store_pg repin_store::finish_cutover_replay_keeps_an_ack_written_after_the_flip
        PASS [   0.630s] (1905/2089) trawl-server::store_pg repin_store::finish_cutover_refuses_a_flip_the_job_never_claimed
        PASS [   0.661s] (1906/2089) trawl-server::store_pg repin_store::finish_cutover_materialises_the_staged_loss
        PASS [   0.631s] (1907/2089) trawl-server::store_pg repin_store::finish_cutover_records_nothing_for_a_lossless_repin
        PASS [   1.110s] (1908/2089) trawl-server::store_pg repin_store::finish_if_running_never_overwrites_a_terminal_row
        PASS [   1.104s] (1909/2089) trawl-server::store_pg repin_store::force_ceilings_round_trip_through_claim_and_plan
        PASS [   1.100s] (1910/2089) trawl-server::store_pg repin_store::plan_progress_and_latest
        PASS [   1.104s] (1911/2089) trawl-server::store_pg repin_store::force_plan_shape_constraints_preserve_the_unplanned_claim
        PASS [   1.104s] (1912/2089) trawl-server::store_pg repin_store::inconsistent_force_rows_fail_to_decode
        PASS [   1.104s] (1913/2089) trawl-server::store_pg repin_store::reconcile_orphans_fails_running_rows_except_the_kept_one
        PASS [   1.104s] (1914/2089) trawl-server::store_pg repin_store::same_type_cutover_waits_on_a_racing_ack
        PASS [   0.496s] (1915/2089) trawl-server::store_pg repin_store::stage_cutover_input_refuses_a_dry_run
        PASS [   0.538s] (1916/2089) trawl-server::store_pg repin_store::staged_tallies_are_present_or_absent_together
        PASS [   0.542s] (1917/2089) trawl-server::store_pg repin_store::stage_cutover_input_refuses_an_already_terminal_job
        PASS [   0.542s] (1918/2089) trawl-server::store_pg repin_store::stage_cutover_input_round_trips_totals_and_tallies
        PASS [   0.542s] (1919/2089) trawl-server::store_pg repin_store::staged_tallies_must_agree_on_cardinality
        PASS [   0.547s] (1920/2089) trawl-server::store_pg repin_store::stage_cutover_input_is_idempotent
        PASS [   0.592s] (1921/2089) trawl-server::store_pg repin_store::second_claim_is_repin_already_running
        PASS [   0.519s] (1922/2089) trawl-server::store_pg saved_create_and_list
        PASS [   0.584s] (1923/2089) trawl-server::store_pg saved_duplicate_name_returns_error
        PASS [   5.425s] (1924/2089) trawl-server::store_pg lock_loss_is_detected_and_frees_the_lock_for_a_replacement
        PASS [   0.589s] (1925/2089) trawl-server::store_pg saved_delete
        PASS [   0.589s] (1926/2089) trawl-server::store_pg saved_get_by_name
        PASS [   0.640s] (1927/2089) trawl-server::store_pg runs_stats_counts_by_status
        PASS [   0.589s] (1928/2089) trawl-server::store_pg saved_delete_nonexistent_returns_error
        PASS [   0.589s] (1929/2089) trawl-server::store_pg saved_delete_other_users_query_returns_error
        PASS [   0.544s] (1930/2089) trawl-server::store_pg saved_list_with_details_bulk_join
        PASS [   0.538s] (1931/2089) trawl-server::store_pg saved_update
        PASS [   0.550s] (1932/2089) trawl-server::store_pg saved_name_validation
        PASS [   0.545s] (1933/2089) trawl-server::store_pg saved_update_nonexistent_returns_error
        PASS [   0.544s] (1934/2089) trawl-server::store_pg saved_user_isolation_and_name_sort
        PASS [   0.544s] (1935/2089) trawl-server::store_pg saved_update_with_rename
        PASS [   0.546s] (1936/2089) trawl-server::store_pg saved_rename_to_taken_name_conflicts
        PASS [   0.545s] (1937/2089) trawl-server::store_pg saved_update_other_users_query_returns_error
        PASS [   0.582s] (1938/2089) trawl-server::store_pg schedule_create_anchors_next_fire_at_to_caller_instant
        PASS [   0.599s] (1939/2089) trawl-server::store_pg schedule_create_and_get
        PASS [   0.600s] (1940/2089) trawl-server::store_pg schedule_delete_collects_run_paths
        PASS [   0.600s] (1941/2089) trawl-server::store_pg schedule_duplicate_returns_error
        PASS [   0.600s] (1942/2089) trawl-server::store_pg schedule_for_missing_saved_query_is_not_found
        PASS [   0.600s] (1943/2089) trawl-server::store_pg schedule_delete
        PASS [   0.600s] (1944/2089) trawl-server::store_pg schedule_lag_without_window_is_refused
        PASS [   0.600s] (1945/2089) trawl-server::store_pg schedule_delete_other_user_not_found
        PASS [   1.010s] (1946/2089) trawl-server::store_pg schedule_update_other_user_not_found
        PASS [   1.021s] (1947/2089) trawl-server::store_pg schedule_rejects_sub_minute_interval
        PASS [   1.150s] (1948/2089) trawl-server::store_pg schedule_put_and_saved_put_cannot_commit_the_forbidden_pair
        PASS [   1.061s] (1949/2089) trawl-server::store_pg schedule_update_preserves_covered_through
        PASS [   1.061s] (1950/2089) trawl-server::store_pg schedule_update
        PASS [   1.061s] (1951/2089) trawl-server::store_pg schedule_window_round_trips
        PASS [   1.061s] (1952/2089) trawl-server::store_pg schedule_update_reanchors_only_on_cadence_change
        PASS [   1.061s] (1953/2089) trawl-server::store_pg schedule_user_isolation
        PASS [   0.004s] (1954/2089) trawl-server::bin/trawld tests::on_disk_env_dirs_lists_directories_only
        PASS [   0.003s] (1955/2089) trawl-server::bin/trawld tests::prepare_data_root_recovers_current_repin_before_returning
        PASS [   0.003s] (1956/2089) trawl-server::bin/trawld tests::prepare_data_root_refuses_epoch_or_wal_before_repin_cleanup
        PASS [   0.004s] (1957/2089) trawl-server::bin/trawld tests::retention_env_without_dir_flags_the_entry_with_no_directory
        PASS [   0.004s] (1958/2089) trawl-server::bin/trawld tests::retention_env_without_dir_is_silent_when_every_entry_has_one
        PASS [   0.003s] (1959/2089) trawl-server::bin/trawld tests::unlisted_env_dirs_names_dirs_outside_the_allowlist
        PASS [   0.010s] (1960/2089) trawl-web assets::tests::absent_header_allows_only_identity
        PASS [   0.004s] (1961/2089) trawl-web assets::tests::hashed_asset_detection
        PASS [   0.005s] (1962/2089) trawl-web assets::tests::negotiates_by_quality_then_server_preference
        PASS [   0.004s] (1963/2089) trawl-web assets::tests::quality_parser_accepts_http_grammar
        PASS [   0.005s] (1964/2089) trawl-web assets::tests::traversal_is_rejected
        PASS [   0.004s] (1965/2089) trawl-web config::tests::a_bad_configured_entry_is_refused_at_its_own_index
        PASS [   0.004s] (1966/2089) trawl-web config::tests::a_bad_environment_entry_fails_startup_naming_the_variable_and_index
        PASS [   0.003s] (1967/2089) trawl-web config::tests::a_configured_list_resolves_to_the_normalized_origins
        PASS [   0.004s] (1968/2089) trawl-web config::tests::a_long_allowlist_is_summarized_by_count_and_a_capped_sample
        PASS [   0.003s] (1969/2089) trawl-web config::tests::a_short_allowlist_is_shown_whole_with_no_suffix
        PASS [   0.004s] (1970/2089) trawl-web config::tests::absent_fleet_runtime_values_preserve_production_cookie_config
        PASS [   0.004s] (1971/2089) trawl-web config::tests::an_empty_allowlist_refuses_to_resolve_and_names_both_doors
        PASS [   0.004s] (1972/2089) trawl-web config::tests::an_environment_list_matching_the_file_is_noted_at_info_not_warned
        PASS [   0.004s] (1973/2089) trawl-web config::tests::an_unparseable_configured_list_is_a_displacement_and_warns
        PASS [   0.003s] (1974/2089) trawl-web config::tests::bind_addr_precedence_env_then_config_then_default
        PASS [   0.004s] (1975/2089) trawl-web config::tests::defaults_applied_when_web_section_carries_only_the_required_origin
        PASS [   0.004s] (1976/2089) trawl-web config::tests::explicit_fields_win
        PASS [   0.003s] (1977/2089) trawl-web config::tests::explicit_web_upstream_url_wins_over_server
        PASS [   0.005s] (1978/2089) trawl-web config::tests::file_load_errors_identify_paths_without_config_values
        PASS [   0.004s] (1979/2089) trawl-web config::tests::file_load_resolves_the_current_web_configuration
        PASS [   0.004s] (1980/2089) trawl-web config::tests::fleet_runtime_key_is_base64_parsed_and_wins_over_production_sources
        PASS [   0.003s] (1981/2089) trawl-web config::tests::key_from_file_loaded
        PASS [   0.004s] (1982/2089) trawl-web config::tests::localhost_runtime_is_insecure_and_explicitly_host_only
        PASS [   0.004s] (1983/2089) trawl-web config::tests::runtime_domain_can_explicitly_override_production_domain
        PASS [   0.004s] (1984/2089) trawl-web config::tests::runtime_parser_errors_keep_the_pre_hoist_config_error_surface
        PASS [   0.004s] (1985/2089) trawl-web config::tests::shared_domain_empty_or_absent_is_none
        PASS [   0.004s] (1986/2089) trawl-web config::tests::shared_domain_resolves_when_set
        PASS [   0.004s] (1987/2089) trawl-web config::tests::tailscale_runtime_is_secure_and_host_only
        PASS [   0.004s] (1988/2089) trawl-web config::tests::the_environment_alone_satisfies_the_requirement_without_warning
        PASS [   0.004s] (1989/2089) trawl-web config::tests::the_environment_replaces_the_configured_allowlist_and_says_so
        PASS [   0.004s] (1990/2089) trawl-web config::tests::upstream_url_derived_from_server_http_addr
        PASS [   0.004s] (1991/2089) trawl-web config::tests::upstream_url_falls_back_when_server_missing
        PASS [   0.004s] (1992/2089) trawl-web config::tests::upstream_url_handles_ipv6_bracketed
        PASS [   0.004s] (1993/2089) trawl-web config::tests::upstream_url_rewrites_ipv6_wildcard
        PASS [   0.004s] (1994/2089) trawl-web config::tests::upstream_url_rewrites_wildcard_bind
        PASS [   0.004s] (1995/2089) trawl-web middleware::session_extractor::tests::extract_bearer_case_insensitive
        PASS [   0.004s] (1996/2089) trawl-web middleware::session_extractor::tests::extract_bearer_rejects_empty_and_non_bearer
        PASS [   0.004s] (1997/2089) trawl-web middleware::session_extractor::tests::find_cookie_handles_whitespace
        PASS [   0.004s] (1998/2089) trawl-web middleware::session_extractor::tests::find_cookie_ignores_legacy_trawl_session
        PASS [   0.003s] (1999/2089) trawl-web middleware::session_extractor::tests::find_cookie_picks_named_pair
        PASS [   0.006s] (2000/2089) trawl-web routes::auth::tests::clear_cookie_attributes_match_issuance
        PASS [   0.005s] (2001/2089) trawl-web routes::auth::tests::login_accepts_valid_api_key
        PASS [   0.006s] (2002/2089) trawl-web routes::auth::tests::login_allows_the_configured_origin_but_rejects_an_sso_sibling
        PASS [   0.006s] (2003/2089) trawl-web routes::auth::tests::login_cookie_carries_domain_iff_shared_domain_set
        PASS [   0.006s] (2004/2089) trawl-web routes::auth::tests::login_cookie_is_fleet_auth_compatible_with_role_less_payload
        PASS [   0.005s] (2005/2089) trawl-web routes::auth::tests::login_no_trawl_grant_is_403_without_cookie
        PASS [   0.005s] (2006/2089) trawl-web routes::auth::tests::login_rejects_cross_origin
        PASS [   0.005s] (2007/2089) trawl-web routes::auth::tests::login_rejects_empty_api_key
        PASS [   0.005s] (2008/2089) trawl-web routes::auth::tests::login_rejects_wrong_api_key
        PASS [   0.006s] (2009/2089) trawl-web routes::auth::tests::login_secure_cookie_when_insecure_disabled
        PASS [   0.005s] (2010/2089) trawl-web routes::auth::tests::logout_allows_the_configured_origin_with_no_host_header_at_all
        PASS [   0.006s] (2011/2089) trawl-web routes::auth::tests::logout_clears_cookie
        PASS [   0.005s] (2012/2089) trawl-web routes::auth::tests::logout_rejects_a_foreign_origin_whatever_the_uri_authority_says
        PASS [   0.005s] (2013/2089) trawl-web routes::auth::tests::logout_rejects_cross_origin_without_clearing
        PASS [   0.005s] (2014/2089) trawl-web routes::auth::tests::logout_rejects_sso_sibling_origin_without_clearing
        PASS [   0.006s] (2015/2089) trawl-web routes::auth::tests::me_grant_removed_upstream_is_403_preserving_cookie
        PASS [   0.006s] (2016/2089) trawl-web routes::auth::tests::me_reflects_upstream_permission_change_between_calls
        PASS [   0.004s] (2017/2089) trawl-web routes::auth::tests::me_rejects_missing_cookie
        PASS [   0.005s] (2018/2089) trawl-web routes::auth::tests::me_rejects_tampered_cookie
        PASS [   0.006s] (2019/2089) trawl-web routes::auth::tests::me_returns_identity_from_live_whoami
        PASS [   0.006s] (2020/2089) trawl-web routes::auth::tests::me_upstream_401_clears_cookie
        PASS [   0.006s] (2021/2089) trawl-web routes::auth::tests::me_upstream_403_preserves_cookie
        PASS [   0.005s] (2022/2089) trawl-web routes::proxy::tests::forward_accepts_bearer_header
        PASS [   0.006s] (2023/2089) trawl-web routes::proxy::tests::forward_allows_cookie_authed_mutation_without_origin
        PASS [   0.006s] (2024/2089) trawl-web routes::proxy::tests::forward_allows_cookie_authed_same_origin_mutation
        PASS [   0.005s] (2025/2089) trawl-web routes::proxy::tests::forward_bearer_cross_origin_mutation_is_allowed
        PASS [   0.006s] (2026/2089) trawl-web routes::proxy::tests::forward_bearer_wins_over_cookie
        PASS [   0.006s] (2027/2089) trawl-web routes::proxy::tests::forward_injects_bearer_and_mirrors_status
        PASS [   0.006s] (2028/2089) trawl-web routes::proxy::tests::forward_preserves_upstream_4xx
        PASS [   0.006s] (2029/2089) trawl-web routes::proxy::tests::forward_rejects_cookie_authed_sibling_origin_mutation
        PASS [   0.005s] (2030/2089) trawl-web routes::proxy::tests::forward_rejects_empty_bearer
        PASS [   0.005s] (2031/2089) trawl-web routes::proxy::tests::forward_rejects_missing_cookie
        PASS [   0.006s] (2032/2089) trawl-web routes::proxy::tests::forward_strips_upstream_set_cookie_headers
        PASS [   0.005s] (2033/2089) trawl-web routes::proxy::tests::forward_upstream_401_with_bearer_does_not_clear
        PASS [   0.006s] (2034/2089) trawl-web routes::proxy::tests::forward_upstream_401_with_session_preserves_cookie
        PASS [   0.006s] (2035/2089) trawl-web routes::proxy::tests::forward_upstream_403_preserves_cookie
        PASS [   0.006s] (2036/2089) trawl-web routes::proxy::tests::ingest_endpoint_is_always_404
        PASS [   0.006s] (2037/2089) trawl-web routes::proxy::tests::retired_api_namespace_is_not_routed_or_served_by_the_spa
        PASS [   0.004s] (2038/2089) trawl-web routes::proxy::tests::upstream_uri_preserves_query_string
        PASS [   0.006s] (2039/2089) trawl-web routes::stream::tests::dashboard_stream_forwards_body_with_sse_headers
        PASS [   0.005s] (2040/2089) trawl-web routes::stream::tests::dashboard_stream_rejects_missing_cookie
        PASS [   0.006s] (2041/2089) trawl-web routes::stream::tests::dashboard_stream_upstream_401_preserves_cookie
        PASS [   0.004s] (2042/2089) trawl-web routes::stream::tests::remaining_ttl_handles_max_exp
        PASS [   0.004s] (2043/2089) trawl-web routes::stream::tests::remaining_ttl_positive_when_exp_in_future
        PASS [   0.004s] (2044/2089) trawl-web routes::stream::tests::remaining_ttl_zero_when_exp_at_or_past_now
        PASS [   0.006s] (2045/2089) trawl-web routes::stream::tests::stream_accepts_bearer_header
        PASS [   0.006s] (2046/2089) trawl-web routes::stream::tests::stream_deadline_cuts_long_running_body
        PASS [   0.006s] (2047/2089) trawl-web routes::stream::tests::stream_forwards_upstream_body_with_sse_headers
        PASS [   0.006s] (2048/2089) trawl-web routes::stream::tests::stream_maps_upstream_401_to_401
        PASS [   0.006s] (2049/2089) trawl-web routes::stream::tests::stream_preserves_upstream_400_for_bad_query
        PASS [   0.006s] (2050/2089) trawl-web routes::stream::tests::stream_preserves_upstream_429_for_rate_limit
        PASS [   0.005s] (2051/2089) trawl-web routes::stream::tests::stream_rejects_missing_cookie
        PASS [   0.006s] (2052/2089) trawl-web routes::stream::tests::stream_upstream_401_with_session_preserves_cookie
        PASS [   0.006s] (2053/2089) trawl-web routes::stream::tests::stream_upstream_403_preserves_cookie
        PASS [   0.006s] (2054/2089) trawl-web routes::stream::tests::stream_upstream_500_is_not_masked_as_502
        PASS [   0.004s] (2055/2089) trawl-web state::tests::localhost_cookie_shape_is_insecure_and_host_only
        PASS [   0.005s] (2056/2089) trawl-web state::tests::tailscale_cookie_shape_is_secure_and_host_only
        PASS [   0.004s] (2057/2089) trawl-web::asset_delivery gzip_fallback_and_conditional_request_work
        PASS [   0.003s] (2058/2089) trawl-web::asset_delivery spa_deep_link_uses_compressed_no_cache_index
        PASS [   0.003s] (2059/2089) trawl-web::asset_delivery wasm_prefers_brotli_and_preserves_wasm_metadata
        PASS [   0.039s] (2060/2089) trawl-web::log_filter_contract chart_sidecar_filter_matches_the_binary_default
        PASS [   0.033s] (2061/2089) trawl-web::log_filter_contract representative_trawl_web_events_pass_the_installed_chart_filter
        PASS [   0.004s] (2062/2089) trawl-web::log_filter_contract trawld_filter_would_silence_the_sidecar
        PASS [   0.010s] (2063/2089) trawl-web::origin_guard a_bearer_client_is_exempt_from_the_guard
        PASS [   0.015s] (2064/2089) trawl-web::origin_guard a_configured_origin_reaches_the_handler
        PASS [   0.006s] (2065/2089) trawl-web::origin_guard a_refused_origin_is_403_with_no_cookie_and_no_upstream_call
        PASS [   0.666s] (2066/2089) trawl-server::store_pg sequential_run_prevention
        PASS [   0.006s] (2067/2089) trawl-web::origin_guard a_rooted_origin_is_its_own_spelling_end_to_end
        PASS [   0.006s] (2068/2089) trawl-web::origin_guard a_refused_origin_outranks_every_cookie_state
        PASS [   0.006s] (2069/2089) trawl-web::origin_guard an_allowed_origin_keeps_the_existing_cookie_answers
        PASS [   0.008s] (2070/2089) trawl-web::origin_guard an_absent_origin_passes_every_route
        PASS [   0.005s] (2071/2089) trawl-web::origin_guard two_origin_headers_are_refused_even_when_both_are_configured
        PASS [   0.008s] (2072/2089) trawl-web::origin_guard forged_forwarding_headers_move_no_verdict
        PASS [   0.004s] (2073/2089) trawl-web::public_origins_packaging_contract every_documented_example_loads
        PASS [   0.003s] (2074/2089) trawl-web::public_origins_packaging_contract the_chart_quick_start_forwards_the_port_its_origin_names
        PASS [   0.661s] (2075/2089) trawl-server::store_pg since_last_watermark_is_seeded_at_the_origin_of_owed_coverage
        PASS [   0.661s] (2076/2089) trawl-server::store_pg successful_run_selectors
        PASS [   0.661s] (2077/2089) trawl-server::store_pg window_shape_rejects_null_kind_with_span
        PASS [   0.661s] (2078/2089) trawl-server::store_pg window_check_constraints_reject_partial_shapes
        PASS [   0.004s] (2079/2089) trawl-web::public_origins_packaging_contract the_debian_config_states_origins_that_load
        PASS [   0.661s] (2080/2089) trawl-server::store_pg start_and_finish_run
        PASS [   0.709s] (2081/2089) trawl-server::store_pg since_last_watermark_advances_only_on_success
        PASS [   0.031s] (2082/2089) trawl-web::public_origins_packaging_contract the_chart_refuses_an_enabled_sidecar_with_no_origins
        PASS [   0.007s] (2083/2089) trawl-web::session_lifecycle missing_cookie_does_not_send_set_cookie
        PASS [   0.007s] (2084/2089) trawl-web::session_lifecycle expired_session_returns_401_with_clear_cookie
        PASS [   0.007s] (2085/2089) trawl-web::session_lifecycle tampered_cookie_does_not_send_set_cookie
        PASS [   0.007s] (2086/2089) trawl-web::session_lifecycle expired_cookie_in_prod_mode_includes_secure
        PASS [   0.007s] (2087/2089) trawl-web::security_headers every_response_has_csp_and_friends
        PASS [   0.007s] (2088/2089) trawl-web::security_headers unauthorized_responses_still_carry_security_headers
        PASS [   0.058s] (2089/2089) trawl-web::public_origins_packaging_contract the_chart_renders_the_origins_it_is_given
────────────
     Summary [ 117.245s] 2089 tests run: 2089 passed (1 slow), 11 skipped
